Gfx ccm_dl_SUPER_MARIO_64_AEF22277_0_2_all_ci8_aligner[] = {gsSPEndDisplayList()};
u8 ccm_dl_SUPER_MARIO_64_AEF22277_0_2_all_ci8[] = {
	0x00, 0x01, 0x02, 0x03, 0x04, 0x05, 0x06, 0x07, 
	0x08, 0x06, 0x09, 0x0a, 0x0b, 0x01, 0x0c, 0x01, 
	0x06, 0x0a, 0x0d, 0x0e, 0x0f, 0x0f, 0x02, 0x0e, 
	0x08, 0x0a, 0x02, 0x10, 0x04, 0x02, 0x0d, 0x11, 
	0x12, 0x0d, 0x06, 0x02, 0x04, 0x13, 0x14, 0x0a, 
	0x0f, 0x15, 0x16, 0x05, 0x0b, 0x13, 0x17, 0x17, 
	0x08, 0x01, 0x01, 0x02, 0x07, 0x0c, 0x18, 0x08, 
	0x13, 0x18, 0x08, 0x0d, 0x06, 0x06, 0x0d, 0x19, 
	0x0d, 0x06, 0x04, 0x0d, 0x01, 0x03, 0x1a, 0x0d, 
	0x1b, 0x16, 0x0d, 0x0a, 0x01, 0x01, 0x03, 0x13, 
	0x13, 0x18, 0x01, 0x03, 0x1c, 0x04, 0x18, 0x06, 
	0x17, 0x07, 0x07, 0x05, 0x02, 0x0a, 0x06, 0x05, 
	0x16, 0x16, 0x06, 0x06, 0x1d, 0x01, 0x0f, 0x06, 
	0x0f, 0x16, 0x0a, 0x06, 0x13, 0x11, 0x1e, 0x1f, 
	0x13, 0x07, 0x20, 0x08, 0x08, 0x21, 0x0c, 0x22, 
	0x13, 0x23, 0x13, 0x24, 0x25, 0x0a, 0x0e, 0x26, 
	0x0a, 0x0a, 0x0a, 0x16, 0x0f, 0x01, 0x0a, 0x0c, 
	0x01, 0x0a, 0x06, 0x18, 0x13, 0x0a, 0x27, 0x13, 
	0x0c, 0x28, 0x04, 0x0d, 0x0a, 0x08, 0x29, 0x0d, 
	0x2a, 0x11, 0x08, 0x04, 0x2b, 0x0e, 0x0f, 0x05, 
	0x0d, 0x0a, 0x0d, 0x16, 0x16, 0x0a, 0x2c, 0x0a, 
	0x01, 0x05, 0x0a, 0x0a, 0x0a, 0x01, 0x03, 0x21, 
	0x2d, 0x0c, 0x0d, 0x05, 0x2e, 0x04, 0x20, 0x18, 
	0x17, 0x20, 0x13, 0x1b, 0x0e, 0x0f, 0x2b, 0x2f, 
	0x0d, 0x02, 0x0a, 0x15, 0x16, 0x0a, 0x01, 0x01, 
	0x01, 0x13, 0x0a, 0x0a, 0x13, 0x01, 0x30, 0x31, 
	0x18, 0x04, 0x0d, 0x32, 0x02, 0x0d, 0x18, 0x06, 
	0x13, 0x08, 0x0c, 0x0d, 0x06, 0x33, 0x0d, 0x0e, 
	0x2f, 0x2f, 0x05, 0x05, 0x0a, 0x0a, 0x07, 0x01, 
	0x01, 0x13, 0x13, 0x13, 0x20, 0x03, 0x05, 0x27, 
	0x20, 0x0a, 0x0d, 0x0a, 0x08, 0x0c, 0x21, 0x07, 
	0x21, 0x04, 0x02, 0x0c, 0x34, 0x0e, 0x06, 0x1b, 
	0x35, 0x0e, 0x0d, 0x05, 0x0a, 0x01, 0x01, 0x0a, 
	0x01, 0x01, 0x01, 0x13, 0x13, 0x13, 0x01, 0x13, 
	0x03, 0x01, 0x02, 0x02, 0x0d, 0x04, 0x21, 0x18, 
	0x1d, 0x2d, 0x02, 0x1b, 0x0e, 0x05, 0x1b, 0x06, 
	0x04, 0x0a, 0x04, 0x36, 0x01, 0x03, 0x01, 0x05, 
	0x0a, 0x03, 0x0a, 0x03, 0x21, 0x03, 0x0a, 0x03, 
	0x18, 0x02, 0x37, 0x16, 0x0d, 0x0c, 0x08, 0x18, 
	0x38, 0x08, 0x0c, 0x2b, 0x05, 0x06, 0x0e, 0x0a, 
	0x01, 0x1a, 0x18, 0x04, 0x01, 0x1f, 0x13, 0x39, 
	0x0a, 0x13, 0x13, 0x0c, 0x0c, 0x13, 0x13, 0x21, 
	0x08, 0x16, 0x0e, 0x0e, 0x0d, 0x06, 0x0c, 0x03, 
	0x20, 0x0e, 0x06, 0x1a, 0x02, 0x06, 0x0d, 0x3a, 
	0x1d, 0x0a, 0x18, 0x02, 0x05, 0x03, 0x03, 0x3b, 
	0x0c, 0x01, 0x0a, 0x0c, 0x03, 0x0a, 0x08, 0x18, 
	0x01, 0x01, 0x02, 0x1a, 0x06, 0x04, 0x02, 0x24, 
	0x01, 0x02, 0x06, 0x0f, 0x06, 0x06, 0x05, 0x0c, 
	0x03, 0x01, 0x07, 0x06, 0x18, 0x02, 0x0c, 0x0a, 
	0x0c, 0x01, 0x01, 0x0c, 0x0c, 0x08, 0x01, 0x18, 
	0x01, 0x14, 0x0d, 0x3c, 0x05, 0x06, 0x02, 0x21, 
	0x01, 0x0a, 0x02, 0x0e, 0x02, 0x02, 0x13, 0x0c, 
	0x05, 0x0a, 0x07, 0x06, 0x2f, 0x01, 0x08, 0x01, 
	0x0c, 0x01, 0x01, 0x06, 0x0d, 0x07, 0x0e, 0x0c, 
	0x0c, 0x16, 0x3d, 0x3e, 0x03, 0x0d, 0x22, 0x3f, 
	0x01, 0x08, 0x06, 0x0a, 0x2f, 0x0a, 0x05, 0x18, 
	0x0a, 0x01, 0x21, 0x2f, 0x07, 0x08, 0x06, 0x01, 
	0x0c, 0x0d, 0x0d, 0x0f, 0x0a, 0x0a, 0x16, 0x0d, 
	0x0d, 0x0d, 0x16, 0x40, 0x0a, 0x16, 0x0a, 0x04, 
	0x02, 0x04, 0x02, 0x06, 0x02, 0x02, 0x05, 0x01, 
	0x0c, 0x18, 0x04, 0x0f, 0x2c, 0x1b, 0x0c, 0x02, 
	0x02, 0x06, 0x06, 0x0f, 0x0d, 0x06, 0x0f, 0x0a, 
	0x0d, 0x06, 0x0d, 0x16, 0x16, 0x02, 0x02, 0x06, 
	0x06, 0x0f, 0x0f, 0x06, 0x02, 0x07, 0x08, 0x13, 
	0x0f, 0x1b, 0x07, 0x07, 0x41, 0x42, 0x1b, 0x1b, 
	0x3a, 0x02, 0x2f, 0x26, 0x43, 0x43, 0x37, 0x26, 
	0x16, 0x0d, 0x16, 0x16, 0x06, 0x02, 0x04, 0x02, 
	0x04, 0x0f, 0x37, 0x0e, 0x0e, 0x0f, 0x02, 0x06, 
	0x19, 0x00, 0x04, 0x04, 0x2f, 0x42, 0x0f, 0x0a, 
	0x1b, 0x06, 0x16, 0x2b, 0x37, 0x37, 0x44, 0x0d, 
	0x16, 0x15, 0x0e, 0x0f, 0x0f, 0x2f, 0x45, 0x06, 
	0x0e, 0x2f, 0x0e, 0x0f, 0x0e, 0x0d, 0x0d, 0x05, 
	0x1b, 0x16, 0x0e, 0x2f, 0x2b, 0x2b, 0x0f, 0x0e, 
	0x01, 0x1b, 0x0f, 0x2b, 0x26, 0x46, 0x47, 0x43, 
	0x16, 0x0f, 0x37, 0x41, 0x16, 0x06, 0x2f, 0x13, 
	0x2f, 0x0e, 0x0f, 0x1b, 0x16, 0x1b, 0x0e, 0x1b, 
	0x0e, 0x2b, 0x0e, 0x45, 0x48, 0x0f, 0x04, 0x0e, 
	0x06, 0x0e, 0x0f, 0x26, 0x16, 0x37, 0x16, 0x0f, 
	0x26, 0x26, 0x43, 0x37, 0x0d, 0x49, 0x01, 0x04, 
	0x4a, 0x2f, 0x16, 0x4b, 0x0e, 0x0f, 0x42, 0x06, 
	0x16, 0x2f, 0x0e, 0x0f, 0x0d, 0x48, 0x07, 0x07, 
	0x02, 0x0e, 0x06, 0x0f, 0x26, 0x4c, 0x32, 0x37, 
	0x37, 0x37, 0x0e, 0x44, 0x0d, 0x4d, 0x06, 0x0e, 
	0x05, 0x0e, 0x1b, 0x16, 0x0f, 0x16, 0x16, 0x0f, 
	0x0f, 0x16, 0x2f, 0x4e, 0x0e, 0x0c, 0x03, 0x23, 
	0x21, 0x08, 0x0d, 0x0d, 0x0f, 0x02, 0x0d, 0x0f, 
	0x26, 0x4f, 0x50, 0x51, 0x26, 0x0e, 0x05, 0x0e, 
	0x41, 0x0d, 0x37, 0x0e, 0x0f, 0x0f, 0x16, 0x2f, 
	0x16, 0x0f, 0x15, 0x43, 0x49, 0x0a, 0x06, 0x03, 
	0x02, 0x07, 0x16, 0x01, 0x16, 0x0d, 0x0f, 0x0f, 
	0x26, 0x52, 0x43, 0x41, 0x16, 0x48, 0x48, 0x16, 
	0x02, 0x0e, 0x0f, 0x2b, 0x16, 0x05, 0x0f, 0x0f, 
	0x0f, 0x0a, 0x53, 0x18, 0x26, 0x54, 0x37, 0x26, 
	0x0e, 0x43, 0x2b, 0x01, 0x01, 0x0a, 0x02, 0x2f, 
	0x1b, 0x24, 0x41, 0x0e, 0x16, 0x01, 0x2f, 0x0f, 
	0x0d, 0x06, 0x06, 0x0f, 0x16, 0x0f, 0x0f, 0x16, 
	0x0f, 0x0d, 0x0a, 0x01, 0x47, 0x16, 0x0f, 0x1a, 
	0x0e, 0x24, 0x0d, 0x02, 0x06, 0x06, 0x06, 0x06, 
	0x01, 0x1b, 0x0e, 0x0f, 0x2f, 0x16, 0x15, 0x48, 
	0x18, 0x04, 0x45, 0x0f, 0x16, 0x16, 0x16, 0x16, 
	0x0e, 0x04, 0x02, 0x0c, 0x0f, 0x16, 0x0f, 0x55, 
	0x56, 0x0d, 0x0d, 0x0d, 0x0d, 0x0a, 0x0a, 0x0f, 
	0x0e, 0x0a, 0x06, 0x0a, 0x0a, 0x42, 0x15, 0x15, 
	0x18, 0x57, 0x06, 0x06, 0x0e, 0x2f, 0x15, 0x0e, 
	0x04, 0x02, 0x24, 0x01, 0x06, 0x1b, 0x0d, 0x08, 
	0x58, 0x01, 0x2d, 0x0f, 0x0a, 0x2f, 0x26, 0x0e, 
	0x0d, 0x0e, 0x2f, 0x59, 0x15, 0x16, 0x5a, 0x15, 
	0x13, 0x00, 0x07, 0x2f, 0x2f, 0x5b, 0x0e, 0x2c, 
	0x1b, 0x05, 0x18, 0x5c, 0x05, 0x5d, 0x2c, 0x0d, 
	0x0c, 0x08, 0x0d, 0x06, 0x06, 0x02, 0x47, 0x37, 
	0x2b, 0x2f, 0x0e, 0x37, 0x5e, 0x48, 0x2b, 0x2b, 
	0x02, 0x04, 0x0c, 0x01, 0x0e, 0x15, 0x0f, 0x3a, 
	0x07, 0x08, 0x01, 0x5f, 0x0d, 0x06, 0x01, 0x04, 
	0x0a, 0x60, 0x18, 0x13, 0x02, 0x2f, 0x06, 0x16, 
	0x0f, 0x0f, 0x0e, 0x05, 0x61, 0x51, 0x0f, 0x04, 
	0x13, 0x53, 0x07, 0x0e, 0x1b, 0x0a, 0x0d, 0x02, 
	0x08, 0x08, 0x0c, 0x60, 0x2f, 0x1b, 0x02, 0x08, 
	0x62, 0x03, 0x07, 0x1c, 0x0d, 0x04, 0x06, 0x08, 
	0x63, 0x64, 0x37, 0x05, 0x0e, 0x43, 0x0e, 0x0e, 
	0x06, 0x18, 0x08, 0x04, 0x08, 0x06, 0x02, 0x04, 
	0x18, 0x08, 0x0c, 0x13, 0x42, 0x3a, 0x18, 0x13, 
	0x08, 0x5c, 0x0c, 0x06, 0x04, 0x45, 0x02, 0x04, 
	0x18, 0x06, 0x06, 0x48, 0x37, 0x0f, 0x0c, 0x2f, 
	0x18, 0x0a, 0x02, 0x0c, 0x02, 0x04, 0x04, 0x02, 
	0x02, 0x07, 0x01, 0x05, 0x0c, 0x0a, 0x04, 0x06, 
	0x08, 0x3a, 0x07, 0x04, 0x0c, 0x06, 0x02, 0x0d, 
	0x02, 0x04, 0x0d, 0x02, 0x06, 0x06, 0x16, 0x0d, 
	0x5c, 0x18, 0x18, 0x06, 0x02, 0x0a, 0x04, 0x06, 
	
};

Gfx ccm_dl_SUPER_MARIO_64_AEF22277_0_2_all_pal_rgba16_aligner[] = {gsSPEndDisplayList()};
u8 ccm_dl_SUPER_MARIO_64_AEF22277_0_2_all_pal_rgba16[] = {
	0x67, 0x81, 0x05, 0x01, 0x05, 0x87, 0x05, 0x83, 
	0x05, 0xc9, 0x04, 0x81, 0x05, 0x45, 0x06, 0x0b, 
	0x05, 0x85, 0x37, 0x59, 0x04, 0xc1, 0x1e, 0x91, 
	0x05, 0x43, 0x05, 0x03, 0x05, 0x89, 0x05, 0x47, 
	0x26, 0xd3, 0x05, 0xc3, 0x5f, 0x41, 0x05, 0x41, 
	0x04, 0x01, 0x04, 0xc3, 0x05, 0x05, 0x05, 0x81, 
	0x05, 0xc7, 0x26, 0x43, 0x04, 0x41, 0x06, 0x0d, 
	0x16, 0x8f, 0x0e, 0x4b, 0x0e, 0x85, 0x05, 0xc1, 
	0x05, 0xc5, 0x06, 0x09, 0x1e, 0xd1, 0x16, 0x4b, 
	0x0e, 0x4d, 0x26, 0xd5, 0x05, 0x49, 0x06, 0x05, 
	0x06, 0x4d, 0x16, 0x8d, 0x06, 0x03, 0x05, 0xcd, 
	0x0e, 0x4f, 0x06, 0x4b, 0x2f, 0x17, 0x05, 0xcb, 
	0x26, 0x81, 0x36, 0xc5, 0x06, 0x0f, 0x37, 0x5b, 
	0x3f, 0x9b, 0x1e, 0xd3, 0x06, 0x4f, 0x05, 0x8b, 
	0x06, 0x49, 0x1e, 0x41, 0x16, 0x91, 0x16, 0x41, 
	0x0d, 0xc1, 0x16, 0x01, 0x4e, 0xc1, 0x3f, 0x59, 
	0x0d, 0x81, 0x16, 0x51, 0x1e, 0x93, 0x05, 0x07, 
	0x05, 0xcf, 0x0e, 0x0d, 0x05, 0x4b, 0x04, 0xc5, 
	0x0e, 0x0f, 0x37, 0x17, 0x0e, 0x51, 0x26, 0x95, 
	0x16, 0x53, 0x3f, 0x19, 0x26, 0x97, 0x05, 0x8f, 
	0x04, 0x43, 0x05, 0x8d, 0x05, 0x09, 0x16, 0x4f, 
	0x0e, 0x11, 0x1e, 0x49, 0x1e, 0x01, 0x2e, 0x85, 
	0x26, 0x41, 0x2e, 0xd7, 0x0d, 0xcf, 0x26, 0xd7, 
	0x06, 0x07, 0x4f, 0xdf, 0x57, 0xe1, 0x16, 0x8b, 
	0x1e, 0xcd, 0x36, 0xd9, 0x16, 0x4d, 0x1e, 0x03, 
	0x47, 0x0b, 
};

Gfx ccm_dl_SUPER_MARIO_64_AEF22277_0_2_all_ci8_copy_aligner[] = {gsSPEndDisplayList()};
u8 ccm_dl_SUPER_MARIO_64_AEF22277_0_2_all_ci8_copy[] = {
	0x00, 0x01, 0x02, 0x03, 0x04, 0x05, 0x06, 0x07, 
	0x08, 0x06, 0x09, 0x0a, 0x0b, 0x01, 0x0c, 0x01, 
	0x06, 0x0a, 0x0d, 0x0e, 0x0f, 0x0f, 0x02, 0x0e, 
	0x08, 0x0a, 0x02, 0x10, 0x04, 0x02, 0x0d, 0x11, 
	0x12, 0x0d, 0x06, 0x02, 0x04, 0x13, 0x14, 0x0a, 
	0x0f, 0x15, 0x16, 0x05, 0x0b, 0x13, 0x17, 0x17, 
	0x08, 0x01, 0x01, 0x02, 0x07, 0x0c, 0x18, 0x08, 
	0x13, 0x18, 0x08, 0x0d, 0x06, 0x06, 0x0d, 0x19, 
	0x0d, 0x06, 0x04, 0x0d, 0x01, 0x03, 0x1a, 0x0d, 
	0x1b, 0x16, 0x0d, 0x0a, 0x01, 0x01, 0x03, 0x13, 
	0x13, 0x18, 0x01, 0x03, 0x1c, 0x04, 0x18, 0x06, 
	0x17, 0x07, 0x07, 0x05, 0x02, 0x0a, 0x06, 0x05, 
	0x16, 0x16, 0x06, 0x06, 0x1d, 0x01, 0x0f, 0x06, 
	0x0f, 0x16, 0x0a, 0x06, 0x13, 0x11, 0x1e, 0x1f, 
	0x13, 0x07, 0x20, 0x08, 0x08, 0x21, 0x0c, 0x22, 
	0x13, 0x23, 0x13, 0x24, 0x25, 0x0a, 0x0e, 0x26, 
	0x0a, 0x0a, 0x0a, 0x16, 0x0f, 0x01, 0x0a, 0x0c, 
	0x01, 0x0a, 0x06, 0x18, 0x13, 0x0a, 0x27, 0x13, 
	0x0c, 0x28, 0x04, 0x0d, 0x0a, 0x08, 0x29, 0x0d, 
	0x2a, 0x11, 0x08, 0x04, 0x2b, 0x0e, 0x0f, 0x05, 
	0x0d, 0x0a, 0x0d, 0x16, 0x16, 0x0a, 0x2c, 0x0a, 
	0x01, 0x05, 0x0a, 0x0a, 0x0a, 0x01, 0x03, 0x21, 
	0x2d, 0x0c, 0x0d, 0x05, 0x2e, 0x04, 0x20, 0x18, 
	0x17, 0x20, 0x13, 0x1b, 0x0e, 0x0f, 0x2b, 0x2f, 
	0x0d, 0x02, 0x0a, 0x15, 0x16, 0x0a, 0x01, 0x01, 
	0x01, 0x13, 0x0a, 0x0a, 0x13, 0x01, 0x30, 0x31, 
	0x18, 0x04, 0x0d, 0x32, 0x02, 0x0d, 0x18, 0x06, 
	0x13, 0x08, 0x0c, 0x0d, 0x06, 0x33, 0x0d, 0x0e, 
	0x2f, 0x2f, 0x05, 0x05, 0x0a, 0x0a, 0x07, 0x01, 
	0x01, 0x13, 0x13, 0x13, 0x20, 0x03, 0x05, 0x27, 
	0x20, 0x0a, 0x0d, 0x0a, 0x08, 0x0c, 0x21, 0x07, 
	0x21, 0x04, 0x02, 0x0c, 0x34, 0x0e, 0x06, 0x1b, 
	0x35, 0x0e, 0x0d, 0x05, 0x0a, 0x01, 0x01, 0x0a, 
	0x01, 0x01, 0x01, 0x13, 0x13, 0x13, 0x01, 0x13, 
	0x03, 0x01, 0x02, 0x02, 0x0d, 0x04, 0x21, 0x18, 
	0x1d, 0x2d, 0x02, 0x1b, 0x0e, 0x05, 0x1b, 0x06, 
	0x04, 0x0a, 0x04, 0x36, 0x01, 0x03, 0x01, 0x05, 
	0x0a, 0x03, 0x0a, 0x03, 0x21, 0x03, 0x0a, 0x03, 
	0x18, 0x02, 0x37, 0x16, 0x0d, 0x0c, 0x08, 0x18, 
	0x38, 0x08, 0x0c, 0x2b, 0x05, 0x06, 0x0e, 0x0a, 
	0x01, 0x1a, 0x18, 0x04, 0x01, 0x1f, 0x13, 0x39, 
	0x0a, 0x13, 0x13, 0x0c, 0x0c, 0x13, 0x13, 0x21, 
	0x08, 0x16, 0x0e, 0x0e, 0x0d, 0x06, 0x0c, 0x03, 
	0x20, 0x0e, 0x06, 0x1a, 0x02, 0x06, 0x0d, 0x3a, 
	0x1d, 0x0a, 0x18, 0x02, 0x05, 0x03, 0x03, 0x3b, 
	0x0c, 0x01, 0x0a, 0x0c, 0x03, 0x0a, 0x08, 0x18, 
	0x01, 0x01, 0x02, 0x1a, 0x06, 0x04, 0x02, 0x24, 
	0x01, 0x02, 0x06, 0x0f, 0x06, 0x06, 0x05, 0x0c, 
	0x03, 0x01, 0x07, 0x06, 0x18, 0x02, 0x0c, 0x0a, 
	0x0c, 0x01, 0x01, 0x0c, 0x0c, 0x08, 0x01, 0x18, 
	0x01, 0x14, 0x0d, 0x3c, 0x05, 0x06, 0x02, 0x21, 
	0x01, 0x0a, 0x02, 0x0e, 0x02, 0x02, 0x13, 0x0c, 
	0x05, 0x0a, 0x07, 0x06, 0x2f, 0x01, 0x08, 0x01, 
	0x0c, 0x01, 0x01, 0x06, 0x0d, 0x07, 0x0e, 0x0c, 
	0x0c, 0x16, 0x3d, 0x3e, 0x03, 0x0d, 0x22, 0x3f, 
	0x01, 0x08, 0x06, 0x0a, 0x2f, 0x0a, 0x05, 0x18, 
	0x0a, 0x01, 0x21, 0x2f, 0x07, 0x08, 0x06, 0x01, 
	0x0c, 0x0d, 0x0d, 0x0f, 0x0a, 0x0a, 0x16, 0x0d, 
	0x0d, 0x0d, 0x16, 0x40, 0x0a, 0x16, 0x0a, 0x04, 
	0x02, 0x04, 0x02, 0x06, 0x02, 0x02, 0x05, 0x01, 
	0x0c, 0x18, 0x04, 0x0f, 0x2c, 0x1b, 0x0c, 0x02, 
	0x02, 0x06, 0x06, 0x0f, 0x0d, 0x06, 0x0f, 0x0a, 
	0x0d, 0x06, 0x0d, 0x16, 0x16, 0x02, 0x02, 0x06, 
	0x06, 0x0f, 0x0f, 0x06, 0x02, 0x07, 0x08, 0x13, 
	0x0f, 0x1b, 0x07, 0x07, 0x41, 0x42, 0x1b, 0x1b, 
	0x3a, 0x02, 0x2f, 0x26, 0x43, 0x43, 0x37, 0x26, 
	0x16, 0x0d, 0x16, 0x16, 0x06, 0x02, 0x04, 0x02, 
	0x04, 0x0f, 0x37, 0x0e, 0x0e, 0x0f, 0x02, 0x06, 
	0x19, 0x00, 0x04, 0x04, 0x2f, 0x42, 0x0f, 0x0a, 
	0x1b, 0x06, 0x16, 0x2b, 0x37, 0x37, 0x44, 0x0d, 
	0x16, 0x15, 0x0e, 0x0f, 0x0f, 0x2f, 0x45, 0x06, 
	0x0e, 0x2f, 0x0e, 0x0f, 0x0e, 0x0d, 0x0d, 0x05, 
	0x1b, 0x16, 0x0e, 0x2f, 0x2b, 0x2b, 0x0f, 0x0e, 
	0x01, 0x1b, 0x0f, 0x2b, 0x26, 0x46, 0x47, 0x43, 
	0x16, 0x0f, 0x37, 0x41, 0x16, 0x06, 0x2f, 0x13, 
	0x2f, 0x0e, 0x0f, 0x1b, 0x16, 0x1b, 0x0e, 0x1b, 
	0x0e, 0x2b, 0x0e, 0x45, 0x48, 0x0f, 0x04, 0x0e, 
	0x06, 0x0e, 0x0f, 0x26, 0x16, 0x37, 0x16, 0x0f, 
	0x26, 0x26, 0x43, 0x37, 0x0d, 0x49, 0x01, 0x04, 
	0x4a, 0x2f, 0x16, 0x4b, 0x0e, 0x0f, 0x42, 0x06, 
	0x16, 0x2f, 0x0e, 0x0f, 0x0d, 0x48, 0x07, 0x07, 
	0x02, 0x0e, 0x06, 0x0f, 0x26, 0x4c, 0x32, 0x37, 
	0x37, 0x37, 0x0e, 0x44, 0x0d, 0x4d, 0x06, 0x0e, 
	0x05, 0x0e, 0x1b, 0x16, 0x0f, 0x16, 0x16, 0x0f, 
	0x0f, 0x16, 0x2f, 0x4e, 0x0e, 0x0c, 0x03, 0x23, 
	0x21, 0x08, 0x0d, 0x0d, 0x0f, 0x02, 0x0d, 0x0f, 
	0x26, 0x4f, 0x50, 0x51, 0x26, 0x0e, 0x05, 0x0e, 
	0x41, 0x0d, 0x37, 0x0e, 0x0f, 0x0f, 0x16, 0x2f, 
	0x16, 0x0f, 0x15, 0x43, 0x49, 0x0a, 0x06, 0x03, 
	0x02, 0x07, 0x16, 0x01, 0x16, 0x0d, 0x0f, 0x0f, 
	0x26, 0x52, 0x43, 0x41, 0x16, 0x48, 0x48, 0x16, 
	0x02, 0x0e, 0x0f, 0x2b, 0x16, 0x05, 0x0f, 0x0f, 
	0x0f, 0x0a, 0x53, 0x18, 0x26, 0x54, 0x37, 0x26, 
	0x0e, 0x43, 0x2b, 0x01, 0x01, 0x0a, 0x02, 0x2f, 
	0x1b, 0x24, 0x41, 0x0e, 0x16, 0x01, 0x2f, 0x0f, 
	0x0d, 0x06, 0x06, 0x0f, 0x16, 0x0f, 0x0f, 0x16, 
	0x0f, 0x0d, 0x0a, 0x01, 0x47, 0x16, 0x0f, 0x1a, 
	0x0e, 0x24, 0x0d, 0x02, 0x06, 0x06, 0x06, 0x06, 
	0x01, 0x1b, 0x0e, 0x0f, 0x2f, 0x16, 0x15, 0x48, 
	0x18, 0x04, 0x45, 0x0f, 0x16, 0x16, 0x16, 0x16, 
	0x0e, 0x04, 0x02, 0x0c, 0x0f, 0x16, 0x0f, 0x55, 
	0x56, 0x0d, 0x0d, 0x0d, 0x0d, 0x0a, 0x0a, 0x0f, 
	0x0e, 0x0a, 0x06, 0x0a, 0x0a, 0x42, 0x15, 0x15, 
	0x18, 0x57, 0x06, 0x06, 0x0e, 0x2f, 0x15, 0x0e, 
	0x04, 0x02, 0x24, 0x01, 0x06, 0x1b, 0x0d, 0x08, 
	0x58, 0x01, 0x2d, 0x0f, 0x0a, 0x2f, 0x26, 0x0e, 
	0x0d, 0x0e, 0x2f, 0x59, 0x15, 0x16, 0x5a, 0x15, 
	0x13, 0x00, 0x07, 0x2f, 0x2f, 0x5b, 0x0e, 0x2c, 
	0x1b, 0x05, 0x18, 0x5c, 0x05, 0x5d, 0x2c, 0x0d, 
	0x0c, 0x08, 0x0d, 0x06, 0x06, 0x02, 0x47, 0x37, 
	0x2b, 0x2f, 0x0e, 0x37, 0x5e, 0x48, 0x2b, 0x2b, 
	0x02, 0x04, 0x0c, 0x01, 0x0e, 0x15, 0x0f, 0x3a, 
	0x07, 0x08, 0x01, 0x5f, 0x0d, 0x06, 0x01, 0x04, 
	0x0a, 0x60, 0x18, 0x13, 0x02, 0x2f, 0x06, 0x16, 
	0x0f, 0x0f, 0x0e, 0x05, 0x61, 0x51, 0x0f, 0x04, 
	0x13, 0x53, 0x07, 0x0e, 0x1b, 0x0a, 0x0d, 0x02, 
	0x08, 0x08, 0x0c, 0x60, 0x2f, 0x1b, 0x02, 0x08, 
	0x62, 0x03, 0x07, 0x1c, 0x0d, 0x04, 0x06, 0x08, 
	0x63, 0x64, 0x37, 0x05, 0x0e, 0x43, 0x0e, 0x0e, 
	0x06, 0x18, 0x08, 0x04, 0x08, 0x06, 0x02, 0x04, 
	0x18, 0x08, 0x0c, 0x13, 0x42, 0x3a, 0x18, 0x13, 
	0x08, 0x5c, 0x0c, 0x06, 0x04, 0x45, 0x02, 0x04, 
	0x18, 0x06, 0x06, 0x48, 0x37, 0x0f, 0x0c, 0x2f, 
	0x18, 0x0a, 0x02, 0x0c, 0x02, 0x04, 0x04, 0x02, 
	0x02, 0x07, 0x01, 0x05, 0x0c, 0x0a, 0x04, 0x06, 
	0x08, 0x3a, 0x07, 0x04, 0x0c, 0x06, 0x02, 0x0d, 
	0x02, 0x04, 0x0d, 0x02, 0x06, 0x06, 0x16, 0x0d, 
	0x5c, 0x18, 0x18, 0x06, 0x02, 0x0a, 0x04, 0x06, 
	
};

Gfx ccm_dl_SUPER_MARIO_64_AEF22277_0_2_all_pal_rgba16_copy_aligner[] = {gsSPEndDisplayList()};
u8 ccm_dl_SUPER_MARIO_64_AEF22277_0_2_all_pal_rgba16_copy[] = {
	0x67, 0x81, 0x05, 0x01, 0x05, 0x87, 0x05, 0x83, 
	0x05, 0xc9, 0x04, 0x81, 0x05, 0x45, 0x06, 0x0b, 
	0x05, 0x85, 0x37, 0x59, 0x04, 0xc1, 0x1e, 0x91, 
	0x05, 0x43, 0x05, 0x03, 0x05, 0x89, 0x05, 0x47, 
	0x26, 0xd3, 0x05, 0xc3, 0x5f, 0x41, 0x05, 0x41, 
	0x04, 0x01, 0x04, 0xc3, 0x05, 0x05, 0x05, 0x81, 
	0x05, 0xc7, 0x26, 0x43, 0x04, 0x41, 0x06, 0x0d, 
	0x16, 0x8f, 0x0e, 0x4b, 0x0e, 0x85, 0x05, 0xc1, 
	0x05, 0xc5, 0x06, 0x09, 0x1e, 0xd1, 0x16, 0x4b, 
	0x0e, 0x4d, 0x26, 0xd5, 0x05, 0x49, 0x06, 0x05, 
	0x06, 0x4d, 0x16, 0x8d, 0x06, 0x03, 0x05, 0xcd, 
	0x0e, 0x4f, 0x06, 0x4b, 0x2f, 0x17, 0x05, 0xcb, 
	0x26, 0x81, 0x36, 0xc5, 0x06, 0x0f, 0x37, 0x5b, 
	0x3f, 0x9b, 0x1e, 0xd3, 0x06, 0x4f, 0x05, 0x8b, 
	0x06, 0x49, 0x1e, 0x41, 0x16, 0x91, 0x16, 0x41, 
	0x0d, 0xc1, 0x16, 0x01, 0x4e, 0xc1, 0x3f, 0x59, 
	0x0d, 0x81, 0x16, 0x51, 0x1e, 0x93, 0x05, 0x07, 
	0x05, 0xcf, 0x0e, 0x0d, 0x05, 0x4b, 0x04, 0xc5, 
	0x0e, 0x0f, 0x37, 0x17, 0x0e, 0x51, 0x26, 0x95, 
	0x16, 0x53, 0x3f, 0x19, 0x26, 0x97, 0x05, 0x8f, 
	0x04, 0x43, 0x05, 0x8d, 0x05, 0x09, 0x16, 0x4f, 
	0x0e, 0x11, 0x1e, 0x49, 0x1e, 0x01, 0x2e, 0x85, 
	0x26, 0x41, 0x2e, 0xd7, 0x0d, 0xcf, 0x26, 0xd7, 
	0x06, 0x07, 0x4f, 0xdf, 0x57, 0xe1, 0x16, 0x8b, 
	0x1e, 0xcd, 0x36, 0xd9, 0x16, 0x4d, 0x1e, 0x03, 
	0x47, 0x0b, 
};

Gfx ccm_dl_SUPER_MARIO_64_5C3873C6_0_2_all_rgba16_aligner[] = {gsSPEndDisplayList()};
u8 ccm_dl_SUPER_MARIO_64_5C3873C6_0_2_all_rgba16[] = {
	0x8c, 0x1f, 0x9c, 0xe3, 0x51, 0xcb, 0x51, 0xcb, 
	0x83, 0x0f, 0xa4, 0x17, 0xa4, 0x17, 0xa4, 0x17, 
	0x9b, 0xd3, 0x9b, 0xd3, 0xac, 0x57, 0xac, 0x99, 
	0xb4, 0x97, 0xac, 0x97, 0xdd, 0xdf, 0x62, 0x91, 
	0x00, 0x01, 0x18, 0x85, 0x18, 0x83, 0x18, 0x83, 
	0x18, 0x83, 0x31, 0x49, 0x6b, 0x15, 0x5a, 0xd3, 
	0x83, 0xd9, 0x83, 0xd9, 0x4a, 0x0b, 0x83, 0x99, 
	0x83, 0xd7, 0x62, 0x4d, 0x5a, 0x4d, 0x6a, 0xd1, 
	0x63, 0x17, 0x62, 0xd5, 0x9b, 0xd7, 0x39, 0x49, 
	0x39, 0x49, 0x6a, 0x0b, 0x8b, 0x53, 0x9c, 0x15, 
	0xac, 0x99, 0xa4, 0x57, 0x83, 0x0f, 0x83, 0x51, 
	0xac, 0x9b, 0xb5, 0x1b, 0xc5, 0x1d, 0xb4, 0x99, 
	0x31, 0x47, 0x10, 0x43, 0x18, 0x83, 0x18, 0x83, 
	0x18, 0x85, 0x08, 0x41, 0x18, 0x85, 0x62, 0xd3, 
	0x63, 0x13, 0x73, 0x55, 0x7b, 0x97, 0x83, 0xd9, 
	0x83, 0xd7, 0x6a, 0xd1, 0x62, 0x8f, 0x62, 0x4f, 
	0x31, 0x49, 0x5a, 0x91, 0xd5, 0x17, 0x5a, 0x4d, 
	0x31, 0x07, 0x51, 0xcb, 0x8b, 0x93, 0x93, 0xd3, 
	0x83, 0x51, 0x83, 0x93, 0x7b, 0x11, 0x6a, 0x8d, 
	0x94, 0x17, 0xb5, 0x1d, 0xb4, 0xd9, 0xc5, 0x19, 
	0x6a, 0x8d, 0x08, 0x03, 0x08, 0x43, 0x10, 0x43, 
	0x18, 0x85, 0x10, 0x43, 0x00, 0x01, 0x39, 0x8b, 
	0x8c, 0x19, 0x94, 0x5b, 0x7b, 0x97, 0x7b, 0x95, 
	0x7b, 0x97, 0x7b, 0x55, 0x73, 0x13, 0x6a, 0xd3, 
	0x18, 0x85, 0x5a, 0x0d, 0xb4, 0x11, 0x72, 0x8d, 
	0x08, 0x43, 0x18, 0x85, 0x93, 0xd3, 0xb4, 0x97, 
	0xac, 0x57, 0x94, 0x17, 0x83, 0x53, 0x7b, 0x11, 
	0x83, 0x95, 0x9c, 0x17, 0x9c, 0x17, 0xbc, 0xd9, 
	0xcd, 0x59, 0x72, 0xcf, 0x18, 0xc5, 0x08, 0x43, 
	0x31, 0x07, 0x5a, 0x4f, 0x29, 0x49, 0x10, 0x83, 
	0x52, 0x91, 0x73, 0x55, 0x7b, 0x97, 0x83, 0xd9, 
	0x7b, 0x55, 0x83, 0xd9, 0x83, 0xd9, 0x83, 0xd7, 
	0xa3, 0xd5, 0x8b, 0x11, 0x9b, 0x53, 0x6a, 0x4d, 
	0x18, 0x85, 0x20, 0xc5, 0x9c, 0x15, 0xac, 0x57, 
	0xac, 0x97, 0xb5, 0x1d, 0x93, 0xd3, 0x72, 0xd1, 
	0x62, 0x91, 0x7b, 0x53, 0x9c, 0x15, 0xa4, 0x55, 
	0xc4, 0xd9, 0xcd, 0x17, 0x51, 0xcb, 0x00, 0x03, 
	0x31, 0x47, 0x93, 0xd5, 0x83, 0x95, 0x31, 0x89, 
	0x18, 0xc5, 0x29, 0x49, 0x62, 0xd3, 0x94, 0x5b, 
	0x83, 0xd9, 0x6b, 0x13, 0x8c, 0x1b, 0x7b, 0x97, 
	0x93, 0xd7, 0x93, 0x95, 0x6a, 0x8f, 0x6a, 0x91, 
	0x39, 0x49, 0x18, 0x85, 0xa4, 0x59, 0xc5, 0x5d, 
	0xd5, 0xe1, 0xcd, 0x9f, 0xa4, 0x59, 0x72, 0xcd, 
	0x83, 0x51, 0xac, 0x97, 0xbc, 0xd9, 0x73, 0x0f, 
	0x29, 0x09, 0x9b, 0xd3, 0xa4, 0x15, 0xac, 0x55, 
	0x7b, 0x51, 0x49, 0xcb, 0x8b, 0x93, 0x73, 0x13, 
	0x6b, 0x13, 0x62, 0xd1, 0x4a, 0x0d, 0x39, 0x8b, 
	0x41, 0xcd, 0x62, 0xd1, 0x73, 0x55, 0x7b, 0x97, 
	0xa4, 0x5b, 0xbd, 0x1d, 0xa4, 0x17, 0x83, 0x55, 
	0x41, 0x8b, 0x08, 0x01, 0x49, 0xcb, 0x8b, 0x95, 
	0xb5, 0x21, 0xc5, 0x63, 0x9c, 0x5d, 0x93, 0x91, 
	0xa4, 0x53, 0x9c, 0x15, 0x9c, 0x57, 0x73, 0x11, 
	0x93, 0xd7, 0xcd, 0x19, 0xd5, 0x5b, 0xdd, 0x9b, 
	0xe6, 0x1f, 0xa4, 0x59, 0x10, 0x03, 0x29, 0x07, 
	0xc5, 0x61, 0xc5, 0x61, 0x93, 0xd7, 0x93, 0xd7, 
	0x52, 0x4f, 0x39, 0xcb, 0x5a, 0x93, 0x62, 0xd3, 
	0x83, 0x13, 0x5a, 0x4d, 0x62, 0x8f, 0x72, 0xd3, 
	0x73, 0x15, 0x08, 0x43, 0x10, 0x43, 0x28, 0xc5, 
	0x31, 0x07, 0x41, 0xcb, 0x62, 0x91, 0x83, 0x93, 
	0x94, 0x17, 0x94, 0x17, 0x8b, 0xd5, 0xb4, 0x99, 
	0xd5, 0x5b, 0xcd, 0x17, 0xcd, 0x19, 0xd5, 0x9f, 
	0xdd, 0xe3, 0xde, 0x25, 0x52, 0x4f, 0x10, 0x43, 
	0x8b, 0xd7, 0xac, 0xdd, 0xb4, 0xdb, 0xb4, 0xdd, 
	0xac, 0x9b, 0x83, 0x95, 0x4a, 0x0f, 0x39, 0x8b, 
	0x20, 0xc5, 0x41, 0x8b, 0x41, 0x47, 0x5a, 0x0d, 
	0x6a, 0x91, 0x08, 0x43, 0x00, 0x01, 0x18, 0x83, 
	0x28, 0x85, 0x20, 0x83, 0x28, 0x83, 0x31, 0x07, 
	0x52, 0x0d, 0x52, 0x0d, 0x83, 0x97, 0xcd, 0x1b, 
	0xc4, 0x95, 0xbc, 0xd9, 0xd5, 0xe3, 0xdd, 0xe1, 
	0xcd, 0x5d, 0xcd, 0xe7, 0xbd, 0x5f, 0x20, 0xc5, 
	0x49, 0xcb, 0x8b, 0xd5, 0xb4, 0xdd, 0xac, 0x99, 
	0xb5, 0x1d, 0x9c, 0x57, 0xbc, 0xd9, 0xd5, 0x5b, 
	0x49, 0xc9, 0x39, 0x47, 0x41, 0x47, 0x29, 0x09, 
	0x10, 0x85, 0x00, 0x01, 0x00, 0x01, 0x00, 0x01, 
	0x10, 0x83, 0x28, 0xc5, 0x31, 0x05, 0x29, 0x05, 
	0x31, 0x47, 0x18, 0x83, 0x7b, 0x97, 0xd5, 0x9f, 
	0xcd, 0x5d, 0xde, 0x23, 0xe6, 0xa9, 0xde, 0x67, 
	0xcd, 0x9f, 0xcd, 0xe5, 0xee, 0xaf, 0x8c, 0x19, 
	0x20, 0xc5, 0x7b, 0x13, 0xb4, 0xdf, 0xb4, 0xdd, 
	0xbd, 0x1d, 0xbc, 0xdd, 0xcd, 0x1b, 0xd5, 0x59, 
	0xd5, 0x59, 0xcc, 0xd5, 0xa4, 0x15, 0x18, 0x83, 
	0x10, 0x43, 0x10, 0x83, 0x10, 0x43, 0x08, 0x43, 
	0x08, 0x43, 0x08, 0x01, 0x20, 0x85, 0x31, 0x49, 
	0x20, 0xc5, 0x00, 0x01, 0x41, 0xcb, 0xb5, 0x1f, 
	0x94, 0x19, 0x72, 0xd1, 0x7b, 0x13, 0x93, 0x97, 
	0xbd, 0x61, 0xbd, 0x63, 0xac, 0xe1, 0xa4, 0xdf, 
	0x28, 0xc7, 0x41, 0x89, 0xa4, 0x5b, 0xc5, 0x5f, 
	0xb4, 0xdd, 0xb4, 0xdd, 0xb4, 0x99, 0xcd, 0x19, 
	0xbc, 0x95, 0xc4, 0x95, 0xcd, 0x5d, 0xb4, 0xdd, 
	0xbd, 0x1d, 0xcd, 0x9f, 0xbc, 0xd9, 0xa4, 0x17, 
	0x8b, 0x97, 0x31, 0x49, 0x00, 0x01, 0x00, 0x01, 
	0x00, 0x01, 0x08, 0x41, 0x20, 0xc5, 0x8b, 0xd9, 
	0x8b, 0xd7, 0x52, 0x0b, 0x49, 0x47, 0x6a, 0x0b, 
	0x73, 0x15, 0x52, 0x0b, 0x39, 0x05, 0x49, 0xcb, 
	0x20, 0xc5, 0x10, 0x43, 0x52, 0x0b, 0xac, 0x59, 
	0xbd, 0x1f, 0xbd, 0x61, 0xb4, 0xdd, 0xb4, 0x97, 
	0xb4, 0x97, 0xcd, 0x5b, 0xbc, 0xd9, 0xc5, 0x19, 
	0xbc, 0x99, 0xc4, 0x57, 0xb4, 0x57, 0x93, 0x93, 
	0xa3, 0xd5, 0xa3, 0xd5, 0x20, 0xc7, 0x18, 0x85, 
	0x5a, 0x4d, 0x29, 0x07, 0x08, 0x03, 0x62, 0x91, 
	0x72, 0xcf, 0x72, 0x8d, 0x5a, 0x0b, 0x49, 0x89, 
	0x39, 0x07, 0x28, 0xc5, 0x30, 0xc5, 0x41, 0x89, 
	0x08, 0x41, 0x08, 0x03, 0x41, 0x89, 0x8b, 0x53, 
	0xac, 0x9b, 0xb4, 0xdd, 0xbd, 0x1f, 0xbc, 0x99, 
	0xa4, 0x17, 0xac, 0x59, 0xb4, 0x57, 0xac, 0x55, 
	0x9b, 0x93, 0xb3, 0xd1, 0x9b, 0xd7, 0x6a, 0x4d, 
	0x7a, 0x8d, 0x9b, 0xd5, 0x52, 0x0b, 0xa4, 0x15, 
	0xcd, 0x5b, 0x29, 0x07, 0x00, 0x01, 0x20, 0xc5, 
	0x83, 0x53, 0x93, 0xd7, 0x6a, 0x8f, 0x49, 0x89, 
	0x30, 0xc5, 0x20, 0x85, 0x20, 0x85, 0x08, 0x43, 
	0x00, 0x01, 0x08, 0x43, 0x28, 0xc5, 0x93, 0xd7, 
	0xac, 0x9b, 0xc5, 0x5f, 0xac, 0x9d, 0xac, 0x9b, 
	0xc4, 0xd9, 0x9b, 0x8f, 0xb4, 0x53, 0xa3, 0xd3, 
	0xc5, 0x1d, 0xdd, 0xe1, 0xbd, 0x1f, 0x8b, 0x13, 
	0xa3, 0xd5, 0x7a, 0xcf, 0x93, 0xd3, 0xdd, 0x9b, 
	0xd5, 0x9d, 0x52, 0x4d, 0x00, 0x01, 0x08, 0x43, 
	0x5a, 0x4d, 0x72, 0xd1, 0x49, 0x49, 0x51, 0x89, 
	0x62, 0x0b, 0x51, 0xc9, 0x18, 0x85, 0x10, 0x45, 
	0x00, 0x01, 0x00, 0x01, 0x08, 0x43, 0x6a, 0x8f, 
	0xbc, 0xdd, 0xac, 0x9b, 0xac, 0x9b, 0xac, 0x9d, 
	0xb4, 0xdb, 0xc5, 0x1b, 0xb4, 0x53, 0xac, 0x13, 
	0xac, 0x57, 0xb4, 0x97, 0xac, 0x59, 0x9b, 0xd7, 
	0x8b, 0x53, 0x7a, 0xcf, 0x6a, 0x4d, 0x9c, 0x15, 
	0xbc, 0xd9, 0x8b, 0xd5, 0x08, 0x03, 0x00, 0x01, 
	0x08, 0x43, 0x39, 0x47, 0x62, 0x4d, 0x7a, 0xcf, 
	0xac, 0x13, 0xc4, 0xd7, 0xbc, 0xd9, 0xc4, 0xd9, 
	0x73, 0x0f, 0x49, 0xcb, 0x08, 0x43, 0x31, 0x07, 
	0xb4, 0xdd, 0xbd, 0x1f, 0xac, 0x99, 0xbd, 0x1f, 
	0x93, 0xd7, 0xcd, 0x5d, 0x7a, 0xcd, 0xb4, 0x51, 
	0x93, 0x8f, 0x83, 0x0f, 0x6a, 0x8d, 0x51, 0xcb, 
	0x8a, 0x8d, 0x9b, 0x8f, 0x49, 0xcb, 0x7b, 0x11, 
	0x9b, 0xd5, 0xa4, 0x57, 0x52, 0x4d, 0x20, 0xc5, 
	0x5a, 0x4f, 0xcd, 0x5b, 0xbc, 0xd9, 0xc5, 0x1d, 
	0xb4, 0xdb, 0xa4, 0x15, 0x9c, 0x15, 0xac, 0x55, 
	0xbc, 0x97, 0xcd, 0x59, 0x52, 0x0d, 0x08, 0x01, 
	0x83, 0x53, 0xbd, 0x1d, 0xb4, 0x9b, 0xac, 0x9b, 
	0x93, 0xd5, 0xac, 0x99, 0x8b, 0x51, 0xac, 0x15, 
	0xb4, 0x13, 0x93, 0x4f, 0x51, 0xc9, 0x6a, 0x4b, 
	0xa3, 0xd3, 0x93, 0x51, 0x93, 0x91, 0x9b, 0xd5, 
	0x9c, 0x17, 0xa4, 0x17, 0xac, 0x57, 0x83, 0x53, 
	0x83, 0x95, 0xe6, 0x21, 0xcd, 0x5b, 0xc4, 0xd9, 
	0xac, 0x57, 0xa4, 0x17, 0x8b, 0x93, 0xa4, 0x59, 
	0xbc, 0xd7, 0xc4, 0xd7, 0xbd, 0x1b, 0x29, 0x49, 
	0x41, 0x89, 0x9c, 0x17, 0xac, 0x99, 0xa4, 0x9b, 
	0x4a, 0x0d, 0x5a, 0x0d, 0x9b, 0xd1, 0xbc, 0x99, 
	0xa3, 0xd3, 0x49, 0x47, 0x39, 0x07, 0x51, 0xc9, 
	0x7b, 0x11, 0x93, 0x95, 0xac, 0x5b, 0xbc, 0xdb, 
	0xc5, 0x5f, 0xbc, 0xdb, 0x9b, 0xd1, 0x9b, 0xd3, 
	0x7b, 0x11, 0xe6, 0x23, 0xcd, 0x5d, 0xcd, 0x1b, 
	0xc4, 0xd9, 0xbc, 0x99, 0xcd, 0x5d, 0xbc, 0xdb, 
	0xbc, 0x95, 0xc4, 0xd7, 0xbc, 0x97, 0x41, 0x8b, 
	0x18, 0x83, 0x7b, 0x13, 0xb4, 0xdd, 0x6a, 0xd1, 
	0x00, 0x01, 0x39, 0x47, 0xa4, 0x15, 0x83, 0x53, 
	0x41, 0x07, 0x30, 0xc5, 0x20, 0x83, 0x39, 0x49, 
	0x93, 0x95, 0xc5, 0x5f, 0xc5, 0x1d, 0xb4, 0x97, 
	0xac, 0x99, 0x9c, 0x15, 0x9b, 0xd3, 0x73, 0x11, 
	0x72, 0xcd, 0xc4, 0xd9, 0xe6, 0x25, 0xbc, 0xdb, 
	0xc5, 0x17, 0xbc, 0x97, 0xc5, 0x19, 0xbc, 0xd9, 
	0xc4, 0xd7, 0xbc, 0x95, 0x9b, 0x8f, 0x41, 0x89, 
	0x00, 0x01, 0x41, 0x89, 0x83, 0x95, 0x52, 0x0d, 
	0x10, 0x43, 0x08, 0x41, 0x52, 0x0d, 0x41, 0x49, 
	0x20, 0x85, 0x10, 0x43, 0x08, 0x43, 0x5a, 0x0b, 
	0xbc, 0x51, 0xc4, 0x51, 0xb4, 0x13, 0xb4, 0x99, 
	0xc5, 0x5f, 0xa4, 0x59, 0x73, 0x13, 0x18, 0xc7, 
	0x52, 0x09, 0xc4, 0xd7, 0xde, 0x65, 0x9c, 0x17, 
	0xb4, 0x97, 0xc4, 0xd7, 0xbc, 0xdb, 0xbc, 0xd9, 
	0xbc, 0xd5, 0xbc, 0x93, 0x93, 0x8f, 0x20, 0xc5, 
	0x00, 0x01, 0x10, 0x43, 0x49, 0xcb, 0x62, 0x8d, 
	0x08, 0x43, 0x18, 0xc5, 0x39, 0x47, 0x51, 0xc9, 
	0x62, 0x4d, 0x49, 0x89, 0x39, 0x47, 0x39, 0x47, 
	0x8b, 0x0d, 0xb4, 0x0f, 0xb4, 0x11, 0xc4, 0xd7, 
	0xbd, 0x1f, 0xa4, 0x9d, 0xc5, 0x1d, 0x93, 0xd7, 
	0x41, 0x47, 0xbc, 0xd9, 0xdd, 0xe1, 0xcd, 0x1b, 
	0xd5, 0x9d, 0xcd, 0x5d, 0xd5, 0xe3, 0xbc, 0xdb, 
	0xac, 0x13, 0x7b, 0x0f, 0x39, 0x49, 0x21, 0x07, 
	0x52, 0x0d, 0x18, 0xc5, 0x18, 0x85, 0x08, 0x01, 
	0x29, 0x05, 0x52, 0x0b, 0x7b, 0x0f, 0x7b, 0x0f, 
	0x7a, 0xcf, 0x83, 0x11, 0x51, 0xcb, 0x28, 0xc5, 
	0x49, 0xcb, 0xbc, 0x55, 0xbc, 0x95, 0xd5, 0x9d, 
	0xbd, 0x1d, 0xd5, 0x9d, 0xee, 0x21, 0xde, 0x27, 
	0x51, 0xc9, 0xac, 0x55, 0xdd, 0x9d, 0xd5, 0x5b, 
	0xd5, 0x9d, 0xe6, 0xa9, 0xcd, 0x61, 0xb4, 0xd9, 
	0x9b, 0xd3, 0x62, 0x8d, 0x49, 0xcb, 0x7b, 0x11, 
	0x93, 0x51, 0x72, 0x8d, 0x39, 0x47, 0x10, 0x83, 
	0x5a, 0x4d, 0x93, 0x91, 0x93, 0xd3, 0xb4, 0x97, 
	0x9c, 0x15, 0x93, 0xd7, 0x7b, 0x13, 0x29, 0x09, 
	0x41, 0xcb, 0x9b, 0xd5, 0xac, 0x59, 0xa4, 0x59, 
	0x9c, 0x17, 0xd5, 0xe1, 0xee, 0x63, 0xd5, 0x9f, 
	0x72, 0x8d, 0x93, 0x93, 0xcd, 0x9f, 0xe6, 0x65, 
	0xe6, 0x69, 0xde, 0x6b, 0xbd, 0x1f, 0xac, 0x97, 
	0x83, 0x51, 0x6a, 0x8d, 0x6a, 0x8f, 0x82, 0xcb, 
	0x93, 0x4d, 0x93, 0x4d, 0x6a, 0x8d, 0x28, 0xc5, 
	0x8b, 0x93, 0xa4, 0x57, 0x9c, 0x5b, 0xb5, 0x1f, 
	0xb4, 0xdd, 0xb5, 0x65, 0xa4, 0x5d, 0x7b, 0x11, 
	0x20, 0xc5, 0x62, 0xd1, 0x5a, 0x91, 0x52, 0x4f, 
	0x72, 0x8d, 0xb4, 0x55, 0xde, 0x69, 0xe5, 0xe1, 
	0x83, 0x11, 0x62, 0x4b, 0xe6, 0x6b, 0xe6, 0xa9, 
	0xde, 0x69, 0xa4, 0x9d, 0x7b, 0x53, 0x5a, 0x4d, 
	0x5a, 0x0b, 0x62, 0x0d, 0x6a, 0x8b, 0x93, 0x4d, 
	0x82, 0xcb, 0x82, 0xcb, 0x93, 0x91, 0x52, 0x0b, 
	0x62, 0x8d, 0xa4, 0x59, 0xbd, 0x63, 0xbd, 0xa7, 
	0xad, 0x25, 0xbd, 0x63, 0xbd, 0x21, 0xbd, 0x1f, 
	0xa4, 0x9d, 0x73, 0x13, 0x9c, 0x19, 0xbd, 0x61, 
	0x94, 0x1d, 0x73, 0x11, 0xc4, 0xd7, 0xe5, 0xdd, 
	0xac, 0x99, 0x49, 0x89, 0x94, 0x1d, 0xd5, 0xe7, 
	0xa4, 0x9d, 0x62, 0x8f, 0x41, 0x89, 0x41, 0x89, 
	0x62, 0x0b, 0x6a, 0x4b, 0x7a, 0xcb, 0x7a, 0xcb, 
	0x6a, 0x4b, 0x7a, 0xcd, 0x8b, 0x91, 0x7b, 0x0f, 
	0x5a, 0x4d, 0x7b, 0x11, 0xc5, 0x1f, 0xc5, 0xeb, 
	0xbd, 0x67, 0xc5, 0x61, 0xbd, 0x1f, 0xc5, 0xe5, 
	0xde, 0x71, 0xce, 0x2b, 0xac, 0xdd, 0xbd, 0x63, 
	0xc5, 0xe7, 0x62, 0xd5, 0x9b, 0x8f, 0xee, 0x1f, 
	0xcd, 0xe7, 0x29, 0x49, 0x18, 0x43, 0x31, 0x07, 
	0x29, 0x05, 0x31, 0x07, 0x52, 0x0b, 0x6a, 0x8f, 
	0x62, 0x4d, 0x72, 0xcd, 0x7a, 0xcf, 0x72, 0x8d, 
	0x7a, 0xcd, 0x9b, 0xd1, 0x8b, 0x91, 0x7b, 0x0f, 
	0x7a, 0xcf, 0x62, 0x8d, 0xa4, 0x59, 0xb5, 0xa9, 
	0xbd, 0x65, 0xbc, 0x99, 0xcd, 0xa5, 0xc5, 0x61, 
	0xde, 0x29, 0xd5, 0xe7, 0xb5, 0x63, 0xb5, 0x67, 
	0xce, 0x6d, 0x42, 0x0f, 0x20, 0xc5, 0xb4, 0xd9, 
	0xe6, 0x69, 0x52, 0x51, 0x00, 0x01, 0x20, 0xc5, 
	0x6a, 0x8d, 0x62, 0x4b, 0x72, 0xcf, 0x6a, 0x8d, 
	0x6a, 0x4d, 0x6a, 0x8f, 0x6a, 0x8f, 0x6a, 0x8d, 
	0x7a, 0xcd, 0x93, 0x91, 0x8b, 0x4f, 0x93, 0x91, 
	0x72, 0xcd, 0x49, 0xc9, 0x9c, 0x17, 0xc5, 0xe9, 
	0xbd, 0x1f, 0xc5, 0x1b, 0xd5, 0x9f, 0xcd, 0x19, 
	0xd5, 0xa1, 0xcd, 0xe9, 0xc5, 0xa7, 0xb5, 0x67, 
	0xc5, 0xa3, 0x6b, 0x15, 0x10, 0x85, 0x39, 0x8b, 
	0x8b, 0xdb, 0x29, 0x09, 0x10, 0x43, 0x52, 0x4d, 
	0x8b, 0xd3, 0x83, 0x51, 0x72, 0x8d, 0x62, 0x4b, 
	0x6a, 0x8d, 0x7b, 0x0f, 0x83, 0x51, 0x6a, 0x4d, 
	0x7b, 0x0f, 0x7b, 0x51, 0x83, 0x0f, 0x7a, 0xcd, 
	0x7b, 0x11, 0x39, 0x89, 0x62, 0x4d, 0x93, 0xd5, 
	0xd6, 0x2b, 0xcd, 0x61, 0xc4, 0x95, 0xcd, 0x1b, 
	0xd5, 0x9f, 0xde, 0x25, 0xcd, 0x61, 0xc5, 0xa7, 
	0xbd, 0xe9, 0xb5, 0x63, 0x9c, 0x5f, 0x31, 0x8b, 
	0x00, 0x01, 0x00, 0x01, 0x18, 0x85, 0x39, 0x89, 
	0x62, 0x8f, 0x8b, 0x93, 0x72, 0x8d, 0x5a, 0x0b, 
	0x4a, 0x0b, 0x7b, 0x13, 0x7b, 0x13, 0x7b, 0x11, 
	0x7b, 0x53, 0x21, 0x05, 0x72, 0x8d, 0x62, 0x4d, 
	0x8b, 0x53, 0x41, 0xc9, 0x29, 0x07, 0x72, 0x8f, 
	0xa4, 0x5b, 0xcd, 0xe7, 0xb4, 0x99, 0xab, 0xd1, 
	0xcd, 0x19, 0xcd, 0xe3, 0xcd, 0xa3, 0xc5, 0x61, 
	0xac, 0x97, 0xbd, 0xa9, 0xbd, 0x65, 0xa4, 0xe1, 
	0x62, 0xcf, 0x31, 0x47, 0x08, 0x43, 0x08, 0x43, 
	0x18, 0x85, 0x39, 0x47, 0x39, 0x47, 0x49, 0xc9, 
	0x4a, 0x0b, 0x4a, 0x0b, 0x6a, 0xd1, 0x83, 0x95, 
	0x41, 0xcb, 0x00, 0x01, 0x52, 0x0b, 0x5a, 0x0b, 
	0xac, 0x15, 0x7b, 0x0f, 0x41, 0x89, 0x52, 0x0b, 
	0xbd, 0x61, 0xbd, 0x61, 0xb4, 0x59, 0xb4, 0x59, 
	0xb4, 0x99, 0xab, 0xd1, 0xc5, 0x1b, 0xbc, 0xdb, 
	0xac, 0x97, 0xb5, 0x65, 0xc5, 0xeb, 0xc5, 0xe7, 
	0xc5, 0xa5, 0x9c, 0x59, 0x18, 0x85, 0x00, 0x01, 
	0x10, 0x83, 0x18, 0x85, 0x83, 0xd9, 0x49, 0xc9, 
	0x49, 0xc9, 0x4a, 0x0b, 0x83, 0xd9, 0x7b, 0x53, 
	0x7b, 0x53, 0x72, 0xd1, 0x41, 0x89, 0x51, 0xcb, 
	
};

Gfx ccm_dl_SUPER_MARIO_64_5C3873C6_0_2_all_rgba16_copy_aligner[] = {gsSPEndDisplayList()};
u8 ccm_dl_SUPER_MARIO_64_5C3873C6_0_2_all_rgba16_copy[] = {
	0x8c, 0x1f, 0x9c, 0xe3, 0x51, 0xcb, 0x51, 0xcb, 
	0x83, 0x0f, 0xa4, 0x17, 0xa4, 0x17, 0xa4, 0x17, 
	0x9b, 0xd3, 0x9b, 0xd3, 0xac, 0x57, 0xac, 0x99, 
	0xb4, 0x97, 0xac, 0x97, 0xdd, 0xdf, 0x62, 0x91, 
	0x00, 0x01, 0x18, 0x85, 0x18, 0x83, 0x18, 0x83, 
	0x18, 0x83, 0x31, 0x49, 0x6b, 0x15, 0x5a, 0xd3, 
	0x83, 0xd9, 0x83, 0xd9, 0x4a, 0x0b, 0x83, 0x99, 
	0x83, 0xd7, 0x62, 0x4d, 0x5a, 0x4d, 0x6a, 0xd1, 
	0x63, 0x17, 0x62, 0xd5, 0x9b, 0xd7, 0x39, 0x49, 
	0x39, 0x49, 0x6a, 0x0b, 0x8b, 0x53, 0x9c, 0x15, 
	0xac, 0x99, 0xa4, 0x57, 0x83, 0x0f, 0x83, 0x51, 
	0xac, 0x9b, 0xb5, 0x1b, 0xc5, 0x1d, 0xb4, 0x99, 
	0x31, 0x47, 0x10, 0x43, 0x18, 0x83, 0x18, 0x83, 
	0x18, 0x85, 0x08, 0x41, 0x18, 0x85, 0x62, 0xd3, 
	0x63, 0x13, 0x73, 0x55, 0x7b, 0x97, 0x83, 0xd9, 
	0x83, 0xd7, 0x6a, 0xd1, 0x62, 0x8f, 0x62, 0x4f, 
	0x31, 0x49, 0x5a, 0x91, 0xd5, 0x17, 0x5a, 0x4d, 
	0x31, 0x07, 0x51, 0xcb, 0x8b, 0x93, 0x93, 0xd3, 
	0x83, 0x51, 0x83, 0x93, 0x7b, 0x11, 0x6a, 0x8d, 
	0x94, 0x17, 0xb5, 0x1d, 0xb4, 0xd9, 0xc5, 0x19, 
	0x6a, 0x8d, 0x08, 0x03, 0x08, 0x43, 0x10, 0x43, 
	0x18, 0x85, 0x10, 0x43, 0x00, 0x01, 0x39, 0x8b, 
	0x8c, 0x19, 0x94, 0x5b, 0x7b, 0x97, 0x7b, 0x95, 
	0x7b, 0x97, 0x7b, 0x55, 0x73, 0x13, 0x6a, 0xd3, 
	0x18, 0x85, 0x5a, 0x0d, 0xb4, 0x11, 0x72, 0x8d, 
	0x08, 0x43, 0x18, 0x85, 0x93, 0xd3, 0xb4, 0x97, 
	0xac, 0x57, 0x94, 0x17, 0x83, 0x53, 0x7b, 0x11, 
	0x83, 0x95, 0x9c, 0x17, 0x9c, 0x17, 0xbc, 0xd9, 
	0xcd, 0x59, 0x72, 0xcf, 0x18, 0xc5, 0x08, 0x43, 
	0x31, 0x07, 0x5a, 0x4f, 0x29, 0x49, 0x10, 0x83, 
	0x52, 0x91, 0x73, 0x55, 0x7b, 0x97, 0x83, 0xd9, 
	0x7b, 0x55, 0x83, 0xd9, 0x83, 0xd9, 0x83, 0xd7, 
	0xa3, 0xd5, 0x8b, 0x11, 0x9b, 0x53, 0x6a, 0x4d, 
	0x18, 0x85, 0x20, 0xc5, 0x9c, 0x15, 0xac, 0x57, 
	0xac, 0x97, 0xb5, 0x1d, 0x93, 0xd3, 0x72, 0xd1, 
	0x62, 0x91, 0x7b, 0x53, 0x9c, 0x15, 0xa4, 0x55, 
	0xc4, 0xd9, 0xcd, 0x17, 0x51, 0xcb, 0x00, 0x03, 
	0x31, 0x47, 0x93, 0xd5, 0x83, 0x95, 0x31, 0x89, 
	0x18, 0xc5, 0x29, 0x49, 0x62, 0xd3, 0x94, 0x5b, 
	0x83, 0xd9, 0x6b, 0x13, 0x8c, 0x1b, 0x7b, 0x97, 
	0x93, 0xd7, 0x93, 0x95, 0x6a, 0x8f, 0x6a, 0x91, 
	0x39, 0x49, 0x18, 0x85, 0xa4, 0x59, 0xc5, 0x5d, 
	0xd5, 0xe1, 0xcd, 0x9f, 0xa4, 0x59, 0x72, 0xcd, 
	0x83, 0x51, 0xac, 0x97, 0xbc, 0xd9, 0x73, 0x0f, 
	0x29, 0x09, 0x9b, 0xd3, 0xa4, 0x15, 0xac, 0x55, 
	0x7b, 0x51, 0x49, 0xcb, 0x8b, 0x93, 0x73, 0x13, 
	0x6b, 0x13, 0x62, 0xd1, 0x4a, 0x0d, 0x39, 0x8b, 
	0x41, 0xcd, 0x62, 0xd1, 0x73, 0x55, 0x7b, 0x97, 
	0xa4, 0x5b, 0xbd, 0x1d, 0xa4, 0x17, 0x83, 0x55, 
	0x41, 0x8b, 0x08, 0x01, 0x49, 0xcb, 0x8b, 0x95, 
	0xb5, 0x21, 0xc5, 0x63, 0x9c, 0x5d, 0x93, 0x91, 
	0xa4, 0x53, 0x9c, 0x15, 0x9c, 0x57, 0x73, 0x11, 
	0x93, 0xd7, 0xcd, 0x19, 0xd5, 0x5b, 0xdd, 0x9b, 
	0xe6, 0x1f, 0xa4, 0x59, 0x10, 0x03, 0x29, 0x07, 
	0xc5, 0x61, 0xc5, 0x61, 0x93, 0xd7, 0x93, 0xd7, 
	0x52, 0x4f, 0x39, 0xcb, 0x5a, 0x93, 0x62, 0xd3, 
	0x83, 0x13, 0x5a, 0x4d, 0x62, 0x8f, 0x72, 0xd3, 
	0x73, 0x15, 0x08, 0x43, 0x10, 0x43, 0x28, 0xc5, 
	0x31, 0x07, 0x41, 0xcb, 0x62, 0x91, 0x83, 0x93, 
	0x94, 0x17, 0x94, 0x17, 0x8b, 0xd5, 0xb4, 0x99, 
	0xd5, 0x5b, 0xcd, 0x17, 0xcd, 0x19, 0xd5, 0x9f, 
	0xdd, 0xe3, 0xde, 0x25, 0x52, 0x4f, 0x10, 0x43, 
	0x8b, 0xd7, 0xac, 0xdd, 0xb4, 0xdb, 0xb4, 0xdd, 
	0xac, 0x9b, 0x83, 0x95, 0x4a, 0x0f, 0x39, 0x8b, 
	0x20, 0xc5, 0x41, 0x8b, 0x41, 0x47, 0x5a, 0x0d, 
	0x6a, 0x91, 0x08, 0x43, 0x00, 0x01, 0x18, 0x83, 
	0x28, 0x85, 0x20, 0x83, 0x28, 0x83, 0x31, 0x07, 
	0x52, 0x0d, 0x52, 0x0d, 0x83, 0x97, 0xcd, 0x1b, 
	0xc4, 0x95, 0xbc, 0xd9, 0xd5, 0xe3, 0xdd, 0xe1, 
	0xcd, 0x5d, 0xcd, 0xe7, 0xbd, 0x5f, 0x20, 0xc5, 
	0x49, 0xcb, 0x8b, 0xd5, 0xb4, 0xdd, 0xac, 0x99, 
	0xb5, 0x1d, 0x9c, 0x57, 0xbc, 0xd9, 0xd5, 0x5b, 
	0x49, 0xc9, 0x39, 0x47, 0x41, 0x47, 0x29, 0x09, 
	0x10, 0x85, 0x00, 0x01, 0x00, 0x01, 0x00, 0x01, 
	0x10, 0x83, 0x28, 0xc5, 0x31, 0x05, 0x29, 0x05, 
	0x31, 0x47, 0x18, 0x83, 0x7b, 0x97, 0xd5, 0x9f, 
	0xcd, 0x5d, 0xde, 0x23, 0xe6, 0xa9, 0xde, 0x67, 
	0xcd, 0x9f, 0xcd, 0xe5, 0xee, 0xaf, 0x8c, 0x19, 
	0x20, 0xc5, 0x7b, 0x13, 0xb4, 0xdf, 0xb4, 0xdd, 
	0xbd, 0x1d, 0xbc, 0xdd, 0xcd, 0x1b, 0xd5, 0x59, 
	0xd5, 0x59, 0xcc, 0xd5, 0xa4, 0x15, 0x18, 0x83, 
	0x10, 0x43, 0x10, 0x83, 0x10, 0x43, 0x08, 0x43, 
	0x08, 0x43, 0x08, 0x01, 0x20, 0x85, 0x31, 0x49, 
	0x20, 0xc5, 0x00, 0x01, 0x41, 0xcb, 0xb5, 0x1f, 
	0x94, 0x19, 0x72, 0xd1, 0x7b, 0x13, 0x93, 0x97, 
	0xbd, 0x61, 0xbd, 0x63, 0xac, 0xe1, 0xa4, 0xdf, 
	0x28, 0xc7, 0x41, 0x89, 0xa4, 0x5b, 0xc5, 0x5f, 
	0xb4, 0xdd, 0xb4, 0xdd, 0xb4, 0x99, 0xcd, 0x19, 
	0xbc, 0x95, 0xc4, 0x95, 0xcd, 0x5d, 0xb4, 0xdd, 
	0xbd, 0x1d, 0xcd, 0x9f, 0xbc, 0xd9, 0xa4, 0x17, 
	0x8b, 0x97, 0x31, 0x49, 0x00, 0x01, 0x00, 0x01, 
	0x00, 0x01, 0x08, 0x41, 0x20, 0xc5, 0x8b, 0xd9, 
	0x8b, 0xd7, 0x52, 0x0b, 0x49, 0x47, 0x6a, 0x0b, 
	0x73, 0x15, 0x52, 0x0b, 0x39, 0x05, 0x49, 0xcb, 
	0x20, 0xc5, 0x10, 0x43, 0x52, 0x0b, 0xac, 0x59, 
	0xbd, 0x1f, 0xbd, 0x61, 0xb4, 0xdd, 0xb4, 0x97, 
	0xb4, 0x97, 0xcd, 0x5b, 0xbc, 0xd9, 0xc5, 0x19, 
	0xbc, 0x99, 0xc4, 0x57, 0xb4, 0x57, 0x93, 0x93, 
	0xa3, 0xd5, 0xa3, 0xd5, 0x20, 0xc7, 0x18, 0x85, 
	0x5a, 0x4d, 0x29, 0x07, 0x08, 0x03, 0x62, 0x91, 
	0x72, 0xcf, 0x72, 0x8d, 0x5a, 0x0b, 0x49, 0x89, 
	0x39, 0x07, 0x28, 0xc5, 0x30, 0xc5, 0x41, 0x89, 
	0x08, 0x41, 0x08, 0x03, 0x41, 0x89, 0x8b, 0x53, 
	0xac, 0x9b, 0xb4, 0xdd, 0xbd, 0x1f, 0xbc, 0x99, 
	0xa4, 0x17, 0xac, 0x59, 0xb4, 0x57, 0xac, 0x55, 
	0x9b, 0x93, 0xb3, 0xd1, 0x9b, 0xd7, 0x6a, 0x4d, 
	0x7a, 0x8d, 0x9b, 0xd5, 0x52, 0x0b, 0xa4, 0x15, 
	0xcd, 0x5b, 0x29, 0x07, 0x00, 0x01, 0x20, 0xc5, 
	0x83, 0x53, 0x93, 0xd7, 0x6a, 0x8f, 0x49, 0x89, 
	0x30, 0xc5, 0x20, 0x85, 0x20, 0x85, 0x08, 0x43, 
	0x00, 0x01, 0x08, 0x43, 0x28, 0xc5, 0x93, 0xd7, 
	0xac, 0x9b, 0xc5, 0x5f, 0xac, 0x9d, 0xac, 0x9b, 
	0xc4, 0xd9, 0x9b, 0x8f, 0xb4, 0x53, 0xa3, 0xd3, 
	0xc5, 0x1d, 0xdd, 0xe1, 0xbd, 0x1f, 0x8b, 0x13, 
	0xa3, 0xd5, 0x7a, 0xcf, 0x93, 0xd3, 0xdd, 0x9b, 
	0xd5, 0x9d, 0x52, 0x4d, 0x00, 0x01, 0x08, 0x43, 
	0x5a, 0x4d, 0x72, 0xd1, 0x49, 0x49, 0x51, 0x89, 
	0x62, 0x0b, 0x51, 0xc9, 0x18, 0x85, 0x10, 0x45, 
	0x00, 0x01, 0x00, 0x01, 0x08, 0x43, 0x6a, 0x8f, 
	0xbc, 0xdd, 0xac, 0x9b, 0xac, 0x9b, 0xac, 0x9d, 
	0xb4, 0xdb, 0xc5, 0x1b, 0xb4, 0x53, 0xac, 0x13, 
	0xac, 0x57, 0xb4, 0x97, 0xac, 0x59, 0x9b, 0xd7, 
	0x8b, 0x53, 0x7a, 0xcf, 0x6a, 0x4d, 0x9c, 0x15, 
	0xbc, 0xd9, 0x8b, 0xd5, 0x08, 0x03, 0x00, 0x01, 
	0x08, 0x43, 0x39, 0x47, 0x62, 0x4d, 0x7a, 0xcf, 
	0xac, 0x13, 0xc4, 0xd7, 0xbc, 0xd9, 0xc4, 0xd9, 
	0x73, 0x0f, 0x49, 0xcb, 0x08, 0x43, 0x31, 0x07, 
	0xb4, 0xdd, 0xbd, 0x1f, 0xac, 0x99, 0xbd, 0x1f, 
	0x93, 0xd7, 0xcd, 0x5d, 0x7a, 0xcd, 0xb4, 0x51, 
	0x93, 0x8f, 0x83, 0x0f, 0x6a, 0x8d, 0x51, 0xcb, 
	0x8a, 0x8d, 0x9b, 0x8f, 0x49, 0xcb, 0x7b, 0x11, 
	0x9b, 0xd5, 0xa4, 0x57, 0x52, 0x4d, 0x20, 0xc5, 
	0x5a, 0x4f, 0xcd, 0x5b, 0xbc, 0xd9, 0xc5, 0x1d, 
	0xb4, 0xdb, 0xa4, 0x15, 0x9c, 0x15, 0xac, 0x55, 
	0xbc, 0x97, 0xcd, 0x59, 0x52, 0x0d, 0x08, 0x01, 
	0x83, 0x53, 0xbd, 0x1d, 0xb4, 0x9b, 0xac, 0x9b, 
	0x93, 0xd5, 0xac, 0x99, 0x8b, 0x51, 0xac, 0x15, 
	0xb4, 0x13, 0x93, 0x4f, 0x51, 0xc9, 0x6a, 0x4b, 
	0xa3, 0xd3, 0x93, 0x51, 0x93, 0x91, 0x9b, 0xd5, 
	0x9c, 0x17, 0xa4, 0x17, 0xac, 0x57, 0x83, 0x53, 
	0x83, 0x95, 0xe6, 0x21, 0xcd, 0x5b, 0xc4, 0xd9, 
	0xac, 0x57, 0xa4, 0x17, 0x8b, 0x93, 0xa4, 0x59, 
	0xbc, 0xd7, 0xc4, 0xd7, 0xbd, 0x1b, 0x29, 0x49, 
	0x41, 0x89, 0x9c, 0x17, 0xac, 0x99, 0xa4, 0x9b, 
	0x4a, 0x0d, 0x5a, 0x0d, 0x9b, 0xd1, 0xbc, 0x99, 
	0xa3, 0xd3, 0x49, 0x47, 0x39, 0x07, 0x51, 0xc9, 
	0x7b, 0x11, 0x93, 0x95, 0xac, 0x5b, 0xbc, 0xdb, 
	0xc5, 0x5f, 0xbc, 0xdb, 0x9b, 0xd1, 0x9b, 0xd3, 
	0x7b, 0x11, 0xe6, 0x23, 0xcd, 0x5d, 0xcd, 0x1b, 
	0xc4, 0xd9, 0xbc, 0x99, 0xcd, 0x5d, 0xbc, 0xdb, 
	0xbc, 0x95, 0xc4, 0xd7, 0xbc, 0x97, 0x41, 0x8b, 
	0x18, 0x83, 0x7b, 0x13, 0xb4, 0xdd, 0x6a, 0xd1, 
	0x00, 0x01, 0x39, 0x47, 0xa4, 0x15, 0x83, 0x53, 
	0x41, 0x07, 0x30, 0xc5, 0x20, 0x83, 0x39, 0x49, 
	0x93, 0x95, 0xc5, 0x5f, 0xc5, 0x1d, 0xb4, 0x97, 
	0xac, 0x99, 0x9c, 0x15, 0x9b, 0xd3, 0x73, 0x11, 
	0x72, 0xcd, 0xc4, 0xd9, 0xe6, 0x25, 0xbc, 0xdb, 
	0xc5, 0x17, 0xbc, 0x97, 0xc5, 0x19, 0xbc, 0xd9, 
	0xc4, 0xd7, 0xbc, 0x95, 0x9b, 0x8f, 0x41, 0x89, 
	0x00, 0x01, 0x41, 0x89, 0x83, 0x95, 0x52, 0x0d, 
	0x10, 0x43, 0x08, 0x41, 0x52, 0x0d, 0x41, 0x49, 
	0x20, 0x85, 0x10, 0x43, 0x08, 0x43, 0x5a, 0x0b, 
	0xbc, 0x51, 0xc4, 0x51, 0xb4, 0x13, 0xb4, 0x99, 
	0xc5, 0x5f, 0xa4, 0x59, 0x73, 0x13, 0x18, 0xc7, 
	0x52, 0x09, 0xc4, 0xd7, 0xde, 0x65, 0x9c, 0x17, 
	0xb4, 0x97, 0xc4, 0xd7, 0xbc, 0xdb, 0xbc, 0xd9, 
	0xbc, 0xd5, 0xbc, 0x93, 0x93, 0x8f, 0x20, 0xc5, 
	0x00, 0x01, 0x10, 0x43, 0x49, 0xcb, 0x62, 0x8d, 
	0x08, 0x43, 0x18, 0xc5, 0x39, 0x47, 0x51, 0xc9, 
	0x62, 0x4d, 0x49, 0x89, 0x39, 0x47, 0x39, 0x47, 
	0x8b, 0x0d, 0xb4, 0x0f, 0xb4, 0x11, 0xc4, 0xd7, 
	0xbd, 0x1f, 0xa4, 0x9d, 0xc5, 0x1d, 0x93, 0xd7, 
	0x41, 0x47, 0xbc, 0xd9, 0xdd, 0xe1, 0xcd, 0x1b, 
	0xd5, 0x9d, 0xcd, 0x5d, 0xd5, 0xe3, 0xbc, 0xdb, 
	0xac, 0x13, 0x7b, 0x0f, 0x39, 0x49, 0x21, 0x07, 
	0x52, 0x0d, 0x18, 0xc5, 0x18, 0x85, 0x08, 0x01, 
	0x29, 0x05, 0x52, 0x0b, 0x7b, 0x0f, 0x7b, 0x0f, 
	0x7a, 0xcf, 0x83, 0x11, 0x51, 0xcb, 0x28, 0xc5, 
	0x49, 0xcb, 0xbc, 0x55, 0xbc, 0x95, 0xd5, 0x9d, 
	0xbd, 0x1d, 0xd5, 0x9d, 0xee, 0x21, 0xde, 0x27, 
	0x51, 0xc9, 0xac, 0x55, 0xdd, 0x9d, 0xd5, 0x5b, 
	0xd5, 0x9d, 0xe6, 0xa9, 0xcd, 0x61, 0xb4, 0xd9, 
	0x9b, 0xd3, 0x62, 0x8d, 0x49, 0xcb, 0x7b, 0x11, 
	0x93, 0x51, 0x72, 0x8d, 0x39, 0x47, 0x10, 0x83, 
	0x5a, 0x4d, 0x93, 0x91, 0x93, 0xd3, 0xb4, 0x97, 
	0x9c, 0x15, 0x93, 0xd7, 0x7b, 0x13, 0x29, 0x09, 
	0x41, 0xcb, 0x9b, 0xd5, 0xac, 0x59, 0xa4, 0x59, 
	0x9c, 0x17, 0xd5, 0xe1, 0xee, 0x63, 0xd5, 0x9f, 
	0x72, 0x8d, 0x93, 0x93, 0xcd, 0x9f, 0xe6, 0x65, 
	0xe6, 0x69, 0xde, 0x6b, 0xbd, 0x1f, 0xac, 0x97, 
	0x83, 0x51, 0x6a, 0x8d, 0x6a, 0x8f, 0x82, 0xcb, 
	0x93, 0x4d, 0x93, 0x4d, 0x6a, 0x8d, 0x28, 0xc5, 
	0x8b, 0x93, 0xa4, 0x57, 0x9c, 0x5b, 0xb5, 0x1f, 
	0xb4, 0xdd, 0xb5, 0x65, 0xa4, 0x5d, 0x7b, 0x11, 
	0x20, 0xc5, 0x62, 0xd1, 0x5a, 0x91, 0x52, 0x4f, 
	0x72, 0x8d, 0xb4, 0x55, 0xde, 0x69, 0xe5, 0xe1, 
	0x83, 0x11, 0x62, 0x4b, 0xe6, 0x6b, 0xe6, 0xa9, 
	0xde, 0x69, 0xa4, 0x9d, 0x7b, 0x53, 0x5a, 0x4d, 
	0x5a, 0x0b, 0x62, 0x0d, 0x6a, 0x8b, 0x93, 0x4d, 
	0x82, 0xcb, 0x82, 0xcb, 0x93, 0x91, 0x52, 0x0b, 
	0x62, 0x8d, 0xa4, 0x59, 0xbd, 0x63, 0xbd, 0xa7, 
	0xad, 0x25, 0xbd, 0x63, 0xbd, 0x21, 0xbd, 0x1f, 
	0xa4, 0x9d, 0x73, 0x13, 0x9c, 0x19, 0xbd, 0x61, 
	0x94, 0x1d, 0x73, 0x11, 0xc4, 0xd7, 0xe5, 0xdd, 
	0xac, 0x99, 0x49, 0x89, 0x94, 0x1d, 0xd5, 0xe7, 
	0xa4, 0x9d, 0x62, 0x8f, 0x41, 0x89, 0x41, 0x89, 
	0x62, 0x0b, 0x6a, 0x4b, 0x7a, 0xcb, 0x7a, 0xcb, 
	0x6a, 0x4b, 0x7a, 0xcd, 0x8b, 0x91, 0x7b, 0x0f, 
	0x5a, 0x4d, 0x7b, 0x11, 0xc5, 0x1f, 0xc5, 0xeb, 
	0xbd, 0x67, 0xc5, 0x61, 0xbd, 0x1f, 0xc5, 0xe5, 
	0xde, 0x71, 0xce, 0x2b, 0xac, 0xdd, 0xbd, 0x63, 
	0xc5, 0xe7, 0x62, 0xd5, 0x9b, 0x8f, 0xee, 0x1f, 
	0xcd, 0xe7, 0x29, 0x49, 0x18, 0x43, 0x31, 0x07, 
	0x29, 0x05, 0x31, 0x07, 0x52, 0x0b, 0x6a, 0x8f, 
	0x62, 0x4d, 0x72, 0xcd, 0x7a, 0xcf, 0x72, 0x8d, 
	0x7a, 0xcd, 0x9b, 0xd1, 0x8b, 0x91, 0x7b, 0x0f, 
	0x7a, 0xcf, 0x62, 0x8d, 0xa4, 0x59, 0xb5, 0xa9, 
	0xbd, 0x65, 0xbc, 0x99, 0xcd, 0xa5, 0xc5, 0x61, 
	0xde, 0x29, 0xd5, 0xe7, 0xb5, 0x63, 0xb5, 0x67, 
	0xce, 0x6d, 0x42, 0x0f, 0x20, 0xc5, 0xb4, 0xd9, 
	0xe6, 0x69, 0x52, 0x51, 0x00, 0x01, 0x20, 0xc5, 
	0x6a, 0x8d, 0x62, 0x4b, 0x72, 0xcf, 0x6a, 0x8d, 
	0x6a, 0x4d, 0x6a, 0x8f, 0x6a, 0x8f, 0x6a, 0x8d, 
	0x7a, 0xcd, 0x93, 0x91, 0x8b, 0x4f, 0x93, 0x91, 
	0x72, 0xcd, 0x49, 0xc9, 0x9c, 0x17, 0xc5, 0xe9, 
	0xbd, 0x1f, 0xc5, 0x1b, 0xd5, 0x9f, 0xcd, 0x19, 
	0xd5, 0xa1, 0xcd, 0xe9, 0xc5, 0xa7, 0xb5, 0x67, 
	0xc5, 0xa3, 0x6b, 0x15, 0x10, 0x85, 0x39, 0x8b, 
	0x8b, 0xdb, 0x29, 0x09, 0x10, 0x43, 0x52, 0x4d, 
	0x8b, 0xd3, 0x83, 0x51, 0x72, 0x8d, 0x62, 0x4b, 
	0x6a, 0x8d, 0x7b, 0x0f, 0x83, 0x51, 0x6a, 0x4d, 
	0x7b, 0x0f, 0x7b, 0x51, 0x83, 0x0f, 0x7a, 0xcd, 
	0x7b, 0x11, 0x39, 0x89, 0x62, 0x4d, 0x93, 0xd5, 
	0xd6, 0x2b, 0xcd, 0x61, 0xc4, 0x95, 0xcd, 0x1b, 
	0xd5, 0x9f, 0xde, 0x25, 0xcd, 0x61, 0xc5, 0xa7, 
	0xbd, 0xe9, 0xb5, 0x63, 0x9c, 0x5f, 0x31, 0x8b, 
	0x00, 0x01, 0x00, 0x01, 0x18, 0x85, 0x39, 0x89, 
	0x62, 0x8f, 0x8b, 0x93, 0x72, 0x8d, 0x5a, 0x0b, 
	0x4a, 0x0b, 0x7b, 0x13, 0x7b, 0x13, 0x7b, 0x11, 
	0x7b, 0x53, 0x21, 0x05, 0x72, 0x8d, 0x62, 0x4d, 
	0x8b, 0x53, 0x41, 0xc9, 0x29, 0x07, 0x72, 0x8f, 
	0xa4, 0x5b, 0xcd, 0xe7, 0xb4, 0x99, 0xab, 0xd1, 
	0xcd, 0x19, 0xcd, 0xe3, 0xcd, 0xa3, 0xc5, 0x61, 
	0xac, 0x97, 0xbd, 0xa9, 0xbd, 0x65, 0xa4, 0xe1, 
	0x62, 0xcf, 0x31, 0x47, 0x08, 0x43, 0x08, 0x43, 
	0x18, 0x85, 0x39, 0x47, 0x39, 0x47, 0x49, 0xc9, 
	0x4a, 0x0b, 0x4a, 0x0b, 0x6a, 0xd1, 0x83, 0x95, 
	0x41, 0xcb, 0x00, 0x01, 0x52, 0x0b, 0x5a, 0x0b, 
	0xac, 0x15, 0x7b, 0x0f, 0x41, 0x89, 0x52, 0x0b, 
	0xbd, 0x61, 0xbd, 0x61, 0xb4, 0x59, 0xb4, 0x59, 
	0xb4, 0x99, 0xab, 0xd1, 0xc5, 0x1b, 0xbc, 0xdb, 
	0xac, 0x97, 0xb5, 0x65, 0xc5, 0xeb, 0xc5, 0xe7, 
	0xc5, 0xa5, 0x9c, 0x59, 0x18, 0x85, 0x00, 0x01, 
	0x10, 0x83, 0x18, 0x85, 0x83, 0xd9, 0x49, 0xc9, 
	0x49, 0xc9, 0x4a, 0x0b, 0x83, 0xd9, 0x7b, 0x53, 
	0x7b, 0x53, 0x72, 0xd1, 0x41, 0x89, 0x51, 0xcb, 
	
};

Gfx ccm_dl_SUPER_MARIO_64_5C3873C6_0_2_all_rgba16_copy_copy_aligner[] = {gsSPEndDisplayList()};
u8 ccm_dl_SUPER_MARIO_64_5C3873C6_0_2_all_rgba16_copy_copy[] = {
	0x8c, 0x1f, 0x9c, 0xe3, 0x51, 0xcb, 0x51, 0xcb, 
	0x83, 0x0f, 0xa4, 0x17, 0xa4, 0x17, 0xa4, 0x17, 
	0x9b, 0xd3, 0x9b, 0xd3, 0xac, 0x57, 0xac, 0x99, 
	0xb4, 0x97, 0xac, 0x97, 0xdd, 0xdf, 0x62, 0x91, 
	0x00, 0x01, 0x18, 0x85, 0x18, 0x83, 0x18, 0x83, 
	0x18, 0x83, 0x31, 0x49, 0x6b, 0x15, 0x5a, 0xd3, 
	0x83, 0xd9, 0x83, 0xd9, 0x4a, 0x0b, 0x83, 0x99, 
	0x83, 0xd7, 0x62, 0x4d, 0x5a, 0x4d, 0x6a, 0xd1, 
	0x63, 0x17, 0x62, 0xd5, 0x9b, 0xd7, 0x39, 0x49, 
	0x39, 0x49, 0x6a, 0x0b, 0x8b, 0x53, 0x9c, 0x15, 
	0xac, 0x99, 0xa4, 0x57, 0x83, 0x0f, 0x83, 0x51, 
	0xac, 0x9b, 0xb5, 0x1b, 0xc5, 0x1d, 0xb4, 0x99, 
	0x31, 0x47, 0x10, 0x43, 0x18, 0x83, 0x18, 0x83, 
	0x18, 0x85, 0x08, 0x41, 0x18, 0x85, 0x62, 0xd3, 
	0x63, 0x13, 0x73, 0x55, 0x7b, 0x97, 0x83, 0xd9, 
	0x83, 0xd7, 0x6a, 0xd1, 0x62, 0x8f, 0x62, 0x4f, 
	0x31, 0x49, 0x5a, 0x91, 0xd5, 0x17, 0x5a, 0x4d, 
	0x31, 0x07, 0x51, 0xcb, 0x8b, 0x93, 0x93, 0xd3, 
	0x83, 0x51, 0x83, 0x93, 0x7b, 0x11, 0x6a, 0x8d, 
	0x94, 0x17, 0xb5, 0x1d, 0xb4, 0xd9, 0xc5, 0x19, 
	0x6a, 0x8d, 0x08, 0x03, 0x08, 0x43, 0x10, 0x43, 
	0x18, 0x85, 0x10, 0x43, 0x00, 0x01, 0x39, 0x8b, 
	0x8c, 0x19, 0x94, 0x5b, 0x7b, 0x97, 0x7b, 0x95, 
	0x7b, 0x97, 0x7b, 0x55, 0x73, 0x13, 0x6a, 0xd3, 
	0x18, 0x85, 0x5a, 0x0d, 0xb4, 0x11, 0x72, 0x8d, 
	0x08, 0x43, 0x18, 0x85, 0x93, 0xd3, 0xb4, 0x97, 
	0xac, 0x57, 0x94, 0x17, 0x83, 0x53, 0x7b, 0x11, 
	0x83, 0x95, 0x9c, 0x17, 0x9c, 0x17, 0xbc, 0xd9, 
	0xcd, 0x59, 0x72, 0xcf, 0x18, 0xc5, 0x08, 0x43, 
	0x31, 0x07, 0x5a, 0x4f, 0x29, 0x49, 0x10, 0x83, 
	0x52, 0x91, 0x73, 0x55, 0x7b, 0x97, 0x83, 0xd9, 
	0x7b, 0x55, 0x83, 0xd9, 0x83, 0xd9, 0x83, 0xd7, 
	0xa3, 0xd5, 0x8b, 0x11, 0x9b, 0x53, 0x6a, 0x4d, 
	0x18, 0x85, 0x20, 0xc5, 0x9c, 0x15, 0xac, 0x57, 
	0xac, 0x97, 0xb5, 0x1d, 0x93, 0xd3, 0x72, 0xd1, 
	0x62, 0x91, 0x7b, 0x53, 0x9c, 0x15, 0xa4, 0x55, 
	0xc4, 0xd9, 0xcd, 0x17, 0x51, 0xcb, 0x00, 0x03, 
	0x31, 0x47, 0x93, 0xd5, 0x83, 0x95, 0x31, 0x89, 
	0x18, 0xc5, 0x29, 0x49, 0x62, 0xd3, 0x94, 0x5b, 
	0x83, 0xd9, 0x6b, 0x13, 0x8c, 0x1b, 0x7b, 0x97, 
	0x93, 0xd7, 0x93, 0x95, 0x6a, 0x8f, 0x6a, 0x91, 
	0x39, 0x49, 0x18, 0x85, 0xa4, 0x59, 0xc5, 0x5d, 
	0xd5, 0xe1, 0xcd, 0x9f, 0xa4, 0x59, 0x72, 0xcd, 
	0x83, 0x51, 0xac, 0x97, 0xbc, 0xd9, 0x73, 0x0f, 
	0x29, 0x09, 0x9b, 0xd3, 0xa4, 0x15, 0xac, 0x55, 
	0x7b, 0x51, 0x49, 0xcb, 0x8b, 0x93, 0x73, 0x13, 
	0x6b, 0x13, 0x62, 0xd1, 0x4a, 0x0d, 0x39, 0x8b, 
	0x41, 0xcd, 0x62, 0xd1, 0x73, 0x55, 0x7b, 0x97, 
	0xa4, 0x5b, 0xbd, 0x1d, 0xa4, 0x17, 0x83, 0x55, 
	0x41, 0x8b, 0x08, 0x01, 0x49, 0xcb, 0x8b, 0x95, 
	0xb5, 0x21, 0xc5, 0x63, 0x9c, 0x5d, 0x93, 0x91, 
	0xa4, 0x53, 0x9c, 0x15, 0x9c, 0x57, 0x73, 0x11, 
	0x93, 0xd7, 0xcd, 0x19, 0xd5, 0x5b, 0xdd, 0x9b, 
	0xe6, 0x1f, 0xa4, 0x59, 0x10, 0x03, 0x29, 0x07, 
	0xc5, 0x61, 0xc5, 0x61, 0x93, 0xd7, 0x93, 0xd7, 
	0x52, 0x4f, 0x39, 0xcb, 0x5a, 0x93, 0x62, 0xd3, 
	0x83, 0x13, 0x5a, 0x4d, 0x62, 0x8f, 0x72, 0xd3, 
	0x73, 0x15, 0x08, 0x43, 0x10, 0x43, 0x28, 0xc5, 
	0x31, 0x07, 0x41, 0xcb, 0x62, 0x91, 0x83, 0x93, 
	0x94, 0x17, 0x94, 0x17, 0x8b, 0xd5, 0xb4, 0x99, 
	0xd5, 0x5b, 0xcd, 0x17, 0xcd, 0x19, 0xd5, 0x9f, 
	0xdd, 0xe3, 0xde, 0x25, 0x52, 0x4f, 0x10, 0x43, 
	0x8b, 0xd7, 0xac, 0xdd, 0xb4, 0xdb, 0xb4, 0xdd, 
	0xac, 0x9b, 0x83, 0x95, 0x4a, 0x0f, 0x39, 0x8b, 
	0x20, 0xc5, 0x41, 0x8b, 0x41, 0x47, 0x5a, 0x0d, 
	0x6a, 0x91, 0x08, 0x43, 0x00, 0x01, 0x18, 0x83, 
	0x28, 0x85, 0x20, 0x83, 0x28, 0x83, 0x31, 0x07, 
	0x52, 0x0d, 0x52, 0x0d, 0x83, 0x97, 0xcd, 0x1b, 
	0xc4, 0x95, 0xbc, 0xd9, 0xd5, 0xe3, 0xdd, 0xe1, 
	0xcd, 0x5d, 0xcd, 0xe7, 0xbd, 0x5f, 0x20, 0xc5, 
	0x49, 0xcb, 0x8b, 0xd5, 0xb4, 0xdd, 0xac, 0x99, 
	0xb5, 0x1d, 0x9c, 0x57, 0xbc, 0xd9, 0xd5, 0x5b, 
	0x49, 0xc9, 0x39, 0x47, 0x41, 0x47, 0x29, 0x09, 
	0x10, 0x85, 0x00, 0x01, 0x00, 0x01, 0x00, 0x01, 
	0x10, 0x83, 0x28, 0xc5, 0x31, 0x05, 0x29, 0x05, 
	0x31, 0x47, 0x18, 0x83, 0x7b, 0x97, 0xd5, 0x9f, 
	0xcd, 0x5d, 0xde, 0x23, 0xe6, 0xa9, 0xde, 0x67, 
	0xcd, 0x9f, 0xcd, 0xe5, 0xee, 0xaf, 0x8c, 0x19, 
	0x20, 0xc5, 0x7b, 0x13, 0xb4, 0xdf, 0xb4, 0xdd, 
	0xbd, 0x1d, 0xbc, 0xdd, 0xcd, 0x1b, 0xd5, 0x59, 
	0xd5, 0x59, 0xcc, 0xd5, 0xa4, 0x15, 0x18, 0x83, 
	0x10, 0x43, 0x10, 0x83, 0x10, 0x43, 0x08, 0x43, 
	0x08, 0x43, 0x08, 0x01, 0x20, 0x85, 0x31, 0x49, 
	0x20, 0xc5, 0x00, 0x01, 0x41, 0xcb, 0xb5, 0x1f, 
	0x94, 0x19, 0x72, 0xd1, 0x7b, 0x13, 0x93, 0x97, 
	0xbd, 0x61, 0xbd, 0x63, 0xac, 0xe1, 0xa4, 0xdf, 
	0x28, 0xc7, 0x41, 0x89, 0xa4, 0x5b, 0xc5, 0x5f, 
	0xb4, 0xdd, 0xb4, 0xdd, 0xb4, 0x99, 0xcd, 0x19, 
	0xbc, 0x95, 0xc4, 0x95, 0xcd, 0x5d, 0xb4, 0xdd, 
	0xbd, 0x1d, 0xcd, 0x9f, 0xbc, 0xd9, 0xa4, 0x17, 
	0x8b, 0x97, 0x31, 0x49, 0x00, 0x01, 0x00, 0x01, 
	0x00, 0x01, 0x08, 0x41, 0x20, 0xc5, 0x8b, 0xd9, 
	0x8b, 0xd7, 0x52, 0x0b, 0x49, 0x47, 0x6a, 0x0b, 
	0x73, 0x15, 0x52, 0x0b, 0x39, 0x05, 0x49, 0xcb, 
	0x20, 0xc5, 0x10, 0x43, 0x52, 0x0b, 0xac, 0x59, 
	0xbd, 0x1f, 0xbd, 0x61, 0xb4, 0xdd, 0xb4, 0x97, 
	0xb4, 0x97, 0xcd, 0x5b, 0xbc, 0xd9, 0xc5, 0x19, 
	0xbc, 0x99, 0xc4, 0x57, 0xb4, 0x57, 0x93, 0x93, 
	0xa3, 0xd5, 0xa3, 0xd5, 0x20, 0xc7, 0x18, 0x85, 
	0x5a, 0x4d, 0x29, 0x07, 0x08, 0x03, 0x62, 0x91, 
	0x72, 0xcf, 0x72, 0x8d, 0x5a, 0x0b, 0x49, 0x89, 
	0x39, 0x07, 0x28, 0xc5, 0x30, 0xc5, 0x41, 0x89, 
	0x08, 0x41, 0x08, 0x03, 0x41, 0x89, 0x8b, 0x53, 
	0xac, 0x9b, 0xb4, 0xdd, 0xbd, 0x1f, 0xbc, 0x99, 
	0xa4, 0x17, 0xac, 0x59, 0xb4, 0x57, 0xac, 0x55, 
	0x9b, 0x93, 0xb3, 0xd1, 0x9b, 0xd7, 0x6a, 0x4d, 
	0x7a, 0x8d, 0x9b, 0xd5, 0x52, 0x0b, 0xa4, 0x15, 
	0xcd, 0x5b, 0x29, 0x07, 0x00, 0x01, 0x20, 0xc5, 
	0x83, 0x53, 0x93, 0xd7, 0x6a, 0x8f, 0x49, 0x89, 
	0x30, 0xc5, 0x20, 0x85, 0x20, 0x85, 0x08, 0x43, 
	0x00, 0x01, 0x08, 0x43, 0x28, 0xc5, 0x93, 0xd7, 
	0xac, 0x9b, 0xc5, 0x5f, 0xac, 0x9d, 0xac, 0x9b, 
	0xc4, 0xd9, 0x9b, 0x8f, 0xb4, 0x53, 0xa3, 0xd3, 
	0xc5, 0x1d, 0xdd, 0xe1, 0xbd, 0x1f, 0x8b, 0x13, 
	0xa3, 0xd5, 0x7a, 0xcf, 0x93, 0xd3, 0xdd, 0x9b, 
	0xd5, 0x9d, 0x52, 0x4d, 0x00, 0x01, 0x08, 0x43, 
	0x5a, 0x4d, 0x72, 0xd1, 0x49, 0x49, 0x51, 0x89, 
	0x62, 0x0b, 0x51, 0xc9, 0x18, 0x85, 0x10, 0x45, 
	0x00, 0x01, 0x00, 0x01, 0x08, 0x43, 0x6a, 0x8f, 
	0xbc, 0xdd, 0xac, 0x9b, 0xac, 0x9b, 0xac, 0x9d, 
	0xb4, 0xdb, 0xc5, 0x1b, 0xb4, 0x53, 0xac, 0x13, 
	0xac, 0x57, 0xb4, 0x97, 0xac, 0x59, 0x9b, 0xd7, 
	0x8b, 0x53, 0x7a, 0xcf, 0x6a, 0x4d, 0x9c, 0x15, 
	0xbc, 0xd9, 0x8b, 0xd5, 0x08, 0x03, 0x00, 0x01, 
	0x08, 0x43, 0x39, 0x47, 0x62, 0x4d, 0x7a, 0xcf, 
	0xac, 0x13, 0xc4, 0xd7, 0xbc, 0xd9, 0xc4, 0xd9, 
	0x73, 0x0f, 0x49, 0xcb, 0x08, 0x43, 0x31, 0x07, 
	0xb4, 0xdd, 0xbd, 0x1f, 0xac, 0x99, 0xbd, 0x1f, 
	0x93, 0xd7, 0xcd, 0x5d, 0x7a, 0xcd, 0xb4, 0x51, 
	0x93, 0x8f, 0x83, 0x0f, 0x6a, 0x8d, 0x51, 0xcb, 
	0x8a, 0x8d, 0x9b, 0x8f, 0x49, 0xcb, 0x7b, 0x11, 
	0x9b, 0xd5, 0xa4, 0x57, 0x52, 0x4d, 0x20, 0xc5, 
	0x5a, 0x4f, 0xcd, 0x5b, 0xbc, 0xd9, 0xc5, 0x1d, 
	0xb4, 0xdb, 0xa4, 0x15, 0x9c, 0x15, 0xac, 0x55, 
	0xbc, 0x97, 0xcd, 0x59, 0x52, 0x0d, 0x08, 0x01, 
	0x83, 0x53, 0xbd, 0x1d, 0xb4, 0x9b, 0xac, 0x9b, 
	0x93, 0xd5, 0xac, 0x99, 0x8b, 0x51, 0xac, 0x15, 
	0xb4, 0x13, 0x93, 0x4f, 0x51, 0xc9, 0x6a, 0x4b, 
	0xa3, 0xd3, 0x93, 0x51, 0x93, 0x91, 0x9b, 0xd5, 
	0x9c, 0x17, 0xa4, 0x17, 0xac, 0x57, 0x83, 0x53, 
	0x83, 0x95, 0xe6, 0x21, 0xcd, 0x5b, 0xc4, 0xd9, 
	0xac, 0x57, 0xa4, 0x17, 0x8b, 0x93, 0xa4, 0x59, 
	0xbc, 0xd7, 0xc4, 0xd7, 0xbd, 0x1b, 0x29, 0x49, 
	0x41, 0x89, 0x9c, 0x17, 0xac, 0x99, 0xa4, 0x9b, 
	0x4a, 0x0d, 0x5a, 0x0d, 0x9b, 0xd1, 0xbc, 0x99, 
	0xa3, 0xd3, 0x49, 0x47, 0x39, 0x07, 0x51, 0xc9, 
	0x7b, 0x11, 0x93, 0x95, 0xac, 0x5b, 0xbc, 0xdb, 
	0xc5, 0x5f, 0xbc, 0xdb, 0x9b, 0xd1, 0x9b, 0xd3, 
	0x7b, 0x11, 0xe6, 0x23, 0xcd, 0x5d, 0xcd, 0x1b, 
	0xc4, 0xd9, 0xbc, 0x99, 0xcd, 0x5d, 0xbc, 0xdb, 
	0xbc, 0x95, 0xc4, 0xd7, 0xbc, 0x97, 0x41, 0x8b, 
	0x18, 0x83, 0x7b, 0x13, 0xb4, 0xdd, 0x6a, 0xd1, 
	0x00, 0x01, 0x39, 0x47, 0xa4, 0x15, 0x83, 0x53, 
	0x41, 0x07, 0x30, 0xc5, 0x20, 0x83, 0x39, 0x49, 
	0x93, 0x95, 0xc5, 0x5f, 0xc5, 0x1d, 0xb4, 0x97, 
	0xac, 0x99, 0x9c, 0x15, 0x9b, 0xd3, 0x73, 0x11, 
	0x72, 0xcd, 0xc4, 0xd9, 0xe6, 0x25, 0xbc, 0xdb, 
	0xc5, 0x17, 0xbc, 0x97, 0xc5, 0x19, 0xbc, 0xd9, 
	0xc4, 0xd7, 0xbc, 0x95, 0x9b, 0x8f, 0x41, 0x89, 
	0x00, 0x01, 0x41, 0x89, 0x83, 0x95, 0x52, 0x0d, 
	0x10, 0x43, 0x08, 0x41, 0x52, 0x0d, 0x41, 0x49, 
	0x20, 0x85, 0x10, 0x43, 0x08, 0x43, 0x5a, 0x0b, 
	0xbc, 0x51, 0xc4, 0x51, 0xb4, 0x13, 0xb4, 0x99, 
	0xc5, 0x5f, 0xa4, 0x59, 0x73, 0x13, 0x18, 0xc7, 
	0x52, 0x09, 0xc4, 0xd7, 0xde, 0x65, 0x9c, 0x17, 
	0xb4, 0x97, 0xc4, 0xd7, 0xbc, 0xdb, 0xbc, 0xd9, 
	0xbc, 0xd5, 0xbc, 0x93, 0x93, 0x8f, 0x20, 0xc5, 
	0x00, 0x01, 0x10, 0x43, 0x49, 0xcb, 0x62, 0x8d, 
	0x08, 0x43, 0x18, 0xc5, 0x39, 0x47, 0x51, 0xc9, 
	0x62, 0x4d, 0x49, 0x89, 0x39, 0x47, 0x39, 0x47, 
	0x8b, 0x0d, 0xb4, 0x0f, 0xb4, 0x11, 0xc4, 0xd7, 
	0xbd, 0x1f, 0xa4, 0x9d, 0xc5, 0x1d, 0x93, 0xd7, 
	0x41, 0x47, 0xbc, 0xd9, 0xdd, 0xe1, 0xcd, 0x1b, 
	0xd5, 0x9d, 0xcd, 0x5d, 0xd5, 0xe3, 0xbc, 0xdb, 
	0xac, 0x13, 0x7b, 0x0f, 0x39, 0x49, 0x21, 0x07, 
	0x52, 0x0d, 0x18, 0xc5, 0x18, 0x85, 0x08, 0x01, 
	0x29, 0x05, 0x52, 0x0b, 0x7b, 0x0f, 0x7b, 0x0f, 
	0x7a, 0xcf, 0x83, 0x11, 0x51, 0xcb, 0x28, 0xc5, 
	0x49, 0xcb, 0xbc, 0x55, 0xbc, 0x95, 0xd5, 0x9d, 
	0xbd, 0x1d, 0xd5, 0x9d, 0xee, 0x21, 0xde, 0x27, 
	0x51, 0xc9, 0xac, 0x55, 0xdd, 0x9d, 0xd5, 0x5b, 
	0xd5, 0x9d, 0xe6, 0xa9, 0xcd, 0x61, 0xb4, 0xd9, 
	0x9b, 0xd3, 0x62, 0x8d, 0x49, 0xcb, 0x7b, 0x11, 
	0x93, 0x51, 0x72, 0x8d, 0x39, 0x47, 0x10, 0x83, 
	0x5a, 0x4d, 0x93, 0x91, 0x93, 0xd3, 0xb4, 0x97, 
	0x9c, 0x15, 0x93, 0xd7, 0x7b, 0x13, 0x29, 0x09, 
	0x41, 0xcb, 0x9b, 0xd5, 0xac, 0x59, 0xa4, 0x59, 
	0x9c, 0x17, 0xd5, 0xe1, 0xee, 0x63, 0xd5, 0x9f, 
	0x72, 0x8d, 0x93, 0x93, 0xcd, 0x9f, 0xe6, 0x65, 
	0xe6, 0x69, 0xde, 0x6b, 0xbd, 0x1f, 0xac, 0x97, 
	0x83, 0x51, 0x6a, 0x8d, 0x6a, 0x8f, 0x82, 0xcb, 
	0x93, 0x4d, 0x93, 0x4d, 0x6a, 0x8d, 0x28, 0xc5, 
	0x8b, 0x93, 0xa4, 0x57, 0x9c, 0x5b, 0xb5, 0x1f, 
	0xb4, 0xdd, 0xb5, 0x65, 0xa4, 0x5d, 0x7b, 0x11, 
	0x20, 0xc5, 0x62, 0xd1, 0x5a, 0x91, 0x52, 0x4f, 
	0x72, 0x8d, 0xb4, 0x55, 0xde, 0x69, 0xe5, 0xe1, 
	0x83, 0x11, 0x62, 0x4b, 0xe6, 0x6b, 0xe6, 0xa9, 
	0xde, 0x69, 0xa4, 0x9d, 0x7b, 0x53, 0x5a, 0x4d, 
	0x5a, 0x0b, 0x62, 0x0d, 0x6a, 0x8b, 0x93, 0x4d, 
	0x82, 0xcb, 0x82, 0xcb, 0x93, 0x91, 0x52, 0x0b, 
	0x62, 0x8d, 0xa4, 0x59, 0xbd, 0x63, 0xbd, 0xa7, 
	0xad, 0x25, 0xbd, 0x63, 0xbd, 0x21, 0xbd, 0x1f, 
	0xa4, 0x9d, 0x73, 0x13, 0x9c, 0x19, 0xbd, 0x61, 
	0x94, 0x1d, 0x73, 0x11, 0xc4, 0xd7, 0xe5, 0xdd, 
	0xac, 0x99, 0x49, 0x89, 0x94, 0x1d, 0xd5, 0xe7, 
	0xa4, 0x9d, 0x62, 0x8f, 0x41, 0x89, 0x41, 0x89, 
	0x62, 0x0b, 0x6a, 0x4b, 0x7a, 0xcb, 0x7a, 0xcb, 
	0x6a, 0x4b, 0x7a, 0xcd, 0x8b, 0x91, 0x7b, 0x0f, 
	0x5a, 0x4d, 0x7b, 0x11, 0xc5, 0x1f, 0xc5, 0xeb, 
	0xbd, 0x67, 0xc5, 0x61, 0xbd, 0x1f, 0xc5, 0xe5, 
	0xde, 0x71, 0xce, 0x2b, 0xac, 0xdd, 0xbd, 0x63, 
	0xc5, 0xe7, 0x62, 0xd5, 0x9b, 0x8f, 0xee, 0x1f, 
	0xcd, 0xe7, 0x29, 0x49, 0x18, 0x43, 0x31, 0x07, 
	0x29, 0x05, 0x31, 0x07, 0x52, 0x0b, 0x6a, 0x8f, 
	0x62, 0x4d, 0x72, 0xcd, 0x7a, 0xcf, 0x72, 0x8d, 
	0x7a, 0xcd, 0x9b, 0xd1, 0x8b, 0x91, 0x7b, 0x0f, 
	0x7a, 0xcf, 0x62, 0x8d, 0xa4, 0x59, 0xb5, 0xa9, 
	0xbd, 0x65, 0xbc, 0x99, 0xcd, 0xa5, 0xc5, 0x61, 
	0xde, 0x29, 0xd5, 0xe7, 0xb5, 0x63, 0xb5, 0x67, 
	0xce, 0x6d, 0x42, 0x0f, 0x20, 0xc5, 0xb4, 0xd9, 
	0xe6, 0x69, 0x52, 0x51, 0x00, 0x01, 0x20, 0xc5, 
	0x6a, 0x8d, 0x62, 0x4b, 0x72, 0xcf, 0x6a, 0x8d, 
	0x6a, 0x4d, 0x6a, 0x8f, 0x6a, 0x8f, 0x6a, 0x8d, 
	0x7a, 0xcd, 0x93, 0x91, 0x8b, 0x4f, 0x93, 0x91, 
	0x72, 0xcd, 0x49, 0xc9, 0x9c, 0x17, 0xc5, 0xe9, 
	0xbd, 0x1f, 0xc5, 0x1b, 0xd5, 0x9f, 0xcd, 0x19, 
	0xd5, 0xa1, 0xcd, 0xe9, 0xc5, 0xa7, 0xb5, 0x67, 
	0xc5, 0xa3, 0x6b, 0x15, 0x10, 0x85, 0x39, 0x8b, 
	0x8b, 0xdb, 0x29, 0x09, 0x10, 0x43, 0x52, 0x4d, 
	0x8b, 0xd3, 0x83, 0x51, 0x72, 0x8d, 0x62, 0x4b, 
	0x6a, 0x8d, 0x7b, 0x0f, 0x83, 0x51, 0x6a, 0x4d, 
	0x7b, 0x0f, 0x7b, 0x51, 0x83, 0x0f, 0x7a, 0xcd, 
	0x7b, 0x11, 0x39, 0x89, 0x62, 0x4d, 0x93, 0xd5, 
	0xd6, 0x2b, 0xcd, 0x61, 0xc4, 0x95, 0xcd, 0x1b, 
	0xd5, 0x9f, 0xde, 0x25, 0xcd, 0x61, 0xc5, 0xa7, 
	0xbd, 0xe9, 0xb5, 0x63, 0x9c, 0x5f, 0x31, 0x8b, 
	0x00, 0x01, 0x00, 0x01, 0x18, 0x85, 0x39, 0x89, 
	0x62, 0x8f, 0x8b, 0x93, 0x72, 0x8d, 0x5a, 0x0b, 
	0x4a, 0x0b, 0x7b, 0x13, 0x7b, 0x13, 0x7b, 0x11, 
	0x7b, 0x53, 0x21, 0x05, 0x72, 0x8d, 0x62, 0x4d, 
	0x8b, 0x53, 0x41, 0xc9, 0x29, 0x07, 0x72, 0x8f, 
	0xa4, 0x5b, 0xcd, 0xe7, 0xb4, 0x99, 0xab, 0xd1, 
	0xcd, 0x19, 0xcd, 0xe3, 0xcd, 0xa3, 0xc5, 0x61, 
	0xac, 0x97, 0xbd, 0xa9, 0xbd, 0x65, 0xa4, 0xe1, 
	0x62, 0xcf, 0x31, 0x47, 0x08, 0x43, 0x08, 0x43, 
	0x18, 0x85, 0x39, 0x47, 0x39, 0x47, 0x49, 0xc9, 
	0x4a, 0x0b, 0x4a, 0x0b, 0x6a, 0xd1, 0x83, 0x95, 
	0x41, 0xcb, 0x00, 0x01, 0x52, 0x0b, 0x5a, 0x0b, 
	0xac, 0x15, 0x7b, 0x0f, 0x41, 0x89, 0x52, 0x0b, 
	0xbd, 0x61, 0xbd, 0x61, 0xb4, 0x59, 0xb4, 0x59, 
	0xb4, 0x99, 0xab, 0xd1, 0xc5, 0x1b, 0xbc, 0xdb, 
	0xac, 0x97, 0xb5, 0x65, 0xc5, 0xeb, 0xc5, 0xe7, 
	0xc5, 0xa5, 0x9c, 0x59, 0x18, 0x85, 0x00, 0x01, 
	0x10, 0x83, 0x18, 0x85, 0x83, 0xd9, 0x49, 0xc9, 
	0x49, 0xc9, 0x4a, 0x0b, 0x83, 0xd9, 0x7b, 0x53, 
	0x7b, 0x53, 0x72, 0xd1, 0x41, 0x89, 0x51, 0xcb, 
	
};

Gfx ccm_dl_SUPER_MARIO_64_5C3873C6_0_2_all_rgba16_copy_copy_copy_aligner[] = {gsSPEndDisplayList()};
u8 ccm_dl_SUPER_MARIO_64_5C3873C6_0_2_all_rgba16_copy_copy_copy[] = {
	0x8c, 0x1f, 0x9c, 0xe3, 0x51, 0xcb, 0x51, 0xcb, 
	0x83, 0x0f, 0xa4, 0x17, 0xa4, 0x17, 0xa4, 0x17, 
	0x9b, 0xd3, 0x9b, 0xd3, 0xac, 0x57, 0xac, 0x99, 
	0xb4, 0x97, 0xac, 0x97, 0xdd, 0xdf, 0x62, 0x91, 
	0x00, 0x01, 0x18, 0x85, 0x18, 0x83, 0x18, 0x83, 
	0x18, 0x83, 0x31, 0x49, 0x6b, 0x15, 0x5a, 0xd3, 
	0x83, 0xd9, 0x83, 0xd9, 0x4a, 0x0b, 0x83, 0x99, 
	0x83, 0xd7, 0x62, 0x4d, 0x5a, 0x4d, 0x6a, 0xd1, 
	0x63, 0x17, 0x62, 0xd5, 0x9b, 0xd7, 0x39, 0x49, 
	0x39, 0x49, 0x6a, 0x0b, 0x8b, 0x53, 0x9c, 0x15, 
	0xac, 0x99, 0xa4, 0x57, 0x83, 0x0f, 0x83, 0x51, 
	0xac, 0x9b, 0xb5, 0x1b, 0xc5, 0x1d, 0xb4, 0x99, 
	0x31, 0x47, 0x10, 0x43, 0x18, 0x83, 0x18, 0x83, 
	0x18, 0x85, 0x08, 0x41, 0x18, 0x85, 0x62, 0xd3, 
	0x63, 0x13, 0x73, 0x55, 0x7b, 0x97, 0x83, 0xd9, 
	0x83, 0xd7, 0x6a, 0xd1, 0x62, 0x8f, 0x62, 0x4f, 
	0x31, 0x49, 0x5a, 0x91, 0xd5, 0x17, 0x5a, 0x4d, 
	0x31, 0x07, 0x51, 0xcb, 0x8b, 0x93, 0x93, 0xd3, 
	0x83, 0x51, 0x83, 0x93, 0x7b, 0x11, 0x6a, 0x8d, 
	0x94, 0x17, 0xb5, 0x1d, 0xb4, 0xd9, 0xc5, 0x19, 
	0x6a, 0x8d, 0x08, 0x03, 0x08, 0x43, 0x10, 0x43, 
	0x18, 0x85, 0x10, 0x43, 0x00, 0x01, 0x39, 0x8b, 
	0x8c, 0x19, 0x94, 0x5b, 0x7b, 0x97, 0x7b, 0x95, 
	0x7b, 0x97, 0x7b, 0x55, 0x73, 0x13, 0x6a, 0xd3, 
	0x18, 0x85, 0x5a, 0x0d, 0xb4, 0x11, 0x72, 0x8d, 
	0x08, 0x43, 0x18, 0x85, 0x93, 0xd3, 0xb4, 0x97, 
	0xac, 0x57, 0x94, 0x17, 0x83, 0x53, 0x7b, 0x11, 
	0x83, 0x95, 0x9c, 0x17, 0x9c, 0x17, 0xbc, 0xd9, 
	0xcd, 0x59, 0x72, 0xcf, 0x18, 0xc5, 0x08, 0x43, 
	0x31, 0x07, 0x5a, 0x4f, 0x29, 0x49, 0x10, 0x83, 
	0x52, 0x91, 0x73, 0x55, 0x7b, 0x97, 0x83, 0xd9, 
	0x7b, 0x55, 0x83, 0xd9, 0x83, 0xd9, 0x83, 0xd7, 
	0xa3, 0xd5, 0x8b, 0x11, 0x9b, 0x53, 0x6a, 0x4d, 
	0x18, 0x85, 0x20, 0xc5, 0x9c, 0x15, 0xac, 0x57, 
	0xac, 0x97, 0xb5, 0x1d, 0x93, 0xd3, 0x72, 0xd1, 
	0x62, 0x91, 0x7b, 0x53, 0x9c, 0x15, 0xa4, 0x55, 
	0xc4, 0xd9, 0xcd, 0x17, 0x51, 0xcb, 0x00, 0x03, 
	0x31, 0x47, 0x93, 0xd5, 0x83, 0x95, 0x31, 0x89, 
	0x18, 0xc5, 0x29, 0x49, 0x62, 0xd3, 0x94, 0x5b, 
	0x83, 0xd9, 0x6b, 0x13, 0x8c, 0x1b, 0x7b, 0x97, 
	0x93, 0xd7, 0x93, 0x95, 0x6a, 0x8f, 0x6a, 0x91, 
	0x39, 0x49, 0x18, 0x85, 0xa4, 0x59, 0xc5, 0x5d, 
	0xd5, 0xe1, 0xcd, 0x9f, 0xa4, 0x59, 0x72, 0xcd, 
	0x83, 0x51, 0xac, 0x97, 0xbc, 0xd9, 0x73, 0x0f, 
	0x29, 0x09, 0x9b, 0xd3, 0xa4, 0x15, 0xac, 0x55, 
	0x7b, 0x51, 0x49, 0xcb, 0x8b, 0x93, 0x73, 0x13, 
	0x6b, 0x13, 0x62, 0xd1, 0x4a, 0x0d, 0x39, 0x8b, 
	0x41, 0xcd, 0x62, 0xd1, 0x73, 0x55, 0x7b, 0x97, 
	0xa4, 0x5b, 0xbd, 0x1d, 0xa4, 0x17, 0x83, 0x55, 
	0x41, 0x8b, 0x08, 0x01, 0x49, 0xcb, 0x8b, 0x95, 
	0xb5, 0x21, 0xc5, 0x63, 0x9c, 0x5d, 0x93, 0x91, 
	0xa4, 0x53, 0x9c, 0x15, 0x9c, 0x57, 0x73, 0x11, 
	0x93, 0xd7, 0xcd, 0x19, 0xd5, 0x5b, 0xdd, 0x9b, 
	0xe6, 0x1f, 0xa4, 0x59, 0x10, 0x03, 0x29, 0x07, 
	0xc5, 0x61, 0xc5, 0x61, 0x93, 0xd7, 0x93, 0xd7, 
	0x52, 0x4f, 0x39, 0xcb, 0x5a, 0x93, 0x62, 0xd3, 
	0x83, 0x13, 0x5a, 0x4d, 0x62, 0x8f, 0x72, 0xd3, 
	0x73, 0x15, 0x08, 0x43, 0x10, 0x43, 0x28, 0xc5, 
	0x31, 0x07, 0x41, 0xcb, 0x62, 0x91, 0x83, 0x93, 
	0x94, 0x17, 0x94, 0x17, 0x8b, 0xd5, 0xb4, 0x99, 
	0xd5, 0x5b, 0xcd, 0x17, 0xcd, 0x19, 0xd5, 0x9f, 
	0xdd, 0xe3, 0xde, 0x25, 0x52, 0x4f, 0x10, 0x43, 
	0x8b, 0xd7, 0xac, 0xdd, 0xb4, 0xdb, 0xb4, 0xdd, 
	0xac, 0x9b, 0x83, 0x95, 0x4a, 0x0f, 0x39, 0x8b, 
	0x20, 0xc5, 0x41, 0x8b, 0x41, 0x47, 0x5a, 0x0d, 
	0x6a, 0x91, 0x08, 0x43, 0x00, 0x01, 0x18, 0x83, 
	0x28, 0x85, 0x20, 0x83, 0x28, 0x83, 0x31, 0x07, 
	0x52, 0x0d, 0x52, 0x0d, 0x83, 0x97, 0xcd, 0x1b, 
	0xc4, 0x95, 0xbc, 0xd9, 0xd5, 0xe3, 0xdd, 0xe1, 
	0xcd, 0x5d, 0xcd, 0xe7, 0xbd, 0x5f, 0x20, 0xc5, 
	0x49, 0xcb, 0x8b, 0xd5, 0xb4, 0xdd, 0xac, 0x99, 
	0xb5, 0x1d, 0x9c, 0x57, 0xbc, 0xd9, 0xd5, 0x5b, 
	0x49, 0xc9, 0x39, 0x47, 0x41, 0x47, 0x29, 0x09, 
	0x10, 0x85, 0x00, 0x01, 0x00, 0x01, 0x00, 0x01, 
	0x10, 0x83, 0x28, 0xc5, 0x31, 0x05, 0x29, 0x05, 
	0x31, 0x47, 0x18, 0x83, 0x7b, 0x97, 0xd5, 0x9f, 
	0xcd, 0x5d, 0xde, 0x23, 0xe6, 0xa9, 0xde, 0x67, 
	0xcd, 0x9f, 0xcd, 0xe5, 0xee, 0xaf, 0x8c, 0x19, 
	0x20, 0xc5, 0x7b, 0x13, 0xb4, 0xdf, 0xb4, 0xdd, 
	0xbd, 0x1d, 0xbc, 0xdd, 0xcd, 0x1b, 0xd5, 0x59, 
	0xd5, 0x59, 0xcc, 0xd5, 0xa4, 0x15, 0x18, 0x83, 
	0x10, 0x43, 0x10, 0x83, 0x10, 0x43, 0x08, 0x43, 
	0x08, 0x43, 0x08, 0x01, 0x20, 0x85, 0x31, 0x49, 
	0x20, 0xc5, 0x00, 0x01, 0x41, 0xcb, 0xb5, 0x1f, 
	0x94, 0x19, 0x72, 0xd1, 0x7b, 0x13, 0x93, 0x97, 
	0xbd, 0x61, 0xbd, 0x63, 0xac, 0xe1, 0xa4, 0xdf, 
	0x28, 0xc7, 0x41, 0x89, 0xa4, 0x5b, 0xc5, 0x5f, 
	0xb4, 0xdd, 0xb4, 0xdd, 0xb4, 0x99, 0xcd, 0x19, 
	0xbc, 0x95, 0xc4, 0x95, 0xcd, 0x5d, 0xb4, 0xdd, 
	0xbd, 0x1d, 0xcd, 0x9f, 0xbc, 0xd9, 0xa4, 0x17, 
	0x8b, 0x97, 0x31, 0x49, 0x00, 0x01, 0x00, 0x01, 
	0x00, 0x01, 0x08, 0x41, 0x20, 0xc5, 0x8b, 0xd9, 
	0x8b, 0xd7, 0x52, 0x0b, 0x49, 0x47, 0x6a, 0x0b, 
	0x73, 0x15, 0x52, 0x0b, 0x39, 0x05, 0x49, 0xcb, 
	0x20, 0xc5, 0x10, 0x43, 0x52, 0x0b, 0xac, 0x59, 
	0xbd, 0x1f, 0xbd, 0x61, 0xb4, 0xdd, 0xb4, 0x97, 
	0xb4, 0x97, 0xcd, 0x5b, 0xbc, 0xd9, 0xc5, 0x19, 
	0xbc, 0x99, 0xc4, 0x57, 0xb4, 0x57, 0x93, 0x93, 
	0xa3, 0xd5, 0xa3, 0xd5, 0x20, 0xc7, 0x18, 0x85, 
	0x5a, 0x4d, 0x29, 0x07, 0x08, 0x03, 0x62, 0x91, 
	0x72, 0xcf, 0x72, 0x8d, 0x5a, 0x0b, 0x49, 0x89, 
	0x39, 0x07, 0x28, 0xc5, 0x30, 0xc5, 0x41, 0x89, 
	0x08, 0x41, 0x08, 0x03, 0x41, 0x89, 0x8b, 0x53, 
	0xac, 0x9b, 0xb4, 0xdd, 0xbd, 0x1f, 0xbc, 0x99, 
	0xa4, 0x17, 0xac, 0x59, 0xb4, 0x57, 0xac, 0x55, 
	0x9b, 0x93, 0xb3, 0xd1, 0x9b, 0xd7, 0x6a, 0x4d, 
	0x7a, 0x8d, 0x9b, 0xd5, 0x52, 0x0b, 0xa4, 0x15, 
	0xcd, 0x5b, 0x29, 0x07, 0x00, 0x01, 0x20, 0xc5, 
	0x83, 0x53, 0x93, 0xd7, 0x6a, 0x8f, 0x49, 0x89, 
	0x30, 0xc5, 0x20, 0x85, 0x20, 0x85, 0x08, 0x43, 
	0x00, 0x01, 0x08, 0x43, 0x28, 0xc5, 0x93, 0xd7, 
	0xac, 0x9b, 0xc5, 0x5f, 0xac, 0x9d, 0xac, 0x9b, 
	0xc4, 0xd9, 0x9b, 0x8f, 0xb4, 0x53, 0xa3, 0xd3, 
	0xc5, 0x1d, 0xdd, 0xe1, 0xbd, 0x1f, 0x8b, 0x13, 
	0xa3, 0xd5, 0x7a, 0xcf, 0x93, 0xd3, 0xdd, 0x9b, 
	0xd5, 0x9d, 0x52, 0x4d, 0x00, 0x01, 0x08, 0x43, 
	0x5a, 0x4d, 0x72, 0xd1, 0x49, 0x49, 0x51, 0x89, 
	0x62, 0x0b, 0x51, 0xc9, 0x18, 0x85, 0x10, 0x45, 
	0x00, 0x01, 0x00, 0x01, 0x08, 0x43, 0x6a, 0x8f, 
	0xbc, 0xdd, 0xac, 0x9b, 0xac, 0x9b, 0xac, 0x9d, 
	0xb4, 0xdb, 0xc5, 0x1b, 0xb4, 0x53, 0xac, 0x13, 
	0xac, 0x57, 0xb4, 0x97, 0xac, 0x59, 0x9b, 0xd7, 
	0x8b, 0x53, 0x7a, 0xcf, 0x6a, 0x4d, 0x9c, 0x15, 
	0xbc, 0xd9, 0x8b, 0xd5, 0x08, 0x03, 0x00, 0x01, 
	0x08, 0x43, 0x39, 0x47, 0x62, 0x4d, 0x7a, 0xcf, 
	0xac, 0x13, 0xc4, 0xd7, 0xbc, 0xd9, 0xc4, 0xd9, 
	0x73, 0x0f, 0x49, 0xcb, 0x08, 0x43, 0x31, 0x07, 
	0xb4, 0xdd, 0xbd, 0x1f, 0xac, 0x99, 0xbd, 0x1f, 
	0x93, 0xd7, 0xcd, 0x5d, 0x7a, 0xcd, 0xb4, 0x51, 
	0x93, 0x8f, 0x83, 0x0f, 0x6a, 0x8d, 0x51, 0xcb, 
	0x8a, 0x8d, 0x9b, 0x8f, 0x49, 0xcb, 0x7b, 0x11, 
	0x9b, 0xd5, 0xa4, 0x57, 0x52, 0x4d, 0x20, 0xc5, 
	0x5a, 0x4f, 0xcd, 0x5b, 0xbc, 0xd9, 0xc5, 0x1d, 
	0xb4, 0xdb, 0xa4, 0x15, 0x9c, 0x15, 0xac, 0x55, 
	0xbc, 0x97, 0xcd, 0x59, 0x52, 0x0d, 0x08, 0x01, 
	0x83, 0x53, 0xbd, 0x1d, 0xb4, 0x9b, 0xac, 0x9b, 
	0x93, 0xd5, 0xac, 0x99, 0x8b, 0x51, 0xac, 0x15, 
	0xb4, 0x13, 0x93, 0x4f, 0x51, 0xc9, 0x6a, 0x4b, 
	0xa3, 0xd3, 0x93, 0x51, 0x93, 0x91, 0x9b, 0xd5, 
	0x9c, 0x17, 0xa4, 0x17, 0xac, 0x57, 0x83, 0x53, 
	0x83, 0x95, 0xe6, 0x21, 0xcd, 0x5b, 0xc4, 0xd9, 
	0xac, 0x57, 0xa4, 0x17, 0x8b, 0x93, 0xa4, 0x59, 
	0xbc, 0xd7, 0xc4, 0xd7, 0xbd, 0x1b, 0x29, 0x49, 
	0x41, 0x89, 0x9c, 0x17, 0xac, 0x99, 0xa4, 0x9b, 
	0x4a, 0x0d, 0x5a, 0x0d, 0x9b, 0xd1, 0xbc, 0x99, 
	0xa3, 0xd3, 0x49, 0x47, 0x39, 0x07, 0x51, 0xc9, 
	0x7b, 0x11, 0x93, 0x95, 0xac, 0x5b, 0xbc, 0xdb, 
	0xc5, 0x5f, 0xbc, 0xdb, 0x9b, 0xd1, 0x9b, 0xd3, 
	0x7b, 0x11, 0xe6, 0x23, 0xcd, 0x5d, 0xcd, 0x1b, 
	0xc4, 0xd9, 0xbc, 0x99, 0xcd, 0x5d, 0xbc, 0xdb, 
	0xbc, 0x95, 0xc4, 0xd7, 0xbc, 0x97, 0x41, 0x8b, 
	0x18, 0x83, 0x7b, 0x13, 0xb4, 0xdd, 0x6a, 0xd1, 
	0x00, 0x01, 0x39, 0x47, 0xa4, 0x15, 0x83, 0x53, 
	0x41, 0x07, 0x30, 0xc5, 0x20, 0x83, 0x39, 0x49, 
	0x93, 0x95, 0xc5, 0x5f, 0xc5, 0x1d, 0xb4, 0x97, 
	0xac, 0x99, 0x9c, 0x15, 0x9b, 0xd3, 0x73, 0x11, 
	0x72, 0xcd, 0xc4, 0xd9, 0xe6, 0x25, 0xbc, 0xdb, 
	0xc5, 0x17, 0xbc, 0x97, 0xc5, 0x19, 0xbc, 0xd9, 
	0xc4, 0xd7, 0xbc, 0x95, 0x9b, 0x8f, 0x41, 0x89, 
	0x00, 0x01, 0x41, 0x89, 0x83, 0x95, 0x52, 0x0d, 
	0x10, 0x43, 0x08, 0x41, 0x52, 0x0d, 0x41, 0x49, 
	0x20, 0x85, 0x10, 0x43, 0x08, 0x43, 0x5a, 0x0b, 
	0xbc, 0x51, 0xc4, 0x51, 0xb4, 0x13, 0xb4, 0x99, 
	0xc5, 0x5f, 0xa4, 0x59, 0x73, 0x13, 0x18, 0xc7, 
	0x52, 0x09, 0xc4, 0xd7, 0xde, 0x65, 0x9c, 0x17, 
	0xb4, 0x97, 0xc4, 0xd7, 0xbc, 0xdb, 0xbc, 0xd9, 
	0xbc, 0xd5, 0xbc, 0x93, 0x93, 0x8f, 0x20, 0xc5, 
	0x00, 0x01, 0x10, 0x43, 0x49, 0xcb, 0x62, 0x8d, 
	0x08, 0x43, 0x18, 0xc5, 0x39, 0x47, 0x51, 0xc9, 
	0x62, 0x4d, 0x49, 0x89, 0x39, 0x47, 0x39, 0x47, 
	0x8b, 0x0d, 0xb4, 0x0f, 0xb4, 0x11, 0xc4, 0xd7, 
	0xbd, 0x1f, 0xa4, 0x9d, 0xc5, 0x1d, 0x93, 0xd7, 
	0x41, 0x47, 0xbc, 0xd9, 0xdd, 0xe1, 0xcd, 0x1b, 
	0xd5, 0x9d, 0xcd, 0x5d, 0xd5, 0xe3, 0xbc, 0xdb, 
	0xac, 0x13, 0x7b, 0x0f, 0x39, 0x49, 0x21, 0x07, 
	0x52, 0x0d, 0x18, 0xc5, 0x18, 0x85, 0x08, 0x01, 
	0x29, 0x05, 0x52, 0x0b, 0x7b, 0x0f, 0x7b, 0x0f, 
	0x7a, 0xcf, 0x83, 0x11, 0x51, 0xcb, 0x28, 0xc5, 
	0x49, 0xcb, 0xbc, 0x55, 0xbc, 0x95, 0xd5, 0x9d, 
	0xbd, 0x1d, 0xd5, 0x9d, 0xee, 0x21, 0xde, 0x27, 
	0x51, 0xc9, 0xac, 0x55, 0xdd, 0x9d, 0xd5, 0x5b, 
	0xd5, 0x9d, 0xe6, 0xa9, 0xcd, 0x61, 0xb4, 0xd9, 
	0x9b, 0xd3, 0x62, 0x8d, 0x49, 0xcb, 0x7b, 0x11, 
	0x93, 0x51, 0x72, 0x8d, 0x39, 0x47, 0x10, 0x83, 
	0x5a, 0x4d, 0x93, 0x91, 0x93, 0xd3, 0xb4, 0x97, 
	0x9c, 0x15, 0x93, 0xd7, 0x7b, 0x13, 0x29, 0x09, 
	0x41, 0xcb, 0x9b, 0xd5, 0xac, 0x59, 0xa4, 0x59, 
	0x9c, 0x17, 0xd5, 0xe1, 0xee, 0x63, 0xd5, 0x9f, 
	0x72, 0x8d, 0x93, 0x93, 0xcd, 0x9f, 0xe6, 0x65, 
	0xe6, 0x69, 0xde, 0x6b, 0xbd, 0x1f, 0xac, 0x97, 
	0x83, 0x51, 0x6a, 0x8d, 0x6a, 0x8f, 0x82, 0xcb, 
	0x93, 0x4d, 0x93, 0x4d, 0x6a, 0x8d, 0x28, 0xc5, 
	0x8b, 0x93, 0xa4, 0x57, 0x9c, 0x5b, 0xb5, 0x1f, 
	0xb4, 0xdd, 0xb5, 0x65, 0xa4, 0x5d, 0x7b, 0x11, 
	0x20, 0xc5, 0x62, 0xd1, 0x5a, 0x91, 0x52, 0x4f, 
	0x72, 0x8d, 0xb4, 0x55, 0xde, 0x69, 0xe5, 0xe1, 
	0x83, 0x11, 0x62, 0x4b, 0xe6, 0x6b, 0xe6, 0xa9, 
	0xde, 0x69, 0xa4, 0x9d, 0x7b, 0x53, 0x5a, 0x4d, 
	0x5a, 0x0b, 0x62, 0x0d, 0x6a, 0x8b, 0x93, 0x4d, 
	0x82, 0xcb, 0x82, 0xcb, 0x93, 0x91, 0x52, 0x0b, 
	0x62, 0x8d, 0xa4, 0x59, 0xbd, 0x63, 0xbd, 0xa7, 
	0xad, 0x25, 0xbd, 0x63, 0xbd, 0x21, 0xbd, 0x1f, 
	0xa4, 0x9d, 0x73, 0x13, 0x9c, 0x19, 0xbd, 0x61, 
	0x94, 0x1d, 0x73, 0x11, 0xc4, 0xd7, 0xe5, 0xdd, 
	0xac, 0x99, 0x49, 0x89, 0x94, 0x1d, 0xd5, 0xe7, 
	0xa4, 0x9d, 0x62, 0x8f, 0x41, 0x89, 0x41, 0x89, 
	0x62, 0x0b, 0x6a, 0x4b, 0x7a, 0xcb, 0x7a, 0xcb, 
	0x6a, 0x4b, 0x7a, 0xcd, 0x8b, 0x91, 0x7b, 0x0f, 
	0x5a, 0x4d, 0x7b, 0x11, 0xc5, 0x1f, 0xc5, 0xeb, 
	0xbd, 0x67, 0xc5, 0x61, 0xbd, 0x1f, 0xc5, 0xe5, 
	0xde, 0x71, 0xce, 0x2b, 0xac, 0xdd, 0xbd, 0x63, 
	0xc5, 0xe7, 0x62, 0xd5, 0x9b, 0x8f, 0xee, 0x1f, 
	0xcd, 0xe7, 0x29, 0x49, 0x18, 0x43, 0x31, 0x07, 
	0x29, 0x05, 0x31, 0x07, 0x52, 0x0b, 0x6a, 0x8f, 
	0x62, 0x4d, 0x72, 0xcd, 0x7a, 0xcf, 0x72, 0x8d, 
	0x7a, 0xcd, 0x9b, 0xd1, 0x8b, 0x91, 0x7b, 0x0f, 
	0x7a, 0xcf, 0x62, 0x8d, 0xa4, 0x59, 0xb5, 0xa9, 
	0xbd, 0x65, 0xbc, 0x99, 0xcd, 0xa5, 0xc5, 0x61, 
	0xde, 0x29, 0xd5, 0xe7, 0xb5, 0x63, 0xb5, 0x67, 
	0xce, 0x6d, 0x42, 0x0f, 0x20, 0xc5, 0xb4, 0xd9, 
	0xe6, 0x69, 0x52, 0x51, 0x00, 0x01, 0x20, 0xc5, 
	0x6a, 0x8d, 0x62, 0x4b, 0x72, 0xcf, 0x6a, 0x8d, 
	0x6a, 0x4d, 0x6a, 0x8f, 0x6a, 0x8f, 0x6a, 0x8d, 
	0x7a, 0xcd, 0x93, 0x91, 0x8b, 0x4f, 0x93, 0x91, 
	0x72, 0xcd, 0x49, 0xc9, 0x9c, 0x17, 0xc5, 0xe9, 
	0xbd, 0x1f, 0xc5, 0x1b, 0xd5, 0x9f, 0xcd, 0x19, 
	0xd5, 0xa1, 0xcd, 0xe9, 0xc5, 0xa7, 0xb5, 0x67, 
	0xc5, 0xa3, 0x6b, 0x15, 0x10, 0x85, 0x39, 0x8b, 
	0x8b, 0xdb, 0x29, 0x09, 0x10, 0x43, 0x52, 0x4d, 
	0x8b, 0xd3, 0x83, 0x51, 0x72, 0x8d, 0x62, 0x4b, 
	0x6a, 0x8d, 0x7b, 0x0f, 0x83, 0x51, 0x6a, 0x4d, 
	0x7b, 0x0f, 0x7b, 0x51, 0x83, 0x0f, 0x7a, 0xcd, 
	0x7b, 0x11, 0x39, 0x89, 0x62, 0x4d, 0x93, 0xd5, 
	0xd6, 0x2b, 0xcd, 0x61, 0xc4, 0x95, 0xcd, 0x1b, 
	0xd5, 0x9f, 0xde, 0x25, 0xcd, 0x61, 0xc5, 0xa7, 
	0xbd, 0xe9, 0xb5, 0x63, 0x9c, 0x5f, 0x31, 0x8b, 
	0x00, 0x01, 0x00, 0x01, 0x18, 0x85, 0x39, 0x89, 
	0x62, 0x8f, 0x8b, 0x93, 0x72, 0x8d, 0x5a, 0x0b, 
	0x4a, 0x0b, 0x7b, 0x13, 0x7b, 0x13, 0x7b, 0x11, 
	0x7b, 0x53, 0x21, 0x05, 0x72, 0x8d, 0x62, 0x4d, 
	0x8b, 0x53, 0x41, 0xc9, 0x29, 0x07, 0x72, 0x8f, 
	0xa4, 0x5b, 0xcd, 0xe7, 0xb4, 0x99, 0xab, 0xd1, 
	0xcd, 0x19, 0xcd, 0xe3, 0xcd, 0xa3, 0xc5, 0x61, 
	0xac, 0x97, 0xbd, 0xa9, 0xbd, 0x65, 0xa4, 0xe1, 
	0x62, 0xcf, 0x31, 0x47, 0x08, 0x43, 0x08, 0x43, 
	0x18, 0x85, 0x39, 0x47, 0x39, 0x47, 0x49, 0xc9, 
	0x4a, 0x0b, 0x4a, 0x0b, 0x6a, 0xd1, 0x83, 0x95, 
	0x41, 0xcb, 0x00, 0x01, 0x52, 0x0b, 0x5a, 0x0b, 
	0xac, 0x15, 0x7b, 0x0f, 0x41, 0x89, 0x52, 0x0b, 
	0xbd, 0x61, 0xbd, 0x61, 0xb4, 0x59, 0xb4, 0x59, 
	0xb4, 0x99, 0xab, 0xd1, 0xc5, 0x1b, 0xbc, 0xdb, 
	0xac, 0x97, 0xb5, 0x65, 0xc5, 0xeb, 0xc5, 0xe7, 
	0xc5, 0xa5, 0x9c, 0x59, 0x18, 0x85, 0x00, 0x01, 
	0x10, 0x83, 0x18, 0x85, 0x83, 0xd9, 0x49, 0xc9, 
	0x49, 0xc9, 0x4a, 0x0b, 0x83, 0xd9, 0x7b, 0x53, 
	0x7b, 0x53, 0x72, 0xd1, 0x41, 0x89, 0x51, 0xcb, 
	
};

Gfx ccm_dl_SUPER_MARIO_64_5C3873C6_0_2_all_rgba16_copy_copy_copy_copy_aligner[] = {gsSPEndDisplayList()};
u8 ccm_dl_SUPER_MARIO_64_5C3873C6_0_2_all_rgba16_copy_copy_copy_copy[] = {
	0x8c, 0x1f, 0x9c, 0xe3, 0x51, 0xcb, 0x51, 0xcb, 
	0x83, 0x0f, 0xa4, 0x17, 0xa4, 0x17, 0xa4, 0x17, 
	0x9b, 0xd3, 0x9b, 0xd3, 0xac, 0x57, 0xac, 0x99, 
	0xb4, 0x97, 0xac, 0x97, 0xdd, 0xdf, 0x62, 0x91, 
	0x00, 0x01, 0x18, 0x85, 0x18, 0x83, 0x18, 0x83, 
	0x18, 0x83, 0x31, 0x49, 0x6b, 0x15, 0x5a, 0xd3, 
	0x83, 0xd9, 0x83, 0xd9, 0x4a, 0x0b, 0x83, 0x99, 
	0x83, 0xd7, 0x62, 0x4d, 0x5a, 0x4d, 0x6a, 0xd1, 
	0x63, 0x17, 0x62, 0xd5, 0x9b, 0xd7, 0x39, 0x49, 
	0x39, 0x49, 0x6a, 0x0b, 0x8b, 0x53, 0x9c, 0x15, 
	0xac, 0x99, 0xa4, 0x57, 0x83, 0x0f, 0x83, 0x51, 
	0xac, 0x9b, 0xb5, 0x1b, 0xc5, 0x1d, 0xb4, 0x99, 
	0x31, 0x47, 0x10, 0x43, 0x18, 0x83, 0x18, 0x83, 
	0x18, 0x85, 0x08, 0x41, 0x18, 0x85, 0x62, 0xd3, 
	0x63, 0x13, 0x73, 0x55, 0x7b, 0x97, 0x83, 0xd9, 
	0x83, 0xd7, 0x6a, 0xd1, 0x62, 0x8f, 0x62, 0x4f, 
	0x31, 0x49, 0x5a, 0x91, 0xd5, 0x17, 0x5a, 0x4d, 
	0x31, 0x07, 0x51, 0xcb, 0x8b, 0x93, 0x93, 0xd3, 
	0x83, 0x51, 0x83, 0x93, 0x7b, 0x11, 0x6a, 0x8d, 
	0x94, 0x17, 0xb5, 0x1d, 0xb4, 0xd9, 0xc5, 0x19, 
	0x6a, 0x8d, 0x08, 0x03, 0x08, 0x43, 0x10, 0x43, 
	0x18, 0x85, 0x10, 0x43, 0x00, 0x01, 0x39, 0x8b, 
	0x8c, 0x19, 0x94, 0x5b, 0x7b, 0x97, 0x7b, 0x95, 
	0x7b, 0x97, 0x7b, 0x55, 0x73, 0x13, 0x6a, 0xd3, 
	0x18, 0x85, 0x5a, 0x0d, 0xb4, 0x11, 0x72, 0x8d, 
	0x08, 0x43, 0x18, 0x85, 0x93, 0xd3, 0xb4, 0x97, 
	0xac, 0x57, 0x94, 0x17, 0x83, 0x53, 0x7b, 0x11, 
	0x83, 0x95, 0x9c, 0x17, 0x9c, 0x17, 0xbc, 0xd9, 
	0xcd, 0x59, 0x72, 0xcf, 0x18, 0xc5, 0x08, 0x43, 
	0x31, 0x07, 0x5a, 0x4f, 0x29, 0x49, 0x10, 0x83, 
	0x52, 0x91, 0x73, 0x55, 0x7b, 0x97, 0x83, 0xd9, 
	0x7b, 0x55, 0x83, 0xd9, 0x83, 0xd9, 0x83, 0xd7, 
	0xa3, 0xd5, 0x8b, 0x11, 0x9b, 0x53, 0x6a, 0x4d, 
	0x18, 0x85, 0x20, 0xc5, 0x9c, 0x15, 0xac, 0x57, 
	0xac, 0x97, 0xb5, 0x1d, 0x93, 0xd3, 0x72, 0xd1, 
	0x62, 0x91, 0x7b, 0x53, 0x9c, 0x15, 0xa4, 0x55, 
	0xc4, 0xd9, 0xcd, 0x17, 0x51, 0xcb, 0x00, 0x03, 
	0x31, 0x47, 0x93, 0xd5, 0x83, 0x95, 0x31, 0x89, 
	0x18, 0xc5, 0x29, 0x49, 0x62, 0xd3, 0x94, 0x5b, 
	0x83, 0xd9, 0x6b, 0x13, 0x8c, 0x1b, 0x7b, 0x97, 
	0x93, 0xd7, 0x93, 0x95, 0x6a, 0x8f, 0x6a, 0x91, 
	0x39, 0x49, 0x18, 0x85, 0xa4, 0x59, 0xc5, 0x5d, 
	0xd5, 0xe1, 0xcd, 0x9f, 0xa4, 0x59, 0x72, 0xcd, 
	0x83, 0x51, 0xac, 0x97, 0xbc, 0xd9, 0x73, 0x0f, 
	0x29, 0x09, 0x9b, 0xd3, 0xa4, 0x15, 0xac, 0x55, 
	0x7b, 0x51, 0x49, 0xcb, 0x8b, 0x93, 0x73, 0x13, 
	0x6b, 0x13, 0x62, 0xd1, 0x4a, 0x0d, 0x39, 0x8b, 
	0x41, 0xcd, 0x62, 0xd1, 0x73, 0x55, 0x7b, 0x97, 
	0xa4, 0x5b, 0xbd, 0x1d, 0xa4, 0x17, 0x83, 0x55, 
	0x41, 0x8b, 0x08, 0x01, 0x49, 0xcb, 0x8b, 0x95, 
	0xb5, 0x21, 0xc5, 0x63, 0x9c, 0x5d, 0x93, 0x91, 
	0xa4, 0x53, 0x9c, 0x15, 0x9c, 0x57, 0x73, 0x11, 
	0x93, 0xd7, 0xcd, 0x19, 0xd5, 0x5b, 0xdd, 0x9b, 
	0xe6, 0x1f, 0xa4, 0x59, 0x10, 0x03, 0x29, 0x07, 
	0xc5, 0x61, 0xc5, 0x61, 0x93, 0xd7, 0x93, 0xd7, 
	0x52, 0x4f, 0x39, 0xcb, 0x5a, 0x93, 0x62, 0xd3, 
	0x83, 0x13, 0x5a, 0x4d, 0x62, 0x8f, 0x72, 0xd3, 
	0x73, 0x15, 0x08, 0x43, 0x10, 0x43, 0x28, 0xc5, 
	0x31, 0x07, 0x41, 0xcb, 0x62, 0x91, 0x83, 0x93, 
	0x94, 0x17, 0x94, 0x17, 0x8b, 0xd5, 0xb4, 0x99, 
	0xd5, 0x5b, 0xcd, 0x17, 0xcd, 0x19, 0xd5, 0x9f, 
	0xdd, 0xe3, 0xde, 0x25, 0x52, 0x4f, 0x10, 0x43, 
	0x8b, 0xd7, 0xac, 0xdd, 0xb4, 0xdb, 0xb4, 0xdd, 
	0xac, 0x9b, 0x83, 0x95, 0x4a, 0x0f, 0x39, 0x8b, 
	0x20, 0xc5, 0x41, 0x8b, 0x41, 0x47, 0x5a, 0x0d, 
	0x6a, 0x91, 0x08, 0x43, 0x00, 0x01, 0x18, 0x83, 
	0x28, 0x85, 0x20, 0x83, 0x28, 0x83, 0x31, 0x07, 
	0x52, 0x0d, 0x52, 0x0d, 0x83, 0x97, 0xcd, 0x1b, 
	0xc4, 0x95, 0xbc, 0xd9, 0xd5, 0xe3, 0xdd, 0xe1, 
	0xcd, 0x5d, 0xcd, 0xe7, 0xbd, 0x5f, 0x20, 0xc5, 
	0x49, 0xcb, 0x8b, 0xd5, 0xb4, 0xdd, 0xac, 0x99, 
	0xb5, 0x1d, 0x9c, 0x57, 0xbc, 0xd9, 0xd5, 0x5b, 
	0x49, 0xc9, 0x39, 0x47, 0x41, 0x47, 0x29, 0x09, 
	0x10, 0x85, 0x00, 0x01, 0x00, 0x01, 0x00, 0x01, 
	0x10, 0x83, 0x28, 0xc5, 0x31, 0x05, 0x29, 0x05, 
	0x31, 0x47, 0x18, 0x83, 0x7b, 0x97, 0xd5, 0x9f, 
	0xcd, 0x5d, 0xde, 0x23, 0xe6, 0xa9, 0xde, 0x67, 
	0xcd, 0x9f, 0xcd, 0xe5, 0xee, 0xaf, 0x8c, 0x19, 
	0x20, 0xc5, 0x7b, 0x13, 0xb4, 0xdf, 0xb4, 0xdd, 
	0xbd, 0x1d, 0xbc, 0xdd, 0xcd, 0x1b, 0xd5, 0x59, 
	0xd5, 0x59, 0xcc, 0xd5, 0xa4, 0x15, 0x18, 0x83, 
	0x10, 0x43, 0x10, 0x83, 0x10, 0x43, 0x08, 0x43, 
	0x08, 0x43, 0x08, 0x01, 0x20, 0x85, 0x31, 0x49, 
	0x20, 0xc5, 0x00, 0x01, 0x41, 0xcb, 0xb5, 0x1f, 
	0x94, 0x19, 0x72, 0xd1, 0x7b, 0x13, 0x93, 0x97, 
	0xbd, 0x61, 0xbd, 0x63, 0xac, 0xe1, 0xa4, 0xdf, 
	0x28, 0xc7, 0x41, 0x89, 0xa4, 0x5b, 0xc5, 0x5f, 
	0xb4, 0xdd, 0xb4, 0xdd, 0xb4, 0x99, 0xcd, 0x19, 
	0xbc, 0x95, 0xc4, 0x95, 0xcd, 0x5d, 0xb4, 0xdd, 
	0xbd, 0x1d, 0xcd, 0x9f, 0xbc, 0xd9, 0xa4, 0x17, 
	0x8b, 0x97, 0x31, 0x49, 0x00, 0x01, 0x00, 0x01, 
	0x00, 0x01, 0x08, 0x41, 0x20, 0xc5, 0x8b, 0xd9, 
	0x8b, 0xd7, 0x52, 0x0b, 0x49, 0x47, 0x6a, 0x0b, 
	0x73, 0x15, 0x52, 0x0b, 0x39, 0x05, 0x49, 0xcb, 
	0x20, 0xc5, 0x10, 0x43, 0x52, 0x0b, 0xac, 0x59, 
	0xbd, 0x1f, 0xbd, 0x61, 0xb4, 0xdd, 0xb4, 0x97, 
	0xb4, 0x97, 0xcd, 0x5b, 0xbc, 0xd9, 0xc5, 0x19, 
	0xbc, 0x99, 0xc4, 0x57, 0xb4, 0x57, 0x93, 0x93, 
	0xa3, 0xd5, 0xa3, 0xd5, 0x20, 0xc7, 0x18, 0x85, 
	0x5a, 0x4d, 0x29, 0x07, 0x08, 0x03, 0x62, 0x91, 
	0x72, 0xcf, 0x72, 0x8d, 0x5a, 0x0b, 0x49, 0x89, 
	0x39, 0x07, 0x28, 0xc5, 0x30, 0xc5, 0x41, 0x89, 
	0x08, 0x41, 0x08, 0x03, 0x41, 0x89, 0x8b, 0x53, 
	0xac, 0x9b, 0xb4, 0xdd, 0xbd, 0x1f, 0xbc, 0x99, 
	0xa4, 0x17, 0xac, 0x59, 0xb4, 0x57, 0xac, 0x55, 
	0x9b, 0x93, 0xb3, 0xd1, 0x9b, 0xd7, 0x6a, 0x4d, 
	0x7a, 0x8d, 0x9b, 0xd5, 0x52, 0x0b, 0xa4, 0x15, 
	0xcd, 0x5b, 0x29, 0x07, 0x00, 0x01, 0x20, 0xc5, 
	0x83, 0x53, 0x93, 0xd7, 0x6a, 0x8f, 0x49, 0x89, 
	0x30, 0xc5, 0x20, 0x85, 0x20, 0x85, 0x08, 0x43, 
	0x00, 0x01, 0x08, 0x43, 0x28, 0xc5, 0x93, 0xd7, 
	0xac, 0x9b, 0xc5, 0x5f, 0xac, 0x9d, 0xac, 0x9b, 
	0xc4, 0xd9, 0x9b, 0x8f, 0xb4, 0x53, 0xa3, 0xd3, 
	0xc5, 0x1d, 0xdd, 0xe1, 0xbd, 0x1f, 0x8b, 0x13, 
	0xa3, 0xd5, 0x7a, 0xcf, 0x93, 0xd3, 0xdd, 0x9b, 
	0xd5, 0x9d, 0x52, 0x4d, 0x00, 0x01, 0x08, 0x43, 
	0x5a, 0x4d, 0x72, 0xd1, 0x49, 0x49, 0x51, 0x89, 
	0x62, 0x0b, 0x51, 0xc9, 0x18, 0x85, 0x10, 0x45, 
	0x00, 0x01, 0x00, 0x01, 0x08, 0x43, 0x6a, 0x8f, 
	0xbc, 0xdd, 0xac, 0x9b, 0xac, 0x9b, 0xac, 0x9d, 
	0xb4, 0xdb, 0xc5, 0x1b, 0xb4, 0x53, 0xac, 0x13, 
	0xac, 0x57, 0xb4, 0x97, 0xac, 0x59, 0x9b, 0xd7, 
	0x8b, 0x53, 0x7a, 0xcf, 0x6a, 0x4d, 0x9c, 0x15, 
	0xbc, 0xd9, 0x8b, 0xd5, 0x08, 0x03, 0x00, 0x01, 
	0x08, 0x43, 0x39, 0x47, 0x62, 0x4d, 0x7a, 0xcf, 
	0xac, 0x13, 0xc4, 0xd7, 0xbc, 0xd9, 0xc4, 0xd9, 
	0x73, 0x0f, 0x49, 0xcb, 0x08, 0x43, 0x31, 0x07, 
	0xb4, 0xdd, 0xbd, 0x1f, 0xac, 0x99, 0xbd, 0x1f, 
	0x93, 0xd7, 0xcd, 0x5d, 0x7a, 0xcd, 0xb4, 0x51, 
	0x93, 0x8f, 0x83, 0x0f, 0x6a, 0x8d, 0x51, 0xcb, 
	0x8a, 0x8d, 0x9b, 0x8f, 0x49, 0xcb, 0x7b, 0x11, 
	0x9b, 0xd5, 0xa4, 0x57, 0x52, 0x4d, 0x20, 0xc5, 
	0x5a, 0x4f, 0xcd, 0x5b, 0xbc, 0xd9, 0xc5, 0x1d, 
	0xb4, 0xdb, 0xa4, 0x15, 0x9c, 0x15, 0xac, 0x55, 
	0xbc, 0x97, 0xcd, 0x59, 0x52, 0x0d, 0x08, 0x01, 
	0x83, 0x53, 0xbd, 0x1d, 0xb4, 0x9b, 0xac, 0x9b, 
	0x93, 0xd5, 0xac, 0x99, 0x8b, 0x51, 0xac, 0x15, 
	0xb4, 0x13, 0x93, 0x4f, 0x51, 0xc9, 0x6a, 0x4b, 
	0xa3, 0xd3, 0x93, 0x51, 0x93, 0x91, 0x9b, 0xd5, 
	0x9c, 0x17, 0xa4, 0x17, 0xac, 0x57, 0x83, 0x53, 
	0x83, 0x95, 0xe6, 0x21, 0xcd, 0x5b, 0xc4, 0xd9, 
	0xac, 0x57, 0xa4, 0x17, 0x8b, 0x93, 0xa4, 0x59, 
	0xbc, 0xd7, 0xc4, 0xd7, 0xbd, 0x1b, 0x29, 0x49, 
	0x41, 0x89, 0x9c, 0x17, 0xac, 0x99, 0xa4, 0x9b, 
	0x4a, 0x0d, 0x5a, 0x0d, 0x9b, 0xd1, 0xbc, 0x99, 
	0xa3, 0xd3, 0x49, 0x47, 0x39, 0x07, 0x51, 0xc9, 
	0x7b, 0x11, 0x93, 0x95, 0xac, 0x5b, 0xbc, 0xdb, 
	0xc5, 0x5f, 0xbc, 0xdb, 0x9b, 0xd1, 0x9b, 0xd3, 
	0x7b, 0x11, 0xe6, 0x23, 0xcd, 0x5d, 0xcd, 0x1b, 
	0xc4, 0xd9, 0xbc, 0x99, 0xcd, 0x5d, 0xbc, 0xdb, 
	0xbc, 0x95, 0xc4, 0xd7, 0xbc, 0x97, 0x41, 0x8b, 
	0x18, 0x83, 0x7b, 0x13, 0xb4, 0xdd, 0x6a, 0xd1, 
	0x00, 0x01, 0x39, 0x47, 0xa4, 0x15, 0x83, 0x53, 
	0x41, 0x07, 0x30, 0xc5, 0x20, 0x83, 0x39, 0x49, 
	0x93, 0x95, 0xc5, 0x5f, 0xc5, 0x1d, 0xb4, 0x97, 
	0xac, 0x99, 0x9c, 0x15, 0x9b, 0xd3, 0x73, 0x11, 
	0x72, 0xcd, 0xc4, 0xd9, 0xe6, 0x25, 0xbc, 0xdb, 
	0xc5, 0x17, 0xbc, 0x97, 0xc5, 0x19, 0xbc, 0xd9, 
	0xc4, 0xd7, 0xbc, 0x95, 0x9b, 0x8f, 0x41, 0x89, 
	0x00, 0x01, 0x41, 0x89, 0x83, 0x95, 0x52, 0x0d, 
	0x10, 0x43, 0x08, 0x41, 0x52, 0x0d, 0x41, 0x49, 
	0x20, 0x85, 0x10, 0x43, 0x08, 0x43, 0x5a, 0x0b, 
	0xbc, 0x51, 0xc4, 0x51, 0xb4, 0x13, 0xb4, 0x99, 
	0xc5, 0x5f, 0xa4, 0x59, 0x73, 0x13, 0x18, 0xc7, 
	0x52, 0x09, 0xc4, 0xd7, 0xde, 0x65, 0x9c, 0x17, 
	0xb4, 0x97, 0xc4, 0xd7, 0xbc, 0xdb, 0xbc, 0xd9, 
	0xbc, 0xd5, 0xbc, 0x93, 0x93, 0x8f, 0x20, 0xc5, 
	0x00, 0x01, 0x10, 0x43, 0x49, 0xcb, 0x62, 0x8d, 
	0x08, 0x43, 0x18, 0xc5, 0x39, 0x47, 0x51, 0xc9, 
	0x62, 0x4d, 0x49, 0x89, 0x39, 0x47, 0x39, 0x47, 
	0x8b, 0x0d, 0xb4, 0x0f, 0xb4, 0x11, 0xc4, 0xd7, 
	0xbd, 0x1f, 0xa4, 0x9d, 0xc5, 0x1d, 0x93, 0xd7, 
	0x41, 0x47, 0xbc, 0xd9, 0xdd, 0xe1, 0xcd, 0x1b, 
	0xd5, 0x9d, 0xcd, 0x5d, 0xd5, 0xe3, 0xbc, 0xdb, 
	0xac, 0x13, 0x7b, 0x0f, 0x39, 0x49, 0x21, 0x07, 
	0x52, 0x0d, 0x18, 0xc5, 0x18, 0x85, 0x08, 0x01, 
	0x29, 0x05, 0x52, 0x0b, 0x7b, 0x0f, 0x7b, 0x0f, 
	0x7a, 0xcf, 0x83, 0x11, 0x51, 0xcb, 0x28, 0xc5, 
	0x49, 0xcb, 0xbc, 0x55, 0xbc, 0x95, 0xd5, 0x9d, 
	0xbd, 0x1d, 0xd5, 0x9d, 0xee, 0x21, 0xde, 0x27, 
	0x51, 0xc9, 0xac, 0x55, 0xdd, 0x9d, 0xd5, 0x5b, 
	0xd5, 0x9d, 0xe6, 0xa9, 0xcd, 0x61, 0xb4, 0xd9, 
	0x9b, 0xd3, 0x62, 0x8d, 0x49, 0xcb, 0x7b, 0x11, 
	0x93, 0x51, 0x72, 0x8d, 0x39, 0x47, 0x10, 0x83, 
	0x5a, 0x4d, 0x93, 0x91, 0x93, 0xd3, 0xb4, 0x97, 
	0x9c, 0x15, 0x93, 0xd7, 0x7b, 0x13, 0x29, 0x09, 
	0x41, 0xcb, 0x9b, 0xd5, 0xac, 0x59, 0xa4, 0x59, 
	0x9c, 0x17, 0xd5, 0xe1, 0xee, 0x63, 0xd5, 0x9f, 
	0x72, 0x8d, 0x93, 0x93, 0xcd, 0x9f, 0xe6, 0x65, 
	0xe6, 0x69, 0xde, 0x6b, 0xbd, 0x1f, 0xac, 0x97, 
	0x83, 0x51, 0x6a, 0x8d, 0x6a, 0x8f, 0x82, 0xcb, 
	0x93, 0x4d, 0x93, 0x4d, 0x6a, 0x8d, 0x28, 0xc5, 
	0x8b, 0x93, 0xa4, 0x57, 0x9c, 0x5b, 0xb5, 0x1f, 
	0xb4, 0xdd, 0xb5, 0x65, 0xa4, 0x5d, 0x7b, 0x11, 
	0x20, 0xc5, 0x62, 0xd1, 0x5a, 0x91, 0x52, 0x4f, 
	0x72, 0x8d, 0xb4, 0x55, 0xde, 0x69, 0xe5, 0xe1, 
	0x83, 0x11, 0x62, 0x4b, 0xe6, 0x6b, 0xe6, 0xa9, 
	0xde, 0x69, 0xa4, 0x9d, 0x7b, 0x53, 0x5a, 0x4d, 
	0x5a, 0x0b, 0x62, 0x0d, 0x6a, 0x8b, 0x93, 0x4d, 
	0x82, 0xcb, 0x82, 0xcb, 0x93, 0x91, 0x52, 0x0b, 
	0x62, 0x8d, 0xa4, 0x59, 0xbd, 0x63, 0xbd, 0xa7, 
	0xad, 0x25, 0xbd, 0x63, 0xbd, 0x21, 0xbd, 0x1f, 
	0xa4, 0x9d, 0x73, 0x13, 0x9c, 0x19, 0xbd, 0x61, 
	0x94, 0x1d, 0x73, 0x11, 0xc4, 0xd7, 0xe5, 0xdd, 
	0xac, 0x99, 0x49, 0x89, 0x94, 0x1d, 0xd5, 0xe7, 
	0xa4, 0x9d, 0x62, 0x8f, 0x41, 0x89, 0x41, 0x89, 
	0x62, 0x0b, 0x6a, 0x4b, 0x7a, 0xcb, 0x7a, 0xcb, 
	0x6a, 0x4b, 0x7a, 0xcd, 0x8b, 0x91, 0x7b, 0x0f, 
	0x5a, 0x4d, 0x7b, 0x11, 0xc5, 0x1f, 0xc5, 0xeb, 
	0xbd, 0x67, 0xc5, 0x61, 0xbd, 0x1f, 0xc5, 0xe5, 
	0xde, 0x71, 0xce, 0x2b, 0xac, 0xdd, 0xbd, 0x63, 
	0xc5, 0xe7, 0x62, 0xd5, 0x9b, 0x8f, 0xee, 0x1f, 
	0xcd, 0xe7, 0x29, 0x49, 0x18, 0x43, 0x31, 0x07, 
	0x29, 0x05, 0x31, 0x07, 0x52, 0x0b, 0x6a, 0x8f, 
	0x62, 0x4d, 0x72, 0xcd, 0x7a, 0xcf, 0x72, 0x8d, 
	0x7a, 0xcd, 0x9b, 0xd1, 0x8b, 0x91, 0x7b, 0x0f, 
	0x7a, 0xcf, 0x62, 0x8d, 0xa4, 0x59, 0xb5, 0xa9, 
	0xbd, 0x65, 0xbc, 0x99, 0xcd, 0xa5, 0xc5, 0x61, 
	0xde, 0x29, 0xd5, 0xe7, 0xb5, 0x63, 0xb5, 0x67, 
	0xce, 0x6d, 0x42, 0x0f, 0x20, 0xc5, 0xb4, 0xd9, 
	0xe6, 0x69, 0x52, 0x51, 0x00, 0x01, 0x20, 0xc5, 
	0x6a, 0x8d, 0x62, 0x4b, 0x72, 0xcf, 0x6a, 0x8d, 
	0x6a, 0x4d, 0x6a, 0x8f, 0x6a, 0x8f, 0x6a, 0x8d, 
	0x7a, 0xcd, 0x93, 0x91, 0x8b, 0x4f, 0x93, 0x91, 
	0x72, 0xcd, 0x49, 0xc9, 0x9c, 0x17, 0xc5, 0xe9, 
	0xbd, 0x1f, 0xc5, 0x1b, 0xd5, 0x9f, 0xcd, 0x19, 
	0xd5, 0xa1, 0xcd, 0xe9, 0xc5, 0xa7, 0xb5, 0x67, 
	0xc5, 0xa3, 0x6b, 0x15, 0x10, 0x85, 0x39, 0x8b, 
	0x8b, 0xdb, 0x29, 0x09, 0x10, 0x43, 0x52, 0x4d, 
	0x8b, 0xd3, 0x83, 0x51, 0x72, 0x8d, 0x62, 0x4b, 
	0x6a, 0x8d, 0x7b, 0x0f, 0x83, 0x51, 0x6a, 0x4d, 
	0x7b, 0x0f, 0x7b, 0x51, 0x83, 0x0f, 0x7a, 0xcd, 
	0x7b, 0x11, 0x39, 0x89, 0x62, 0x4d, 0x93, 0xd5, 
	0xd6, 0x2b, 0xcd, 0x61, 0xc4, 0x95, 0xcd, 0x1b, 
	0xd5, 0x9f, 0xde, 0x25, 0xcd, 0x61, 0xc5, 0xa7, 
	0xbd, 0xe9, 0xb5, 0x63, 0x9c, 0x5f, 0x31, 0x8b, 
	0x00, 0x01, 0x00, 0x01, 0x18, 0x85, 0x39, 0x89, 
	0x62, 0x8f, 0x8b, 0x93, 0x72, 0x8d, 0x5a, 0x0b, 
	0x4a, 0x0b, 0x7b, 0x13, 0x7b, 0x13, 0x7b, 0x11, 
	0x7b, 0x53, 0x21, 0x05, 0x72, 0x8d, 0x62, 0x4d, 
	0x8b, 0x53, 0x41, 0xc9, 0x29, 0x07, 0x72, 0x8f, 
	0xa4, 0x5b, 0xcd, 0xe7, 0xb4, 0x99, 0xab, 0xd1, 
	0xcd, 0x19, 0xcd, 0xe3, 0xcd, 0xa3, 0xc5, 0x61, 
	0xac, 0x97, 0xbd, 0xa9, 0xbd, 0x65, 0xa4, 0xe1, 
	0x62, 0xcf, 0x31, 0x47, 0x08, 0x43, 0x08, 0x43, 
	0x18, 0x85, 0x39, 0x47, 0x39, 0x47, 0x49, 0xc9, 
	0x4a, 0x0b, 0x4a, 0x0b, 0x6a, 0xd1, 0x83, 0x95, 
	0x41, 0xcb, 0x00, 0x01, 0x52, 0x0b, 0x5a, 0x0b, 
	0xac, 0x15, 0x7b, 0x0f, 0x41, 0x89, 0x52, 0x0b, 
	0xbd, 0x61, 0xbd, 0x61, 0xb4, 0x59, 0xb4, 0x59, 
	0xb4, 0x99, 0xab, 0xd1, 0xc5, 0x1b, 0xbc, 0xdb, 
	0xac, 0x97, 0xb5, 0x65, 0xc5, 0xeb, 0xc5, 0xe7, 
	0xc5, 0xa5, 0x9c, 0x59, 0x18, 0x85, 0x00, 0x01, 
	0x10, 0x83, 0x18, 0x85, 0x83, 0xd9, 0x49, 0xc9, 
	0x49, 0xc9, 0x4a, 0x0b, 0x83, 0xd9, 0x7b, 0x53, 
	0x7b, 0x53, 0x72, 0xd1, 0x41, 0x89, 0x51, 0xcb, 
	
};

Gfx ccm_dl_SUPER_MARIO_64_5C3873C6_0_2_all_rgba16_copy_copy_copy_copy_copy_aligner[] = {gsSPEndDisplayList()};
u8 ccm_dl_SUPER_MARIO_64_5C3873C6_0_2_all_rgba16_copy_copy_copy_copy_copy[] = {
	0x8c, 0x1f, 0x9c, 0xe3, 0x51, 0xcb, 0x51, 0xcb, 
	0x83, 0x0f, 0xa4, 0x17, 0xa4, 0x17, 0xa4, 0x17, 
	0x9b, 0xd3, 0x9b, 0xd3, 0xac, 0x57, 0xac, 0x99, 
	0xb4, 0x97, 0xac, 0x97, 0xdd, 0xdf, 0x62, 0x91, 
	0x00, 0x01, 0x18, 0x85, 0x18, 0x83, 0x18, 0x83, 
	0x18, 0x83, 0x31, 0x49, 0x6b, 0x15, 0x5a, 0xd3, 
	0x83, 0xd9, 0x83, 0xd9, 0x4a, 0x0b, 0x83, 0x99, 
	0x83, 0xd7, 0x62, 0x4d, 0x5a, 0x4d, 0x6a, 0xd1, 
	0x63, 0x17, 0x62, 0xd5, 0x9b, 0xd7, 0x39, 0x49, 
	0x39, 0x49, 0x6a, 0x0b, 0x8b, 0x53, 0x9c, 0x15, 
	0xac, 0x99, 0xa4, 0x57, 0x83, 0x0f, 0x83, 0x51, 
	0xac, 0x9b, 0xb5, 0x1b, 0xc5, 0x1d, 0xb4, 0x99, 
	0x31, 0x47, 0x10, 0x43, 0x18, 0x83, 0x18, 0x83, 
	0x18, 0x85, 0x08, 0x41, 0x18, 0x85, 0x62, 0xd3, 
	0x63, 0x13, 0x73, 0x55, 0x7b, 0x97, 0x83, 0xd9, 
	0x83, 0xd7, 0x6a, 0xd1, 0x62, 0x8f, 0x62, 0x4f, 
	0x31, 0x49, 0x5a, 0x91, 0xd5, 0x17, 0x5a, 0x4d, 
	0x31, 0x07, 0x51, 0xcb, 0x8b, 0x93, 0x93, 0xd3, 
	0x83, 0x51, 0x83, 0x93, 0x7b, 0x11, 0x6a, 0x8d, 
	0x94, 0x17, 0xb5, 0x1d, 0xb4, 0xd9, 0xc5, 0x19, 
	0x6a, 0x8d, 0x08, 0x03, 0x08, 0x43, 0x10, 0x43, 
	0x18, 0x85, 0x10, 0x43, 0x00, 0x01, 0x39, 0x8b, 
	0x8c, 0x19, 0x94, 0x5b, 0x7b, 0x97, 0x7b, 0x95, 
	0x7b, 0x97, 0x7b, 0x55, 0x73, 0x13, 0x6a, 0xd3, 
	0x18, 0x85, 0x5a, 0x0d, 0xb4, 0x11, 0x72, 0x8d, 
	0x08, 0x43, 0x18, 0x85, 0x93, 0xd3, 0xb4, 0x97, 
	0xac, 0x57, 0x94, 0x17, 0x83, 0x53, 0x7b, 0x11, 
	0x83, 0x95, 0x9c, 0x17, 0x9c, 0x17, 0xbc, 0xd9, 
	0xcd, 0x59, 0x72, 0xcf, 0x18, 0xc5, 0x08, 0x43, 
	0x31, 0x07, 0x5a, 0x4f, 0x29, 0x49, 0x10, 0x83, 
	0x52, 0x91, 0x73, 0x55, 0x7b, 0x97, 0x83, 0xd9, 
	0x7b, 0x55, 0x83, 0xd9, 0x83, 0xd9, 0x83, 0xd7, 
	0xa3, 0xd5, 0x8b, 0x11, 0x9b, 0x53, 0x6a, 0x4d, 
	0x18, 0x85, 0x20, 0xc5, 0x9c, 0x15, 0xac, 0x57, 
	0xac, 0x97, 0xb5, 0x1d, 0x93, 0xd3, 0x72, 0xd1, 
	0x62, 0x91, 0x7b, 0x53, 0x9c, 0x15, 0xa4, 0x55, 
	0xc4, 0xd9, 0xcd, 0x17, 0x51, 0xcb, 0x00, 0x03, 
	0x31, 0x47, 0x93, 0xd5, 0x83, 0x95, 0x31, 0x89, 
	0x18, 0xc5, 0x29, 0x49, 0x62, 0xd3, 0x94, 0x5b, 
	0x83, 0xd9, 0x6b, 0x13, 0x8c, 0x1b, 0x7b, 0x97, 
	0x93, 0xd7, 0x93, 0x95, 0x6a, 0x8f, 0x6a, 0x91, 
	0x39, 0x49, 0x18, 0x85, 0xa4, 0x59, 0xc5, 0x5d, 
	0xd5, 0xe1, 0xcd, 0x9f, 0xa4, 0x59, 0x72, 0xcd, 
	0x83, 0x51, 0xac, 0x97, 0xbc, 0xd9, 0x73, 0x0f, 
	0x29, 0x09, 0x9b, 0xd3, 0xa4, 0x15, 0xac, 0x55, 
	0x7b, 0x51, 0x49, 0xcb, 0x8b, 0x93, 0x73, 0x13, 
	0x6b, 0x13, 0x62, 0xd1, 0x4a, 0x0d, 0x39, 0x8b, 
	0x41, 0xcd, 0x62, 0xd1, 0x73, 0x55, 0x7b, 0x97, 
	0xa4, 0x5b, 0xbd, 0x1d, 0xa4, 0x17, 0x83, 0x55, 
	0x41, 0x8b, 0x08, 0x01, 0x49, 0xcb, 0x8b, 0x95, 
	0xb5, 0x21, 0xc5, 0x63, 0x9c, 0x5d, 0x93, 0x91, 
	0xa4, 0x53, 0x9c, 0x15, 0x9c, 0x57, 0x73, 0x11, 
	0x93, 0xd7, 0xcd, 0x19, 0xd5, 0x5b, 0xdd, 0x9b, 
	0xe6, 0x1f, 0xa4, 0x59, 0x10, 0x03, 0x29, 0x07, 
	0xc5, 0x61, 0xc5, 0x61, 0x93, 0xd7, 0x93, 0xd7, 
	0x52, 0x4f, 0x39, 0xcb, 0x5a, 0x93, 0x62, 0xd3, 
	0x83, 0x13, 0x5a, 0x4d, 0x62, 0x8f, 0x72, 0xd3, 
	0x73, 0x15, 0x08, 0x43, 0x10, 0x43, 0x28, 0xc5, 
	0x31, 0x07, 0x41, 0xcb, 0x62, 0x91, 0x83, 0x93, 
	0x94, 0x17, 0x94, 0x17, 0x8b, 0xd5, 0xb4, 0x99, 
	0xd5, 0x5b, 0xcd, 0x17, 0xcd, 0x19, 0xd5, 0x9f, 
	0xdd, 0xe3, 0xde, 0x25, 0x52, 0x4f, 0x10, 0x43, 
	0x8b, 0xd7, 0xac, 0xdd, 0xb4, 0xdb, 0xb4, 0xdd, 
	0xac, 0x9b, 0x83, 0x95, 0x4a, 0x0f, 0x39, 0x8b, 
	0x20, 0xc5, 0x41, 0x8b, 0x41, 0x47, 0x5a, 0x0d, 
	0x6a, 0x91, 0x08, 0x43, 0x00, 0x01, 0x18, 0x83, 
	0x28, 0x85, 0x20, 0x83, 0x28, 0x83, 0x31, 0x07, 
	0x52, 0x0d, 0x52, 0x0d, 0x83, 0x97, 0xcd, 0x1b, 
	0xc4, 0x95, 0xbc, 0xd9, 0xd5, 0xe3, 0xdd, 0xe1, 
	0xcd, 0x5d, 0xcd, 0xe7, 0xbd, 0x5f, 0x20, 0xc5, 
	0x49, 0xcb, 0x8b, 0xd5, 0xb4, 0xdd, 0xac, 0x99, 
	0xb5, 0x1d, 0x9c, 0x57, 0xbc, 0xd9, 0xd5, 0x5b, 
	0x49, 0xc9, 0x39, 0x47, 0x41, 0x47, 0x29, 0x09, 
	0x10, 0x85, 0x00, 0x01, 0x00, 0x01, 0x00, 0x01, 
	0x10, 0x83, 0x28, 0xc5, 0x31, 0x05, 0x29, 0x05, 
	0x31, 0x47, 0x18, 0x83, 0x7b, 0x97, 0xd5, 0x9f, 
	0xcd, 0x5d, 0xde, 0x23, 0xe6, 0xa9, 0xde, 0x67, 
	0xcd, 0x9f, 0xcd, 0xe5, 0xee, 0xaf, 0x8c, 0x19, 
	0x20, 0xc5, 0x7b, 0x13, 0xb4, 0xdf, 0xb4, 0xdd, 
	0xbd, 0x1d, 0xbc, 0xdd, 0xcd, 0x1b, 0xd5, 0x59, 
	0xd5, 0x59, 0xcc, 0xd5, 0xa4, 0x15, 0x18, 0x83, 
	0x10, 0x43, 0x10, 0x83, 0x10, 0x43, 0x08, 0x43, 
	0x08, 0x43, 0x08, 0x01, 0x20, 0x85, 0x31, 0x49, 
	0x20, 0xc5, 0x00, 0x01, 0x41, 0xcb, 0xb5, 0x1f, 
	0x94, 0x19, 0x72, 0xd1, 0x7b, 0x13, 0x93, 0x97, 
	0xbd, 0x61, 0xbd, 0x63, 0xac, 0xe1, 0xa4, 0xdf, 
	0x28, 0xc7, 0x41, 0x89, 0xa4, 0x5b, 0xc5, 0x5f, 
	0xb4, 0xdd, 0xb4, 0xdd, 0xb4, 0x99, 0xcd, 0x19, 
	0xbc, 0x95, 0xc4, 0x95, 0xcd, 0x5d, 0xb4, 0xdd, 
	0xbd, 0x1d, 0xcd, 0x9f, 0xbc, 0xd9, 0xa4, 0x17, 
	0x8b, 0x97, 0x31, 0x49, 0x00, 0x01, 0x00, 0x01, 
	0x00, 0x01, 0x08, 0x41, 0x20, 0xc5, 0x8b, 0xd9, 
	0x8b, 0xd7, 0x52, 0x0b, 0x49, 0x47, 0x6a, 0x0b, 
	0x73, 0x15, 0x52, 0x0b, 0x39, 0x05, 0x49, 0xcb, 
	0x20, 0xc5, 0x10, 0x43, 0x52, 0x0b, 0xac, 0x59, 
	0xbd, 0x1f, 0xbd, 0x61, 0xb4, 0xdd, 0xb4, 0x97, 
	0xb4, 0x97, 0xcd, 0x5b, 0xbc, 0xd9, 0xc5, 0x19, 
	0xbc, 0x99, 0xc4, 0x57, 0xb4, 0x57, 0x93, 0x93, 
	0xa3, 0xd5, 0xa3, 0xd5, 0x20, 0xc7, 0x18, 0x85, 
	0x5a, 0x4d, 0x29, 0x07, 0x08, 0x03, 0x62, 0x91, 
	0x72, 0xcf, 0x72, 0x8d, 0x5a, 0x0b, 0x49, 0x89, 
	0x39, 0x07, 0x28, 0xc5, 0x30, 0xc5, 0x41, 0x89, 
	0x08, 0x41, 0x08, 0x03, 0x41, 0x89, 0x8b, 0x53, 
	0xac, 0x9b, 0xb4, 0xdd, 0xbd, 0x1f, 0xbc, 0x99, 
	0xa4, 0x17, 0xac, 0x59, 0xb4, 0x57, 0xac, 0x55, 
	0x9b, 0x93, 0xb3, 0xd1, 0x9b, 0xd7, 0x6a, 0x4d, 
	0x7a, 0x8d, 0x9b, 0xd5, 0x52, 0x0b, 0xa4, 0x15, 
	0xcd, 0x5b, 0x29, 0x07, 0x00, 0x01, 0x20, 0xc5, 
	0x83, 0x53, 0x93, 0xd7, 0x6a, 0x8f, 0x49, 0x89, 
	0x30, 0xc5, 0x20, 0x85, 0x20, 0x85, 0x08, 0x43, 
	0x00, 0x01, 0x08, 0x43, 0x28, 0xc5, 0x93, 0xd7, 
	0xac, 0x9b, 0xc5, 0x5f, 0xac, 0x9d, 0xac, 0x9b, 
	0xc4, 0xd9, 0x9b, 0x8f, 0xb4, 0x53, 0xa3, 0xd3, 
	0xc5, 0x1d, 0xdd, 0xe1, 0xbd, 0x1f, 0x8b, 0x13, 
	0xa3, 0xd5, 0x7a, 0xcf, 0x93, 0xd3, 0xdd, 0x9b, 
	0xd5, 0x9d, 0x52, 0x4d, 0x00, 0x01, 0x08, 0x43, 
	0x5a, 0x4d, 0x72, 0xd1, 0x49, 0x49, 0x51, 0x89, 
	0x62, 0x0b, 0x51, 0xc9, 0x18, 0x85, 0x10, 0x45, 
	0x00, 0x01, 0x00, 0x01, 0x08, 0x43, 0x6a, 0x8f, 
	0xbc, 0xdd, 0xac, 0x9b, 0xac, 0x9b, 0xac, 0x9d, 
	0xb4, 0xdb, 0xc5, 0x1b, 0xb4, 0x53, 0xac, 0x13, 
	0xac, 0x57, 0xb4, 0x97, 0xac, 0x59, 0x9b, 0xd7, 
	0x8b, 0x53, 0x7a, 0xcf, 0x6a, 0x4d, 0x9c, 0x15, 
	0xbc, 0xd9, 0x8b, 0xd5, 0x08, 0x03, 0x00, 0x01, 
	0x08, 0x43, 0x39, 0x47, 0x62, 0x4d, 0x7a, 0xcf, 
	0xac, 0x13, 0xc4, 0xd7, 0xbc, 0xd9, 0xc4, 0xd9, 
	0x73, 0x0f, 0x49, 0xcb, 0x08, 0x43, 0x31, 0x07, 
	0xb4, 0xdd, 0xbd, 0x1f, 0xac, 0x99, 0xbd, 0x1f, 
	0x93, 0xd7, 0xcd, 0x5d, 0x7a, 0xcd, 0xb4, 0x51, 
	0x93, 0x8f, 0x83, 0x0f, 0x6a, 0x8d, 0x51, 0xcb, 
	0x8a, 0x8d, 0x9b, 0x8f, 0x49, 0xcb, 0x7b, 0x11, 
	0x9b, 0xd5, 0xa4, 0x57, 0x52, 0x4d, 0x20, 0xc5, 
	0x5a, 0x4f, 0xcd, 0x5b, 0xbc, 0xd9, 0xc5, 0x1d, 
	0xb4, 0xdb, 0xa4, 0x15, 0x9c, 0x15, 0xac, 0x55, 
	0xbc, 0x97, 0xcd, 0x59, 0x52, 0x0d, 0x08, 0x01, 
	0x83, 0x53, 0xbd, 0x1d, 0xb4, 0x9b, 0xac, 0x9b, 
	0x93, 0xd5, 0xac, 0x99, 0x8b, 0x51, 0xac, 0x15, 
	0xb4, 0x13, 0x93, 0x4f, 0x51, 0xc9, 0x6a, 0x4b, 
	0xa3, 0xd3, 0x93, 0x51, 0x93, 0x91, 0x9b, 0xd5, 
	0x9c, 0x17, 0xa4, 0x17, 0xac, 0x57, 0x83, 0x53, 
	0x83, 0x95, 0xe6, 0x21, 0xcd, 0x5b, 0xc4, 0xd9, 
	0xac, 0x57, 0xa4, 0x17, 0x8b, 0x93, 0xa4, 0x59, 
	0xbc, 0xd7, 0xc4, 0xd7, 0xbd, 0x1b, 0x29, 0x49, 
	0x41, 0x89, 0x9c, 0x17, 0xac, 0x99, 0xa4, 0x9b, 
	0x4a, 0x0d, 0x5a, 0x0d, 0x9b, 0xd1, 0xbc, 0x99, 
	0xa3, 0xd3, 0x49, 0x47, 0x39, 0x07, 0x51, 0xc9, 
	0x7b, 0x11, 0x93, 0x95, 0xac, 0x5b, 0xbc, 0xdb, 
	0xc5, 0x5f, 0xbc, 0xdb, 0x9b, 0xd1, 0x9b, 0xd3, 
	0x7b, 0x11, 0xe6, 0x23, 0xcd, 0x5d, 0xcd, 0x1b, 
	0xc4, 0xd9, 0xbc, 0x99, 0xcd, 0x5d, 0xbc, 0xdb, 
	0xbc, 0x95, 0xc4, 0xd7, 0xbc, 0x97, 0x41, 0x8b, 
	0x18, 0x83, 0x7b, 0x13, 0xb4, 0xdd, 0x6a, 0xd1, 
	0x00, 0x01, 0x39, 0x47, 0xa4, 0x15, 0x83, 0x53, 
	0x41, 0x07, 0x30, 0xc5, 0x20, 0x83, 0x39, 0x49, 
	0x93, 0x95, 0xc5, 0x5f, 0xc5, 0x1d, 0xb4, 0x97, 
	0xac, 0x99, 0x9c, 0x15, 0x9b, 0xd3, 0x73, 0x11, 
	0x72, 0xcd, 0xc4, 0xd9, 0xe6, 0x25, 0xbc, 0xdb, 
	0xc5, 0x17, 0xbc, 0x97, 0xc5, 0x19, 0xbc, 0xd9, 
	0xc4, 0xd7, 0xbc, 0x95, 0x9b, 0x8f, 0x41, 0x89, 
	0x00, 0x01, 0x41, 0x89, 0x83, 0x95, 0x52, 0x0d, 
	0x10, 0x43, 0x08, 0x41, 0x52, 0x0d, 0x41, 0x49, 
	0x20, 0x85, 0x10, 0x43, 0x08, 0x43, 0x5a, 0x0b, 
	0xbc, 0x51, 0xc4, 0x51, 0xb4, 0x13, 0xb4, 0x99, 
	0xc5, 0x5f, 0xa4, 0x59, 0x73, 0x13, 0x18, 0xc7, 
	0x52, 0x09, 0xc4, 0xd7, 0xde, 0x65, 0x9c, 0x17, 
	0xb4, 0x97, 0xc4, 0xd7, 0xbc, 0xdb, 0xbc, 0xd9, 
	0xbc, 0xd5, 0xbc, 0x93, 0x93, 0x8f, 0x20, 0xc5, 
	0x00, 0x01, 0x10, 0x43, 0x49, 0xcb, 0x62, 0x8d, 
	0x08, 0x43, 0x18, 0xc5, 0x39, 0x47, 0x51, 0xc9, 
	0x62, 0x4d, 0x49, 0x89, 0x39, 0x47, 0x39, 0x47, 
	0x8b, 0x0d, 0xb4, 0x0f, 0xb4, 0x11, 0xc4, 0xd7, 
	0xbd, 0x1f, 0xa4, 0x9d, 0xc5, 0x1d, 0x93, 0xd7, 
	0x41, 0x47, 0xbc, 0xd9, 0xdd, 0xe1, 0xcd, 0x1b, 
	0xd5, 0x9d, 0xcd, 0x5d, 0xd5, 0xe3, 0xbc, 0xdb, 
	0xac, 0x13, 0x7b, 0x0f, 0x39, 0x49, 0x21, 0x07, 
	0x52, 0x0d, 0x18, 0xc5, 0x18, 0x85, 0x08, 0x01, 
	0x29, 0x05, 0x52, 0x0b, 0x7b, 0x0f, 0x7b, 0x0f, 
	0x7a, 0xcf, 0x83, 0x11, 0x51, 0xcb, 0x28, 0xc5, 
	0x49, 0xcb, 0xbc, 0x55, 0xbc, 0x95, 0xd5, 0x9d, 
	0xbd, 0x1d, 0xd5, 0x9d, 0xee, 0x21, 0xde, 0x27, 
	0x51, 0xc9, 0xac, 0x55, 0xdd, 0x9d, 0xd5, 0x5b, 
	0xd5, 0x9d, 0xe6, 0xa9, 0xcd, 0x61, 0xb4, 0xd9, 
	0x9b, 0xd3, 0x62, 0x8d, 0x49, 0xcb, 0x7b, 0x11, 
	0x93, 0x51, 0x72, 0x8d, 0x39, 0x47, 0x10, 0x83, 
	0x5a, 0x4d, 0x93, 0x91, 0x93, 0xd3, 0xb4, 0x97, 
	0x9c, 0x15, 0x93, 0xd7, 0x7b, 0x13, 0x29, 0x09, 
	0x41, 0xcb, 0x9b, 0xd5, 0xac, 0x59, 0xa4, 0x59, 
	0x9c, 0x17, 0xd5, 0xe1, 0xee, 0x63, 0xd5, 0x9f, 
	0x72, 0x8d, 0x93, 0x93, 0xcd, 0x9f, 0xe6, 0x65, 
	0xe6, 0x69, 0xde, 0x6b, 0xbd, 0x1f, 0xac, 0x97, 
	0x83, 0x51, 0x6a, 0x8d, 0x6a, 0x8f, 0x82, 0xcb, 
	0x93, 0x4d, 0x93, 0x4d, 0x6a, 0x8d, 0x28, 0xc5, 
	0x8b, 0x93, 0xa4, 0x57, 0x9c, 0x5b, 0xb5, 0x1f, 
	0xb4, 0xdd, 0xb5, 0x65, 0xa4, 0x5d, 0x7b, 0x11, 
	0x20, 0xc5, 0x62, 0xd1, 0x5a, 0x91, 0x52, 0x4f, 
	0x72, 0x8d, 0xb4, 0x55, 0xde, 0x69, 0xe5, 0xe1, 
	0x83, 0x11, 0x62, 0x4b, 0xe6, 0x6b, 0xe6, 0xa9, 
	0xde, 0x69, 0xa4, 0x9d, 0x7b, 0x53, 0x5a, 0x4d, 
	0x5a, 0x0b, 0x62, 0x0d, 0x6a, 0x8b, 0x93, 0x4d, 
	0x82, 0xcb, 0x82, 0xcb, 0x93, 0x91, 0x52, 0x0b, 
	0x62, 0x8d, 0xa4, 0x59, 0xbd, 0x63, 0xbd, 0xa7, 
	0xad, 0x25, 0xbd, 0x63, 0xbd, 0x21, 0xbd, 0x1f, 
	0xa4, 0x9d, 0x73, 0x13, 0x9c, 0x19, 0xbd, 0x61, 
	0x94, 0x1d, 0x73, 0x11, 0xc4, 0xd7, 0xe5, 0xdd, 
	0xac, 0x99, 0x49, 0x89, 0x94, 0x1d, 0xd5, 0xe7, 
	0xa4, 0x9d, 0x62, 0x8f, 0x41, 0x89, 0x41, 0x89, 
	0x62, 0x0b, 0x6a, 0x4b, 0x7a, 0xcb, 0x7a, 0xcb, 
	0x6a, 0x4b, 0x7a, 0xcd, 0x8b, 0x91, 0x7b, 0x0f, 
	0x5a, 0x4d, 0x7b, 0x11, 0xc5, 0x1f, 0xc5, 0xeb, 
	0xbd, 0x67, 0xc5, 0x61, 0xbd, 0x1f, 0xc5, 0xe5, 
	0xde, 0x71, 0xce, 0x2b, 0xac, 0xdd, 0xbd, 0x63, 
	0xc5, 0xe7, 0x62, 0xd5, 0x9b, 0x8f, 0xee, 0x1f, 
	0xcd, 0xe7, 0x29, 0x49, 0x18, 0x43, 0x31, 0x07, 
	0x29, 0x05, 0x31, 0x07, 0x52, 0x0b, 0x6a, 0x8f, 
	0x62, 0x4d, 0x72, 0xcd, 0x7a, 0xcf, 0x72, 0x8d, 
	0x7a, 0xcd, 0x9b, 0xd1, 0x8b, 0x91, 0x7b, 0x0f, 
	0x7a, 0xcf, 0x62, 0x8d, 0xa4, 0x59, 0xb5, 0xa9, 
	0xbd, 0x65, 0xbc, 0x99, 0xcd, 0xa5, 0xc5, 0x61, 
	0xde, 0x29, 0xd5, 0xe7, 0xb5, 0x63, 0xb5, 0x67, 
	0xce, 0x6d, 0x42, 0x0f, 0x20, 0xc5, 0xb4, 0xd9, 
	0xe6, 0x69, 0x52, 0x51, 0x00, 0x01, 0x20, 0xc5, 
	0x6a, 0x8d, 0x62, 0x4b, 0x72, 0xcf, 0x6a, 0x8d, 
	0x6a, 0x4d, 0x6a, 0x8f, 0x6a, 0x8f, 0x6a, 0x8d, 
	0x7a, 0xcd, 0x93, 0x91, 0x8b, 0x4f, 0x93, 0x91, 
	0x72, 0xcd, 0x49, 0xc9, 0x9c, 0x17, 0xc5, 0xe9, 
	0xbd, 0x1f, 0xc5, 0x1b, 0xd5, 0x9f, 0xcd, 0x19, 
	0xd5, 0xa1, 0xcd, 0xe9, 0xc5, 0xa7, 0xb5, 0x67, 
	0xc5, 0xa3, 0x6b, 0x15, 0x10, 0x85, 0x39, 0x8b, 
	0x8b, 0xdb, 0x29, 0x09, 0x10, 0x43, 0x52, 0x4d, 
	0x8b, 0xd3, 0x83, 0x51, 0x72, 0x8d, 0x62, 0x4b, 
	0x6a, 0x8d, 0x7b, 0x0f, 0x83, 0x51, 0x6a, 0x4d, 
	0x7b, 0x0f, 0x7b, 0x51, 0x83, 0x0f, 0x7a, 0xcd, 
	0x7b, 0x11, 0x39, 0x89, 0x62, 0x4d, 0x93, 0xd5, 
	0xd6, 0x2b, 0xcd, 0x61, 0xc4, 0x95, 0xcd, 0x1b, 
	0xd5, 0x9f, 0xde, 0x25, 0xcd, 0x61, 0xc5, 0xa7, 
	0xbd, 0xe9, 0xb5, 0x63, 0x9c, 0x5f, 0x31, 0x8b, 
	0x00, 0x01, 0x00, 0x01, 0x18, 0x85, 0x39, 0x89, 
	0x62, 0x8f, 0x8b, 0x93, 0x72, 0x8d, 0x5a, 0x0b, 
	0x4a, 0x0b, 0x7b, 0x13, 0x7b, 0x13, 0x7b, 0x11, 
	0x7b, 0x53, 0x21, 0x05, 0x72, 0x8d, 0x62, 0x4d, 
	0x8b, 0x53, 0x41, 0xc9, 0x29, 0x07, 0x72, 0x8f, 
	0xa4, 0x5b, 0xcd, 0xe7, 0xb4, 0x99, 0xab, 0xd1, 
	0xcd, 0x19, 0xcd, 0xe3, 0xcd, 0xa3, 0xc5, 0x61, 
	0xac, 0x97, 0xbd, 0xa9, 0xbd, 0x65, 0xa4, 0xe1, 
	0x62, 0xcf, 0x31, 0x47, 0x08, 0x43, 0x08, 0x43, 
	0x18, 0x85, 0x39, 0x47, 0x39, 0x47, 0x49, 0xc9, 
	0x4a, 0x0b, 0x4a, 0x0b, 0x6a, 0xd1, 0x83, 0x95, 
	0x41, 0xcb, 0x00, 0x01, 0x52, 0x0b, 0x5a, 0x0b, 
	0xac, 0x15, 0x7b, 0x0f, 0x41, 0x89, 0x52, 0x0b, 
	0xbd, 0x61, 0xbd, 0x61, 0xb4, 0x59, 0xb4, 0x59, 
	0xb4, 0x99, 0xab, 0xd1, 0xc5, 0x1b, 0xbc, 0xdb, 
	0xac, 0x97, 0xb5, 0x65, 0xc5, 0xeb, 0xc5, 0xe7, 
	0xc5, 0xa5, 0x9c, 0x59, 0x18, 0x85, 0x00, 0x01, 
	0x10, 0x83, 0x18, 0x85, 0x83, 0xd9, 0x49, 0xc9, 
	0x49, 0xc9, 0x4a, 0x0b, 0x83, 0xd9, 0x7b, 0x53, 
	0x7b, 0x53, 0x72, 0xd1, 0x41, 0x89, 0x51, 0xcb, 
	
};

Gfx ccm_dl_SUPER_MARIO_64_5C3873C6_0_2_all_rgba16_copy_copy_copy_copy_copy_copy_aligner[] = {gsSPEndDisplayList()};
u8 ccm_dl_SUPER_MARIO_64_5C3873C6_0_2_all_rgba16_copy_copy_copy_copy_copy_copy[] = {
	0x8c, 0x1f, 0x9c, 0xe3, 0x51, 0xcb, 0x51, 0xcb, 
	0x83, 0x0f, 0xa4, 0x17, 0xa4, 0x17, 0xa4, 0x17, 
	0x9b, 0xd3, 0x9b, 0xd3, 0xac, 0x57, 0xac, 0x99, 
	0xb4, 0x97, 0xac, 0x97, 0xdd, 0xdf, 0x62, 0x91, 
	0x00, 0x01, 0x18, 0x85, 0x18, 0x83, 0x18, 0x83, 
	0x18, 0x83, 0x31, 0x49, 0x6b, 0x15, 0x5a, 0xd3, 
	0x83, 0xd9, 0x83, 0xd9, 0x4a, 0x0b, 0x83, 0x99, 
	0x83, 0xd7, 0x62, 0x4d, 0x5a, 0x4d, 0x6a, 0xd1, 
	0x63, 0x17, 0x62, 0xd5, 0x9b, 0xd7, 0x39, 0x49, 
	0x39, 0x49, 0x6a, 0x0b, 0x8b, 0x53, 0x9c, 0x15, 
	0xac, 0x99, 0xa4, 0x57, 0x83, 0x0f, 0x83, 0x51, 
	0xac, 0x9b, 0xb5, 0x1b, 0xc5, 0x1d, 0xb4, 0x99, 
	0x31, 0x47, 0x10, 0x43, 0x18, 0x83, 0x18, 0x83, 
	0x18, 0x85, 0x08, 0x41, 0x18, 0x85, 0x62, 0xd3, 
	0x63, 0x13, 0x73, 0x55, 0x7b, 0x97, 0x83, 0xd9, 
	0x83, 0xd7, 0x6a, 0xd1, 0x62, 0x8f, 0x62, 0x4f, 
	0x31, 0x49, 0x5a, 0x91, 0xd5, 0x17, 0x5a, 0x4d, 
	0x31, 0x07, 0x51, 0xcb, 0x8b, 0x93, 0x93, 0xd3, 
	0x83, 0x51, 0x83, 0x93, 0x7b, 0x11, 0x6a, 0x8d, 
	0x94, 0x17, 0xb5, 0x1d, 0xb4, 0xd9, 0xc5, 0x19, 
	0x6a, 0x8d, 0x08, 0x03, 0x08, 0x43, 0x10, 0x43, 
	0x18, 0x85, 0x10, 0x43, 0x00, 0x01, 0x39, 0x8b, 
	0x8c, 0x19, 0x94, 0x5b, 0x7b, 0x97, 0x7b, 0x95, 
	0x7b, 0x97, 0x7b, 0x55, 0x73, 0x13, 0x6a, 0xd3, 
	0x18, 0x85, 0x5a, 0x0d, 0xb4, 0x11, 0x72, 0x8d, 
	0x08, 0x43, 0x18, 0x85, 0x93, 0xd3, 0xb4, 0x97, 
	0xac, 0x57, 0x94, 0x17, 0x83, 0x53, 0x7b, 0x11, 
	0x83, 0x95, 0x9c, 0x17, 0x9c, 0x17, 0xbc, 0xd9, 
	0xcd, 0x59, 0x72, 0xcf, 0x18, 0xc5, 0x08, 0x43, 
	0x31, 0x07, 0x5a, 0x4f, 0x29, 0x49, 0x10, 0x83, 
	0x52, 0x91, 0x73, 0x55, 0x7b, 0x97, 0x83, 0xd9, 
	0x7b, 0x55, 0x83, 0xd9, 0x83, 0xd9, 0x83, 0xd7, 
	0xa3, 0xd5, 0x8b, 0x11, 0x9b, 0x53, 0x6a, 0x4d, 
	0x18, 0x85, 0x20, 0xc5, 0x9c, 0x15, 0xac, 0x57, 
	0xac, 0x97, 0xb5, 0x1d, 0x93, 0xd3, 0x72, 0xd1, 
	0x62, 0x91, 0x7b, 0x53, 0x9c, 0x15, 0xa4, 0x55, 
	0xc4, 0xd9, 0xcd, 0x17, 0x51, 0xcb, 0x00, 0x03, 
	0x31, 0x47, 0x93, 0xd5, 0x83, 0x95, 0x31, 0x89, 
	0x18, 0xc5, 0x29, 0x49, 0x62, 0xd3, 0x94, 0x5b, 
	0x83, 0xd9, 0x6b, 0x13, 0x8c, 0x1b, 0x7b, 0x97, 
	0x93, 0xd7, 0x93, 0x95, 0x6a, 0x8f, 0x6a, 0x91, 
	0x39, 0x49, 0x18, 0x85, 0xa4, 0x59, 0xc5, 0x5d, 
	0xd5, 0xe1, 0xcd, 0x9f, 0xa4, 0x59, 0x72, 0xcd, 
	0x83, 0x51, 0xac, 0x97, 0xbc, 0xd9, 0x73, 0x0f, 
	0x29, 0x09, 0x9b, 0xd3, 0xa4, 0x15, 0xac, 0x55, 
	0x7b, 0x51, 0x49, 0xcb, 0x8b, 0x93, 0x73, 0x13, 
	0x6b, 0x13, 0x62, 0xd1, 0x4a, 0x0d, 0x39, 0x8b, 
	0x41, 0xcd, 0x62, 0xd1, 0x73, 0x55, 0x7b, 0x97, 
	0xa4, 0x5b, 0xbd, 0x1d, 0xa4, 0x17, 0x83, 0x55, 
	0x41, 0x8b, 0x08, 0x01, 0x49, 0xcb, 0x8b, 0x95, 
	0xb5, 0x21, 0xc5, 0x63, 0x9c, 0x5d, 0x93, 0x91, 
	0xa4, 0x53, 0x9c, 0x15, 0x9c, 0x57, 0x73, 0x11, 
	0x93, 0xd7, 0xcd, 0x19, 0xd5, 0x5b, 0xdd, 0x9b, 
	0xe6, 0x1f, 0xa4, 0x59, 0x10, 0x03, 0x29, 0x07, 
	0xc5, 0x61, 0xc5, 0x61, 0x93, 0xd7, 0x93, 0xd7, 
	0x52, 0x4f, 0x39, 0xcb, 0x5a, 0x93, 0x62, 0xd3, 
	0x83, 0x13, 0x5a, 0x4d, 0x62, 0x8f, 0x72, 0xd3, 
	0x73, 0x15, 0x08, 0x43, 0x10, 0x43, 0x28, 0xc5, 
	0x31, 0x07, 0x41, 0xcb, 0x62, 0x91, 0x83, 0x93, 
	0x94, 0x17, 0x94, 0x17, 0x8b, 0xd5, 0xb4, 0x99, 
	0xd5, 0x5b, 0xcd, 0x17, 0xcd, 0x19, 0xd5, 0x9f, 
	0xdd, 0xe3, 0xde, 0x25, 0x52, 0x4f, 0x10, 0x43, 
	0x8b, 0xd7, 0xac, 0xdd, 0xb4, 0xdb, 0xb4, 0xdd, 
	0xac, 0x9b, 0x83, 0x95, 0x4a, 0x0f, 0x39, 0x8b, 
	0x20, 0xc5, 0x41, 0x8b, 0x41, 0x47, 0x5a, 0x0d, 
	0x6a, 0x91, 0x08, 0x43, 0x00, 0x01, 0x18, 0x83, 
	0x28, 0x85, 0x20, 0x83, 0x28, 0x83, 0x31, 0x07, 
	0x52, 0x0d, 0x52, 0x0d, 0x83, 0x97, 0xcd, 0x1b, 
	0xc4, 0x95, 0xbc, 0xd9, 0xd5, 0xe3, 0xdd, 0xe1, 
	0xcd, 0x5d, 0xcd, 0xe7, 0xbd, 0x5f, 0x20, 0xc5, 
	0x49, 0xcb, 0x8b, 0xd5, 0xb4, 0xdd, 0xac, 0x99, 
	0xb5, 0x1d, 0x9c, 0x57, 0xbc, 0xd9, 0xd5, 0x5b, 
	0x49, 0xc9, 0x39, 0x47, 0x41, 0x47, 0x29, 0x09, 
	0x10, 0x85, 0x00, 0x01, 0x00, 0x01, 0x00, 0x01, 
	0x10, 0x83, 0x28, 0xc5, 0x31, 0x05, 0x29, 0x05, 
	0x31, 0x47, 0x18, 0x83, 0x7b, 0x97, 0xd5, 0x9f, 
	0xcd, 0x5d, 0xde, 0x23, 0xe6, 0xa9, 0xde, 0x67, 
	0xcd, 0x9f, 0xcd, 0xe5, 0xee, 0xaf, 0x8c, 0x19, 
	0x20, 0xc5, 0x7b, 0x13, 0xb4, 0xdf, 0xb4, 0xdd, 
	0xbd, 0x1d, 0xbc, 0xdd, 0xcd, 0x1b, 0xd5, 0x59, 
	0xd5, 0x59, 0xcc, 0xd5, 0xa4, 0x15, 0x18, 0x83, 
	0x10, 0x43, 0x10, 0x83, 0x10, 0x43, 0x08, 0x43, 
	0x08, 0x43, 0x08, 0x01, 0x20, 0x85, 0x31, 0x49, 
	0x20, 0xc5, 0x00, 0x01, 0x41, 0xcb, 0xb5, 0x1f, 
	0x94, 0x19, 0x72, 0xd1, 0x7b, 0x13, 0x93, 0x97, 
	0xbd, 0x61, 0xbd, 0x63, 0xac, 0xe1, 0xa4, 0xdf, 
	0x28, 0xc7, 0x41, 0x89, 0xa4, 0x5b, 0xc5, 0x5f, 
	0xb4, 0xdd, 0xb4, 0xdd, 0xb4, 0x99, 0xcd, 0x19, 
	0xbc, 0x95, 0xc4, 0x95, 0xcd, 0x5d, 0xb4, 0xdd, 
	0xbd, 0x1d, 0xcd, 0x9f, 0xbc, 0xd9, 0xa4, 0x17, 
	0x8b, 0x97, 0x31, 0x49, 0x00, 0x01, 0x00, 0x01, 
	0x00, 0x01, 0x08, 0x41, 0x20, 0xc5, 0x8b, 0xd9, 
	0x8b, 0xd7, 0x52, 0x0b, 0x49, 0x47, 0x6a, 0x0b, 
	0x73, 0x15, 0x52, 0x0b, 0x39, 0x05, 0x49, 0xcb, 
	0x20, 0xc5, 0x10, 0x43, 0x52, 0x0b, 0xac, 0x59, 
	0xbd, 0x1f, 0xbd, 0x61, 0xb4, 0xdd, 0xb4, 0x97, 
	0xb4, 0x97, 0xcd, 0x5b, 0xbc, 0xd9, 0xc5, 0x19, 
	0xbc, 0x99, 0xc4, 0x57, 0xb4, 0x57, 0x93, 0x93, 
	0xa3, 0xd5, 0xa3, 0xd5, 0x20, 0xc7, 0x18, 0x85, 
	0x5a, 0x4d, 0x29, 0x07, 0x08, 0x03, 0x62, 0x91, 
	0x72, 0xcf, 0x72, 0x8d, 0x5a, 0x0b, 0x49, 0x89, 
	0x39, 0x07, 0x28, 0xc5, 0x30, 0xc5, 0x41, 0x89, 
	0x08, 0x41, 0x08, 0x03, 0x41, 0x89, 0x8b, 0x53, 
	0xac, 0x9b, 0xb4, 0xdd, 0xbd, 0x1f, 0xbc, 0x99, 
	0xa4, 0x17, 0xac, 0x59, 0xb4, 0x57, 0xac, 0x55, 
	0x9b, 0x93, 0xb3, 0xd1, 0x9b, 0xd7, 0x6a, 0x4d, 
	0x7a, 0x8d, 0x9b, 0xd5, 0x52, 0x0b, 0xa4, 0x15, 
	0xcd, 0x5b, 0x29, 0x07, 0x00, 0x01, 0x20, 0xc5, 
	0x83, 0x53, 0x93, 0xd7, 0x6a, 0x8f, 0x49, 0x89, 
	0x30, 0xc5, 0x20, 0x85, 0x20, 0x85, 0x08, 0x43, 
	0x00, 0x01, 0x08, 0x43, 0x28, 0xc5, 0x93, 0xd7, 
	0xac, 0x9b, 0xc5, 0x5f, 0xac, 0x9d, 0xac, 0x9b, 
	0xc4, 0xd9, 0x9b, 0x8f, 0xb4, 0x53, 0xa3, 0xd3, 
	0xc5, 0x1d, 0xdd, 0xe1, 0xbd, 0x1f, 0x8b, 0x13, 
	0xa3, 0xd5, 0x7a, 0xcf, 0x93, 0xd3, 0xdd, 0x9b, 
	0xd5, 0x9d, 0x52, 0x4d, 0x00, 0x01, 0x08, 0x43, 
	0x5a, 0x4d, 0x72, 0xd1, 0x49, 0x49, 0x51, 0x89, 
	0x62, 0x0b, 0x51, 0xc9, 0x18, 0x85, 0x10, 0x45, 
	0x00, 0x01, 0x00, 0x01, 0x08, 0x43, 0x6a, 0x8f, 
	0xbc, 0xdd, 0xac, 0x9b, 0xac, 0x9b, 0xac, 0x9d, 
	0xb4, 0xdb, 0xc5, 0x1b, 0xb4, 0x53, 0xac, 0x13, 
	0xac, 0x57, 0xb4, 0x97, 0xac, 0x59, 0x9b, 0xd7, 
	0x8b, 0x53, 0x7a, 0xcf, 0x6a, 0x4d, 0x9c, 0x15, 
	0xbc, 0xd9, 0x8b, 0xd5, 0x08, 0x03, 0x00, 0x01, 
	0x08, 0x43, 0x39, 0x47, 0x62, 0x4d, 0x7a, 0xcf, 
	0xac, 0x13, 0xc4, 0xd7, 0xbc, 0xd9, 0xc4, 0xd9, 
	0x73, 0x0f, 0x49, 0xcb, 0x08, 0x43, 0x31, 0x07, 
	0xb4, 0xdd, 0xbd, 0x1f, 0xac, 0x99, 0xbd, 0x1f, 
	0x93, 0xd7, 0xcd, 0x5d, 0x7a, 0xcd, 0xb4, 0x51, 
	0x93, 0x8f, 0x83, 0x0f, 0x6a, 0x8d, 0x51, 0xcb, 
	0x8a, 0x8d, 0x9b, 0x8f, 0x49, 0xcb, 0x7b, 0x11, 
	0x9b, 0xd5, 0xa4, 0x57, 0x52, 0x4d, 0x20, 0xc5, 
	0x5a, 0x4f, 0xcd, 0x5b, 0xbc, 0xd9, 0xc5, 0x1d, 
	0xb4, 0xdb, 0xa4, 0x15, 0x9c, 0x15, 0xac, 0x55, 
	0xbc, 0x97, 0xcd, 0x59, 0x52, 0x0d, 0x08, 0x01, 
	0x83, 0x53, 0xbd, 0x1d, 0xb4, 0x9b, 0xac, 0x9b, 
	0x93, 0xd5, 0xac, 0x99, 0x8b, 0x51, 0xac, 0x15, 
	0xb4, 0x13, 0x93, 0x4f, 0x51, 0xc9, 0x6a, 0x4b, 
	0xa3, 0xd3, 0x93, 0x51, 0x93, 0x91, 0x9b, 0xd5, 
	0x9c, 0x17, 0xa4, 0x17, 0xac, 0x57, 0x83, 0x53, 
	0x83, 0x95, 0xe6, 0x21, 0xcd, 0x5b, 0xc4, 0xd9, 
	0xac, 0x57, 0xa4, 0x17, 0x8b, 0x93, 0xa4, 0x59, 
	0xbc, 0xd7, 0xc4, 0xd7, 0xbd, 0x1b, 0x29, 0x49, 
	0x41, 0x89, 0x9c, 0x17, 0xac, 0x99, 0xa4, 0x9b, 
	0x4a, 0x0d, 0x5a, 0x0d, 0x9b, 0xd1, 0xbc, 0x99, 
	0xa3, 0xd3, 0x49, 0x47, 0x39, 0x07, 0x51, 0xc9, 
	0x7b, 0x11, 0x93, 0x95, 0xac, 0x5b, 0xbc, 0xdb, 
	0xc5, 0x5f, 0xbc, 0xdb, 0x9b, 0xd1, 0x9b, 0xd3, 
	0x7b, 0x11, 0xe6, 0x23, 0xcd, 0x5d, 0xcd, 0x1b, 
	0xc4, 0xd9, 0xbc, 0x99, 0xcd, 0x5d, 0xbc, 0xdb, 
	0xbc, 0x95, 0xc4, 0xd7, 0xbc, 0x97, 0x41, 0x8b, 
	0x18, 0x83, 0x7b, 0x13, 0xb4, 0xdd, 0x6a, 0xd1, 
	0x00, 0x01, 0x39, 0x47, 0xa4, 0x15, 0x83, 0x53, 
	0x41, 0x07, 0x30, 0xc5, 0x20, 0x83, 0x39, 0x49, 
	0x93, 0x95, 0xc5, 0x5f, 0xc5, 0x1d, 0xb4, 0x97, 
	0xac, 0x99, 0x9c, 0x15, 0x9b, 0xd3, 0x73, 0x11, 
	0x72, 0xcd, 0xc4, 0xd9, 0xe6, 0x25, 0xbc, 0xdb, 
	0xc5, 0x17, 0xbc, 0x97, 0xc5, 0x19, 0xbc, 0xd9, 
	0xc4, 0xd7, 0xbc, 0x95, 0x9b, 0x8f, 0x41, 0x89, 
	0x00, 0x01, 0x41, 0x89, 0x83, 0x95, 0x52, 0x0d, 
	0x10, 0x43, 0x08, 0x41, 0x52, 0x0d, 0x41, 0x49, 
	0x20, 0x85, 0x10, 0x43, 0x08, 0x43, 0x5a, 0x0b, 
	0xbc, 0x51, 0xc4, 0x51, 0xb4, 0x13, 0xb4, 0x99, 
	0xc5, 0x5f, 0xa4, 0x59, 0x73, 0x13, 0x18, 0xc7, 
	0x52, 0x09, 0xc4, 0xd7, 0xde, 0x65, 0x9c, 0x17, 
	0xb4, 0x97, 0xc4, 0xd7, 0xbc, 0xdb, 0xbc, 0xd9, 
	0xbc, 0xd5, 0xbc, 0x93, 0x93, 0x8f, 0x20, 0xc5, 
	0x00, 0x01, 0x10, 0x43, 0x49, 0xcb, 0x62, 0x8d, 
	0x08, 0x43, 0x18, 0xc5, 0x39, 0x47, 0x51, 0xc9, 
	0x62, 0x4d, 0x49, 0x89, 0x39, 0x47, 0x39, 0x47, 
	0x8b, 0x0d, 0xb4, 0x0f, 0xb4, 0x11, 0xc4, 0xd7, 
	0xbd, 0x1f, 0xa4, 0x9d, 0xc5, 0x1d, 0x93, 0xd7, 
	0x41, 0x47, 0xbc, 0xd9, 0xdd, 0xe1, 0xcd, 0x1b, 
	0xd5, 0x9d, 0xcd, 0x5d, 0xd5, 0xe3, 0xbc, 0xdb, 
	0xac, 0x13, 0x7b, 0x0f, 0x39, 0x49, 0x21, 0x07, 
	0x52, 0x0d, 0x18, 0xc5, 0x18, 0x85, 0x08, 0x01, 
	0x29, 0x05, 0x52, 0x0b, 0x7b, 0x0f, 0x7b, 0x0f, 
	0x7a, 0xcf, 0x83, 0x11, 0x51, 0xcb, 0x28, 0xc5, 
	0x49, 0xcb, 0xbc, 0x55, 0xbc, 0x95, 0xd5, 0x9d, 
	0xbd, 0x1d, 0xd5, 0x9d, 0xee, 0x21, 0xde, 0x27, 
	0x51, 0xc9, 0xac, 0x55, 0xdd, 0x9d, 0xd5, 0x5b, 
	0xd5, 0x9d, 0xe6, 0xa9, 0xcd, 0x61, 0xb4, 0xd9, 
	0x9b, 0xd3, 0x62, 0x8d, 0x49, 0xcb, 0x7b, 0x11, 
	0x93, 0x51, 0x72, 0x8d, 0x39, 0x47, 0x10, 0x83, 
	0x5a, 0x4d, 0x93, 0x91, 0x93, 0xd3, 0xb4, 0x97, 
	0x9c, 0x15, 0x93, 0xd7, 0x7b, 0x13, 0x29, 0x09, 
	0x41, 0xcb, 0x9b, 0xd5, 0xac, 0x59, 0xa4, 0x59, 
	0x9c, 0x17, 0xd5, 0xe1, 0xee, 0x63, 0xd5, 0x9f, 
	0x72, 0x8d, 0x93, 0x93, 0xcd, 0x9f, 0xe6, 0x65, 
	0xe6, 0x69, 0xde, 0x6b, 0xbd, 0x1f, 0xac, 0x97, 
	0x83, 0x51, 0x6a, 0x8d, 0x6a, 0x8f, 0x82, 0xcb, 
	0x93, 0x4d, 0x93, 0x4d, 0x6a, 0x8d, 0x28, 0xc5, 
	0x8b, 0x93, 0xa4, 0x57, 0x9c, 0x5b, 0xb5, 0x1f, 
	0xb4, 0xdd, 0xb5, 0x65, 0xa4, 0x5d, 0x7b, 0x11, 
	0x20, 0xc5, 0x62, 0xd1, 0x5a, 0x91, 0x52, 0x4f, 
	0x72, 0x8d, 0xb4, 0x55, 0xde, 0x69, 0xe5, 0xe1, 
	0x83, 0x11, 0x62, 0x4b, 0xe6, 0x6b, 0xe6, 0xa9, 
	0xde, 0x69, 0xa4, 0x9d, 0x7b, 0x53, 0x5a, 0x4d, 
	0x5a, 0x0b, 0x62, 0x0d, 0x6a, 0x8b, 0x93, 0x4d, 
	0x82, 0xcb, 0x82, 0xcb, 0x93, 0x91, 0x52, 0x0b, 
	0x62, 0x8d, 0xa4, 0x59, 0xbd, 0x63, 0xbd, 0xa7, 
	0xad, 0x25, 0xbd, 0x63, 0xbd, 0x21, 0xbd, 0x1f, 
	0xa4, 0x9d, 0x73, 0x13, 0x9c, 0x19, 0xbd, 0x61, 
	0x94, 0x1d, 0x73, 0x11, 0xc4, 0xd7, 0xe5, 0xdd, 
	0xac, 0x99, 0x49, 0x89, 0x94, 0x1d, 0xd5, 0xe7, 
	0xa4, 0x9d, 0x62, 0x8f, 0x41, 0x89, 0x41, 0x89, 
	0x62, 0x0b, 0x6a, 0x4b, 0x7a, 0xcb, 0x7a, 0xcb, 
	0x6a, 0x4b, 0x7a, 0xcd, 0x8b, 0x91, 0x7b, 0x0f, 
	0x5a, 0x4d, 0x7b, 0x11, 0xc5, 0x1f, 0xc5, 0xeb, 
	0xbd, 0x67, 0xc5, 0x61, 0xbd, 0x1f, 0xc5, 0xe5, 
	0xde, 0x71, 0xce, 0x2b, 0xac, 0xdd, 0xbd, 0x63, 
	0xc5, 0xe7, 0x62, 0xd5, 0x9b, 0x8f, 0xee, 0x1f, 
	0xcd, 0xe7, 0x29, 0x49, 0x18, 0x43, 0x31, 0x07, 
	0x29, 0x05, 0x31, 0x07, 0x52, 0x0b, 0x6a, 0x8f, 
	0x62, 0x4d, 0x72, 0xcd, 0x7a, 0xcf, 0x72, 0x8d, 
	0x7a, 0xcd, 0x9b, 0xd1, 0x8b, 0x91, 0x7b, 0x0f, 
	0x7a, 0xcf, 0x62, 0x8d, 0xa4, 0x59, 0xb5, 0xa9, 
	0xbd, 0x65, 0xbc, 0x99, 0xcd, 0xa5, 0xc5, 0x61, 
	0xde, 0x29, 0xd5, 0xe7, 0xb5, 0x63, 0xb5, 0x67, 
	0xce, 0x6d, 0x42, 0x0f, 0x20, 0xc5, 0xb4, 0xd9, 
	0xe6, 0x69, 0x52, 0x51, 0x00, 0x01, 0x20, 0xc5, 
	0x6a, 0x8d, 0x62, 0x4b, 0x72, 0xcf, 0x6a, 0x8d, 
	0x6a, 0x4d, 0x6a, 0x8f, 0x6a, 0x8f, 0x6a, 0x8d, 
	0x7a, 0xcd, 0x93, 0x91, 0x8b, 0x4f, 0x93, 0x91, 
	0x72, 0xcd, 0x49, 0xc9, 0x9c, 0x17, 0xc5, 0xe9, 
	0xbd, 0x1f, 0xc5, 0x1b, 0xd5, 0x9f, 0xcd, 0x19, 
	0xd5, 0xa1, 0xcd, 0xe9, 0xc5, 0xa7, 0xb5, 0x67, 
	0xc5, 0xa3, 0x6b, 0x15, 0x10, 0x85, 0x39, 0x8b, 
	0x8b, 0xdb, 0x29, 0x09, 0x10, 0x43, 0x52, 0x4d, 
	0x8b, 0xd3, 0x83, 0x51, 0x72, 0x8d, 0x62, 0x4b, 
	0x6a, 0x8d, 0x7b, 0x0f, 0x83, 0x51, 0x6a, 0x4d, 
	0x7b, 0x0f, 0x7b, 0x51, 0x83, 0x0f, 0x7a, 0xcd, 
	0x7b, 0x11, 0x39, 0x89, 0x62, 0x4d, 0x93, 0xd5, 
	0xd6, 0x2b, 0xcd, 0x61, 0xc4, 0x95, 0xcd, 0x1b, 
	0xd5, 0x9f, 0xde, 0x25, 0xcd, 0x61, 0xc5, 0xa7, 
	0xbd, 0xe9, 0xb5, 0x63, 0x9c, 0x5f, 0x31, 0x8b, 
	0x00, 0x01, 0x00, 0x01, 0x18, 0x85, 0x39, 0x89, 
	0x62, 0x8f, 0x8b, 0x93, 0x72, 0x8d, 0x5a, 0x0b, 
	0x4a, 0x0b, 0x7b, 0x13, 0x7b, 0x13, 0x7b, 0x11, 
	0x7b, 0x53, 0x21, 0x05, 0x72, 0x8d, 0x62, 0x4d, 
	0x8b, 0x53, 0x41, 0xc9, 0x29, 0x07, 0x72, 0x8f, 
	0xa4, 0x5b, 0xcd, 0xe7, 0xb4, 0x99, 0xab, 0xd1, 
	0xcd, 0x19, 0xcd, 0xe3, 0xcd, 0xa3, 0xc5, 0x61, 
	0xac, 0x97, 0xbd, 0xa9, 0xbd, 0x65, 0xa4, 0xe1, 
	0x62, 0xcf, 0x31, 0x47, 0x08, 0x43, 0x08, 0x43, 
	0x18, 0x85, 0x39, 0x47, 0x39, 0x47, 0x49, 0xc9, 
	0x4a, 0x0b, 0x4a, 0x0b, 0x6a, 0xd1, 0x83, 0x95, 
	0x41, 0xcb, 0x00, 0x01, 0x52, 0x0b, 0x5a, 0x0b, 
	0xac, 0x15, 0x7b, 0x0f, 0x41, 0x89, 0x52, 0x0b, 
	0xbd, 0x61, 0xbd, 0x61, 0xb4, 0x59, 0xb4, 0x59, 
	0xb4, 0x99, 0xab, 0xd1, 0xc5, 0x1b, 0xbc, 0xdb, 
	0xac, 0x97, 0xb5, 0x65, 0xc5, 0xeb, 0xc5, 0xe7, 
	0xc5, 0xa5, 0x9c, 0x59, 0x18, 0x85, 0x00, 0x01, 
	0x10, 0x83, 0x18, 0x85, 0x83, 0xd9, 0x49, 0xc9, 
	0x49, 0xc9, 0x4a, 0x0b, 0x83, 0xd9, 0x7b, 0x53, 
	0x7b, 0x53, 0x72, 0xd1, 0x41, 0x89, 0x51, 0xcb, 
	
};

Gfx ccm_dl_SUPER_MARIO_64_5C3873C6_0_2_all_rgba16_copy_copy_copy_copy_copy_copy_copy_aligner[] = {gsSPEndDisplayList()};
u8 ccm_dl_SUPER_MARIO_64_5C3873C6_0_2_all_rgba16_copy_copy_copy_copy_copy_copy_copy[] = {
	0x8c, 0x1f, 0x9c, 0xe3, 0x51, 0xcb, 0x51, 0xcb, 
	0x83, 0x0f, 0xa4, 0x17, 0xa4, 0x17, 0xa4, 0x17, 
	0x9b, 0xd3, 0x9b, 0xd3, 0xac, 0x57, 0xac, 0x99, 
	0xb4, 0x97, 0xac, 0x97, 0xdd, 0xdf, 0x62, 0x91, 
	0x00, 0x01, 0x18, 0x85, 0x18, 0x83, 0x18, 0x83, 
	0x18, 0x83, 0x31, 0x49, 0x6b, 0x15, 0x5a, 0xd3, 
	0x83, 0xd9, 0x83, 0xd9, 0x4a, 0x0b, 0x83, 0x99, 
	0x83, 0xd7, 0x62, 0x4d, 0x5a, 0x4d, 0x6a, 0xd1, 
	0x63, 0x17, 0x62, 0xd5, 0x9b, 0xd7, 0x39, 0x49, 
	0x39, 0x49, 0x6a, 0x0b, 0x8b, 0x53, 0x9c, 0x15, 
	0xac, 0x99, 0xa4, 0x57, 0x83, 0x0f, 0x83, 0x51, 
	0xac, 0x9b, 0xb5, 0x1b, 0xc5, 0x1d, 0xb4, 0x99, 
	0x31, 0x47, 0x10, 0x43, 0x18, 0x83, 0x18, 0x83, 
	0x18, 0x85, 0x08, 0x41, 0x18, 0x85, 0x62, 0xd3, 
	0x63, 0x13, 0x73, 0x55, 0x7b, 0x97, 0x83, 0xd9, 
	0x83, 0xd7, 0x6a, 0xd1, 0x62, 0x8f, 0x62, 0x4f, 
	0x31, 0x49, 0x5a, 0x91, 0xd5, 0x17, 0x5a, 0x4d, 
	0x31, 0x07, 0x51, 0xcb, 0x8b, 0x93, 0x93, 0xd3, 
	0x83, 0x51, 0x83, 0x93, 0x7b, 0x11, 0x6a, 0x8d, 
	0x94, 0x17, 0xb5, 0x1d, 0xb4, 0xd9, 0xc5, 0x19, 
	0x6a, 0x8d, 0x08, 0x03, 0x08, 0x43, 0x10, 0x43, 
	0x18, 0x85, 0x10, 0x43, 0x00, 0x01, 0x39, 0x8b, 
	0x8c, 0x19, 0x94, 0x5b, 0x7b, 0x97, 0x7b, 0x95, 
	0x7b, 0x97, 0x7b, 0x55, 0x73, 0x13, 0x6a, 0xd3, 
	0x18, 0x85, 0x5a, 0x0d, 0xb4, 0x11, 0x72, 0x8d, 
	0x08, 0x43, 0x18, 0x85, 0x93, 0xd3, 0xb4, 0x97, 
	0xac, 0x57, 0x94, 0x17, 0x83, 0x53, 0x7b, 0x11, 
	0x83, 0x95, 0x9c, 0x17, 0x9c, 0x17, 0xbc, 0xd9, 
	0xcd, 0x59, 0x72, 0xcf, 0x18, 0xc5, 0x08, 0x43, 
	0x31, 0x07, 0x5a, 0x4f, 0x29, 0x49, 0x10, 0x83, 
	0x52, 0x91, 0x73, 0x55, 0x7b, 0x97, 0x83, 0xd9, 
	0x7b, 0x55, 0x83, 0xd9, 0x83, 0xd9, 0x83, 0xd7, 
	0xa3, 0xd5, 0x8b, 0x11, 0x9b, 0x53, 0x6a, 0x4d, 
	0x18, 0x85, 0x20, 0xc5, 0x9c, 0x15, 0xac, 0x57, 
	0xac, 0x97, 0xb5, 0x1d, 0x93, 0xd3, 0x72, 0xd1, 
	0x62, 0x91, 0x7b, 0x53, 0x9c, 0x15, 0xa4, 0x55, 
	0xc4, 0xd9, 0xcd, 0x17, 0x51, 0xcb, 0x00, 0x03, 
	0x31, 0x47, 0x93, 0xd5, 0x83, 0x95, 0x31, 0x89, 
	0x18, 0xc5, 0x29, 0x49, 0x62, 0xd3, 0x94, 0x5b, 
	0x83, 0xd9, 0x6b, 0x13, 0x8c, 0x1b, 0x7b, 0x97, 
	0x93, 0xd7, 0x93, 0x95, 0x6a, 0x8f, 0x6a, 0x91, 
	0x39, 0x49, 0x18, 0x85, 0xa4, 0x59, 0xc5, 0x5d, 
	0xd5, 0xe1, 0xcd, 0x9f, 0xa4, 0x59, 0x72, 0xcd, 
	0x83, 0x51, 0xac, 0x97, 0xbc, 0xd9, 0x73, 0x0f, 
	0x29, 0x09, 0x9b, 0xd3, 0xa4, 0x15, 0xac, 0x55, 
	0x7b, 0x51, 0x49, 0xcb, 0x8b, 0x93, 0x73, 0x13, 
	0x6b, 0x13, 0x62, 0xd1, 0x4a, 0x0d, 0x39, 0x8b, 
	0x41, 0xcd, 0x62, 0xd1, 0x73, 0x55, 0x7b, 0x97, 
	0xa4, 0x5b, 0xbd, 0x1d, 0xa4, 0x17, 0x83, 0x55, 
	0x41, 0x8b, 0x08, 0x01, 0x49, 0xcb, 0x8b, 0x95, 
	0xb5, 0x21, 0xc5, 0x63, 0x9c, 0x5d, 0x93, 0x91, 
	0xa4, 0x53, 0x9c, 0x15, 0x9c, 0x57, 0x73, 0x11, 
	0x93, 0xd7, 0xcd, 0x19, 0xd5, 0x5b, 0xdd, 0x9b, 
	0xe6, 0x1f, 0xa4, 0x59, 0x10, 0x03, 0x29, 0x07, 
	0xc5, 0x61, 0xc5, 0x61, 0x93, 0xd7, 0x93, 0xd7, 
	0x52, 0x4f, 0x39, 0xcb, 0x5a, 0x93, 0x62, 0xd3, 
	0x83, 0x13, 0x5a, 0x4d, 0x62, 0x8f, 0x72, 0xd3, 
	0x73, 0x15, 0x08, 0x43, 0x10, 0x43, 0x28, 0xc5, 
	0x31, 0x07, 0x41, 0xcb, 0x62, 0x91, 0x83, 0x93, 
	0x94, 0x17, 0x94, 0x17, 0x8b, 0xd5, 0xb4, 0x99, 
	0xd5, 0x5b, 0xcd, 0x17, 0xcd, 0x19, 0xd5, 0x9f, 
	0xdd, 0xe3, 0xde, 0x25, 0x52, 0x4f, 0x10, 0x43, 
	0x8b, 0xd7, 0xac, 0xdd, 0xb4, 0xdb, 0xb4, 0xdd, 
	0xac, 0x9b, 0x83, 0x95, 0x4a, 0x0f, 0x39, 0x8b, 
	0x20, 0xc5, 0x41, 0x8b, 0x41, 0x47, 0x5a, 0x0d, 
	0x6a, 0x91, 0x08, 0x43, 0x00, 0x01, 0x18, 0x83, 
	0x28, 0x85, 0x20, 0x83, 0x28, 0x83, 0x31, 0x07, 
	0x52, 0x0d, 0x52, 0x0d, 0x83, 0x97, 0xcd, 0x1b, 
	0xc4, 0x95, 0xbc, 0xd9, 0xd5, 0xe3, 0xdd, 0xe1, 
	0xcd, 0x5d, 0xcd, 0xe7, 0xbd, 0x5f, 0x20, 0xc5, 
	0x49, 0xcb, 0x8b, 0xd5, 0xb4, 0xdd, 0xac, 0x99, 
	0xb5, 0x1d, 0x9c, 0x57, 0xbc, 0xd9, 0xd5, 0x5b, 
	0x49, 0xc9, 0x39, 0x47, 0x41, 0x47, 0x29, 0x09, 
	0x10, 0x85, 0x00, 0x01, 0x00, 0x01, 0x00, 0x01, 
	0x10, 0x83, 0x28, 0xc5, 0x31, 0x05, 0x29, 0x05, 
	0x31, 0x47, 0x18, 0x83, 0x7b, 0x97, 0xd5, 0x9f, 
	0xcd, 0x5d, 0xde, 0x23, 0xe6, 0xa9, 0xde, 0x67, 
	0xcd, 0x9f, 0xcd, 0xe5, 0xee, 0xaf, 0x8c, 0x19, 
	0x20, 0xc5, 0x7b, 0x13, 0xb4, 0xdf, 0xb4, 0xdd, 
	0xbd, 0x1d, 0xbc, 0xdd, 0xcd, 0x1b, 0xd5, 0x59, 
	0xd5, 0x59, 0xcc, 0xd5, 0xa4, 0x15, 0x18, 0x83, 
	0x10, 0x43, 0x10, 0x83, 0x10, 0x43, 0x08, 0x43, 
	0x08, 0x43, 0x08, 0x01, 0x20, 0x85, 0x31, 0x49, 
	0x20, 0xc5, 0x00, 0x01, 0x41, 0xcb, 0xb5, 0x1f, 
	0x94, 0x19, 0x72, 0xd1, 0x7b, 0x13, 0x93, 0x97, 
	0xbd, 0x61, 0xbd, 0x63, 0xac, 0xe1, 0xa4, 0xdf, 
	0x28, 0xc7, 0x41, 0x89, 0xa4, 0x5b, 0xc5, 0x5f, 
	0xb4, 0xdd, 0xb4, 0xdd, 0xb4, 0x99, 0xcd, 0x19, 
	0xbc, 0x95, 0xc4, 0x95, 0xcd, 0x5d, 0xb4, 0xdd, 
	0xbd, 0x1d, 0xcd, 0x9f, 0xbc, 0xd9, 0xa4, 0x17, 
	0x8b, 0x97, 0x31, 0x49, 0x00, 0x01, 0x00, 0x01, 
	0x00, 0x01, 0x08, 0x41, 0x20, 0xc5, 0x8b, 0xd9, 
	0x8b, 0xd7, 0x52, 0x0b, 0x49, 0x47, 0x6a, 0x0b, 
	0x73, 0x15, 0x52, 0x0b, 0x39, 0x05, 0x49, 0xcb, 
	0x20, 0xc5, 0x10, 0x43, 0x52, 0x0b, 0xac, 0x59, 
	0xbd, 0x1f, 0xbd, 0x61, 0xb4, 0xdd, 0xb4, 0x97, 
	0xb4, 0x97, 0xcd, 0x5b, 0xbc, 0xd9, 0xc5, 0x19, 
	0xbc, 0x99, 0xc4, 0x57, 0xb4, 0x57, 0x93, 0x93, 
	0xa3, 0xd5, 0xa3, 0xd5, 0x20, 0xc7, 0x18, 0x85, 
	0x5a, 0x4d, 0x29, 0x07, 0x08, 0x03, 0x62, 0x91, 
	0x72, 0xcf, 0x72, 0x8d, 0x5a, 0x0b, 0x49, 0x89, 
	0x39, 0x07, 0x28, 0xc5, 0x30, 0xc5, 0x41, 0x89, 
	0x08, 0x41, 0x08, 0x03, 0x41, 0x89, 0x8b, 0x53, 
	0xac, 0x9b, 0xb4, 0xdd, 0xbd, 0x1f, 0xbc, 0x99, 
	0xa4, 0x17, 0xac, 0x59, 0xb4, 0x57, 0xac, 0x55, 
	0x9b, 0x93, 0xb3, 0xd1, 0x9b, 0xd7, 0x6a, 0x4d, 
	0x7a, 0x8d, 0x9b, 0xd5, 0x52, 0x0b, 0xa4, 0x15, 
	0xcd, 0x5b, 0x29, 0x07, 0x00, 0x01, 0x20, 0xc5, 
	0x83, 0x53, 0x93, 0xd7, 0x6a, 0x8f, 0x49, 0x89, 
	0x30, 0xc5, 0x20, 0x85, 0x20, 0x85, 0x08, 0x43, 
	0x00, 0x01, 0x08, 0x43, 0x28, 0xc5, 0x93, 0xd7, 
	0xac, 0x9b, 0xc5, 0x5f, 0xac, 0x9d, 0xac, 0x9b, 
	0xc4, 0xd9, 0x9b, 0x8f, 0xb4, 0x53, 0xa3, 0xd3, 
	0xc5, 0x1d, 0xdd, 0xe1, 0xbd, 0x1f, 0x8b, 0x13, 
	0xa3, 0xd5, 0x7a, 0xcf, 0x93, 0xd3, 0xdd, 0x9b, 
	0xd5, 0x9d, 0x52, 0x4d, 0x00, 0x01, 0x08, 0x43, 
	0x5a, 0x4d, 0x72, 0xd1, 0x49, 0x49, 0x51, 0x89, 
	0x62, 0x0b, 0x51, 0xc9, 0x18, 0x85, 0x10, 0x45, 
	0x00, 0x01, 0x00, 0x01, 0x08, 0x43, 0x6a, 0x8f, 
	0xbc, 0xdd, 0xac, 0x9b, 0xac, 0x9b, 0xac, 0x9d, 
	0xb4, 0xdb, 0xc5, 0x1b, 0xb4, 0x53, 0xac, 0x13, 
	0xac, 0x57, 0xb4, 0x97, 0xac, 0x59, 0x9b, 0xd7, 
	0x8b, 0x53, 0x7a, 0xcf, 0x6a, 0x4d, 0x9c, 0x15, 
	0xbc, 0xd9, 0x8b, 0xd5, 0x08, 0x03, 0x00, 0x01, 
	0x08, 0x43, 0x39, 0x47, 0x62, 0x4d, 0x7a, 0xcf, 
	0xac, 0x13, 0xc4, 0xd7, 0xbc, 0xd9, 0xc4, 0xd9, 
	0x73, 0x0f, 0x49, 0xcb, 0x08, 0x43, 0x31, 0x07, 
	0xb4, 0xdd, 0xbd, 0x1f, 0xac, 0x99, 0xbd, 0x1f, 
	0x93, 0xd7, 0xcd, 0x5d, 0x7a, 0xcd, 0xb4, 0x51, 
	0x93, 0x8f, 0x83, 0x0f, 0x6a, 0x8d, 0x51, 0xcb, 
	0x8a, 0x8d, 0x9b, 0x8f, 0x49, 0xcb, 0x7b, 0x11, 
	0x9b, 0xd5, 0xa4, 0x57, 0x52, 0x4d, 0x20, 0xc5, 
	0x5a, 0x4f, 0xcd, 0x5b, 0xbc, 0xd9, 0xc5, 0x1d, 
	0xb4, 0xdb, 0xa4, 0x15, 0x9c, 0x15, 0xac, 0x55, 
	0xbc, 0x97, 0xcd, 0x59, 0x52, 0x0d, 0x08, 0x01, 
	0x83, 0x53, 0xbd, 0x1d, 0xb4, 0x9b, 0xac, 0x9b, 
	0x93, 0xd5, 0xac, 0x99, 0x8b, 0x51, 0xac, 0x15, 
	0xb4, 0x13, 0x93, 0x4f, 0x51, 0xc9, 0x6a, 0x4b, 
	0xa3, 0xd3, 0x93, 0x51, 0x93, 0x91, 0x9b, 0xd5, 
	0x9c, 0x17, 0xa4, 0x17, 0xac, 0x57, 0x83, 0x53, 
	0x83, 0x95, 0xe6, 0x21, 0xcd, 0x5b, 0xc4, 0xd9, 
	0xac, 0x57, 0xa4, 0x17, 0x8b, 0x93, 0xa4, 0x59, 
	0xbc, 0xd7, 0xc4, 0xd7, 0xbd, 0x1b, 0x29, 0x49, 
	0x41, 0x89, 0x9c, 0x17, 0xac, 0x99, 0xa4, 0x9b, 
	0x4a, 0x0d, 0x5a, 0x0d, 0x9b, 0xd1, 0xbc, 0x99, 
	0xa3, 0xd3, 0x49, 0x47, 0x39, 0x07, 0x51, 0xc9, 
	0x7b, 0x11, 0x93, 0x95, 0xac, 0x5b, 0xbc, 0xdb, 
	0xc5, 0x5f, 0xbc, 0xdb, 0x9b, 0xd1, 0x9b, 0xd3, 
	0x7b, 0x11, 0xe6, 0x23, 0xcd, 0x5d, 0xcd, 0x1b, 
	0xc4, 0xd9, 0xbc, 0x99, 0xcd, 0x5d, 0xbc, 0xdb, 
	0xbc, 0x95, 0xc4, 0xd7, 0xbc, 0x97, 0x41, 0x8b, 
	0x18, 0x83, 0x7b, 0x13, 0xb4, 0xdd, 0x6a, 0xd1, 
	0x00, 0x01, 0x39, 0x47, 0xa4, 0x15, 0x83, 0x53, 
	0x41, 0x07, 0x30, 0xc5, 0x20, 0x83, 0x39, 0x49, 
	0x93, 0x95, 0xc5, 0x5f, 0xc5, 0x1d, 0xb4, 0x97, 
	0xac, 0x99, 0x9c, 0x15, 0x9b, 0xd3, 0x73, 0x11, 
	0x72, 0xcd, 0xc4, 0xd9, 0xe6, 0x25, 0xbc, 0xdb, 
	0xc5, 0x17, 0xbc, 0x97, 0xc5, 0x19, 0xbc, 0xd9, 
	0xc4, 0xd7, 0xbc, 0x95, 0x9b, 0x8f, 0x41, 0x89, 
	0x00, 0x01, 0x41, 0x89, 0x83, 0x95, 0x52, 0x0d, 
	0x10, 0x43, 0x08, 0x41, 0x52, 0x0d, 0x41, 0x49, 
	0x20, 0x85, 0x10, 0x43, 0x08, 0x43, 0x5a, 0x0b, 
	0xbc, 0x51, 0xc4, 0x51, 0xb4, 0x13, 0xb4, 0x99, 
	0xc5, 0x5f, 0xa4, 0x59, 0x73, 0x13, 0x18, 0xc7, 
	0x52, 0x09, 0xc4, 0xd7, 0xde, 0x65, 0x9c, 0x17, 
	0xb4, 0x97, 0xc4, 0xd7, 0xbc, 0xdb, 0xbc, 0xd9, 
	0xbc, 0xd5, 0xbc, 0x93, 0x93, 0x8f, 0x20, 0xc5, 
	0x00, 0x01, 0x10, 0x43, 0x49, 0xcb, 0x62, 0x8d, 
	0x08, 0x43, 0x18, 0xc5, 0x39, 0x47, 0x51, 0xc9, 
	0x62, 0x4d, 0x49, 0x89, 0x39, 0x47, 0x39, 0x47, 
	0x8b, 0x0d, 0xb4, 0x0f, 0xb4, 0x11, 0xc4, 0xd7, 
	0xbd, 0x1f, 0xa4, 0x9d, 0xc5, 0x1d, 0x93, 0xd7, 
	0x41, 0x47, 0xbc, 0xd9, 0xdd, 0xe1, 0xcd, 0x1b, 
	0xd5, 0x9d, 0xcd, 0x5d, 0xd5, 0xe3, 0xbc, 0xdb, 
	0xac, 0x13, 0x7b, 0x0f, 0x39, 0x49, 0x21, 0x07, 
	0x52, 0x0d, 0x18, 0xc5, 0x18, 0x85, 0x08, 0x01, 
	0x29, 0x05, 0x52, 0x0b, 0x7b, 0x0f, 0x7b, 0x0f, 
	0x7a, 0xcf, 0x83, 0x11, 0x51, 0xcb, 0x28, 0xc5, 
	0x49, 0xcb, 0xbc, 0x55, 0xbc, 0x95, 0xd5, 0x9d, 
	0xbd, 0x1d, 0xd5, 0x9d, 0xee, 0x21, 0xde, 0x27, 
	0x51, 0xc9, 0xac, 0x55, 0xdd, 0x9d, 0xd5, 0x5b, 
	0xd5, 0x9d, 0xe6, 0xa9, 0xcd, 0x61, 0xb4, 0xd9, 
	0x9b, 0xd3, 0x62, 0x8d, 0x49, 0xcb, 0x7b, 0x11, 
	0x93, 0x51, 0x72, 0x8d, 0x39, 0x47, 0x10, 0x83, 
	0x5a, 0x4d, 0x93, 0x91, 0x93, 0xd3, 0xb4, 0x97, 
	0x9c, 0x15, 0x93, 0xd7, 0x7b, 0x13, 0x29, 0x09, 
	0x41, 0xcb, 0x9b, 0xd5, 0xac, 0x59, 0xa4, 0x59, 
	0x9c, 0x17, 0xd5, 0xe1, 0xee, 0x63, 0xd5, 0x9f, 
	0x72, 0x8d, 0x93, 0x93, 0xcd, 0x9f, 0xe6, 0x65, 
	0xe6, 0x69, 0xde, 0x6b, 0xbd, 0x1f, 0xac, 0x97, 
	0x83, 0x51, 0x6a, 0x8d, 0x6a, 0x8f, 0x82, 0xcb, 
	0x93, 0x4d, 0x93, 0x4d, 0x6a, 0x8d, 0x28, 0xc5, 
	0x8b, 0x93, 0xa4, 0x57, 0x9c, 0x5b, 0xb5, 0x1f, 
	0xb4, 0xdd, 0xb5, 0x65, 0xa4, 0x5d, 0x7b, 0x11, 
	0x20, 0xc5, 0x62, 0xd1, 0x5a, 0x91, 0x52, 0x4f, 
	0x72, 0x8d, 0xb4, 0x55, 0xde, 0x69, 0xe5, 0xe1, 
	0x83, 0x11, 0x62, 0x4b, 0xe6, 0x6b, 0xe6, 0xa9, 
	0xde, 0x69, 0xa4, 0x9d, 0x7b, 0x53, 0x5a, 0x4d, 
	0x5a, 0x0b, 0x62, 0x0d, 0x6a, 0x8b, 0x93, 0x4d, 
	0x82, 0xcb, 0x82, 0xcb, 0x93, 0x91, 0x52, 0x0b, 
	0x62, 0x8d, 0xa4, 0x59, 0xbd, 0x63, 0xbd, 0xa7, 
	0xad, 0x25, 0xbd, 0x63, 0xbd, 0x21, 0xbd, 0x1f, 
	0xa4, 0x9d, 0x73, 0x13, 0x9c, 0x19, 0xbd, 0x61, 
	0x94, 0x1d, 0x73, 0x11, 0xc4, 0xd7, 0xe5, 0xdd, 
	0xac, 0x99, 0x49, 0x89, 0x94, 0x1d, 0xd5, 0xe7, 
	0xa4, 0x9d, 0x62, 0x8f, 0x41, 0x89, 0x41, 0x89, 
	0x62, 0x0b, 0x6a, 0x4b, 0x7a, 0xcb, 0x7a, 0xcb, 
	0x6a, 0x4b, 0x7a, 0xcd, 0x8b, 0x91, 0x7b, 0x0f, 
	0x5a, 0x4d, 0x7b, 0x11, 0xc5, 0x1f, 0xc5, 0xeb, 
	0xbd, 0x67, 0xc5, 0x61, 0xbd, 0x1f, 0xc5, 0xe5, 
	0xde, 0x71, 0xce, 0x2b, 0xac, 0xdd, 0xbd, 0x63, 
	0xc5, 0xe7, 0x62, 0xd5, 0x9b, 0x8f, 0xee, 0x1f, 
	0xcd, 0xe7, 0x29, 0x49, 0x18, 0x43, 0x31, 0x07, 
	0x29, 0x05, 0x31, 0x07, 0x52, 0x0b, 0x6a, 0x8f, 
	0x62, 0x4d, 0x72, 0xcd, 0x7a, 0xcf, 0x72, 0x8d, 
	0x7a, 0xcd, 0x9b, 0xd1, 0x8b, 0x91, 0x7b, 0x0f, 
	0x7a, 0xcf, 0x62, 0x8d, 0xa4, 0x59, 0xb5, 0xa9, 
	0xbd, 0x65, 0xbc, 0x99, 0xcd, 0xa5, 0xc5, 0x61, 
	0xde, 0x29, 0xd5, 0xe7, 0xb5, 0x63, 0xb5, 0x67, 
	0xce, 0x6d, 0x42, 0x0f, 0x20, 0xc5, 0xb4, 0xd9, 
	0xe6, 0x69, 0x52, 0x51, 0x00, 0x01, 0x20, 0xc5, 
	0x6a, 0x8d, 0x62, 0x4b, 0x72, 0xcf, 0x6a, 0x8d, 
	0x6a, 0x4d, 0x6a, 0x8f, 0x6a, 0x8f, 0x6a, 0x8d, 
	0x7a, 0xcd, 0x93, 0x91, 0x8b, 0x4f, 0x93, 0x91, 
	0x72, 0xcd, 0x49, 0xc9, 0x9c, 0x17, 0xc5, 0xe9, 
	0xbd, 0x1f, 0xc5, 0x1b, 0xd5, 0x9f, 0xcd, 0x19, 
	0xd5, 0xa1, 0xcd, 0xe9, 0xc5, 0xa7, 0xb5, 0x67, 
	0xc5, 0xa3, 0x6b, 0x15, 0x10, 0x85, 0x39, 0x8b, 
	0x8b, 0xdb, 0x29, 0x09, 0x10, 0x43, 0x52, 0x4d, 
	0x8b, 0xd3, 0x83, 0x51, 0x72, 0x8d, 0x62, 0x4b, 
	0x6a, 0x8d, 0x7b, 0x0f, 0x83, 0x51, 0x6a, 0x4d, 
	0x7b, 0x0f, 0x7b, 0x51, 0x83, 0x0f, 0x7a, 0xcd, 
	0x7b, 0x11, 0x39, 0x89, 0x62, 0x4d, 0x93, 0xd5, 
	0xd6, 0x2b, 0xcd, 0x61, 0xc4, 0x95, 0xcd, 0x1b, 
	0xd5, 0x9f, 0xde, 0x25, 0xcd, 0x61, 0xc5, 0xa7, 
	0xbd, 0xe9, 0xb5, 0x63, 0x9c, 0x5f, 0x31, 0x8b, 
	0x00, 0x01, 0x00, 0x01, 0x18, 0x85, 0x39, 0x89, 
	0x62, 0x8f, 0x8b, 0x93, 0x72, 0x8d, 0x5a, 0x0b, 
	0x4a, 0x0b, 0x7b, 0x13, 0x7b, 0x13, 0x7b, 0x11, 
	0x7b, 0x53, 0x21, 0x05, 0x72, 0x8d, 0x62, 0x4d, 
	0x8b, 0x53, 0x41, 0xc9, 0x29, 0x07, 0x72, 0x8f, 
	0xa4, 0x5b, 0xcd, 0xe7, 0xb4, 0x99, 0xab, 0xd1, 
	0xcd, 0x19, 0xcd, 0xe3, 0xcd, 0xa3, 0xc5, 0x61, 
	0xac, 0x97, 0xbd, 0xa9, 0xbd, 0x65, 0xa4, 0xe1, 
	0x62, 0xcf, 0x31, 0x47, 0x08, 0x43, 0x08, 0x43, 
	0x18, 0x85, 0x39, 0x47, 0x39, 0x47, 0x49, 0xc9, 
	0x4a, 0x0b, 0x4a, 0x0b, 0x6a, 0xd1, 0x83, 0x95, 
	0x41, 0xcb, 0x00, 0x01, 0x52, 0x0b, 0x5a, 0x0b, 
	0xac, 0x15, 0x7b, 0x0f, 0x41, 0x89, 0x52, 0x0b, 
	0xbd, 0x61, 0xbd, 0x61, 0xb4, 0x59, 0xb4, 0x59, 
	0xb4, 0x99, 0xab, 0xd1, 0xc5, 0x1b, 0xbc, 0xdb, 
	0xac, 0x97, 0xb5, 0x65, 0xc5, 0xeb, 0xc5, 0xe7, 
	0xc5, 0xa5, 0x9c, 0x59, 0x18, 0x85, 0x00, 0x01, 
	0x10, 0x83, 0x18, 0x85, 0x83, 0xd9, 0x49, 0xc9, 
	0x49, 0xc9, 0x4a, 0x0b, 0x83, 0xd9, 0x7b, 0x53, 
	0x7b, 0x53, 0x72, 0xd1, 0x41, 0x89, 0x51, 0xcb, 
	
};

Gfx ccm_dl_SUPER_MARIO_64_5C3873C6_0_2_all_rgba16_copy_copy_copy_copy_copy_copy_copy_copy_aligner[] = {gsSPEndDisplayList()};
u8 ccm_dl_SUPER_MARIO_64_5C3873C6_0_2_all_rgba16_copy_copy_copy_copy_copy_copy_copy_copy[] = {
	0x8c, 0x1f, 0x9c, 0xe3, 0x51, 0xcb, 0x51, 0xcb, 
	0x83, 0x0f, 0xa4, 0x17, 0xa4, 0x17, 0xa4, 0x17, 
	0x9b, 0xd3, 0x9b, 0xd3, 0xac, 0x57, 0xac, 0x99, 
	0xb4, 0x97, 0xac, 0x97, 0xdd, 0xdf, 0x62, 0x91, 
	0x00, 0x01, 0x18, 0x85, 0x18, 0x83, 0x18, 0x83, 
	0x18, 0x83, 0x31, 0x49, 0x6b, 0x15, 0x5a, 0xd3, 
	0x83, 0xd9, 0x83, 0xd9, 0x4a, 0x0b, 0x83, 0x99, 
	0x83, 0xd7, 0x62, 0x4d, 0x5a, 0x4d, 0x6a, 0xd1, 
	0x63, 0x17, 0x62, 0xd5, 0x9b, 0xd7, 0x39, 0x49, 
	0x39, 0x49, 0x6a, 0x0b, 0x8b, 0x53, 0x9c, 0x15, 
	0xac, 0x99, 0xa4, 0x57, 0x83, 0x0f, 0x83, 0x51, 
	0xac, 0x9b, 0xb5, 0x1b, 0xc5, 0x1d, 0xb4, 0x99, 
	0x31, 0x47, 0x10, 0x43, 0x18, 0x83, 0x18, 0x83, 
	0x18, 0x85, 0x08, 0x41, 0x18, 0x85, 0x62, 0xd3, 
	0x63, 0x13, 0x73, 0x55, 0x7b, 0x97, 0x83, 0xd9, 
	0x83, 0xd7, 0x6a, 0xd1, 0x62, 0x8f, 0x62, 0x4f, 
	0x31, 0x49, 0x5a, 0x91, 0xd5, 0x17, 0x5a, 0x4d, 
	0x31, 0x07, 0x51, 0xcb, 0x8b, 0x93, 0x93, 0xd3, 
	0x83, 0x51, 0x83, 0x93, 0x7b, 0x11, 0x6a, 0x8d, 
	0x94, 0x17, 0xb5, 0x1d, 0xb4, 0xd9, 0xc5, 0x19, 
	0x6a, 0x8d, 0x08, 0x03, 0x08, 0x43, 0x10, 0x43, 
	0x18, 0x85, 0x10, 0x43, 0x00, 0x01, 0x39, 0x8b, 
	0x8c, 0x19, 0x94, 0x5b, 0x7b, 0x97, 0x7b, 0x95, 
	0x7b, 0x97, 0x7b, 0x55, 0x73, 0x13, 0x6a, 0xd3, 
	0x18, 0x85, 0x5a, 0x0d, 0xb4, 0x11, 0x72, 0x8d, 
	0x08, 0x43, 0x18, 0x85, 0x93, 0xd3, 0xb4, 0x97, 
	0xac, 0x57, 0x94, 0x17, 0x83, 0x53, 0x7b, 0x11, 
	0x83, 0x95, 0x9c, 0x17, 0x9c, 0x17, 0xbc, 0xd9, 
	0xcd, 0x59, 0x72, 0xcf, 0x18, 0xc5, 0x08, 0x43, 
	0x31, 0x07, 0x5a, 0x4f, 0x29, 0x49, 0x10, 0x83, 
	0x52, 0x91, 0x73, 0x55, 0x7b, 0x97, 0x83, 0xd9, 
	0x7b, 0x55, 0x83, 0xd9, 0x83, 0xd9, 0x83, 0xd7, 
	0xa3, 0xd5, 0x8b, 0x11, 0x9b, 0x53, 0x6a, 0x4d, 
	0x18, 0x85, 0x20, 0xc5, 0x9c, 0x15, 0xac, 0x57, 
	0xac, 0x97, 0xb5, 0x1d, 0x93, 0xd3, 0x72, 0xd1, 
	0x62, 0x91, 0x7b, 0x53, 0x9c, 0x15, 0xa4, 0x55, 
	0xc4, 0xd9, 0xcd, 0x17, 0x51, 0xcb, 0x00, 0x03, 
	0x31, 0x47, 0x93, 0xd5, 0x83, 0x95, 0x31, 0x89, 
	0x18, 0xc5, 0x29, 0x49, 0x62, 0xd3, 0x94, 0x5b, 
	0x83, 0xd9, 0x6b, 0x13, 0x8c, 0x1b, 0x7b, 0x97, 
	0x93, 0xd7, 0x93, 0x95, 0x6a, 0x8f, 0x6a, 0x91, 
	0x39, 0x49, 0x18, 0x85, 0xa4, 0x59, 0xc5, 0x5d, 
	0xd5, 0xe1, 0xcd, 0x9f, 0xa4, 0x59, 0x72, 0xcd, 
	0x83, 0x51, 0xac, 0x97, 0xbc, 0xd9, 0x73, 0x0f, 
	0x29, 0x09, 0x9b, 0xd3, 0xa4, 0x15, 0xac, 0x55, 
	0x7b, 0x51, 0x49, 0xcb, 0x8b, 0x93, 0x73, 0x13, 
	0x6b, 0x13, 0x62, 0xd1, 0x4a, 0x0d, 0x39, 0x8b, 
	0x41, 0xcd, 0x62, 0xd1, 0x73, 0x55, 0x7b, 0x97, 
	0xa4, 0x5b, 0xbd, 0x1d, 0xa4, 0x17, 0x83, 0x55, 
	0x41, 0x8b, 0x08, 0x01, 0x49, 0xcb, 0x8b, 0x95, 
	0xb5, 0x21, 0xc5, 0x63, 0x9c, 0x5d, 0x93, 0x91, 
	0xa4, 0x53, 0x9c, 0x15, 0x9c, 0x57, 0x73, 0x11, 
	0x93, 0xd7, 0xcd, 0x19, 0xd5, 0x5b, 0xdd, 0x9b, 
	0xe6, 0x1f, 0xa4, 0x59, 0x10, 0x03, 0x29, 0x07, 
	0xc5, 0x61, 0xc5, 0x61, 0x93, 0xd7, 0x93, 0xd7, 
	0x52, 0x4f, 0x39, 0xcb, 0x5a, 0x93, 0x62, 0xd3, 
	0x83, 0x13, 0x5a, 0x4d, 0x62, 0x8f, 0x72, 0xd3, 
	0x73, 0x15, 0x08, 0x43, 0x10, 0x43, 0x28, 0xc5, 
	0x31, 0x07, 0x41, 0xcb, 0x62, 0x91, 0x83, 0x93, 
	0x94, 0x17, 0x94, 0x17, 0x8b, 0xd5, 0xb4, 0x99, 
	0xd5, 0x5b, 0xcd, 0x17, 0xcd, 0x19, 0xd5, 0x9f, 
	0xdd, 0xe3, 0xde, 0x25, 0x52, 0x4f, 0x10, 0x43, 
	0x8b, 0xd7, 0xac, 0xdd, 0xb4, 0xdb, 0xb4, 0xdd, 
	0xac, 0x9b, 0x83, 0x95, 0x4a, 0x0f, 0x39, 0x8b, 
	0x20, 0xc5, 0x41, 0x8b, 0x41, 0x47, 0x5a, 0x0d, 
	0x6a, 0x91, 0x08, 0x43, 0x00, 0x01, 0x18, 0x83, 
	0x28, 0x85, 0x20, 0x83, 0x28, 0x83, 0x31, 0x07, 
	0x52, 0x0d, 0x52, 0x0d, 0x83, 0x97, 0xcd, 0x1b, 
	0xc4, 0x95, 0xbc, 0xd9, 0xd5, 0xe3, 0xdd, 0xe1, 
	0xcd, 0x5d, 0xcd, 0xe7, 0xbd, 0x5f, 0x20, 0xc5, 
	0x49, 0xcb, 0x8b, 0xd5, 0xb4, 0xdd, 0xac, 0x99, 
	0xb5, 0x1d, 0x9c, 0x57, 0xbc, 0xd9, 0xd5, 0x5b, 
	0x49, 0xc9, 0x39, 0x47, 0x41, 0x47, 0x29, 0x09, 
	0x10, 0x85, 0x00, 0x01, 0x00, 0x01, 0x00, 0x01, 
	0x10, 0x83, 0x28, 0xc5, 0x31, 0x05, 0x29, 0x05, 
	0x31, 0x47, 0x18, 0x83, 0x7b, 0x97, 0xd5, 0x9f, 
	0xcd, 0x5d, 0xde, 0x23, 0xe6, 0xa9, 0xde, 0x67, 
	0xcd, 0x9f, 0xcd, 0xe5, 0xee, 0xaf, 0x8c, 0x19, 
	0x20, 0xc5, 0x7b, 0x13, 0xb4, 0xdf, 0xb4, 0xdd, 
	0xbd, 0x1d, 0xbc, 0xdd, 0xcd, 0x1b, 0xd5, 0x59, 
	0xd5, 0x59, 0xcc, 0xd5, 0xa4, 0x15, 0x18, 0x83, 
	0x10, 0x43, 0x10, 0x83, 0x10, 0x43, 0x08, 0x43, 
	0x08, 0x43, 0x08, 0x01, 0x20, 0x85, 0x31, 0x49, 
	0x20, 0xc5, 0x00, 0x01, 0x41, 0xcb, 0xb5, 0x1f, 
	0x94, 0x19, 0x72, 0xd1, 0x7b, 0x13, 0x93, 0x97, 
	0xbd, 0x61, 0xbd, 0x63, 0xac, 0xe1, 0xa4, 0xdf, 
	0x28, 0xc7, 0x41, 0x89, 0xa4, 0x5b, 0xc5, 0x5f, 
	0xb4, 0xdd, 0xb4, 0xdd, 0xb4, 0x99, 0xcd, 0x19, 
	0xbc, 0x95, 0xc4, 0x95, 0xcd, 0x5d, 0xb4, 0xdd, 
	0xbd, 0x1d, 0xcd, 0x9f, 0xbc, 0xd9, 0xa4, 0x17, 
	0x8b, 0x97, 0x31, 0x49, 0x00, 0x01, 0x00, 0x01, 
	0x00, 0x01, 0x08, 0x41, 0x20, 0xc5, 0x8b, 0xd9, 
	0x8b, 0xd7, 0x52, 0x0b, 0x49, 0x47, 0x6a, 0x0b, 
	0x73, 0x15, 0x52, 0x0b, 0x39, 0x05, 0x49, 0xcb, 
	0x20, 0xc5, 0x10, 0x43, 0x52, 0x0b, 0xac, 0x59, 
	0xbd, 0x1f, 0xbd, 0x61, 0xb4, 0xdd, 0xb4, 0x97, 
	0xb4, 0x97, 0xcd, 0x5b, 0xbc, 0xd9, 0xc5, 0x19, 
	0xbc, 0x99, 0xc4, 0x57, 0xb4, 0x57, 0x93, 0x93, 
	0xa3, 0xd5, 0xa3, 0xd5, 0x20, 0xc7, 0x18, 0x85, 
	0x5a, 0x4d, 0x29, 0x07, 0x08, 0x03, 0x62, 0x91, 
	0x72, 0xcf, 0x72, 0x8d, 0x5a, 0x0b, 0x49, 0x89, 
	0x39, 0x07, 0x28, 0xc5, 0x30, 0xc5, 0x41, 0x89, 
	0x08, 0x41, 0x08, 0x03, 0x41, 0x89, 0x8b, 0x53, 
	0xac, 0x9b, 0xb4, 0xdd, 0xbd, 0x1f, 0xbc, 0x99, 
	0xa4, 0x17, 0xac, 0x59, 0xb4, 0x57, 0xac, 0x55, 
	0x9b, 0x93, 0xb3, 0xd1, 0x9b, 0xd7, 0x6a, 0x4d, 
	0x7a, 0x8d, 0x9b, 0xd5, 0x52, 0x0b, 0xa4, 0x15, 
	0xcd, 0x5b, 0x29, 0x07, 0x00, 0x01, 0x20, 0xc5, 
	0x83, 0x53, 0x93, 0xd7, 0x6a, 0x8f, 0x49, 0x89, 
	0x30, 0xc5, 0x20, 0x85, 0x20, 0x85, 0x08, 0x43, 
	0x00, 0x01, 0x08, 0x43, 0x28, 0xc5, 0x93, 0xd7, 
	0xac, 0x9b, 0xc5, 0x5f, 0xac, 0x9d, 0xac, 0x9b, 
	0xc4, 0xd9, 0x9b, 0x8f, 0xb4, 0x53, 0xa3, 0xd3, 
	0xc5, 0x1d, 0xdd, 0xe1, 0xbd, 0x1f, 0x8b, 0x13, 
	0xa3, 0xd5, 0x7a, 0xcf, 0x93, 0xd3, 0xdd, 0x9b, 
	0xd5, 0x9d, 0x52, 0x4d, 0x00, 0x01, 0x08, 0x43, 
	0x5a, 0x4d, 0x72, 0xd1, 0x49, 0x49, 0x51, 0x89, 
	0x62, 0x0b, 0x51, 0xc9, 0x18, 0x85, 0x10, 0x45, 
	0x00, 0x01, 0x00, 0x01, 0x08, 0x43, 0x6a, 0x8f, 
	0xbc, 0xdd, 0xac, 0x9b, 0xac, 0x9b, 0xac, 0x9d, 
	0xb4, 0xdb, 0xc5, 0x1b, 0xb4, 0x53, 0xac, 0x13, 
	0xac, 0x57, 0xb4, 0x97, 0xac, 0x59, 0x9b, 0xd7, 
	0x8b, 0x53, 0x7a, 0xcf, 0x6a, 0x4d, 0x9c, 0x15, 
	0xbc, 0xd9, 0x8b, 0xd5, 0x08, 0x03, 0x00, 0x01, 
	0x08, 0x43, 0x39, 0x47, 0x62, 0x4d, 0x7a, 0xcf, 
	0xac, 0x13, 0xc4, 0xd7, 0xbc, 0xd9, 0xc4, 0xd9, 
	0x73, 0x0f, 0x49, 0xcb, 0x08, 0x43, 0x31, 0x07, 
	0xb4, 0xdd, 0xbd, 0x1f, 0xac, 0x99, 0xbd, 0x1f, 
	0x93, 0xd7, 0xcd, 0x5d, 0x7a, 0xcd, 0xb4, 0x51, 
	0x93, 0x8f, 0x83, 0x0f, 0x6a, 0x8d, 0x51, 0xcb, 
	0x8a, 0x8d, 0x9b, 0x8f, 0x49, 0xcb, 0x7b, 0x11, 
	0x9b, 0xd5, 0xa4, 0x57, 0x52, 0x4d, 0x20, 0xc5, 
	0x5a, 0x4f, 0xcd, 0x5b, 0xbc, 0xd9, 0xc5, 0x1d, 
	0xb4, 0xdb, 0xa4, 0x15, 0x9c, 0x15, 0xac, 0x55, 
	0xbc, 0x97, 0xcd, 0x59, 0x52, 0x0d, 0x08, 0x01, 
	0x83, 0x53, 0xbd, 0x1d, 0xb4, 0x9b, 0xac, 0x9b, 
	0x93, 0xd5, 0xac, 0x99, 0x8b, 0x51, 0xac, 0x15, 
	0xb4, 0x13, 0x93, 0x4f, 0x51, 0xc9, 0x6a, 0x4b, 
	0xa3, 0xd3, 0x93, 0x51, 0x93, 0x91, 0x9b, 0xd5, 
	0x9c, 0x17, 0xa4, 0x17, 0xac, 0x57, 0x83, 0x53, 
	0x83, 0x95, 0xe6, 0x21, 0xcd, 0x5b, 0xc4, 0xd9, 
	0xac, 0x57, 0xa4, 0x17, 0x8b, 0x93, 0xa4, 0x59, 
	0xbc, 0xd7, 0xc4, 0xd7, 0xbd, 0x1b, 0x29, 0x49, 
	0x41, 0x89, 0x9c, 0x17, 0xac, 0x99, 0xa4, 0x9b, 
	0x4a, 0x0d, 0x5a, 0x0d, 0x9b, 0xd1, 0xbc, 0x99, 
	0xa3, 0xd3, 0x49, 0x47, 0x39, 0x07, 0x51, 0xc9, 
	0x7b, 0x11, 0x93, 0x95, 0xac, 0x5b, 0xbc, 0xdb, 
	0xc5, 0x5f, 0xbc, 0xdb, 0x9b, 0xd1, 0x9b, 0xd3, 
	0x7b, 0x11, 0xe6, 0x23, 0xcd, 0x5d, 0xcd, 0x1b, 
	0xc4, 0xd9, 0xbc, 0x99, 0xcd, 0x5d, 0xbc, 0xdb, 
	0xbc, 0x95, 0xc4, 0xd7, 0xbc, 0x97, 0x41, 0x8b, 
	0x18, 0x83, 0x7b, 0x13, 0xb4, 0xdd, 0x6a, 0xd1, 
	0x00, 0x01, 0x39, 0x47, 0xa4, 0x15, 0x83, 0x53, 
	0x41, 0x07, 0x30, 0xc5, 0x20, 0x83, 0x39, 0x49, 
	0x93, 0x95, 0xc5, 0x5f, 0xc5, 0x1d, 0xb4, 0x97, 
	0xac, 0x99, 0x9c, 0x15, 0x9b, 0xd3, 0x73, 0x11, 
	0x72, 0xcd, 0xc4, 0xd9, 0xe6, 0x25, 0xbc, 0xdb, 
	0xc5, 0x17, 0xbc, 0x97, 0xc5, 0x19, 0xbc, 0xd9, 
	0xc4, 0xd7, 0xbc, 0x95, 0x9b, 0x8f, 0x41, 0x89, 
	0x00, 0x01, 0x41, 0x89, 0x83, 0x95, 0x52, 0x0d, 
	0x10, 0x43, 0x08, 0x41, 0x52, 0x0d, 0x41, 0x49, 
	0x20, 0x85, 0x10, 0x43, 0x08, 0x43, 0x5a, 0x0b, 
	0xbc, 0x51, 0xc4, 0x51, 0xb4, 0x13, 0xb4, 0x99, 
	0xc5, 0x5f, 0xa4, 0x59, 0x73, 0x13, 0x18, 0xc7, 
	0x52, 0x09, 0xc4, 0xd7, 0xde, 0x65, 0x9c, 0x17, 
	0xb4, 0x97, 0xc4, 0xd7, 0xbc, 0xdb, 0xbc, 0xd9, 
	0xbc, 0xd5, 0xbc, 0x93, 0x93, 0x8f, 0x20, 0xc5, 
	0x00, 0x01, 0x10, 0x43, 0x49, 0xcb, 0x62, 0x8d, 
	0x08, 0x43, 0x18, 0xc5, 0x39, 0x47, 0x51, 0xc9, 
	0x62, 0x4d, 0x49, 0x89, 0x39, 0x47, 0x39, 0x47, 
	0x8b, 0x0d, 0xb4, 0x0f, 0xb4, 0x11, 0xc4, 0xd7, 
	0xbd, 0x1f, 0xa4, 0x9d, 0xc5, 0x1d, 0x93, 0xd7, 
	0x41, 0x47, 0xbc, 0xd9, 0xdd, 0xe1, 0xcd, 0x1b, 
	0xd5, 0x9d, 0xcd, 0x5d, 0xd5, 0xe3, 0xbc, 0xdb, 
	0xac, 0x13, 0x7b, 0x0f, 0x39, 0x49, 0x21, 0x07, 
	0x52, 0x0d, 0x18, 0xc5, 0x18, 0x85, 0x08, 0x01, 
	0x29, 0x05, 0x52, 0x0b, 0x7b, 0x0f, 0x7b, 0x0f, 
	0x7a, 0xcf, 0x83, 0x11, 0x51, 0xcb, 0x28, 0xc5, 
	0x49, 0xcb, 0xbc, 0x55, 0xbc, 0x95, 0xd5, 0x9d, 
	0xbd, 0x1d, 0xd5, 0x9d, 0xee, 0x21, 0xde, 0x27, 
	0x51, 0xc9, 0xac, 0x55, 0xdd, 0x9d, 0xd5, 0x5b, 
	0xd5, 0x9d, 0xe6, 0xa9, 0xcd, 0x61, 0xb4, 0xd9, 
	0x9b, 0xd3, 0x62, 0x8d, 0x49, 0xcb, 0x7b, 0x11, 
	0x93, 0x51, 0x72, 0x8d, 0x39, 0x47, 0x10, 0x83, 
	0x5a, 0x4d, 0x93, 0x91, 0x93, 0xd3, 0xb4, 0x97, 
	0x9c, 0x15, 0x93, 0xd7, 0x7b, 0x13, 0x29, 0x09, 
	0x41, 0xcb, 0x9b, 0xd5, 0xac, 0x59, 0xa4, 0x59, 
	0x9c, 0x17, 0xd5, 0xe1, 0xee, 0x63, 0xd5, 0x9f, 
	0x72, 0x8d, 0x93, 0x93, 0xcd, 0x9f, 0xe6, 0x65, 
	0xe6, 0x69, 0xde, 0x6b, 0xbd, 0x1f, 0xac, 0x97, 
	0x83, 0x51, 0x6a, 0x8d, 0x6a, 0x8f, 0x82, 0xcb, 
	0x93, 0x4d, 0x93, 0x4d, 0x6a, 0x8d, 0x28, 0xc5, 
	0x8b, 0x93, 0xa4, 0x57, 0x9c, 0x5b, 0xb5, 0x1f, 
	0xb4, 0xdd, 0xb5, 0x65, 0xa4, 0x5d, 0x7b, 0x11, 
	0x20, 0xc5, 0x62, 0xd1, 0x5a, 0x91, 0x52, 0x4f, 
	0x72, 0x8d, 0xb4, 0x55, 0xde, 0x69, 0xe5, 0xe1, 
	0x83, 0x11, 0x62, 0x4b, 0xe6, 0x6b, 0xe6, 0xa9, 
	0xde, 0x69, 0xa4, 0x9d, 0x7b, 0x53, 0x5a, 0x4d, 
	0x5a, 0x0b, 0x62, 0x0d, 0x6a, 0x8b, 0x93, 0x4d, 
	0x82, 0xcb, 0x82, 0xcb, 0x93, 0x91, 0x52, 0x0b, 
	0x62, 0x8d, 0xa4, 0x59, 0xbd, 0x63, 0xbd, 0xa7, 
	0xad, 0x25, 0xbd, 0x63, 0xbd, 0x21, 0xbd, 0x1f, 
	0xa4, 0x9d, 0x73, 0x13, 0x9c, 0x19, 0xbd, 0x61, 
	0x94, 0x1d, 0x73, 0x11, 0xc4, 0xd7, 0xe5, 0xdd, 
	0xac, 0x99, 0x49, 0x89, 0x94, 0x1d, 0xd5, 0xe7, 
	0xa4, 0x9d, 0x62, 0x8f, 0x41, 0x89, 0x41, 0x89, 
	0x62, 0x0b, 0x6a, 0x4b, 0x7a, 0xcb, 0x7a, 0xcb, 
	0x6a, 0x4b, 0x7a, 0xcd, 0x8b, 0x91, 0x7b, 0x0f, 
	0x5a, 0x4d, 0x7b, 0x11, 0xc5, 0x1f, 0xc5, 0xeb, 
	0xbd, 0x67, 0xc5, 0x61, 0xbd, 0x1f, 0xc5, 0xe5, 
	0xde, 0x71, 0xce, 0x2b, 0xac, 0xdd, 0xbd, 0x63, 
	0xc5, 0xe7, 0x62, 0xd5, 0x9b, 0x8f, 0xee, 0x1f, 
	0xcd, 0xe7, 0x29, 0x49, 0x18, 0x43, 0x31, 0x07, 
	0x29, 0x05, 0x31, 0x07, 0x52, 0x0b, 0x6a, 0x8f, 
	0x62, 0x4d, 0x72, 0xcd, 0x7a, 0xcf, 0x72, 0x8d, 
	0x7a, 0xcd, 0x9b, 0xd1, 0x8b, 0x91, 0x7b, 0x0f, 
	0x7a, 0xcf, 0x62, 0x8d, 0xa4, 0x59, 0xb5, 0xa9, 
	0xbd, 0x65, 0xbc, 0x99, 0xcd, 0xa5, 0xc5, 0x61, 
	0xde, 0x29, 0xd5, 0xe7, 0xb5, 0x63, 0xb5, 0x67, 
	0xce, 0x6d, 0x42, 0x0f, 0x20, 0xc5, 0xb4, 0xd9, 
	0xe6, 0x69, 0x52, 0x51, 0x00, 0x01, 0x20, 0xc5, 
	0x6a, 0x8d, 0x62, 0x4b, 0x72, 0xcf, 0x6a, 0x8d, 
	0x6a, 0x4d, 0x6a, 0x8f, 0x6a, 0x8f, 0x6a, 0x8d, 
	0x7a, 0xcd, 0x93, 0x91, 0x8b, 0x4f, 0x93, 0x91, 
	0x72, 0xcd, 0x49, 0xc9, 0x9c, 0x17, 0xc5, 0xe9, 
	0xbd, 0x1f, 0xc5, 0x1b, 0xd5, 0x9f, 0xcd, 0x19, 
	0xd5, 0xa1, 0xcd, 0xe9, 0xc5, 0xa7, 0xb5, 0x67, 
	0xc5, 0xa3, 0x6b, 0x15, 0x10, 0x85, 0x39, 0x8b, 
	0x8b, 0xdb, 0x29, 0x09, 0x10, 0x43, 0x52, 0x4d, 
	0x8b, 0xd3, 0x83, 0x51, 0x72, 0x8d, 0x62, 0x4b, 
	0x6a, 0x8d, 0x7b, 0x0f, 0x83, 0x51, 0x6a, 0x4d, 
	0x7b, 0x0f, 0x7b, 0x51, 0x83, 0x0f, 0x7a, 0xcd, 
	0x7b, 0x11, 0x39, 0x89, 0x62, 0x4d, 0x93, 0xd5, 
	0xd6, 0x2b, 0xcd, 0x61, 0xc4, 0x95, 0xcd, 0x1b, 
	0xd5, 0x9f, 0xde, 0x25, 0xcd, 0x61, 0xc5, 0xa7, 
	0xbd, 0xe9, 0xb5, 0x63, 0x9c, 0x5f, 0x31, 0x8b, 
	0x00, 0x01, 0x00, 0x01, 0x18, 0x85, 0x39, 0x89, 
	0x62, 0x8f, 0x8b, 0x93, 0x72, 0x8d, 0x5a, 0x0b, 
	0x4a, 0x0b, 0x7b, 0x13, 0x7b, 0x13, 0x7b, 0x11, 
	0x7b, 0x53, 0x21, 0x05, 0x72, 0x8d, 0x62, 0x4d, 
	0x8b, 0x53, 0x41, 0xc9, 0x29, 0x07, 0x72, 0x8f, 
	0xa4, 0x5b, 0xcd, 0xe7, 0xb4, 0x99, 0xab, 0xd1, 
	0xcd, 0x19, 0xcd, 0xe3, 0xcd, 0xa3, 0xc5, 0x61, 
	0xac, 0x97, 0xbd, 0xa9, 0xbd, 0x65, 0xa4, 0xe1, 
	0x62, 0xcf, 0x31, 0x47, 0x08, 0x43, 0x08, 0x43, 
	0x18, 0x85, 0x39, 0x47, 0x39, 0x47, 0x49, 0xc9, 
	0x4a, 0x0b, 0x4a, 0x0b, 0x6a, 0xd1, 0x83, 0x95, 
	0x41, 0xcb, 0x00, 0x01, 0x52, 0x0b, 0x5a, 0x0b, 
	0xac, 0x15, 0x7b, 0x0f, 0x41, 0x89, 0x52, 0x0b, 
	0xbd, 0x61, 0xbd, 0x61, 0xb4, 0x59, 0xb4, 0x59, 
	0xb4, 0x99, 0xab, 0xd1, 0xc5, 0x1b, 0xbc, 0xdb, 
	0xac, 0x97, 0xb5, 0x65, 0xc5, 0xeb, 0xc5, 0xe7, 
	0xc5, 0xa5, 0x9c, 0x59, 0x18, 0x85, 0x00, 0x01, 
	0x10, 0x83, 0x18, 0x85, 0x83, 0xd9, 0x49, 0xc9, 
	0x49, 0xc9, 0x4a, 0x0b, 0x83, 0xd9, 0x7b, 0x53, 
	0x7b, 0x53, 0x72, 0xd1, 0x41, 0x89, 0x51, 0xcb, 
	
};

Gfx ccm_dl_SUPER_MARIO_64_5C3873C6_0_2_all_rgba16_copy_copy_copy_copy_copy_copy_copy_copy_copy_aligner[] = {gsSPEndDisplayList()};
u8 ccm_dl_SUPER_MARIO_64_5C3873C6_0_2_all_rgba16_copy_copy_copy_copy_copy_copy_copy_copy_copy[] = {
	0x8c, 0x1f, 0x9c, 0xe3, 0x51, 0xcb, 0x51, 0xcb, 
	0x83, 0x0f, 0xa4, 0x17, 0xa4, 0x17, 0xa4, 0x17, 
	0x9b, 0xd3, 0x9b, 0xd3, 0xac, 0x57, 0xac, 0x99, 
	0xb4, 0x97, 0xac, 0x97, 0xdd, 0xdf, 0x62, 0x91, 
	0x00, 0x01, 0x18, 0x85, 0x18, 0x83, 0x18, 0x83, 
	0x18, 0x83, 0x31, 0x49, 0x6b, 0x15, 0x5a, 0xd3, 
	0x83, 0xd9, 0x83, 0xd9, 0x4a, 0x0b, 0x83, 0x99, 
	0x83, 0xd7, 0x62, 0x4d, 0x5a, 0x4d, 0x6a, 0xd1, 
	0x63, 0x17, 0x62, 0xd5, 0x9b, 0xd7, 0x39, 0x49, 
	0x39, 0x49, 0x6a, 0x0b, 0x8b, 0x53, 0x9c, 0x15, 
	0xac, 0x99, 0xa4, 0x57, 0x83, 0x0f, 0x83, 0x51, 
	0xac, 0x9b, 0xb5, 0x1b, 0xc5, 0x1d, 0xb4, 0x99, 
	0x31, 0x47, 0x10, 0x43, 0x18, 0x83, 0x18, 0x83, 
	0x18, 0x85, 0x08, 0x41, 0x18, 0x85, 0x62, 0xd3, 
	0x63, 0x13, 0x73, 0x55, 0x7b, 0x97, 0x83, 0xd9, 
	0x83, 0xd7, 0x6a, 0xd1, 0x62, 0x8f, 0x62, 0x4f, 
	0x31, 0x49, 0x5a, 0x91, 0xd5, 0x17, 0x5a, 0x4d, 
	0x31, 0x07, 0x51, 0xcb, 0x8b, 0x93, 0x93, 0xd3, 
	0x83, 0x51, 0x83, 0x93, 0x7b, 0x11, 0x6a, 0x8d, 
	0x94, 0x17, 0xb5, 0x1d, 0xb4, 0xd9, 0xc5, 0x19, 
	0x6a, 0x8d, 0x08, 0x03, 0x08, 0x43, 0x10, 0x43, 
	0x18, 0x85, 0x10, 0x43, 0x00, 0x01, 0x39, 0x8b, 
	0x8c, 0x19, 0x94, 0x5b, 0x7b, 0x97, 0x7b, 0x95, 
	0x7b, 0x97, 0x7b, 0x55, 0x73, 0x13, 0x6a, 0xd3, 
	0x18, 0x85, 0x5a, 0x0d, 0xb4, 0x11, 0x72, 0x8d, 
	0x08, 0x43, 0x18, 0x85, 0x93, 0xd3, 0xb4, 0x97, 
	0xac, 0x57, 0x94, 0x17, 0x83, 0x53, 0x7b, 0x11, 
	0x83, 0x95, 0x9c, 0x17, 0x9c, 0x17, 0xbc, 0xd9, 
	0xcd, 0x59, 0x72, 0xcf, 0x18, 0xc5, 0x08, 0x43, 
	0x31, 0x07, 0x5a, 0x4f, 0x29, 0x49, 0x10, 0x83, 
	0x52, 0x91, 0x73, 0x55, 0x7b, 0x97, 0x83, 0xd9, 
	0x7b, 0x55, 0x83, 0xd9, 0x83, 0xd9, 0x83, 0xd7, 
	0xa3, 0xd5, 0x8b, 0x11, 0x9b, 0x53, 0x6a, 0x4d, 
	0x18, 0x85, 0x20, 0xc5, 0x9c, 0x15, 0xac, 0x57, 
	0xac, 0x97, 0xb5, 0x1d, 0x93, 0xd3, 0x72, 0xd1, 
	0x62, 0x91, 0x7b, 0x53, 0x9c, 0x15, 0xa4, 0x55, 
	0xc4, 0xd9, 0xcd, 0x17, 0x51, 0xcb, 0x00, 0x03, 
	0x31, 0x47, 0x93, 0xd5, 0x83, 0x95, 0x31, 0x89, 
	0x18, 0xc5, 0x29, 0x49, 0x62, 0xd3, 0x94, 0x5b, 
	0x83, 0xd9, 0x6b, 0x13, 0x8c, 0x1b, 0x7b, 0x97, 
	0x93, 0xd7, 0x93, 0x95, 0x6a, 0x8f, 0x6a, 0x91, 
	0x39, 0x49, 0x18, 0x85, 0xa4, 0x59, 0xc5, 0x5d, 
	0xd5, 0xe1, 0xcd, 0x9f, 0xa4, 0x59, 0x72, 0xcd, 
	0x83, 0x51, 0xac, 0x97, 0xbc, 0xd9, 0x73, 0x0f, 
	0x29, 0x09, 0x9b, 0xd3, 0xa4, 0x15, 0xac, 0x55, 
	0x7b, 0x51, 0x49, 0xcb, 0x8b, 0x93, 0x73, 0x13, 
	0x6b, 0x13, 0x62, 0xd1, 0x4a, 0x0d, 0x39, 0x8b, 
	0x41, 0xcd, 0x62, 0xd1, 0x73, 0x55, 0x7b, 0x97, 
	0xa4, 0x5b, 0xbd, 0x1d, 0xa4, 0x17, 0x83, 0x55, 
	0x41, 0x8b, 0x08, 0x01, 0x49, 0xcb, 0x8b, 0x95, 
	0xb5, 0x21, 0xc5, 0x63, 0x9c, 0x5d, 0x93, 0x91, 
	0xa4, 0x53, 0x9c, 0x15, 0x9c, 0x57, 0x73, 0x11, 
	0x93, 0xd7, 0xcd, 0x19, 0xd5, 0x5b, 0xdd, 0x9b, 
	0xe6, 0x1f, 0xa4, 0x59, 0x10, 0x03, 0x29, 0x07, 
	0xc5, 0x61, 0xc5, 0x61, 0x93, 0xd7, 0x93, 0xd7, 
	0x52, 0x4f, 0x39, 0xcb, 0x5a, 0x93, 0x62, 0xd3, 
	0x83, 0x13, 0x5a, 0x4d, 0x62, 0x8f, 0x72, 0xd3, 
	0x73, 0x15, 0x08, 0x43, 0x10, 0x43, 0x28, 0xc5, 
	0x31, 0x07, 0x41, 0xcb, 0x62, 0x91, 0x83, 0x93, 
	0x94, 0x17, 0x94, 0x17, 0x8b, 0xd5, 0xb4, 0x99, 
	0xd5, 0x5b, 0xcd, 0x17, 0xcd, 0x19, 0xd5, 0x9f, 
	0xdd, 0xe3, 0xde, 0x25, 0x52, 0x4f, 0x10, 0x43, 
	0x8b, 0xd7, 0xac, 0xdd, 0xb4, 0xdb, 0xb4, 0xdd, 
	0xac, 0x9b, 0x83, 0x95, 0x4a, 0x0f, 0x39, 0x8b, 
	0x20, 0xc5, 0x41, 0x8b, 0x41, 0x47, 0x5a, 0x0d, 
	0x6a, 0x91, 0x08, 0x43, 0x00, 0x01, 0x18, 0x83, 
	0x28, 0x85, 0x20, 0x83, 0x28, 0x83, 0x31, 0x07, 
	0x52, 0x0d, 0x52, 0x0d, 0x83, 0x97, 0xcd, 0x1b, 
	0xc4, 0x95, 0xbc, 0xd9, 0xd5, 0xe3, 0xdd, 0xe1, 
	0xcd, 0x5d, 0xcd, 0xe7, 0xbd, 0x5f, 0x20, 0xc5, 
	0x49, 0xcb, 0x8b, 0xd5, 0xb4, 0xdd, 0xac, 0x99, 
	0xb5, 0x1d, 0x9c, 0x57, 0xbc, 0xd9, 0xd5, 0x5b, 
	0x49, 0xc9, 0x39, 0x47, 0x41, 0x47, 0x29, 0x09, 
	0x10, 0x85, 0x00, 0x01, 0x00, 0x01, 0x00, 0x01, 
	0x10, 0x83, 0x28, 0xc5, 0x31, 0x05, 0x29, 0x05, 
	0x31, 0x47, 0x18, 0x83, 0x7b, 0x97, 0xd5, 0x9f, 
	0xcd, 0x5d, 0xde, 0x23, 0xe6, 0xa9, 0xde, 0x67, 
	0xcd, 0x9f, 0xcd, 0xe5, 0xee, 0xaf, 0x8c, 0x19, 
	0x20, 0xc5, 0x7b, 0x13, 0xb4, 0xdf, 0xb4, 0xdd, 
	0xbd, 0x1d, 0xbc, 0xdd, 0xcd, 0x1b, 0xd5, 0x59, 
	0xd5, 0x59, 0xcc, 0xd5, 0xa4, 0x15, 0x18, 0x83, 
	0x10, 0x43, 0x10, 0x83, 0x10, 0x43, 0x08, 0x43, 
	0x08, 0x43, 0x08, 0x01, 0x20, 0x85, 0x31, 0x49, 
	0x20, 0xc5, 0x00, 0x01, 0x41, 0xcb, 0xb5, 0x1f, 
	0x94, 0x19, 0x72, 0xd1, 0x7b, 0x13, 0x93, 0x97, 
	0xbd, 0x61, 0xbd, 0x63, 0xac, 0xe1, 0xa4, 0xdf, 
	0x28, 0xc7, 0x41, 0x89, 0xa4, 0x5b, 0xc5, 0x5f, 
	0xb4, 0xdd, 0xb4, 0xdd, 0xb4, 0x99, 0xcd, 0x19, 
	0xbc, 0x95, 0xc4, 0x95, 0xcd, 0x5d, 0xb4, 0xdd, 
	0xbd, 0x1d, 0xcd, 0x9f, 0xbc, 0xd9, 0xa4, 0x17, 
	0x8b, 0x97, 0x31, 0x49, 0x00, 0x01, 0x00, 0x01, 
	0x00, 0x01, 0x08, 0x41, 0x20, 0xc5, 0x8b, 0xd9, 
	0x8b, 0xd7, 0x52, 0x0b, 0x49, 0x47, 0x6a, 0x0b, 
	0x73, 0x15, 0x52, 0x0b, 0x39, 0x05, 0x49, 0xcb, 
	0x20, 0xc5, 0x10, 0x43, 0x52, 0x0b, 0xac, 0x59, 
	0xbd, 0x1f, 0xbd, 0x61, 0xb4, 0xdd, 0xb4, 0x97, 
	0xb4, 0x97, 0xcd, 0x5b, 0xbc, 0xd9, 0xc5, 0x19, 
	0xbc, 0x99, 0xc4, 0x57, 0xb4, 0x57, 0x93, 0x93, 
	0xa3, 0xd5, 0xa3, 0xd5, 0x20, 0xc7, 0x18, 0x85, 
	0x5a, 0x4d, 0x29, 0x07, 0x08, 0x03, 0x62, 0x91, 
	0x72, 0xcf, 0x72, 0x8d, 0x5a, 0x0b, 0x49, 0x89, 
	0x39, 0x07, 0x28, 0xc5, 0x30, 0xc5, 0x41, 0x89, 
	0x08, 0x41, 0x08, 0x03, 0x41, 0x89, 0x8b, 0x53, 
	0xac, 0x9b, 0xb4, 0xdd, 0xbd, 0x1f, 0xbc, 0x99, 
	0xa4, 0x17, 0xac, 0x59, 0xb4, 0x57, 0xac, 0x55, 
	0x9b, 0x93, 0xb3, 0xd1, 0x9b, 0xd7, 0x6a, 0x4d, 
	0x7a, 0x8d, 0x9b, 0xd5, 0x52, 0x0b, 0xa4, 0x15, 
	0xcd, 0x5b, 0x29, 0x07, 0x00, 0x01, 0x20, 0xc5, 
	0x83, 0x53, 0x93, 0xd7, 0x6a, 0x8f, 0x49, 0x89, 
	0x30, 0xc5, 0x20, 0x85, 0x20, 0x85, 0x08, 0x43, 
	0x00, 0x01, 0x08, 0x43, 0x28, 0xc5, 0x93, 0xd7, 
	0xac, 0x9b, 0xc5, 0x5f, 0xac, 0x9d, 0xac, 0x9b, 
	0xc4, 0xd9, 0x9b, 0x8f, 0xb4, 0x53, 0xa3, 0xd3, 
	0xc5, 0x1d, 0xdd, 0xe1, 0xbd, 0x1f, 0x8b, 0x13, 
	0xa3, 0xd5, 0x7a, 0xcf, 0x93, 0xd3, 0xdd, 0x9b, 
	0xd5, 0x9d, 0x52, 0x4d, 0x00, 0x01, 0x08, 0x43, 
	0x5a, 0x4d, 0x72, 0xd1, 0x49, 0x49, 0x51, 0x89, 
	0x62, 0x0b, 0x51, 0xc9, 0x18, 0x85, 0x10, 0x45, 
	0x00, 0x01, 0x00, 0x01, 0x08, 0x43, 0x6a, 0x8f, 
	0xbc, 0xdd, 0xac, 0x9b, 0xac, 0x9b, 0xac, 0x9d, 
	0xb4, 0xdb, 0xc5, 0x1b, 0xb4, 0x53, 0xac, 0x13, 
	0xac, 0x57, 0xb4, 0x97, 0xac, 0x59, 0x9b, 0xd7, 
	0x8b, 0x53, 0x7a, 0xcf, 0x6a, 0x4d, 0x9c, 0x15, 
	0xbc, 0xd9, 0x8b, 0xd5, 0x08, 0x03, 0x00, 0x01, 
	0x08, 0x43, 0x39, 0x47, 0x62, 0x4d, 0x7a, 0xcf, 
	0xac, 0x13, 0xc4, 0xd7, 0xbc, 0xd9, 0xc4, 0xd9, 
	0x73, 0x0f, 0x49, 0xcb, 0x08, 0x43, 0x31, 0x07, 
	0xb4, 0xdd, 0xbd, 0x1f, 0xac, 0x99, 0xbd, 0x1f, 
	0x93, 0xd7, 0xcd, 0x5d, 0x7a, 0xcd, 0xb4, 0x51, 
	0x93, 0x8f, 0x83, 0x0f, 0x6a, 0x8d, 0x51, 0xcb, 
	0x8a, 0x8d, 0x9b, 0x8f, 0x49, 0xcb, 0x7b, 0x11, 
	0x9b, 0xd5, 0xa4, 0x57, 0x52, 0x4d, 0x20, 0xc5, 
	0x5a, 0x4f, 0xcd, 0x5b, 0xbc, 0xd9, 0xc5, 0x1d, 
	0xb4, 0xdb, 0xa4, 0x15, 0x9c, 0x15, 0xac, 0x55, 
	0xbc, 0x97, 0xcd, 0x59, 0x52, 0x0d, 0x08, 0x01, 
	0x83, 0x53, 0xbd, 0x1d, 0xb4, 0x9b, 0xac, 0x9b, 
	0x93, 0xd5, 0xac, 0x99, 0x8b, 0x51, 0xac, 0x15, 
	0xb4, 0x13, 0x93, 0x4f, 0x51, 0xc9, 0x6a, 0x4b, 
	0xa3, 0xd3, 0x93, 0x51, 0x93, 0x91, 0x9b, 0xd5, 
	0x9c, 0x17, 0xa4, 0x17, 0xac, 0x57, 0x83, 0x53, 
	0x83, 0x95, 0xe6, 0x21, 0xcd, 0x5b, 0xc4, 0xd9, 
	0xac, 0x57, 0xa4, 0x17, 0x8b, 0x93, 0xa4, 0x59, 
	0xbc, 0xd7, 0xc4, 0xd7, 0xbd, 0x1b, 0x29, 0x49, 
	0x41, 0x89, 0x9c, 0x17, 0xac, 0x99, 0xa4, 0x9b, 
	0x4a, 0x0d, 0x5a, 0x0d, 0x9b, 0xd1, 0xbc, 0x99, 
	0xa3, 0xd3, 0x49, 0x47, 0x39, 0x07, 0x51, 0xc9, 
	0x7b, 0x11, 0x93, 0x95, 0xac, 0x5b, 0xbc, 0xdb, 
	0xc5, 0x5f, 0xbc, 0xdb, 0x9b, 0xd1, 0x9b, 0xd3, 
	0x7b, 0x11, 0xe6, 0x23, 0xcd, 0x5d, 0xcd, 0x1b, 
	0xc4, 0xd9, 0xbc, 0x99, 0xcd, 0x5d, 0xbc, 0xdb, 
	0xbc, 0x95, 0xc4, 0xd7, 0xbc, 0x97, 0x41, 0x8b, 
	0x18, 0x83, 0x7b, 0x13, 0xb4, 0xdd, 0x6a, 0xd1, 
	0x00, 0x01, 0x39, 0x47, 0xa4, 0x15, 0x83, 0x53, 
	0x41, 0x07, 0x30, 0xc5, 0x20, 0x83, 0x39, 0x49, 
	0x93, 0x95, 0xc5, 0x5f, 0xc5, 0x1d, 0xb4, 0x97, 
	0xac, 0x99, 0x9c, 0x15, 0x9b, 0xd3, 0x73, 0x11, 
	0x72, 0xcd, 0xc4, 0xd9, 0xe6, 0x25, 0xbc, 0xdb, 
	0xc5, 0x17, 0xbc, 0x97, 0xc5, 0x19, 0xbc, 0xd9, 
	0xc4, 0xd7, 0xbc, 0x95, 0x9b, 0x8f, 0x41, 0x89, 
	0x00, 0x01, 0x41, 0x89, 0x83, 0x95, 0x52, 0x0d, 
	0x10, 0x43, 0x08, 0x41, 0x52, 0x0d, 0x41, 0x49, 
	0x20, 0x85, 0x10, 0x43, 0x08, 0x43, 0x5a, 0x0b, 
	0xbc, 0x51, 0xc4, 0x51, 0xb4, 0x13, 0xb4, 0x99, 
	0xc5, 0x5f, 0xa4, 0x59, 0x73, 0x13, 0x18, 0xc7, 
	0x52, 0x09, 0xc4, 0xd7, 0xde, 0x65, 0x9c, 0x17, 
	0xb4, 0x97, 0xc4, 0xd7, 0xbc, 0xdb, 0xbc, 0xd9, 
	0xbc, 0xd5, 0xbc, 0x93, 0x93, 0x8f, 0x20, 0xc5, 
	0x00, 0x01, 0x10, 0x43, 0x49, 0xcb, 0x62, 0x8d, 
	0x08, 0x43, 0x18, 0xc5, 0x39, 0x47, 0x51, 0xc9, 
	0x62, 0x4d, 0x49, 0x89, 0x39, 0x47, 0x39, 0x47, 
	0x8b, 0x0d, 0xb4, 0x0f, 0xb4, 0x11, 0xc4, 0xd7, 
	0xbd, 0x1f, 0xa4, 0x9d, 0xc5, 0x1d, 0x93, 0xd7, 
	0x41, 0x47, 0xbc, 0xd9, 0xdd, 0xe1, 0xcd, 0x1b, 
	0xd5, 0x9d, 0xcd, 0x5d, 0xd5, 0xe3, 0xbc, 0xdb, 
	0xac, 0x13, 0x7b, 0x0f, 0x39, 0x49, 0x21, 0x07, 
	0x52, 0x0d, 0x18, 0xc5, 0x18, 0x85, 0x08, 0x01, 
	0x29, 0x05, 0x52, 0x0b, 0x7b, 0x0f, 0x7b, 0x0f, 
	0x7a, 0xcf, 0x83, 0x11, 0x51, 0xcb, 0x28, 0xc5, 
	0x49, 0xcb, 0xbc, 0x55, 0xbc, 0x95, 0xd5, 0x9d, 
	0xbd, 0x1d, 0xd5, 0x9d, 0xee, 0x21, 0xde, 0x27, 
	0x51, 0xc9, 0xac, 0x55, 0xdd, 0x9d, 0xd5, 0x5b, 
	0xd5, 0x9d, 0xe6, 0xa9, 0xcd, 0x61, 0xb4, 0xd9, 
	0x9b, 0xd3, 0x62, 0x8d, 0x49, 0xcb, 0x7b, 0x11, 
	0x93, 0x51, 0x72, 0x8d, 0x39, 0x47, 0x10, 0x83, 
	0x5a, 0x4d, 0x93, 0x91, 0x93, 0xd3, 0xb4, 0x97, 
	0x9c, 0x15, 0x93, 0xd7, 0x7b, 0x13, 0x29, 0x09, 
	0x41, 0xcb, 0x9b, 0xd5, 0xac, 0x59, 0xa4, 0x59, 
	0x9c, 0x17, 0xd5, 0xe1, 0xee, 0x63, 0xd5, 0x9f, 
	0x72, 0x8d, 0x93, 0x93, 0xcd, 0x9f, 0xe6, 0x65, 
	0xe6, 0x69, 0xde, 0x6b, 0xbd, 0x1f, 0xac, 0x97, 
	0x83, 0x51, 0x6a, 0x8d, 0x6a, 0x8f, 0x82, 0xcb, 
	0x93, 0x4d, 0x93, 0x4d, 0x6a, 0x8d, 0x28, 0xc5, 
	0x8b, 0x93, 0xa4, 0x57, 0x9c, 0x5b, 0xb5, 0x1f, 
	0xb4, 0xdd, 0xb5, 0x65, 0xa4, 0x5d, 0x7b, 0x11, 
	0x20, 0xc5, 0x62, 0xd1, 0x5a, 0x91, 0x52, 0x4f, 
	0x72, 0x8d, 0xb4, 0x55, 0xde, 0x69, 0xe5, 0xe1, 
	0x83, 0x11, 0x62, 0x4b, 0xe6, 0x6b, 0xe6, 0xa9, 
	0xde, 0x69, 0xa4, 0x9d, 0x7b, 0x53, 0x5a, 0x4d, 
	0x5a, 0x0b, 0x62, 0x0d, 0x6a, 0x8b, 0x93, 0x4d, 
	0x82, 0xcb, 0x82, 0xcb, 0x93, 0x91, 0x52, 0x0b, 
	0x62, 0x8d, 0xa4, 0x59, 0xbd, 0x63, 0xbd, 0xa7, 
	0xad, 0x25, 0xbd, 0x63, 0xbd, 0x21, 0xbd, 0x1f, 
	0xa4, 0x9d, 0x73, 0x13, 0x9c, 0x19, 0xbd, 0x61, 
	0x94, 0x1d, 0x73, 0x11, 0xc4, 0xd7, 0xe5, 0xdd, 
	0xac, 0x99, 0x49, 0x89, 0x94, 0x1d, 0xd5, 0xe7, 
	0xa4, 0x9d, 0x62, 0x8f, 0x41, 0x89, 0x41, 0x89, 
	0x62, 0x0b, 0x6a, 0x4b, 0x7a, 0xcb, 0x7a, 0xcb, 
	0x6a, 0x4b, 0x7a, 0xcd, 0x8b, 0x91, 0x7b, 0x0f, 
	0x5a, 0x4d, 0x7b, 0x11, 0xc5, 0x1f, 0xc5, 0xeb, 
	0xbd, 0x67, 0xc5, 0x61, 0xbd, 0x1f, 0xc5, 0xe5, 
	0xde, 0x71, 0xce, 0x2b, 0xac, 0xdd, 0xbd, 0x63, 
	0xc5, 0xe7, 0x62, 0xd5, 0x9b, 0x8f, 0xee, 0x1f, 
	0xcd, 0xe7, 0x29, 0x49, 0x18, 0x43, 0x31, 0x07, 
	0x29, 0x05, 0x31, 0x07, 0x52, 0x0b, 0x6a, 0x8f, 
	0x62, 0x4d, 0x72, 0xcd, 0x7a, 0xcf, 0x72, 0x8d, 
	0x7a, 0xcd, 0x9b, 0xd1, 0x8b, 0x91, 0x7b, 0x0f, 
	0x7a, 0xcf, 0x62, 0x8d, 0xa4, 0x59, 0xb5, 0xa9, 
	0xbd, 0x65, 0xbc, 0x99, 0xcd, 0xa5, 0xc5, 0x61, 
	0xde, 0x29, 0xd5, 0xe7, 0xb5, 0x63, 0xb5, 0x67, 
	0xce, 0x6d, 0x42, 0x0f, 0x20, 0xc5, 0xb4, 0xd9, 
	0xe6, 0x69, 0x52, 0x51, 0x00, 0x01, 0x20, 0xc5, 
	0x6a, 0x8d, 0x62, 0x4b, 0x72, 0xcf, 0x6a, 0x8d, 
	0x6a, 0x4d, 0x6a, 0x8f, 0x6a, 0x8f, 0x6a, 0x8d, 
	0x7a, 0xcd, 0x93, 0x91, 0x8b, 0x4f, 0x93, 0x91, 
	0x72, 0xcd, 0x49, 0xc9, 0x9c, 0x17, 0xc5, 0xe9, 
	0xbd, 0x1f, 0xc5, 0x1b, 0xd5, 0x9f, 0xcd, 0x19, 
	0xd5, 0xa1, 0xcd, 0xe9, 0xc5, 0xa7, 0xb5, 0x67, 
	0xc5, 0xa3, 0x6b, 0x15, 0x10, 0x85, 0x39, 0x8b, 
	0x8b, 0xdb, 0x29, 0x09, 0x10, 0x43, 0x52, 0x4d, 
	0x8b, 0xd3, 0x83, 0x51, 0x72, 0x8d, 0x62, 0x4b, 
	0x6a, 0x8d, 0x7b, 0x0f, 0x83, 0x51, 0x6a, 0x4d, 
	0x7b, 0x0f, 0x7b, 0x51, 0x83, 0x0f, 0x7a, 0xcd, 
	0x7b, 0x11, 0x39, 0x89, 0x62, 0x4d, 0x93, 0xd5, 
	0xd6, 0x2b, 0xcd, 0x61, 0xc4, 0x95, 0xcd, 0x1b, 
	0xd5, 0x9f, 0xde, 0x25, 0xcd, 0x61, 0xc5, 0xa7, 
	0xbd, 0xe9, 0xb5, 0x63, 0x9c, 0x5f, 0x31, 0x8b, 
	0x00, 0x01, 0x00, 0x01, 0x18, 0x85, 0x39, 0x89, 
	0x62, 0x8f, 0x8b, 0x93, 0x72, 0x8d, 0x5a, 0x0b, 
	0x4a, 0x0b, 0x7b, 0x13, 0x7b, 0x13, 0x7b, 0x11, 
	0x7b, 0x53, 0x21, 0x05, 0x72, 0x8d, 0x62, 0x4d, 
	0x8b, 0x53, 0x41, 0xc9, 0x29, 0x07, 0x72, 0x8f, 
	0xa4, 0x5b, 0xcd, 0xe7, 0xb4, 0x99, 0xab, 0xd1, 
	0xcd, 0x19, 0xcd, 0xe3, 0xcd, 0xa3, 0xc5, 0x61, 
	0xac, 0x97, 0xbd, 0xa9, 0xbd, 0x65, 0xa4, 0xe1, 
	0x62, 0xcf, 0x31, 0x47, 0x08, 0x43, 0x08, 0x43, 
	0x18, 0x85, 0x39, 0x47, 0x39, 0x47, 0x49, 0xc9, 
	0x4a, 0x0b, 0x4a, 0x0b, 0x6a, 0xd1, 0x83, 0x95, 
	0x41, 0xcb, 0x00, 0x01, 0x52, 0x0b, 0x5a, 0x0b, 
	0xac, 0x15, 0x7b, 0x0f, 0x41, 0x89, 0x52, 0x0b, 
	0xbd, 0x61, 0xbd, 0x61, 0xb4, 0x59, 0xb4, 0x59, 
	0xb4, 0x99, 0xab, 0xd1, 0xc5, 0x1b, 0xbc, 0xdb, 
	0xac, 0x97, 0xb5, 0x65, 0xc5, 0xeb, 0xc5, 0xe7, 
	0xc5, 0xa5, 0x9c, 0x59, 0x18, 0x85, 0x00, 0x01, 
	0x10, 0x83, 0x18, 0x85, 0x83, 0xd9, 0x49, 0xc9, 
	0x49, 0xc9, 0x4a, 0x0b, 0x83, 0xd9, 0x7b, 0x53, 
	0x7b, 0x53, 0x72, 0xd1, 0x41, 0x89, 0x51, 0xcb, 
	
};

Gfx ccm_dl_SUPER_MARIO_64_5C3873C6_0_2_all_rgba16_copy_copy_copy_copy_copy_copy_copy_copy_copy_copy_aligner[] = {gsSPEndDisplayList()};
u8 ccm_dl_SUPER_MARIO_64_5C3873C6_0_2_all_rgba16_copy_copy_copy_copy_copy_copy_copy_copy_copy_copy[] = {
	0x8c, 0x1f, 0x9c, 0xe3, 0x51, 0xcb, 0x51, 0xcb, 
	0x83, 0x0f, 0xa4, 0x17, 0xa4, 0x17, 0xa4, 0x17, 
	0x9b, 0xd3, 0x9b, 0xd3, 0xac, 0x57, 0xac, 0x99, 
	0xb4, 0x97, 0xac, 0x97, 0xdd, 0xdf, 0x62, 0x91, 
	0x00, 0x01, 0x18, 0x85, 0x18, 0x83, 0x18, 0x83, 
	0x18, 0x83, 0x31, 0x49, 0x6b, 0x15, 0x5a, 0xd3, 
	0x83, 0xd9, 0x83, 0xd9, 0x4a, 0x0b, 0x83, 0x99, 
	0x83, 0xd7, 0x62, 0x4d, 0x5a, 0x4d, 0x6a, 0xd1, 
	0x63, 0x17, 0x62, 0xd5, 0x9b, 0xd7, 0x39, 0x49, 
	0x39, 0x49, 0x6a, 0x0b, 0x8b, 0x53, 0x9c, 0x15, 
	0xac, 0x99, 0xa4, 0x57, 0x83, 0x0f, 0x83, 0x51, 
	0xac, 0x9b, 0xb5, 0x1b, 0xc5, 0x1d, 0xb4, 0x99, 
	0x31, 0x47, 0x10, 0x43, 0x18, 0x83, 0x18, 0x83, 
	0x18, 0x85, 0x08, 0x41, 0x18, 0x85, 0x62, 0xd3, 
	0x63, 0x13, 0x73, 0x55, 0x7b, 0x97, 0x83, 0xd9, 
	0x83, 0xd7, 0x6a, 0xd1, 0x62, 0x8f, 0x62, 0x4f, 
	0x31, 0x49, 0x5a, 0x91, 0xd5, 0x17, 0x5a, 0x4d, 
	0x31, 0x07, 0x51, 0xcb, 0x8b, 0x93, 0x93, 0xd3, 
	0x83, 0x51, 0x83, 0x93, 0x7b, 0x11, 0x6a, 0x8d, 
	0x94, 0x17, 0xb5, 0x1d, 0xb4, 0xd9, 0xc5, 0x19, 
	0x6a, 0x8d, 0x08, 0x03, 0x08, 0x43, 0x10, 0x43, 
	0x18, 0x85, 0x10, 0x43, 0x00, 0x01, 0x39, 0x8b, 
	0x8c, 0x19, 0x94, 0x5b, 0x7b, 0x97, 0x7b, 0x95, 
	0x7b, 0x97, 0x7b, 0x55, 0x73, 0x13, 0x6a, 0xd3, 
	0x18, 0x85, 0x5a, 0x0d, 0xb4, 0x11, 0x72, 0x8d, 
	0x08, 0x43, 0x18, 0x85, 0x93, 0xd3, 0xb4, 0x97, 
	0xac, 0x57, 0x94, 0x17, 0x83, 0x53, 0x7b, 0x11, 
	0x83, 0x95, 0x9c, 0x17, 0x9c, 0x17, 0xbc, 0xd9, 
	0xcd, 0x59, 0x72, 0xcf, 0x18, 0xc5, 0x08, 0x43, 
	0x31, 0x07, 0x5a, 0x4f, 0x29, 0x49, 0x10, 0x83, 
	0x52, 0x91, 0x73, 0x55, 0x7b, 0x97, 0x83, 0xd9, 
	0x7b, 0x55, 0x83, 0xd9, 0x83, 0xd9, 0x83, 0xd7, 
	0xa3, 0xd5, 0x8b, 0x11, 0x9b, 0x53, 0x6a, 0x4d, 
	0x18, 0x85, 0x20, 0xc5, 0x9c, 0x15, 0xac, 0x57, 
	0xac, 0x97, 0xb5, 0x1d, 0x93, 0xd3, 0x72, 0xd1, 
	0x62, 0x91, 0x7b, 0x53, 0x9c, 0x15, 0xa4, 0x55, 
	0xc4, 0xd9, 0xcd, 0x17, 0x51, 0xcb, 0x00, 0x03, 
	0x31, 0x47, 0x93, 0xd5, 0x83, 0x95, 0x31, 0x89, 
	0x18, 0xc5, 0x29, 0x49, 0x62, 0xd3, 0x94, 0x5b, 
	0x83, 0xd9, 0x6b, 0x13, 0x8c, 0x1b, 0x7b, 0x97, 
	0x93, 0xd7, 0x93, 0x95, 0x6a, 0x8f, 0x6a, 0x91, 
	0x39, 0x49, 0x18, 0x85, 0xa4, 0x59, 0xc5, 0x5d, 
	0xd5, 0xe1, 0xcd, 0x9f, 0xa4, 0x59, 0x72, 0xcd, 
	0x83, 0x51, 0xac, 0x97, 0xbc, 0xd9, 0x73, 0x0f, 
	0x29, 0x09, 0x9b, 0xd3, 0xa4, 0x15, 0xac, 0x55, 
	0x7b, 0x51, 0x49, 0xcb, 0x8b, 0x93, 0x73, 0x13, 
	0x6b, 0x13, 0x62, 0xd1, 0x4a, 0x0d, 0x39, 0x8b, 
	0x41, 0xcd, 0x62, 0xd1, 0x73, 0x55, 0x7b, 0x97, 
	0xa4, 0x5b, 0xbd, 0x1d, 0xa4, 0x17, 0x83, 0x55, 
	0x41, 0x8b, 0x08, 0x01, 0x49, 0xcb, 0x8b, 0x95, 
	0xb5, 0x21, 0xc5, 0x63, 0x9c, 0x5d, 0x93, 0x91, 
	0xa4, 0x53, 0x9c, 0x15, 0x9c, 0x57, 0x73, 0x11, 
	0x93, 0xd7, 0xcd, 0x19, 0xd5, 0x5b, 0xdd, 0x9b, 
	0xe6, 0x1f, 0xa4, 0x59, 0x10, 0x03, 0x29, 0x07, 
	0xc5, 0x61, 0xc5, 0x61, 0x93, 0xd7, 0x93, 0xd7, 
	0x52, 0x4f, 0x39, 0xcb, 0x5a, 0x93, 0x62, 0xd3, 
	0x83, 0x13, 0x5a, 0x4d, 0x62, 0x8f, 0x72, 0xd3, 
	0x73, 0x15, 0x08, 0x43, 0x10, 0x43, 0x28, 0xc5, 
	0x31, 0x07, 0x41, 0xcb, 0x62, 0x91, 0x83, 0x93, 
	0x94, 0x17, 0x94, 0x17, 0x8b, 0xd5, 0xb4, 0x99, 
	0xd5, 0x5b, 0xcd, 0x17, 0xcd, 0x19, 0xd5, 0x9f, 
	0xdd, 0xe3, 0xde, 0x25, 0x52, 0x4f, 0x10, 0x43, 
	0x8b, 0xd7, 0xac, 0xdd, 0xb4, 0xdb, 0xb4, 0xdd, 
	0xac, 0x9b, 0x83, 0x95, 0x4a, 0x0f, 0x39, 0x8b, 
	0x20, 0xc5, 0x41, 0x8b, 0x41, 0x47, 0x5a, 0x0d, 
	0x6a, 0x91, 0x08, 0x43, 0x00, 0x01, 0x18, 0x83, 
	0x28, 0x85, 0x20, 0x83, 0x28, 0x83, 0x31, 0x07, 
	0x52, 0x0d, 0x52, 0x0d, 0x83, 0x97, 0xcd, 0x1b, 
	0xc4, 0x95, 0xbc, 0xd9, 0xd5, 0xe3, 0xdd, 0xe1, 
	0xcd, 0x5d, 0xcd, 0xe7, 0xbd, 0x5f, 0x20, 0xc5, 
	0x49, 0xcb, 0x8b, 0xd5, 0xb4, 0xdd, 0xac, 0x99, 
	0xb5, 0x1d, 0x9c, 0x57, 0xbc, 0xd9, 0xd5, 0x5b, 
	0x49, 0xc9, 0x39, 0x47, 0x41, 0x47, 0x29, 0x09, 
	0x10, 0x85, 0x00, 0x01, 0x00, 0x01, 0x00, 0x01, 
	0x10, 0x83, 0x28, 0xc5, 0x31, 0x05, 0x29, 0x05, 
	0x31, 0x47, 0x18, 0x83, 0x7b, 0x97, 0xd5, 0x9f, 
	0xcd, 0x5d, 0xde, 0x23, 0xe6, 0xa9, 0xde, 0x67, 
	0xcd, 0x9f, 0xcd, 0xe5, 0xee, 0xaf, 0x8c, 0x19, 
	0x20, 0xc5, 0x7b, 0x13, 0xb4, 0xdf, 0xb4, 0xdd, 
	0xbd, 0x1d, 0xbc, 0xdd, 0xcd, 0x1b, 0xd5, 0x59, 
	0xd5, 0x59, 0xcc, 0xd5, 0xa4, 0x15, 0x18, 0x83, 
	0x10, 0x43, 0x10, 0x83, 0x10, 0x43, 0x08, 0x43, 
	0x08, 0x43, 0x08, 0x01, 0x20, 0x85, 0x31, 0x49, 
	0x20, 0xc5, 0x00, 0x01, 0x41, 0xcb, 0xb5, 0x1f, 
	0x94, 0x19, 0x72, 0xd1, 0x7b, 0x13, 0x93, 0x97, 
	0xbd, 0x61, 0xbd, 0x63, 0xac, 0xe1, 0xa4, 0xdf, 
	0x28, 0xc7, 0x41, 0x89, 0xa4, 0x5b, 0xc5, 0x5f, 
	0xb4, 0xdd, 0xb4, 0xdd, 0xb4, 0x99, 0xcd, 0x19, 
	0xbc, 0x95, 0xc4, 0x95, 0xcd, 0x5d, 0xb4, 0xdd, 
	0xbd, 0x1d, 0xcd, 0x9f, 0xbc, 0xd9, 0xa4, 0x17, 
	0x8b, 0x97, 0x31, 0x49, 0x00, 0x01, 0x00, 0x01, 
	0x00, 0x01, 0x08, 0x41, 0x20, 0xc5, 0x8b, 0xd9, 
	0x8b, 0xd7, 0x52, 0x0b, 0x49, 0x47, 0x6a, 0x0b, 
	0x73, 0x15, 0x52, 0x0b, 0x39, 0x05, 0x49, 0xcb, 
	0x20, 0xc5, 0x10, 0x43, 0x52, 0x0b, 0xac, 0x59, 
	0xbd, 0x1f, 0xbd, 0x61, 0xb4, 0xdd, 0xb4, 0x97, 
	0xb4, 0x97, 0xcd, 0x5b, 0xbc, 0xd9, 0xc5, 0x19, 
	0xbc, 0x99, 0xc4, 0x57, 0xb4, 0x57, 0x93, 0x93, 
	0xa3, 0xd5, 0xa3, 0xd5, 0x20, 0xc7, 0x18, 0x85, 
	0x5a, 0x4d, 0x29, 0x07, 0x08, 0x03, 0x62, 0x91, 
	0x72, 0xcf, 0x72, 0x8d, 0x5a, 0x0b, 0x49, 0x89, 
	0x39, 0x07, 0x28, 0xc5, 0x30, 0xc5, 0x41, 0x89, 
	0x08, 0x41, 0x08, 0x03, 0x41, 0x89, 0x8b, 0x53, 
	0xac, 0x9b, 0xb4, 0xdd, 0xbd, 0x1f, 0xbc, 0x99, 
	0xa4, 0x17, 0xac, 0x59, 0xb4, 0x57, 0xac, 0x55, 
	0x9b, 0x93, 0xb3, 0xd1, 0x9b, 0xd7, 0x6a, 0x4d, 
	0x7a, 0x8d, 0x9b, 0xd5, 0x52, 0x0b, 0xa4, 0x15, 
	0xcd, 0x5b, 0x29, 0x07, 0x00, 0x01, 0x20, 0xc5, 
	0x83, 0x53, 0x93, 0xd7, 0x6a, 0x8f, 0x49, 0x89, 
	0x30, 0xc5, 0x20, 0x85, 0x20, 0x85, 0x08, 0x43, 
	0x00, 0x01, 0x08, 0x43, 0x28, 0xc5, 0x93, 0xd7, 
	0xac, 0x9b, 0xc5, 0x5f, 0xac, 0x9d, 0xac, 0x9b, 
	0xc4, 0xd9, 0x9b, 0x8f, 0xb4, 0x53, 0xa3, 0xd3, 
	0xc5, 0x1d, 0xdd, 0xe1, 0xbd, 0x1f, 0x8b, 0x13, 
	0xa3, 0xd5, 0x7a, 0xcf, 0x93, 0xd3, 0xdd, 0x9b, 
	0xd5, 0x9d, 0x52, 0x4d, 0x00, 0x01, 0x08, 0x43, 
	0x5a, 0x4d, 0x72, 0xd1, 0x49, 0x49, 0x51, 0x89, 
	0x62, 0x0b, 0x51, 0xc9, 0x18, 0x85, 0x10, 0x45, 
	0x00, 0x01, 0x00, 0x01, 0x08, 0x43, 0x6a, 0x8f, 
	0xbc, 0xdd, 0xac, 0x9b, 0xac, 0x9b, 0xac, 0x9d, 
	0xb4, 0xdb, 0xc5, 0x1b, 0xb4, 0x53, 0xac, 0x13, 
	0xac, 0x57, 0xb4, 0x97, 0xac, 0x59, 0x9b, 0xd7, 
	0x8b, 0x53, 0x7a, 0xcf, 0x6a, 0x4d, 0x9c, 0x15, 
	0xbc, 0xd9, 0x8b, 0xd5, 0x08, 0x03, 0x00, 0x01, 
	0x08, 0x43, 0x39, 0x47, 0x62, 0x4d, 0x7a, 0xcf, 
	0xac, 0x13, 0xc4, 0xd7, 0xbc, 0xd9, 0xc4, 0xd9, 
	0x73, 0x0f, 0x49, 0xcb, 0x08, 0x43, 0x31, 0x07, 
	0xb4, 0xdd, 0xbd, 0x1f, 0xac, 0x99, 0xbd, 0x1f, 
	0x93, 0xd7, 0xcd, 0x5d, 0x7a, 0xcd, 0xb4, 0x51, 
	0x93, 0x8f, 0x83, 0x0f, 0x6a, 0x8d, 0x51, 0xcb, 
	0x8a, 0x8d, 0x9b, 0x8f, 0x49, 0xcb, 0x7b, 0x11, 
	0x9b, 0xd5, 0xa4, 0x57, 0x52, 0x4d, 0x20, 0xc5, 
	0x5a, 0x4f, 0xcd, 0x5b, 0xbc, 0xd9, 0xc5, 0x1d, 
	0xb4, 0xdb, 0xa4, 0x15, 0x9c, 0x15, 0xac, 0x55, 
	0xbc, 0x97, 0xcd, 0x59, 0x52, 0x0d, 0x08, 0x01, 
	0x83, 0x53, 0xbd, 0x1d, 0xb4, 0x9b, 0xac, 0x9b, 
	0x93, 0xd5, 0xac, 0x99, 0x8b, 0x51, 0xac, 0x15, 
	0xb4, 0x13, 0x93, 0x4f, 0x51, 0xc9, 0x6a, 0x4b, 
	0xa3, 0xd3, 0x93, 0x51, 0x93, 0x91, 0x9b, 0xd5, 
	0x9c, 0x17, 0xa4, 0x17, 0xac, 0x57, 0x83, 0x53, 
	0x83, 0x95, 0xe6, 0x21, 0xcd, 0x5b, 0xc4, 0xd9, 
	0xac, 0x57, 0xa4, 0x17, 0x8b, 0x93, 0xa4, 0x59, 
	0xbc, 0xd7, 0xc4, 0xd7, 0xbd, 0x1b, 0x29, 0x49, 
	0x41, 0x89, 0x9c, 0x17, 0xac, 0x99, 0xa4, 0x9b, 
	0x4a, 0x0d, 0x5a, 0x0d, 0x9b, 0xd1, 0xbc, 0x99, 
	0xa3, 0xd3, 0x49, 0x47, 0x39, 0x07, 0x51, 0xc9, 
	0x7b, 0x11, 0x93, 0x95, 0xac, 0x5b, 0xbc, 0xdb, 
	0xc5, 0x5f, 0xbc, 0xdb, 0x9b, 0xd1, 0x9b, 0xd3, 
	0x7b, 0x11, 0xe6, 0x23, 0xcd, 0x5d, 0xcd, 0x1b, 
	0xc4, 0xd9, 0xbc, 0x99, 0xcd, 0x5d, 0xbc, 0xdb, 
	0xbc, 0x95, 0xc4, 0xd7, 0xbc, 0x97, 0x41, 0x8b, 
	0x18, 0x83, 0x7b, 0x13, 0xb4, 0xdd, 0x6a, 0xd1, 
	0x00, 0x01, 0x39, 0x47, 0xa4, 0x15, 0x83, 0x53, 
	0x41, 0x07, 0x30, 0xc5, 0x20, 0x83, 0x39, 0x49, 
	0x93, 0x95, 0xc5, 0x5f, 0xc5, 0x1d, 0xb4, 0x97, 
	0xac, 0x99, 0x9c, 0x15, 0x9b, 0xd3, 0x73, 0x11, 
	0x72, 0xcd, 0xc4, 0xd9, 0xe6, 0x25, 0xbc, 0xdb, 
	0xc5, 0x17, 0xbc, 0x97, 0xc5, 0x19, 0xbc, 0xd9, 
	0xc4, 0xd7, 0xbc, 0x95, 0x9b, 0x8f, 0x41, 0x89, 
	0x00, 0x01, 0x41, 0x89, 0x83, 0x95, 0x52, 0x0d, 
	0x10, 0x43, 0x08, 0x41, 0x52, 0x0d, 0x41, 0x49, 
	0x20, 0x85, 0x10, 0x43, 0x08, 0x43, 0x5a, 0x0b, 
	0xbc, 0x51, 0xc4, 0x51, 0xb4, 0x13, 0xb4, 0x99, 
	0xc5, 0x5f, 0xa4, 0x59, 0x73, 0x13, 0x18, 0xc7, 
	0x52, 0x09, 0xc4, 0xd7, 0xde, 0x65, 0x9c, 0x17, 
	0xb4, 0x97, 0xc4, 0xd7, 0xbc, 0xdb, 0xbc, 0xd9, 
	0xbc, 0xd5, 0xbc, 0x93, 0x93, 0x8f, 0x20, 0xc5, 
	0x00, 0x01, 0x10, 0x43, 0x49, 0xcb, 0x62, 0x8d, 
	0x08, 0x43, 0x18, 0xc5, 0x39, 0x47, 0x51, 0xc9, 
	0x62, 0x4d, 0x49, 0x89, 0x39, 0x47, 0x39, 0x47, 
	0x8b, 0x0d, 0xb4, 0x0f, 0xb4, 0x11, 0xc4, 0xd7, 
	0xbd, 0x1f, 0xa4, 0x9d, 0xc5, 0x1d, 0x93, 0xd7, 
	0x41, 0x47, 0xbc, 0xd9, 0xdd, 0xe1, 0xcd, 0x1b, 
	0xd5, 0x9d, 0xcd, 0x5d, 0xd5, 0xe3, 0xbc, 0xdb, 
	0xac, 0x13, 0x7b, 0x0f, 0x39, 0x49, 0x21, 0x07, 
	0x52, 0x0d, 0x18, 0xc5, 0x18, 0x85, 0x08, 0x01, 
	0x29, 0x05, 0x52, 0x0b, 0x7b, 0x0f, 0x7b, 0x0f, 
	0x7a, 0xcf, 0x83, 0x11, 0x51, 0xcb, 0x28, 0xc5, 
	0x49, 0xcb, 0xbc, 0x55, 0xbc, 0x95, 0xd5, 0x9d, 
	0xbd, 0x1d, 0xd5, 0x9d, 0xee, 0x21, 0xde, 0x27, 
	0x51, 0xc9, 0xac, 0x55, 0xdd, 0x9d, 0xd5, 0x5b, 
	0xd5, 0x9d, 0xe6, 0xa9, 0xcd, 0x61, 0xb4, 0xd9, 
	0x9b, 0xd3, 0x62, 0x8d, 0x49, 0xcb, 0x7b, 0x11, 
	0x93, 0x51, 0x72, 0x8d, 0x39, 0x47, 0x10, 0x83, 
	0x5a, 0x4d, 0x93, 0x91, 0x93, 0xd3, 0xb4, 0x97, 
	0x9c, 0x15, 0x93, 0xd7, 0x7b, 0x13, 0x29, 0x09, 
	0x41, 0xcb, 0x9b, 0xd5, 0xac, 0x59, 0xa4, 0x59, 
	0x9c, 0x17, 0xd5, 0xe1, 0xee, 0x63, 0xd5, 0x9f, 
	0x72, 0x8d, 0x93, 0x93, 0xcd, 0x9f, 0xe6, 0x65, 
	0xe6, 0x69, 0xde, 0x6b, 0xbd, 0x1f, 0xac, 0x97, 
	0x83, 0x51, 0x6a, 0x8d, 0x6a, 0x8f, 0x82, 0xcb, 
	0x93, 0x4d, 0x93, 0x4d, 0x6a, 0x8d, 0x28, 0xc5, 
	0x8b, 0x93, 0xa4, 0x57, 0x9c, 0x5b, 0xb5, 0x1f, 
	0xb4, 0xdd, 0xb5, 0x65, 0xa4, 0x5d, 0x7b, 0x11, 
	0x20, 0xc5, 0x62, 0xd1, 0x5a, 0x91, 0x52, 0x4f, 
	0x72, 0x8d, 0xb4, 0x55, 0xde, 0x69, 0xe5, 0xe1, 
	0x83, 0x11, 0x62, 0x4b, 0xe6, 0x6b, 0xe6, 0xa9, 
	0xde, 0x69, 0xa4, 0x9d, 0x7b, 0x53, 0x5a, 0x4d, 
	0x5a, 0x0b, 0x62, 0x0d, 0x6a, 0x8b, 0x93, 0x4d, 
	0x82, 0xcb, 0x82, 0xcb, 0x93, 0x91, 0x52, 0x0b, 
	0x62, 0x8d, 0xa4, 0x59, 0xbd, 0x63, 0xbd, 0xa7, 
	0xad, 0x25, 0xbd, 0x63, 0xbd, 0x21, 0xbd, 0x1f, 
	0xa4, 0x9d, 0x73, 0x13, 0x9c, 0x19, 0xbd, 0x61, 
	0x94, 0x1d, 0x73, 0x11, 0xc4, 0xd7, 0xe5, 0xdd, 
	0xac, 0x99, 0x49, 0x89, 0x94, 0x1d, 0xd5, 0xe7, 
	0xa4, 0x9d, 0x62, 0x8f, 0x41, 0x89, 0x41, 0x89, 
	0x62, 0x0b, 0x6a, 0x4b, 0x7a, 0xcb, 0x7a, 0xcb, 
	0x6a, 0x4b, 0x7a, 0xcd, 0x8b, 0x91, 0x7b, 0x0f, 
	0x5a, 0x4d, 0x7b, 0x11, 0xc5, 0x1f, 0xc5, 0xeb, 
	0xbd, 0x67, 0xc5, 0x61, 0xbd, 0x1f, 0xc5, 0xe5, 
	0xde, 0x71, 0xce, 0x2b, 0xac, 0xdd, 0xbd, 0x63, 
	0xc5, 0xe7, 0x62, 0xd5, 0x9b, 0x8f, 0xee, 0x1f, 
	0xcd, 0xe7, 0x29, 0x49, 0x18, 0x43, 0x31, 0x07, 
	0x29, 0x05, 0x31, 0x07, 0x52, 0x0b, 0x6a, 0x8f, 
	0x62, 0x4d, 0x72, 0xcd, 0x7a, 0xcf, 0x72, 0x8d, 
	0x7a, 0xcd, 0x9b, 0xd1, 0x8b, 0x91, 0x7b, 0x0f, 
	0x7a, 0xcf, 0x62, 0x8d, 0xa4, 0x59, 0xb5, 0xa9, 
	0xbd, 0x65, 0xbc, 0x99, 0xcd, 0xa5, 0xc5, 0x61, 
	0xde, 0x29, 0xd5, 0xe7, 0xb5, 0x63, 0xb5, 0x67, 
	0xce, 0x6d, 0x42, 0x0f, 0x20, 0xc5, 0xb4, 0xd9, 
	0xe6, 0x69, 0x52, 0x51, 0x00, 0x01, 0x20, 0xc5, 
	0x6a, 0x8d, 0x62, 0x4b, 0x72, 0xcf, 0x6a, 0x8d, 
	0x6a, 0x4d, 0x6a, 0x8f, 0x6a, 0x8f, 0x6a, 0x8d, 
	0x7a, 0xcd, 0x93, 0x91, 0x8b, 0x4f, 0x93, 0x91, 
	0x72, 0xcd, 0x49, 0xc9, 0x9c, 0x17, 0xc5, 0xe9, 
	0xbd, 0x1f, 0xc5, 0x1b, 0xd5, 0x9f, 0xcd, 0x19, 
	0xd5, 0xa1, 0xcd, 0xe9, 0xc5, 0xa7, 0xb5, 0x67, 
	0xc5, 0xa3, 0x6b, 0x15, 0x10, 0x85, 0x39, 0x8b, 
	0x8b, 0xdb, 0x29, 0x09, 0x10, 0x43, 0x52, 0x4d, 
	0x8b, 0xd3, 0x83, 0x51, 0x72, 0x8d, 0x62, 0x4b, 
	0x6a, 0x8d, 0x7b, 0x0f, 0x83, 0x51, 0x6a, 0x4d, 
	0x7b, 0x0f, 0x7b, 0x51, 0x83, 0x0f, 0x7a, 0xcd, 
	0x7b, 0x11, 0x39, 0x89, 0x62, 0x4d, 0x93, 0xd5, 
	0xd6, 0x2b, 0xcd, 0x61, 0xc4, 0x95, 0xcd, 0x1b, 
	0xd5, 0x9f, 0xde, 0x25, 0xcd, 0x61, 0xc5, 0xa7, 
	0xbd, 0xe9, 0xb5, 0x63, 0x9c, 0x5f, 0x31, 0x8b, 
	0x00, 0x01, 0x00, 0x01, 0x18, 0x85, 0x39, 0x89, 
	0x62, 0x8f, 0x8b, 0x93, 0x72, 0x8d, 0x5a, 0x0b, 
	0x4a, 0x0b, 0x7b, 0x13, 0x7b, 0x13, 0x7b, 0x11, 
	0x7b, 0x53, 0x21, 0x05, 0x72, 0x8d, 0x62, 0x4d, 
	0x8b, 0x53, 0x41, 0xc9, 0x29, 0x07, 0x72, 0x8f, 
	0xa4, 0x5b, 0xcd, 0xe7, 0xb4, 0x99, 0xab, 0xd1, 
	0xcd, 0x19, 0xcd, 0xe3, 0xcd, 0xa3, 0xc5, 0x61, 
	0xac, 0x97, 0xbd, 0xa9, 0xbd, 0x65, 0xa4, 0xe1, 
	0x62, 0xcf, 0x31, 0x47, 0x08, 0x43, 0x08, 0x43, 
	0x18, 0x85, 0x39, 0x47, 0x39, 0x47, 0x49, 0xc9, 
	0x4a, 0x0b, 0x4a, 0x0b, 0x6a, 0xd1, 0x83, 0x95, 
	0x41, 0xcb, 0x00, 0x01, 0x52, 0x0b, 0x5a, 0x0b, 
	0xac, 0x15, 0x7b, 0x0f, 0x41, 0x89, 0x52, 0x0b, 
	0xbd, 0x61, 0xbd, 0x61, 0xb4, 0x59, 0xb4, 0x59, 
	0xb4, 0x99, 0xab, 0xd1, 0xc5, 0x1b, 0xbc, 0xdb, 
	0xac, 0x97, 0xb5, 0x65, 0xc5, 0xeb, 0xc5, 0xe7, 
	0xc5, 0xa5, 0x9c, 0x59, 0x18, 0x85, 0x00, 0x01, 
	0x10, 0x83, 0x18, 0x85, 0x83, 0xd9, 0x49, 0xc9, 
	0x49, 0xc9, 0x4a, 0x0b, 0x83, 0xd9, 0x7b, 0x53, 
	0x7b, 0x53, 0x72, 0xd1, 0x41, 0x89, 0x51, 0xcb, 
	
};

Gfx ccm_dl_SUPER_MARIO_64_5C3873C6_0_2_all_rgba16_copy_copy_copy_copy_copy_copy_copy_copy_copy_copy_copy_aligner[] = {gsSPEndDisplayList()};
u8 ccm_dl_SUPER_MARIO_64_5C3873C6_0_2_all_rgba16_copy_copy_copy_copy_copy_copy_copy_copy_copy_copy_copy[] = {
	0x8c, 0x1f, 0x9c, 0xe3, 0x51, 0xcb, 0x51, 0xcb, 
	0x83, 0x0f, 0xa4, 0x17, 0xa4, 0x17, 0xa4, 0x17, 
	0x9b, 0xd3, 0x9b, 0xd3, 0xac, 0x57, 0xac, 0x99, 
	0xb4, 0x97, 0xac, 0x97, 0xdd, 0xdf, 0x62, 0x91, 
	0x00, 0x01, 0x18, 0x85, 0x18, 0x83, 0x18, 0x83, 
	0x18, 0x83, 0x31, 0x49, 0x6b, 0x15, 0x5a, 0xd3, 
	0x83, 0xd9, 0x83, 0xd9, 0x4a, 0x0b, 0x83, 0x99, 
	0x83, 0xd7, 0x62, 0x4d, 0x5a, 0x4d, 0x6a, 0xd1, 
	0x63, 0x17, 0x62, 0xd5, 0x9b, 0xd7, 0x39, 0x49, 
	0x39, 0x49, 0x6a, 0x0b, 0x8b, 0x53, 0x9c, 0x15, 
	0xac, 0x99, 0xa4, 0x57, 0x83, 0x0f, 0x83, 0x51, 
	0xac, 0x9b, 0xb5, 0x1b, 0xc5, 0x1d, 0xb4, 0x99, 
	0x31, 0x47, 0x10, 0x43, 0x18, 0x83, 0x18, 0x83, 
	0x18, 0x85, 0x08, 0x41, 0x18, 0x85, 0x62, 0xd3, 
	0x63, 0x13, 0x73, 0x55, 0x7b, 0x97, 0x83, 0xd9, 
	0x83, 0xd7, 0x6a, 0xd1, 0x62, 0x8f, 0x62, 0x4f, 
	0x31, 0x49, 0x5a, 0x91, 0xd5, 0x17, 0x5a, 0x4d, 
	0x31, 0x07, 0x51, 0xcb, 0x8b, 0x93, 0x93, 0xd3, 
	0x83, 0x51, 0x83, 0x93, 0x7b, 0x11, 0x6a, 0x8d, 
	0x94, 0x17, 0xb5, 0x1d, 0xb4, 0xd9, 0xc5, 0x19, 
	0x6a, 0x8d, 0x08, 0x03, 0x08, 0x43, 0x10, 0x43, 
	0x18, 0x85, 0x10, 0x43, 0x00, 0x01, 0x39, 0x8b, 
	0x8c, 0x19, 0x94, 0x5b, 0x7b, 0x97, 0x7b, 0x95, 
	0x7b, 0x97, 0x7b, 0x55, 0x73, 0x13, 0x6a, 0xd3, 
	0x18, 0x85, 0x5a, 0x0d, 0xb4, 0x11, 0x72, 0x8d, 
	0x08, 0x43, 0x18, 0x85, 0x93, 0xd3, 0xb4, 0x97, 
	0xac, 0x57, 0x94, 0x17, 0x83, 0x53, 0x7b, 0x11, 
	0x83, 0x95, 0x9c, 0x17, 0x9c, 0x17, 0xbc, 0xd9, 
	0xcd, 0x59, 0x72, 0xcf, 0x18, 0xc5, 0x08, 0x43, 
	0x31, 0x07, 0x5a, 0x4f, 0x29, 0x49, 0x10, 0x83, 
	0x52, 0x91, 0x73, 0x55, 0x7b, 0x97, 0x83, 0xd9, 
	0x7b, 0x55, 0x83, 0xd9, 0x83, 0xd9, 0x83, 0xd7, 
	0xa3, 0xd5, 0x8b, 0x11, 0x9b, 0x53, 0x6a, 0x4d, 
	0x18, 0x85, 0x20, 0xc5, 0x9c, 0x15, 0xac, 0x57, 
	0xac, 0x97, 0xb5, 0x1d, 0x93, 0xd3, 0x72, 0xd1, 
	0x62, 0x91, 0x7b, 0x53, 0x9c, 0x15, 0xa4, 0x55, 
	0xc4, 0xd9, 0xcd, 0x17, 0x51, 0xcb, 0x00, 0x03, 
	0x31, 0x47, 0x93, 0xd5, 0x83, 0x95, 0x31, 0x89, 
	0x18, 0xc5, 0x29, 0x49, 0x62, 0xd3, 0x94, 0x5b, 
	0x83, 0xd9, 0x6b, 0x13, 0x8c, 0x1b, 0x7b, 0x97, 
	0x93, 0xd7, 0x93, 0x95, 0x6a, 0x8f, 0x6a, 0x91, 
	0x39, 0x49, 0x18, 0x85, 0xa4, 0x59, 0xc5, 0x5d, 
	0xd5, 0xe1, 0xcd, 0x9f, 0xa4, 0x59, 0x72, 0xcd, 
	0x83, 0x51, 0xac, 0x97, 0xbc, 0xd9, 0x73, 0x0f, 
	0x29, 0x09, 0x9b, 0xd3, 0xa4, 0x15, 0xac, 0x55, 
	0x7b, 0x51, 0x49, 0xcb, 0x8b, 0x93, 0x73, 0x13, 
	0x6b, 0x13, 0x62, 0xd1, 0x4a, 0x0d, 0x39, 0x8b, 
	0x41, 0xcd, 0x62, 0xd1, 0x73, 0x55, 0x7b, 0x97, 
	0xa4, 0x5b, 0xbd, 0x1d, 0xa4, 0x17, 0x83, 0x55, 
	0x41, 0x8b, 0x08, 0x01, 0x49, 0xcb, 0x8b, 0x95, 
	0xb5, 0x21, 0xc5, 0x63, 0x9c, 0x5d, 0x93, 0x91, 
	0xa4, 0x53, 0x9c, 0x15, 0x9c, 0x57, 0x73, 0x11, 
	0x93, 0xd7, 0xcd, 0x19, 0xd5, 0x5b, 0xdd, 0x9b, 
	0xe6, 0x1f, 0xa4, 0x59, 0x10, 0x03, 0x29, 0x07, 
	0xc5, 0x61, 0xc5, 0x61, 0x93, 0xd7, 0x93, 0xd7, 
	0x52, 0x4f, 0x39, 0xcb, 0x5a, 0x93, 0x62, 0xd3, 
	0x83, 0x13, 0x5a, 0x4d, 0x62, 0x8f, 0x72, 0xd3, 
	0x73, 0x15, 0x08, 0x43, 0x10, 0x43, 0x28, 0xc5, 
	0x31, 0x07, 0x41, 0xcb, 0x62, 0x91, 0x83, 0x93, 
	0x94, 0x17, 0x94, 0x17, 0x8b, 0xd5, 0xb4, 0x99, 
	0xd5, 0x5b, 0xcd, 0x17, 0xcd, 0x19, 0xd5, 0x9f, 
	0xdd, 0xe3, 0xde, 0x25, 0x52, 0x4f, 0x10, 0x43, 
	0x8b, 0xd7, 0xac, 0xdd, 0xb4, 0xdb, 0xb4, 0xdd, 
	0xac, 0x9b, 0x83, 0x95, 0x4a, 0x0f, 0x39, 0x8b, 
	0x20, 0xc5, 0x41, 0x8b, 0x41, 0x47, 0x5a, 0x0d, 
	0x6a, 0x91, 0x08, 0x43, 0x00, 0x01, 0x18, 0x83, 
	0x28, 0x85, 0x20, 0x83, 0x28, 0x83, 0x31, 0x07, 
	0x52, 0x0d, 0x52, 0x0d, 0x83, 0x97, 0xcd, 0x1b, 
	0xc4, 0x95, 0xbc, 0xd9, 0xd5, 0xe3, 0xdd, 0xe1, 
	0xcd, 0x5d, 0xcd, 0xe7, 0xbd, 0x5f, 0x20, 0xc5, 
	0x49, 0xcb, 0x8b, 0xd5, 0xb4, 0xdd, 0xac, 0x99, 
	0xb5, 0x1d, 0x9c, 0x57, 0xbc, 0xd9, 0xd5, 0x5b, 
	0x49, 0xc9, 0x39, 0x47, 0x41, 0x47, 0x29, 0x09, 
	0x10, 0x85, 0x00, 0x01, 0x00, 0x01, 0x00, 0x01, 
	0x10, 0x83, 0x28, 0xc5, 0x31, 0x05, 0x29, 0x05, 
	0x31, 0x47, 0x18, 0x83, 0x7b, 0x97, 0xd5, 0x9f, 
	0xcd, 0x5d, 0xde, 0x23, 0xe6, 0xa9, 0xde, 0x67, 
	0xcd, 0x9f, 0xcd, 0xe5, 0xee, 0xaf, 0x8c, 0x19, 
	0x20, 0xc5, 0x7b, 0x13, 0xb4, 0xdf, 0xb4, 0xdd, 
	0xbd, 0x1d, 0xbc, 0xdd, 0xcd, 0x1b, 0xd5, 0x59, 
	0xd5, 0x59, 0xcc, 0xd5, 0xa4, 0x15, 0x18, 0x83, 
	0x10, 0x43, 0x10, 0x83, 0x10, 0x43, 0x08, 0x43, 
	0x08, 0x43, 0x08, 0x01, 0x20, 0x85, 0x31, 0x49, 
	0x20, 0xc5, 0x00, 0x01, 0x41, 0xcb, 0xb5, 0x1f, 
	0x94, 0x19, 0x72, 0xd1, 0x7b, 0x13, 0x93, 0x97, 
	0xbd, 0x61, 0xbd, 0x63, 0xac, 0xe1, 0xa4, 0xdf, 
	0x28, 0xc7, 0x41, 0x89, 0xa4, 0x5b, 0xc5, 0x5f, 
	0xb4, 0xdd, 0xb4, 0xdd, 0xb4, 0x99, 0xcd, 0x19, 
	0xbc, 0x95, 0xc4, 0x95, 0xcd, 0x5d, 0xb4, 0xdd, 
	0xbd, 0x1d, 0xcd, 0x9f, 0xbc, 0xd9, 0xa4, 0x17, 
	0x8b, 0x97, 0x31, 0x49, 0x00, 0x01, 0x00, 0x01, 
	0x00, 0x01, 0x08, 0x41, 0x20, 0xc5, 0x8b, 0xd9, 
	0x8b, 0xd7, 0x52, 0x0b, 0x49, 0x47, 0x6a, 0x0b, 
	0x73, 0x15, 0x52, 0x0b, 0x39, 0x05, 0x49, 0xcb, 
	0x20, 0xc5, 0x10, 0x43, 0x52, 0x0b, 0xac, 0x59, 
	0xbd, 0x1f, 0xbd, 0x61, 0xb4, 0xdd, 0xb4, 0x97, 
	0xb4, 0x97, 0xcd, 0x5b, 0xbc, 0xd9, 0xc5, 0x19, 
	0xbc, 0x99, 0xc4, 0x57, 0xb4, 0x57, 0x93, 0x93, 
	0xa3, 0xd5, 0xa3, 0xd5, 0x20, 0xc7, 0x18, 0x85, 
	0x5a, 0x4d, 0x29, 0x07, 0x08, 0x03, 0x62, 0x91, 
	0x72, 0xcf, 0x72, 0x8d, 0x5a, 0x0b, 0x49, 0x89, 
	0x39, 0x07, 0x28, 0xc5, 0x30, 0xc5, 0x41, 0x89, 
	0x08, 0x41, 0x08, 0x03, 0x41, 0x89, 0x8b, 0x53, 
	0xac, 0x9b, 0xb4, 0xdd, 0xbd, 0x1f, 0xbc, 0x99, 
	0xa4, 0x17, 0xac, 0x59, 0xb4, 0x57, 0xac, 0x55, 
	0x9b, 0x93, 0xb3, 0xd1, 0x9b, 0xd7, 0x6a, 0x4d, 
	0x7a, 0x8d, 0x9b, 0xd5, 0x52, 0x0b, 0xa4, 0x15, 
	0xcd, 0x5b, 0x29, 0x07, 0x00, 0x01, 0x20, 0xc5, 
	0x83, 0x53, 0x93, 0xd7, 0x6a, 0x8f, 0x49, 0x89, 
	0x30, 0xc5, 0x20, 0x85, 0x20, 0x85, 0x08, 0x43, 
	0x00, 0x01, 0x08, 0x43, 0x28, 0xc5, 0x93, 0xd7, 
	0xac, 0x9b, 0xc5, 0x5f, 0xac, 0x9d, 0xac, 0x9b, 
	0xc4, 0xd9, 0x9b, 0x8f, 0xb4, 0x53, 0xa3, 0xd3, 
	0xc5, 0x1d, 0xdd, 0xe1, 0xbd, 0x1f, 0x8b, 0x13, 
	0xa3, 0xd5, 0x7a, 0xcf, 0x93, 0xd3, 0xdd, 0x9b, 
	0xd5, 0x9d, 0x52, 0x4d, 0x00, 0x01, 0x08, 0x43, 
	0x5a, 0x4d, 0x72, 0xd1, 0x49, 0x49, 0x51, 0x89, 
	0x62, 0x0b, 0x51, 0xc9, 0x18, 0x85, 0x10, 0x45, 
	0x00, 0x01, 0x00, 0x01, 0x08, 0x43, 0x6a, 0x8f, 
	0xbc, 0xdd, 0xac, 0x9b, 0xac, 0x9b, 0xac, 0x9d, 
	0xb4, 0xdb, 0xc5, 0x1b, 0xb4, 0x53, 0xac, 0x13, 
	0xac, 0x57, 0xb4, 0x97, 0xac, 0x59, 0x9b, 0xd7, 
	0x8b, 0x53, 0x7a, 0xcf, 0x6a, 0x4d, 0x9c, 0x15, 
	0xbc, 0xd9, 0x8b, 0xd5, 0x08, 0x03, 0x00, 0x01, 
	0x08, 0x43, 0x39, 0x47, 0x62, 0x4d, 0x7a, 0xcf, 
	0xac, 0x13, 0xc4, 0xd7, 0xbc, 0xd9, 0xc4, 0xd9, 
	0x73, 0x0f, 0x49, 0xcb, 0x08, 0x43, 0x31, 0x07, 
	0xb4, 0xdd, 0xbd, 0x1f, 0xac, 0x99, 0xbd, 0x1f, 
	0x93, 0xd7, 0xcd, 0x5d, 0x7a, 0xcd, 0xb4, 0x51, 
	0x93, 0x8f, 0x83, 0x0f, 0x6a, 0x8d, 0x51, 0xcb, 
	0x8a, 0x8d, 0x9b, 0x8f, 0x49, 0xcb, 0x7b, 0x11, 
	0x9b, 0xd5, 0xa4, 0x57, 0x52, 0x4d, 0x20, 0xc5, 
	0x5a, 0x4f, 0xcd, 0x5b, 0xbc, 0xd9, 0xc5, 0x1d, 
	0xb4, 0xdb, 0xa4, 0x15, 0x9c, 0x15, 0xac, 0x55, 
	0xbc, 0x97, 0xcd, 0x59, 0x52, 0x0d, 0x08, 0x01, 
	0x83, 0x53, 0xbd, 0x1d, 0xb4, 0x9b, 0xac, 0x9b, 
	0x93, 0xd5, 0xac, 0x99, 0x8b, 0x51, 0xac, 0x15, 
	0xb4, 0x13, 0x93, 0x4f, 0x51, 0xc9, 0x6a, 0x4b, 
	0xa3, 0xd3, 0x93, 0x51, 0x93, 0x91, 0x9b, 0xd5, 
	0x9c, 0x17, 0xa4, 0x17, 0xac, 0x57, 0x83, 0x53, 
	0x83, 0x95, 0xe6, 0x21, 0xcd, 0x5b, 0xc4, 0xd9, 
	0xac, 0x57, 0xa4, 0x17, 0x8b, 0x93, 0xa4, 0x59, 
	0xbc, 0xd7, 0xc4, 0xd7, 0xbd, 0x1b, 0x29, 0x49, 
	0x41, 0x89, 0x9c, 0x17, 0xac, 0x99, 0xa4, 0x9b, 
	0x4a, 0x0d, 0x5a, 0x0d, 0x9b, 0xd1, 0xbc, 0x99, 
	0xa3, 0xd3, 0x49, 0x47, 0x39, 0x07, 0x51, 0xc9, 
	0x7b, 0x11, 0x93, 0x95, 0xac, 0x5b, 0xbc, 0xdb, 
	0xc5, 0x5f, 0xbc, 0xdb, 0x9b, 0xd1, 0x9b, 0xd3, 
	0x7b, 0x11, 0xe6, 0x23, 0xcd, 0x5d, 0xcd, 0x1b, 
	0xc4, 0xd9, 0xbc, 0x99, 0xcd, 0x5d, 0xbc, 0xdb, 
	0xbc, 0x95, 0xc4, 0xd7, 0xbc, 0x97, 0x41, 0x8b, 
	0x18, 0x83, 0x7b, 0x13, 0xb4, 0xdd, 0x6a, 0xd1, 
	0x00, 0x01, 0x39, 0x47, 0xa4, 0x15, 0x83, 0x53, 
	0x41, 0x07, 0x30, 0xc5, 0x20, 0x83, 0x39, 0x49, 
	0x93, 0x95, 0xc5, 0x5f, 0xc5, 0x1d, 0xb4, 0x97, 
	0xac, 0x99, 0x9c, 0x15, 0x9b, 0xd3, 0x73, 0x11, 
	0x72, 0xcd, 0xc4, 0xd9, 0xe6, 0x25, 0xbc, 0xdb, 
	0xc5, 0x17, 0xbc, 0x97, 0xc5, 0x19, 0xbc, 0xd9, 
	0xc4, 0xd7, 0xbc, 0x95, 0x9b, 0x8f, 0x41, 0x89, 
	0x00, 0x01, 0x41, 0x89, 0x83, 0x95, 0x52, 0x0d, 
	0x10, 0x43, 0x08, 0x41, 0x52, 0x0d, 0x41, 0x49, 
	0x20, 0x85, 0x10, 0x43, 0x08, 0x43, 0x5a, 0x0b, 
	0xbc, 0x51, 0xc4, 0x51, 0xb4, 0x13, 0xb4, 0x99, 
	0xc5, 0x5f, 0xa4, 0x59, 0x73, 0x13, 0x18, 0xc7, 
	0x52, 0x09, 0xc4, 0xd7, 0xde, 0x65, 0x9c, 0x17, 
	0xb4, 0x97, 0xc4, 0xd7, 0xbc, 0xdb, 0xbc, 0xd9, 
	0xbc, 0xd5, 0xbc, 0x93, 0x93, 0x8f, 0x20, 0xc5, 
	0x00, 0x01, 0x10, 0x43, 0x49, 0xcb, 0x62, 0x8d, 
	0x08, 0x43, 0x18, 0xc5, 0x39, 0x47, 0x51, 0xc9, 
	0x62, 0x4d, 0x49, 0x89, 0x39, 0x47, 0x39, 0x47, 
	0x8b, 0x0d, 0xb4, 0x0f, 0xb4, 0x11, 0xc4, 0xd7, 
	0xbd, 0x1f, 0xa4, 0x9d, 0xc5, 0x1d, 0x93, 0xd7, 
	0x41, 0x47, 0xbc, 0xd9, 0xdd, 0xe1, 0xcd, 0x1b, 
	0xd5, 0x9d, 0xcd, 0x5d, 0xd5, 0xe3, 0xbc, 0xdb, 
	0xac, 0x13, 0x7b, 0x0f, 0x39, 0x49, 0x21, 0x07, 
	0x52, 0x0d, 0x18, 0xc5, 0x18, 0x85, 0x08, 0x01, 
	0x29, 0x05, 0x52, 0x0b, 0x7b, 0x0f, 0x7b, 0x0f, 
	0x7a, 0xcf, 0x83, 0x11, 0x51, 0xcb, 0x28, 0xc5, 
	0x49, 0xcb, 0xbc, 0x55, 0xbc, 0x95, 0xd5, 0x9d, 
	0xbd, 0x1d, 0xd5, 0x9d, 0xee, 0x21, 0xde, 0x27, 
	0x51, 0xc9, 0xac, 0x55, 0xdd, 0x9d, 0xd5, 0x5b, 
	0xd5, 0x9d, 0xe6, 0xa9, 0xcd, 0x61, 0xb4, 0xd9, 
	0x9b, 0xd3, 0x62, 0x8d, 0x49, 0xcb, 0x7b, 0x11, 
	0x93, 0x51, 0x72, 0x8d, 0x39, 0x47, 0x10, 0x83, 
	0x5a, 0x4d, 0x93, 0x91, 0x93, 0xd3, 0xb4, 0x97, 
	0x9c, 0x15, 0x93, 0xd7, 0x7b, 0x13, 0x29, 0x09, 
	0x41, 0xcb, 0x9b, 0xd5, 0xac, 0x59, 0xa4, 0x59, 
	0x9c, 0x17, 0xd5, 0xe1, 0xee, 0x63, 0xd5, 0x9f, 
	0x72, 0x8d, 0x93, 0x93, 0xcd, 0x9f, 0xe6, 0x65, 
	0xe6, 0x69, 0xde, 0x6b, 0xbd, 0x1f, 0xac, 0x97, 
	0x83, 0x51, 0x6a, 0x8d, 0x6a, 0x8f, 0x82, 0xcb, 
	0x93, 0x4d, 0x93, 0x4d, 0x6a, 0x8d, 0x28, 0xc5, 
	0x8b, 0x93, 0xa4, 0x57, 0x9c, 0x5b, 0xb5, 0x1f, 
	0xb4, 0xdd, 0xb5, 0x65, 0xa4, 0x5d, 0x7b, 0x11, 
	0x20, 0xc5, 0x62, 0xd1, 0x5a, 0x91, 0x52, 0x4f, 
	0x72, 0x8d, 0xb4, 0x55, 0xde, 0x69, 0xe5, 0xe1, 
	0x83, 0x11, 0x62, 0x4b, 0xe6, 0x6b, 0xe6, 0xa9, 
	0xde, 0x69, 0xa4, 0x9d, 0x7b, 0x53, 0x5a, 0x4d, 
	0x5a, 0x0b, 0x62, 0x0d, 0x6a, 0x8b, 0x93, 0x4d, 
	0x82, 0xcb, 0x82, 0xcb, 0x93, 0x91, 0x52, 0x0b, 
	0x62, 0x8d, 0xa4, 0x59, 0xbd, 0x63, 0xbd, 0xa7, 
	0xad, 0x25, 0xbd, 0x63, 0xbd, 0x21, 0xbd, 0x1f, 
	0xa4, 0x9d, 0x73, 0x13, 0x9c, 0x19, 0xbd, 0x61, 
	0x94, 0x1d, 0x73, 0x11, 0xc4, 0xd7, 0xe5, 0xdd, 
	0xac, 0x99, 0x49, 0x89, 0x94, 0x1d, 0xd5, 0xe7, 
	0xa4, 0x9d, 0x62, 0x8f, 0x41, 0x89, 0x41, 0x89, 
	0x62, 0x0b, 0x6a, 0x4b, 0x7a, 0xcb, 0x7a, 0xcb, 
	0x6a, 0x4b, 0x7a, 0xcd, 0x8b, 0x91, 0x7b, 0x0f, 
	0x5a, 0x4d, 0x7b, 0x11, 0xc5, 0x1f, 0xc5, 0xeb, 
	0xbd, 0x67, 0xc5, 0x61, 0xbd, 0x1f, 0xc5, 0xe5, 
	0xde, 0x71, 0xce, 0x2b, 0xac, 0xdd, 0xbd, 0x63, 
	0xc5, 0xe7, 0x62, 0xd5, 0x9b, 0x8f, 0xee, 0x1f, 
	0xcd, 0xe7, 0x29, 0x49, 0x18, 0x43, 0x31, 0x07, 
	0x29, 0x05, 0x31, 0x07, 0x52, 0x0b, 0x6a, 0x8f, 
	0x62, 0x4d, 0x72, 0xcd, 0x7a, 0xcf, 0x72, 0x8d, 
	0x7a, 0xcd, 0x9b, 0xd1, 0x8b, 0x91, 0x7b, 0x0f, 
	0x7a, 0xcf, 0x62, 0x8d, 0xa4, 0x59, 0xb5, 0xa9, 
	0xbd, 0x65, 0xbc, 0x99, 0xcd, 0xa5, 0xc5, 0x61, 
	0xde, 0x29, 0xd5, 0xe7, 0xb5, 0x63, 0xb5, 0x67, 
	0xce, 0x6d, 0x42, 0x0f, 0x20, 0xc5, 0xb4, 0xd9, 
	0xe6, 0x69, 0x52, 0x51, 0x00, 0x01, 0x20, 0xc5, 
	0x6a, 0x8d, 0x62, 0x4b, 0x72, 0xcf, 0x6a, 0x8d, 
	0x6a, 0x4d, 0x6a, 0x8f, 0x6a, 0x8f, 0x6a, 0x8d, 
	0x7a, 0xcd, 0x93, 0x91, 0x8b, 0x4f, 0x93, 0x91, 
	0x72, 0xcd, 0x49, 0xc9, 0x9c, 0x17, 0xc5, 0xe9, 
	0xbd, 0x1f, 0xc5, 0x1b, 0xd5, 0x9f, 0xcd, 0x19, 
	0xd5, 0xa1, 0xcd, 0xe9, 0xc5, 0xa7, 0xb5, 0x67, 
	0xc5, 0xa3, 0x6b, 0x15, 0x10, 0x85, 0x39, 0x8b, 
	0x8b, 0xdb, 0x29, 0x09, 0x10, 0x43, 0x52, 0x4d, 
	0x8b, 0xd3, 0x83, 0x51, 0x72, 0x8d, 0x62, 0x4b, 
	0x6a, 0x8d, 0x7b, 0x0f, 0x83, 0x51, 0x6a, 0x4d, 
	0x7b, 0x0f, 0x7b, 0x51, 0x83, 0x0f, 0x7a, 0xcd, 
	0x7b, 0x11, 0x39, 0x89, 0x62, 0x4d, 0x93, 0xd5, 
	0xd6, 0x2b, 0xcd, 0x61, 0xc4, 0x95, 0xcd, 0x1b, 
	0xd5, 0x9f, 0xde, 0x25, 0xcd, 0x61, 0xc5, 0xa7, 
	0xbd, 0xe9, 0xb5, 0x63, 0x9c, 0x5f, 0x31, 0x8b, 
	0x00, 0x01, 0x00, 0x01, 0x18, 0x85, 0x39, 0x89, 
	0x62, 0x8f, 0x8b, 0x93, 0x72, 0x8d, 0x5a, 0x0b, 
	0x4a, 0x0b, 0x7b, 0x13, 0x7b, 0x13, 0x7b, 0x11, 
	0x7b, 0x53, 0x21, 0x05, 0x72, 0x8d, 0x62, 0x4d, 
	0x8b, 0x53, 0x41, 0xc9, 0x29, 0x07, 0x72, 0x8f, 
	0xa4, 0x5b, 0xcd, 0xe7, 0xb4, 0x99, 0xab, 0xd1, 
	0xcd, 0x19, 0xcd, 0xe3, 0xcd, 0xa3, 0xc5, 0x61, 
	0xac, 0x97, 0xbd, 0xa9, 0xbd, 0x65, 0xa4, 0xe1, 
	0x62, 0xcf, 0x31, 0x47, 0x08, 0x43, 0x08, 0x43, 
	0x18, 0x85, 0x39, 0x47, 0x39, 0x47, 0x49, 0xc9, 
	0x4a, 0x0b, 0x4a, 0x0b, 0x6a, 0xd1, 0x83, 0x95, 
	0x41, 0xcb, 0x00, 0x01, 0x52, 0x0b, 0x5a, 0x0b, 
	0xac, 0x15, 0x7b, 0x0f, 0x41, 0x89, 0x52, 0x0b, 
	0xbd, 0x61, 0xbd, 0x61, 0xb4, 0x59, 0xb4, 0x59, 
	0xb4, 0x99, 0xab, 0xd1, 0xc5, 0x1b, 0xbc, 0xdb, 
	0xac, 0x97, 0xb5, 0x65, 0xc5, 0xeb, 0xc5, 0xe7, 
	0xc5, 0xa5, 0x9c, 0x59, 0x18, 0x85, 0x00, 0x01, 
	0x10, 0x83, 0x18, 0x85, 0x83, 0xd9, 0x49, 0xc9, 
	0x49, 0xc9, 0x4a, 0x0b, 0x83, 0xd9, 0x7b, 0x53, 
	0x7b, 0x53, 0x72, 0xd1, 0x41, 0x89, 0x51, 0xcb, 
	
};

Gfx ccm_dl_SUPER_MARIO_64_5C3873C6_0_2_all_rgba16_copy_copy_copy_copy_copy_copy_copy_copy_copy_copy_copy_copy_aligner[] = {gsSPEndDisplayList()};
u8 ccm_dl_SUPER_MARIO_64_5C3873C6_0_2_all_rgba16_copy_copy_copy_copy_copy_copy_copy_copy_copy_copy_copy_copy[] = {
	0x8c, 0x1f, 0x9c, 0xe3, 0x51, 0xcb, 0x51, 0xcb, 
	0x83, 0x0f, 0xa4, 0x17, 0xa4, 0x17, 0xa4, 0x17, 
	0x9b, 0xd3, 0x9b, 0xd3, 0xac, 0x57, 0xac, 0x99, 
	0xb4, 0x97, 0xac, 0x97, 0xdd, 0xdf, 0x62, 0x91, 
	0x00, 0x01, 0x18, 0x85, 0x18, 0x83, 0x18, 0x83, 
	0x18, 0x83, 0x31, 0x49, 0x6b, 0x15, 0x5a, 0xd3, 
	0x83, 0xd9, 0x83, 0xd9, 0x4a, 0x0b, 0x83, 0x99, 
	0x83, 0xd7, 0x62, 0x4d, 0x5a, 0x4d, 0x6a, 0xd1, 
	0x63, 0x17, 0x62, 0xd5, 0x9b, 0xd7, 0x39, 0x49, 
	0x39, 0x49, 0x6a, 0x0b, 0x8b, 0x53, 0x9c, 0x15, 
	0xac, 0x99, 0xa4, 0x57, 0x83, 0x0f, 0x83, 0x51, 
	0xac, 0x9b, 0xb5, 0x1b, 0xc5, 0x1d, 0xb4, 0x99, 
	0x31, 0x47, 0x10, 0x43, 0x18, 0x83, 0x18, 0x83, 
	0x18, 0x85, 0x08, 0x41, 0x18, 0x85, 0x62, 0xd3, 
	0x63, 0x13, 0x73, 0x55, 0x7b, 0x97, 0x83, 0xd9, 
	0x83, 0xd7, 0x6a, 0xd1, 0x62, 0x8f, 0x62, 0x4f, 
	0x31, 0x49, 0x5a, 0x91, 0xd5, 0x17, 0x5a, 0x4d, 
	0x31, 0x07, 0x51, 0xcb, 0x8b, 0x93, 0x93, 0xd3, 
	0x83, 0x51, 0x83, 0x93, 0x7b, 0x11, 0x6a, 0x8d, 
	0x94, 0x17, 0xb5, 0x1d, 0xb4, 0xd9, 0xc5, 0x19, 
	0x6a, 0x8d, 0x08, 0x03, 0x08, 0x43, 0x10, 0x43, 
	0x18, 0x85, 0x10, 0x43, 0x00, 0x01, 0x39, 0x8b, 
	0x8c, 0x19, 0x94, 0x5b, 0x7b, 0x97, 0x7b, 0x95, 
	0x7b, 0x97, 0x7b, 0x55, 0x73, 0x13, 0x6a, 0xd3, 
	0x18, 0x85, 0x5a, 0x0d, 0xb4, 0x11, 0x72, 0x8d, 
	0x08, 0x43, 0x18, 0x85, 0x93, 0xd3, 0xb4, 0x97, 
	0xac, 0x57, 0x94, 0x17, 0x83, 0x53, 0x7b, 0x11, 
	0x83, 0x95, 0x9c, 0x17, 0x9c, 0x17, 0xbc, 0xd9, 
	0xcd, 0x59, 0x72, 0xcf, 0x18, 0xc5, 0x08, 0x43, 
	0x31, 0x07, 0x5a, 0x4f, 0x29, 0x49, 0x10, 0x83, 
	0x52, 0x91, 0x73, 0x55, 0x7b, 0x97, 0x83, 0xd9, 
	0x7b, 0x55, 0x83, 0xd9, 0x83, 0xd9, 0x83, 0xd7, 
	0xa3, 0xd5, 0x8b, 0x11, 0x9b, 0x53, 0x6a, 0x4d, 
	0x18, 0x85, 0x20, 0xc5, 0x9c, 0x15, 0xac, 0x57, 
	0xac, 0x97, 0xb5, 0x1d, 0x93, 0xd3, 0x72, 0xd1, 
	0x62, 0x91, 0x7b, 0x53, 0x9c, 0x15, 0xa4, 0x55, 
	0xc4, 0xd9, 0xcd, 0x17, 0x51, 0xcb, 0x00, 0x03, 
	0x31, 0x47, 0x93, 0xd5, 0x83, 0x95, 0x31, 0x89, 
	0x18, 0xc5, 0x29, 0x49, 0x62, 0xd3, 0x94, 0x5b, 
	0x83, 0xd9, 0x6b, 0x13, 0x8c, 0x1b, 0x7b, 0x97, 
	0x93, 0xd7, 0x93, 0x95, 0x6a, 0x8f, 0x6a, 0x91, 
	0x39, 0x49, 0x18, 0x85, 0xa4, 0x59, 0xc5, 0x5d, 
	0xd5, 0xe1, 0xcd, 0x9f, 0xa4, 0x59, 0x72, 0xcd, 
	0x83, 0x51, 0xac, 0x97, 0xbc, 0xd9, 0x73, 0x0f, 
	0x29, 0x09, 0x9b, 0xd3, 0xa4, 0x15, 0xac, 0x55, 
	0x7b, 0x51, 0x49, 0xcb, 0x8b, 0x93, 0x73, 0x13, 
	0x6b, 0x13, 0x62, 0xd1, 0x4a, 0x0d, 0x39, 0x8b, 
	0x41, 0xcd, 0x62, 0xd1, 0x73, 0x55, 0x7b, 0x97, 
	0xa4, 0x5b, 0xbd, 0x1d, 0xa4, 0x17, 0x83, 0x55, 
	0x41, 0x8b, 0x08, 0x01, 0x49, 0xcb, 0x8b, 0x95, 
	0xb5, 0x21, 0xc5, 0x63, 0x9c, 0x5d, 0x93, 0x91, 
	0xa4, 0x53, 0x9c, 0x15, 0x9c, 0x57, 0x73, 0x11, 
	0x93, 0xd7, 0xcd, 0x19, 0xd5, 0x5b, 0xdd, 0x9b, 
	0xe6, 0x1f, 0xa4, 0x59, 0x10, 0x03, 0x29, 0x07, 
	0xc5, 0x61, 0xc5, 0x61, 0x93, 0xd7, 0x93, 0xd7, 
	0x52, 0x4f, 0x39, 0xcb, 0x5a, 0x93, 0x62, 0xd3, 
	0x83, 0x13, 0x5a, 0x4d, 0x62, 0x8f, 0x72, 0xd3, 
	0x73, 0x15, 0x08, 0x43, 0x10, 0x43, 0x28, 0xc5, 
	0x31, 0x07, 0x41, 0xcb, 0x62, 0x91, 0x83, 0x93, 
	0x94, 0x17, 0x94, 0x17, 0x8b, 0xd5, 0xb4, 0x99, 
	0xd5, 0x5b, 0xcd, 0x17, 0xcd, 0x19, 0xd5, 0x9f, 
	0xdd, 0xe3, 0xde, 0x25, 0x52, 0x4f, 0x10, 0x43, 
	0x8b, 0xd7, 0xac, 0xdd, 0xb4, 0xdb, 0xb4, 0xdd, 
	0xac, 0x9b, 0x83, 0x95, 0x4a, 0x0f, 0x39, 0x8b, 
	0x20, 0xc5, 0x41, 0x8b, 0x41, 0x47, 0x5a, 0x0d, 
	0x6a, 0x91, 0x08, 0x43, 0x00, 0x01, 0x18, 0x83, 
	0x28, 0x85, 0x20, 0x83, 0x28, 0x83, 0x31, 0x07, 
	0x52, 0x0d, 0x52, 0x0d, 0x83, 0x97, 0xcd, 0x1b, 
	0xc4, 0x95, 0xbc, 0xd9, 0xd5, 0xe3, 0xdd, 0xe1, 
	0xcd, 0x5d, 0xcd, 0xe7, 0xbd, 0x5f, 0x20, 0xc5, 
	0x49, 0xcb, 0x8b, 0xd5, 0xb4, 0xdd, 0xac, 0x99, 
	0xb5, 0x1d, 0x9c, 0x57, 0xbc, 0xd9, 0xd5, 0x5b, 
	0x49, 0xc9, 0x39, 0x47, 0x41, 0x47, 0x29, 0x09, 
	0x10, 0x85, 0x00, 0x01, 0x00, 0x01, 0x00, 0x01, 
	0x10, 0x83, 0x28, 0xc5, 0x31, 0x05, 0x29, 0x05, 
	0x31, 0x47, 0x18, 0x83, 0x7b, 0x97, 0xd5, 0x9f, 
	0xcd, 0x5d, 0xde, 0x23, 0xe6, 0xa9, 0xde, 0x67, 
	0xcd, 0x9f, 0xcd, 0xe5, 0xee, 0xaf, 0x8c, 0x19, 
	0x20, 0xc5, 0x7b, 0x13, 0xb4, 0xdf, 0xb4, 0xdd, 
	0xbd, 0x1d, 0xbc, 0xdd, 0xcd, 0x1b, 0xd5, 0x59, 
	0xd5, 0x59, 0xcc, 0xd5, 0xa4, 0x15, 0x18, 0x83, 
	0x10, 0x43, 0x10, 0x83, 0x10, 0x43, 0x08, 0x43, 
	0x08, 0x43, 0x08, 0x01, 0x20, 0x85, 0x31, 0x49, 
	0x20, 0xc5, 0x00, 0x01, 0x41, 0xcb, 0xb5, 0x1f, 
	0x94, 0x19, 0x72, 0xd1, 0x7b, 0x13, 0x93, 0x97, 
	0xbd, 0x61, 0xbd, 0x63, 0xac, 0xe1, 0xa4, 0xdf, 
	0x28, 0xc7, 0x41, 0x89, 0xa4, 0x5b, 0xc5, 0x5f, 
	0xb4, 0xdd, 0xb4, 0xdd, 0xb4, 0x99, 0xcd, 0x19, 
	0xbc, 0x95, 0xc4, 0x95, 0xcd, 0x5d, 0xb4, 0xdd, 
	0xbd, 0x1d, 0xcd, 0x9f, 0xbc, 0xd9, 0xa4, 0x17, 
	0x8b, 0x97, 0x31, 0x49, 0x00, 0x01, 0x00, 0x01, 
	0x00, 0x01, 0x08, 0x41, 0x20, 0xc5, 0x8b, 0xd9, 
	0x8b, 0xd7, 0x52, 0x0b, 0x49, 0x47, 0x6a, 0x0b, 
	0x73, 0x15, 0x52, 0x0b, 0x39, 0x05, 0x49, 0xcb, 
	0x20, 0xc5, 0x10, 0x43, 0x52, 0x0b, 0xac, 0x59, 
	0xbd, 0x1f, 0xbd, 0x61, 0xb4, 0xdd, 0xb4, 0x97, 
	0xb4, 0x97, 0xcd, 0x5b, 0xbc, 0xd9, 0xc5, 0x19, 
	0xbc, 0x99, 0xc4, 0x57, 0xb4, 0x57, 0x93, 0x93, 
	0xa3, 0xd5, 0xa3, 0xd5, 0x20, 0xc7, 0x18, 0x85, 
	0x5a, 0x4d, 0x29, 0x07, 0x08, 0x03, 0x62, 0x91, 
	0x72, 0xcf, 0x72, 0x8d, 0x5a, 0x0b, 0x49, 0x89, 
	0x39, 0x07, 0x28, 0xc5, 0x30, 0xc5, 0x41, 0x89, 
	0x08, 0x41, 0x08, 0x03, 0x41, 0x89, 0x8b, 0x53, 
	0xac, 0x9b, 0xb4, 0xdd, 0xbd, 0x1f, 0xbc, 0x99, 
	0xa4, 0x17, 0xac, 0x59, 0xb4, 0x57, 0xac, 0x55, 
	0x9b, 0x93, 0xb3, 0xd1, 0x9b, 0xd7, 0x6a, 0x4d, 
	0x7a, 0x8d, 0x9b, 0xd5, 0x52, 0x0b, 0xa4, 0x15, 
	0xcd, 0x5b, 0x29, 0x07, 0x00, 0x01, 0x20, 0xc5, 
	0x83, 0x53, 0x93, 0xd7, 0x6a, 0x8f, 0x49, 0x89, 
	0x30, 0xc5, 0x20, 0x85, 0x20, 0x85, 0x08, 0x43, 
	0x00, 0x01, 0x08, 0x43, 0x28, 0xc5, 0x93, 0xd7, 
	0xac, 0x9b, 0xc5, 0x5f, 0xac, 0x9d, 0xac, 0x9b, 
	0xc4, 0xd9, 0x9b, 0x8f, 0xb4, 0x53, 0xa3, 0xd3, 
	0xc5, 0x1d, 0xdd, 0xe1, 0xbd, 0x1f, 0x8b, 0x13, 
	0xa3, 0xd5, 0x7a, 0xcf, 0x93, 0xd3, 0xdd, 0x9b, 
	0xd5, 0x9d, 0x52, 0x4d, 0x00, 0x01, 0x08, 0x43, 
	0x5a, 0x4d, 0x72, 0xd1, 0x49, 0x49, 0x51, 0x89, 
	0x62, 0x0b, 0x51, 0xc9, 0x18, 0x85, 0x10, 0x45, 
	0x00, 0x01, 0x00, 0x01, 0x08, 0x43, 0x6a, 0x8f, 
	0xbc, 0xdd, 0xac, 0x9b, 0xac, 0x9b, 0xac, 0x9d, 
	0xb4, 0xdb, 0xc5, 0x1b, 0xb4, 0x53, 0xac, 0x13, 
	0xac, 0x57, 0xb4, 0x97, 0xac, 0x59, 0x9b, 0xd7, 
	0x8b, 0x53, 0x7a, 0xcf, 0x6a, 0x4d, 0x9c, 0x15, 
	0xbc, 0xd9, 0x8b, 0xd5, 0x08, 0x03, 0x00, 0x01, 
	0x08, 0x43, 0x39, 0x47, 0x62, 0x4d, 0x7a, 0xcf, 
	0xac, 0x13, 0xc4, 0xd7, 0xbc, 0xd9, 0xc4, 0xd9, 
	0x73, 0x0f, 0x49, 0xcb, 0x08, 0x43, 0x31, 0x07, 
	0xb4, 0xdd, 0xbd, 0x1f, 0xac, 0x99, 0xbd, 0x1f, 
	0x93, 0xd7, 0xcd, 0x5d, 0x7a, 0xcd, 0xb4, 0x51, 
	0x93, 0x8f, 0x83, 0x0f, 0x6a, 0x8d, 0x51, 0xcb, 
	0x8a, 0x8d, 0x9b, 0x8f, 0x49, 0xcb, 0x7b, 0x11, 
	0x9b, 0xd5, 0xa4, 0x57, 0x52, 0x4d, 0x20, 0xc5, 
	0x5a, 0x4f, 0xcd, 0x5b, 0xbc, 0xd9, 0xc5, 0x1d, 
	0xb4, 0xdb, 0xa4, 0x15, 0x9c, 0x15, 0xac, 0x55, 
	0xbc, 0x97, 0xcd, 0x59, 0x52, 0x0d, 0x08, 0x01, 
	0x83, 0x53, 0xbd, 0x1d, 0xb4, 0x9b, 0xac, 0x9b, 
	0x93, 0xd5, 0xac, 0x99, 0x8b, 0x51, 0xac, 0x15, 
	0xb4, 0x13, 0x93, 0x4f, 0x51, 0xc9, 0x6a, 0x4b, 
	0xa3, 0xd3, 0x93, 0x51, 0x93, 0x91, 0x9b, 0xd5, 
	0x9c, 0x17, 0xa4, 0x17, 0xac, 0x57, 0x83, 0x53, 
	0x83, 0x95, 0xe6, 0x21, 0xcd, 0x5b, 0xc4, 0xd9, 
	0xac, 0x57, 0xa4, 0x17, 0x8b, 0x93, 0xa4, 0x59, 
	0xbc, 0xd7, 0xc4, 0xd7, 0xbd, 0x1b, 0x29, 0x49, 
	0x41, 0x89, 0x9c, 0x17, 0xac, 0x99, 0xa4, 0x9b, 
	0x4a, 0x0d, 0x5a, 0x0d, 0x9b, 0xd1, 0xbc, 0x99, 
	0xa3, 0xd3, 0x49, 0x47, 0x39, 0x07, 0x51, 0xc9, 
	0x7b, 0x11, 0x93, 0x95, 0xac, 0x5b, 0xbc, 0xdb, 
	0xc5, 0x5f, 0xbc, 0xdb, 0x9b, 0xd1, 0x9b, 0xd3, 
	0x7b, 0x11, 0xe6, 0x23, 0xcd, 0x5d, 0xcd, 0x1b, 
	0xc4, 0xd9, 0xbc, 0x99, 0xcd, 0x5d, 0xbc, 0xdb, 
	0xbc, 0x95, 0xc4, 0xd7, 0xbc, 0x97, 0x41, 0x8b, 
	0x18, 0x83, 0x7b, 0x13, 0xb4, 0xdd, 0x6a, 0xd1, 
	0x00, 0x01, 0x39, 0x47, 0xa4, 0x15, 0x83, 0x53, 
	0x41, 0x07, 0x30, 0xc5, 0x20, 0x83, 0x39, 0x49, 
	0x93, 0x95, 0xc5, 0x5f, 0xc5, 0x1d, 0xb4, 0x97, 
	0xac, 0x99, 0x9c, 0x15, 0x9b, 0xd3, 0x73, 0x11, 
	0x72, 0xcd, 0xc4, 0xd9, 0xe6, 0x25, 0xbc, 0xdb, 
	0xc5, 0x17, 0xbc, 0x97, 0xc5, 0x19, 0xbc, 0xd9, 
	0xc4, 0xd7, 0xbc, 0x95, 0x9b, 0x8f, 0x41, 0x89, 
	0x00, 0x01, 0x41, 0x89, 0x83, 0x95, 0x52, 0x0d, 
	0x10, 0x43, 0x08, 0x41, 0x52, 0x0d, 0x41, 0x49, 
	0x20, 0x85, 0x10, 0x43, 0x08, 0x43, 0x5a, 0x0b, 
	0xbc, 0x51, 0xc4, 0x51, 0xb4, 0x13, 0xb4, 0x99, 
	0xc5, 0x5f, 0xa4, 0x59, 0x73, 0x13, 0x18, 0xc7, 
	0x52, 0x09, 0xc4, 0xd7, 0xde, 0x65, 0x9c, 0x17, 
	0xb4, 0x97, 0xc4, 0xd7, 0xbc, 0xdb, 0xbc, 0xd9, 
	0xbc, 0xd5, 0xbc, 0x93, 0x93, 0x8f, 0x20, 0xc5, 
	0x00, 0x01, 0x10, 0x43, 0x49, 0xcb, 0x62, 0x8d, 
	0x08, 0x43, 0x18, 0xc5, 0x39, 0x47, 0x51, 0xc9, 
	0x62, 0x4d, 0x49, 0x89, 0x39, 0x47, 0x39, 0x47, 
	0x8b, 0x0d, 0xb4, 0x0f, 0xb4, 0x11, 0xc4, 0xd7, 
	0xbd, 0x1f, 0xa4, 0x9d, 0xc5, 0x1d, 0x93, 0xd7, 
	0x41, 0x47, 0xbc, 0xd9, 0xdd, 0xe1, 0xcd, 0x1b, 
	0xd5, 0x9d, 0xcd, 0x5d, 0xd5, 0xe3, 0xbc, 0xdb, 
	0xac, 0x13, 0x7b, 0x0f, 0x39, 0x49, 0x21, 0x07, 
	0x52, 0x0d, 0x18, 0xc5, 0x18, 0x85, 0x08, 0x01, 
	0x29, 0x05, 0x52, 0x0b, 0x7b, 0x0f, 0x7b, 0x0f, 
	0x7a, 0xcf, 0x83, 0x11, 0x51, 0xcb, 0x28, 0xc5, 
	0x49, 0xcb, 0xbc, 0x55, 0xbc, 0x95, 0xd5, 0x9d, 
	0xbd, 0x1d, 0xd5, 0x9d, 0xee, 0x21, 0xde, 0x27, 
	0x51, 0xc9, 0xac, 0x55, 0xdd, 0x9d, 0xd5, 0x5b, 
	0xd5, 0x9d, 0xe6, 0xa9, 0xcd, 0x61, 0xb4, 0xd9, 
	0x9b, 0xd3, 0x62, 0x8d, 0x49, 0xcb, 0x7b, 0x11, 
	0x93, 0x51, 0x72, 0x8d, 0x39, 0x47, 0x10, 0x83, 
	0x5a, 0x4d, 0x93, 0x91, 0x93, 0xd3, 0xb4, 0x97, 
	0x9c, 0x15, 0x93, 0xd7, 0x7b, 0x13, 0x29, 0x09, 
	0x41, 0xcb, 0x9b, 0xd5, 0xac, 0x59, 0xa4, 0x59, 
	0x9c, 0x17, 0xd5, 0xe1, 0xee, 0x63, 0xd5, 0x9f, 
	0x72, 0x8d, 0x93, 0x93, 0xcd, 0x9f, 0xe6, 0x65, 
	0xe6, 0x69, 0xde, 0x6b, 0xbd, 0x1f, 0xac, 0x97, 
	0x83, 0x51, 0x6a, 0x8d, 0x6a, 0x8f, 0x82, 0xcb, 
	0x93, 0x4d, 0x93, 0x4d, 0x6a, 0x8d, 0x28, 0xc5, 
	0x8b, 0x93, 0xa4, 0x57, 0x9c, 0x5b, 0xb5, 0x1f, 
	0xb4, 0xdd, 0xb5, 0x65, 0xa4, 0x5d, 0x7b, 0x11, 
	0x20, 0xc5, 0x62, 0xd1, 0x5a, 0x91, 0x52, 0x4f, 
	0x72, 0x8d, 0xb4, 0x55, 0xde, 0x69, 0xe5, 0xe1, 
	0x83, 0x11, 0x62, 0x4b, 0xe6, 0x6b, 0xe6, 0xa9, 
	0xde, 0x69, 0xa4, 0x9d, 0x7b, 0x53, 0x5a, 0x4d, 
	0x5a, 0x0b, 0x62, 0x0d, 0x6a, 0x8b, 0x93, 0x4d, 
	0x82, 0xcb, 0x82, 0xcb, 0x93, 0x91, 0x52, 0x0b, 
	0x62, 0x8d, 0xa4, 0x59, 0xbd, 0x63, 0xbd, 0xa7, 
	0xad, 0x25, 0xbd, 0x63, 0xbd, 0x21, 0xbd, 0x1f, 
	0xa4, 0x9d, 0x73, 0x13, 0x9c, 0x19, 0xbd, 0x61, 
	0x94, 0x1d, 0x73, 0x11, 0xc4, 0xd7, 0xe5, 0xdd, 
	0xac, 0x99, 0x49, 0x89, 0x94, 0x1d, 0xd5, 0xe7, 
	0xa4, 0x9d, 0x62, 0x8f, 0x41, 0x89, 0x41, 0x89, 
	0x62, 0x0b, 0x6a, 0x4b, 0x7a, 0xcb, 0x7a, 0xcb, 
	0x6a, 0x4b, 0x7a, 0xcd, 0x8b, 0x91, 0x7b, 0x0f, 
	0x5a, 0x4d, 0x7b, 0x11, 0xc5, 0x1f, 0xc5, 0xeb, 
	0xbd, 0x67, 0xc5, 0x61, 0xbd, 0x1f, 0xc5, 0xe5, 
	0xde, 0x71, 0xce, 0x2b, 0xac, 0xdd, 0xbd, 0x63, 
	0xc5, 0xe7, 0x62, 0xd5, 0x9b, 0x8f, 0xee, 0x1f, 
	0xcd, 0xe7, 0x29, 0x49, 0x18, 0x43, 0x31, 0x07, 
	0x29, 0x05, 0x31, 0x07, 0x52, 0x0b, 0x6a, 0x8f, 
	0x62, 0x4d, 0x72, 0xcd, 0x7a, 0xcf, 0x72, 0x8d, 
	0x7a, 0xcd, 0x9b, 0xd1, 0x8b, 0x91, 0x7b, 0x0f, 
	0x7a, 0xcf, 0x62, 0x8d, 0xa4, 0x59, 0xb5, 0xa9, 
	0xbd, 0x65, 0xbc, 0x99, 0xcd, 0xa5, 0xc5, 0x61, 
	0xde, 0x29, 0xd5, 0xe7, 0xb5, 0x63, 0xb5, 0x67, 
	0xce, 0x6d, 0x42, 0x0f, 0x20, 0xc5, 0xb4, 0xd9, 
	0xe6, 0x69, 0x52, 0x51, 0x00, 0x01, 0x20, 0xc5, 
	0x6a, 0x8d, 0x62, 0x4b, 0x72, 0xcf, 0x6a, 0x8d, 
	0x6a, 0x4d, 0x6a, 0x8f, 0x6a, 0x8f, 0x6a, 0x8d, 
	0x7a, 0xcd, 0x93, 0x91, 0x8b, 0x4f, 0x93, 0x91, 
	0x72, 0xcd, 0x49, 0xc9, 0x9c, 0x17, 0xc5, 0xe9, 
	0xbd, 0x1f, 0xc5, 0x1b, 0xd5, 0x9f, 0xcd, 0x19, 
	0xd5, 0xa1, 0xcd, 0xe9, 0xc5, 0xa7, 0xb5, 0x67, 
	0xc5, 0xa3, 0x6b, 0x15, 0x10, 0x85, 0x39, 0x8b, 
	0x8b, 0xdb, 0x29, 0x09, 0x10, 0x43, 0x52, 0x4d, 
	0x8b, 0xd3, 0x83, 0x51, 0x72, 0x8d, 0x62, 0x4b, 
	0x6a, 0x8d, 0x7b, 0x0f, 0x83, 0x51, 0x6a, 0x4d, 
	0x7b, 0x0f, 0x7b, 0x51, 0x83, 0x0f, 0x7a, 0xcd, 
	0x7b, 0x11, 0x39, 0x89, 0x62, 0x4d, 0x93, 0xd5, 
	0xd6, 0x2b, 0xcd, 0x61, 0xc4, 0x95, 0xcd, 0x1b, 
	0xd5, 0x9f, 0xde, 0x25, 0xcd, 0x61, 0xc5, 0xa7, 
	0xbd, 0xe9, 0xb5, 0x63, 0x9c, 0x5f, 0x31, 0x8b, 
	0x00, 0x01, 0x00, 0x01, 0x18, 0x85, 0x39, 0x89, 
	0x62, 0x8f, 0x8b, 0x93, 0x72, 0x8d, 0x5a, 0x0b, 
	0x4a, 0x0b, 0x7b, 0x13, 0x7b, 0x13, 0x7b, 0x11, 
	0x7b, 0x53, 0x21, 0x05, 0x72, 0x8d, 0x62, 0x4d, 
	0x8b, 0x53, 0x41, 0xc9, 0x29, 0x07, 0x72, 0x8f, 
	0xa4, 0x5b, 0xcd, 0xe7, 0xb4, 0x99, 0xab, 0xd1, 
	0xcd, 0x19, 0xcd, 0xe3, 0xcd, 0xa3, 0xc5, 0x61, 
	0xac, 0x97, 0xbd, 0xa9, 0xbd, 0x65, 0xa4, 0xe1, 
	0x62, 0xcf, 0x31, 0x47, 0x08, 0x43, 0x08, 0x43, 
	0x18, 0x85, 0x39, 0x47, 0x39, 0x47, 0x49, 0xc9, 
	0x4a, 0x0b, 0x4a, 0x0b, 0x6a, 0xd1, 0x83, 0x95, 
	0x41, 0xcb, 0x00, 0x01, 0x52, 0x0b, 0x5a, 0x0b, 
	0xac, 0x15, 0x7b, 0x0f, 0x41, 0x89, 0x52, 0x0b, 
	0xbd, 0x61, 0xbd, 0x61, 0xb4, 0x59, 0xb4, 0x59, 
	0xb4, 0x99, 0xab, 0xd1, 0xc5, 0x1b, 0xbc, 0xdb, 
	0xac, 0x97, 0xb5, 0x65, 0xc5, 0xeb, 0xc5, 0xe7, 
	0xc5, 0xa5, 0x9c, 0x59, 0x18, 0x85, 0x00, 0x01, 
	0x10, 0x83, 0x18, 0x85, 0x83, 0xd9, 0x49, 0xc9, 
	0x49, 0xc9, 0x4a, 0x0b, 0x83, 0xd9, 0x7b, 0x53, 
	0x7b, 0x53, 0x72, 0xd1, 0x41, 0x89, 0x51, 0xcb, 
	
};

Gfx ccm_dl_SUPER_MARIO_64_92A6E121_0_2_all_ci8_aligner[] = {gsSPEndDisplayList()};
u8 ccm_dl_SUPER_MARIO_64_92A6E121_0_2_all_ci8[] = {
	0x00, 0x01, 0x02, 0x02, 0x03, 0x04, 0x05, 0x06, 
	0x07, 0x08, 0x09, 0x0a, 0x0b, 0x0c, 0x0d, 0x0e, 
	0x0f, 0x10, 0x0b, 0x0a, 0x06, 0x0c, 0x0a, 0x11, 
	0x0f, 0x0e, 0x0e, 0x0d, 0x0a, 0x0d, 0x09, 0x03, 
	0x12, 0x13, 0x14, 0x14, 0x09, 0x15, 0x16, 0x06, 
	0x17, 0x17, 0x18, 0x0e, 0x0b, 0x18, 0x19, 0x1a, 
	0x1b, 0x10, 0x05, 0x03, 0x07, 0x1c, 0x0b, 0x11, 
	0x10, 0x1d, 0x07, 0x0d, 0x0e, 0x0d, 0x18, 0x15, 
	0x00, 0x02, 0x1e, 0x09, 0x06, 0x0c, 0x16, 0x06, 
	0x17, 0x19, 0x19, 0x0a, 0x0b, 0x07, 0x1f, 0x1c, 
	0x1f, 0x19, 0x20, 0x21, 0x18, 0x19, 0x22, 0x23, 
	0x05, 0x05, 0x06, 0x0b, 0x0a, 0x0d, 0x24, 0x17, 
	0x25, 0x08, 0x26, 0x07, 0x18, 0x0b, 0x19, 0x18, 
	0x19, 0x19, 0x19, 0x0c, 0x17, 0x17, 0x1c, 0x1c, 
	0x1c, 0x27, 0x28, 0x29, 0x15, 0x19, 0x2a, 0x1f, 
	0x1c, 0x2b, 0x05, 0x0c, 0x0b, 0x07, 0x24, 0x19, 
	0x0a, 0x05, 0x0b, 0x07, 0x07, 0x10, 0x21, 0x10, 
	0x19, 0x24, 0x1c, 0x19, 0x2c, 0x2d, 0x15, 0x23, 
	0x27, 0x1f, 0x28, 0x2e, 0x05, 0x19, 0x1f, 0x28, 
	0x1c, 0x21, 0x19, 0x2f, 0x07, 0x19, 0x19, 0x24, 
	0x0a, 0x0d, 0x15, 0x07, 0x19, 0x0d, 0x23, 0x30, 
	0x1c, 0x1f, 0x21, 0x21, 0x07, 0x07, 0x0c, 0x1c, 
	0x31, 0x28, 0x1f, 0x23, 0x1c, 0x1c, 0x20, 0x32, 
	0x1f, 0x05, 0x07, 0x06, 0x17, 0x1c, 0x1f, 0x1f, 
	0x0c, 0x05, 0x07, 0x0c, 0x19, 0x33, 0x23, 0x34, 
	0x33, 0x19, 0x1c, 0x24, 0x1a, 0x19, 0x0c, 0x23, 
	0x35, 0x31, 0x31, 0x1c, 0x05, 0x1c, 0x36, 0x37, 
	0x1c, 0x15, 0x15, 0x33, 0x05, 0x21, 0x1c, 0x1c, 
	0x04, 0x19, 0x0c, 0x0c, 0x38, 0x24, 0x20, 0x32, 
	0x1f, 0x39, 0x1f, 0x39, 0x33, 0x21, 0x10, 0x23, 
	0x23, 0x1f, 0x3a, 0x32, 0x3b, 0x1f, 0x20, 0x35, 
	0x3c, 0x10, 0x17, 0x06, 0x33, 0x27, 0x05, 0x19, 
	0x3d, 0x1b, 0x0c, 0x1c, 0x1c, 0x1f, 0x20, 0x3e, 
	0x27, 0x3e, 0x28, 0x37, 0x05, 0x1f, 0x0c, 0x1f, 
	0x27, 0x37, 0x32, 0x32, 0x28, 0x1f, 0x28, 0x1c, 
	0x31, 0x0b, 0x23, 0x19, 0x21, 0x1f, 0x20, 0x2a, 
	0x2a, 0x38, 0x3f, 0x30, 0x1f, 0x1c, 0x1c, 0x40, 
	0x1f, 0x3b, 0x41, 0x42, 0x05, 0x32, 0x23, 0x1c, 
	0x31, 0x1c, 0x23, 0x1f, 0x27, 0x38, 0x37, 0x31, 
	0x28, 0x10, 0x1c, 0x19, 0x23, 0x31, 0x39, 0x1f, 
	0x20, 0x40, 0x1b, 0x1b, 0x1c, 0x37, 0x27, 0x27, 
	0x27, 0x37, 0x3e, 0x28, 0x0c, 0x32, 0x05, 0x1f, 
	0x37, 0x1f, 0x23, 0x1c, 0x28, 0x1c, 0x37, 0x37, 
	0x31, 0x10, 0x28, 0x19, 0x23, 0x32, 0x40, 0x38, 
	0x20, 0x39, 0x31, 0x3b, 0x1f, 0x27, 0x43, 0x44, 
	0x28, 0x45, 0x45, 0x28, 0x30, 0x28, 0x1c, 0x0c, 
	0x05, 0x1f, 0x3e, 0x23, 0x28, 0x41, 0x20, 0x1c, 
	0x19, 0x0c, 0x20, 0x0c, 0x1c, 0x46, 0x3e, 0x27, 
	0x3e, 0x32, 0x1f, 0x37, 0x40, 0x28, 0x34, 0x35, 
	0x42, 0x45, 0x3e, 0x1f, 0x31, 0x31, 0x28, 0x10, 
	0x0c, 0x3a, 0x47, 0x3d, 0x42, 0x41, 0x40, 0x1c, 
	0x0d, 0x33, 0x28, 0x35, 0x34, 0x40, 0x48, 0x40, 
	0x49, 0x40, 0x28, 0x34, 0x32, 0x46, 0x37, 0x4a, 
	0x35, 0x37, 0x37, 0x20, 0x3e, 0x20, 0x20, 0x0c, 
	0x10, 0x20, 0x39, 0x1c, 0x35, 0x37, 0x1f, 0x21, 
	0x11, 0x4b, 0x27, 0x32, 0x28, 0x27, 0x3e, 0x37, 
	0x4c, 0x45, 0x40, 0x42, 0x20, 0x32, 0x31, 0x4d, 
	0x35, 0x34, 0x35, 0x28, 0x46, 0x32, 0x27, 0x10, 
	0x11, 0x1c, 0x32, 0x1f, 0x35, 0x34, 0x31, 0x1c, 
	0x11, 0x20, 0x32, 0x49, 0x32, 0x42, 0x35, 0x23, 
	0x45, 0x45, 0x32, 0x32, 0x31, 0x37, 0x34, 0x37, 
	0x34, 0x27, 0x34, 0x27, 0x3e, 0x37, 0x1f, 0x1c, 
	0x1b, 0x1b, 0x1c, 0x37, 0x35, 0x37, 0x1c, 0x1b, 
	0x10, 0x1c, 0x27, 0x46, 0x32, 0x34, 0x3c, 0x23, 
	0x45, 0x32, 0x3e, 0x3e, 0x42, 0x23, 0x31, 0x34, 
	0x34, 0x4e, 0x31, 0x4f, 0x3e, 0x31, 0x1f, 0x28, 
	0x37, 0x1c, 0x27, 0x37, 0x3c, 0x37, 0x23, 0x3d, 
	0x31, 0x27, 0x37, 0x32, 0x32, 0x42, 0x37, 0x42, 
	0x45, 0x32, 0x50, 0x32, 0x4e, 0x28, 0x32, 0x37, 
	0x23, 0x27, 0x27, 0x31, 0x37, 0x42, 0x1b, 0x23, 
	0x34, 0x1f, 0x28, 0x27, 0x23, 0x1c, 0x1f, 0x1c, 
	0x31, 0x38, 0x37, 0x32, 0x4f, 0x37, 0x27, 0x34, 
	0x27, 0x28, 0x50, 0x45, 0x51, 0x4f, 0x40, 0x40, 
	0x1c, 0x1f, 0x28, 0x23, 0x23, 0x30, 0x52, 0x53, 
	0x23, 0x23, 0x34, 0x34, 0x10, 0x32, 0x40, 0x23, 
	0x35, 0x11, 0x1b, 0x34, 0x3c, 0x1f, 0x20, 0x23, 
	0x37, 0x31, 0x3e, 0x45, 0x45, 0x4e, 0x31, 0x41, 
	0x28, 0x3a, 0x20, 0x31, 0x40, 0x3b, 0x52, 0x3f, 
	0x35, 0x3d, 0x4e, 0x28, 0x30, 0x31, 0x31, 0x0c, 
	0x1b, 0x54, 0x55, 0x31, 0x23, 0x28, 0x20, 0x1c, 
	0x34, 0x34, 0x31, 0x32, 0x41, 0x41, 0x41, 0x4e, 
	0x1f, 0x39, 0x32, 0x27, 0x40, 0x1f, 0x0c, 0x56, 
	0x57, 0x38, 0x32, 0x20, 0x23, 0x30, 0x23, 0x3d, 
	0x56, 0x58, 0x05, 0x49, 0x27, 0x40, 0x39, 0x28, 
	0x59, 0x3c, 0x4e, 0x28, 0x5a, 0x50, 0x4c, 0x40, 
	0x31, 0x28, 0x28, 0x31, 0x31, 0x1c, 0x1c, 0x27, 
	0x4a, 0x55, 0x23, 0x1c, 0x1c, 0x5b, 0x37, 0x30, 
	0x57, 0x3d, 0x1c, 0x40, 0x31, 0x32, 0x32, 0x27, 
	0x34, 0x42, 0x51, 0x32, 0x28, 0x5a, 0x49, 0x40, 
	0x4e, 0x27, 0x37, 0x35, 0x37, 0x37, 0x23, 0x40, 
	0x34, 0x3f, 0x5c, 0x1c, 0x05, 0x37, 0x3d, 0x3f, 
	0x27, 0x1f, 0x1c, 0x1f, 0x37, 0x27, 0x27, 0x28, 
	0x31, 0x37, 0x32, 0x5a, 0x31, 0x43, 0x41, 0x40, 
	0x27, 0x43, 0x37, 0x3c, 0x23, 0x0c, 0x10, 0x31, 
	0x23, 0x1b, 0x52, 0x1b, 0x1d, 0x23, 0x1b, 0x53, 
	0x27, 0x23, 0x23, 0x37, 0x35, 0x42, 0x31, 0x4e, 
	0x27, 0x4e, 0x42, 0x44, 0x4e, 0x31, 0x43, 0x28, 
	0x43, 0x4e, 0x28, 0x46, 0x23, 0x23, 0x04, 0x23, 
	0x23, 0x1f, 0x30, 0x1b, 0x0c, 0x05, 0x23, 0x1b, 
	0x1c, 0x0c, 0x10, 0x34, 0x23, 0x43, 0x37, 0x43, 
	0x40, 0x45, 0x43, 0x5b, 0x32, 0x4e, 0x27, 0x40, 
	0x41, 0x41, 0x28, 0x3e, 0x23, 0x1f, 0x3d, 0x0c, 
	0x23, 0x1f, 0x37, 0x23, 0x3d, 0x05, 0x23, 0x37, 
	0x23, 0x05, 0x23, 0x1b, 0x20, 0x41, 0x4e, 0x40, 
	0x27, 0x28, 0x41, 0x41, 0x45, 0x41, 0x27, 0x5a, 
	0x4e, 0x4e, 0x27, 0x32, 0x1c, 0x20, 0x23, 0x3d, 
	0x1b, 0x1c, 0x27, 0x1c, 0x3d, 0x23, 0x23, 0x23, 
	0x3d, 0x3d, 0x3b, 0x1b, 0x20, 0x4e, 0x4e, 0x45, 
	0x27, 0x31, 0x45, 0x4e, 0x45, 0x32, 0x43, 0x3e, 
	0x27, 0x43, 0x4e, 0x28, 0x28, 0x32, 0x1f, 0x35, 
	0x34, 0x34, 0x37, 0x31, 0x1c, 0x23, 0x34, 0x23, 
	0x3d, 0x0c, 0x27, 0x34, 0x20, 0x28, 0x27, 0x4e, 
	0x32, 0x44, 0x43, 0x4e, 0x41, 0x43, 0x43, 0x4e, 
	0x28, 0x41, 0x4e, 0x4f, 0x32, 0x41, 0x31, 0x37, 
	0x1c, 0x1b, 0x30, 0x1c, 0x1c, 0x23, 0x23, 0x34, 
	0x1c, 0x23, 0x32, 0x28, 0x4e, 0x4e, 0x28, 0x28, 
	0x27, 0x34, 0x35, 0x43, 0x27, 0x28, 0x4e, 0x4e, 
	0x4e, 0x28, 0x31, 0x28, 0x31, 0x41, 0x28, 0x46, 
	0x1f, 0x3d, 0x30, 0x23, 0x31, 0x28, 0x3d, 0x23, 
	0x28, 0x42, 0x28, 0x32, 0x28, 0x43, 0x28, 0x32, 
	0x43, 0x27, 0x5d, 0x43, 0x34, 0x42, 0x28, 0x5a, 
	0x4e, 0x43, 0x31, 0x43, 0x3c, 0x32, 0x4f, 0x5a, 
	0x40, 0x34, 0x34, 0x1c, 0x28, 0x4f, 0x23, 0x37, 
	0x41, 0x32, 0x4f, 0x28, 0x42, 0x43, 0x42, 0x28, 
	0x43, 0x28, 0x28, 0x37, 0x35, 0x35, 0x27, 0x45, 
	0x28, 0x50, 0x28, 0x4f, 0x31, 0x32, 0x31, 0x1f, 
	0x05, 0x33, 0x1c, 0x40, 0x27, 0x43, 0x43, 0x20, 
	0x20, 0x4e, 0x4e, 0x31, 0x5e, 0x28, 0x43, 0x37, 
	
};

Gfx ccm_dl_SUPER_MARIO_64_92A6E121_0_2_all_pal_rgba16_aligner[] = {gsSPEndDisplayList()};
u8 ccm_dl_SUPER_MARIO_64_92A6E121_0_2_all_pal_rgba16[] = {
	0x23, 0x2d, 0x2b, 0x6f, 0x33, 0x6f, 0x33, 0x2d, 
	0x43, 0x2d, 0x4b, 0xaf, 0x54, 0x33, 0x43, 0xaf, 
	0x3b, 0x6f, 0x43, 0xb1, 0x32, 0xeb, 0x3b, 0x2d, 
	0x43, 0x6d, 0x3b, 0x6d, 0x33, 0x2b, 0x2a, 0xa9, 
	0x3b, 0x2b, 0x32, 0xe9, 0x22, 0xed, 0x33, 0xaf, 
	0x3b, 0xb1, 0x43, 0x6f, 0x53, 0xf3, 0x4b, 0xf1, 
	0x4b, 0xb1, 0x53, 0xf1, 0x43, 0xad, 0x43, 0x6b, 
	0x53, 0xef, 0x3b, 0x6b, 0x43, 0xf1, 0x5c, 0x31, 
	0x64, 0x73, 0x54, 0x31, 0x4b, 0x6f, 0x4b, 0xad, 
	0x5c, 0x33, 0x2b, 0x2d, 0x33, 0x6d, 0x64, 0x31, 
	0x64, 0x71, 0x64, 0xb5, 0x64, 0x33, 0x54, 0x2f, 
	0x4c, 0x31, 0x5c, 0x35, 0x5c, 0x71, 0x5c, 0x75, 
	0x43, 0x2b, 0x5c, 0x2f, 0x6c, 0xb3, 0x4b, 0xef, 
	0x53, 0xad, 0x4b, 0x6b, 0x6c, 0xf5, 0x5b, 0xef, 
	0x53, 0xaf, 0x6c, 0xb5, 0x64, 0xb3, 0x5b, 0xf1, 
	0x4b, 0xab, 0x4b, 0x6d, 0x74, 0xf5, 0x32, 0xa7, 
	0x6c, 0x73, 0x74, 0xb3, 0x53, 0xed, 0x64, 0x2f, 
	0x5b, 0xed, 0x7c, 0xf5, 0x74, 0xb5, 0x74, 0xf7, 
	0x8d, 0x79, 0x7d, 0x37, 0x4b, 0x2b, 0x5c, 0x73, 
	0x85, 0x77, 0x5b, 0xad, 0x6c, 0x71, 0x6c, 0xb1, 
	0x7d, 0x35, 0x85, 0x37, 0x2a, 0xa7, 0x3b, 0x29, 
	0x22, 0x65, 0x3a, 0xe9, 0x3a, 0xe7, 0x43, 0x29, 
	0x2a, 0x67, 0x53, 0xab, 0x74, 0xf3, 0x63, 0xef, 
	0x32, 0xe7, 0x4b, 0x69, 0x53, 0xeb, 
};

Vtx ccm_dl_level_mesh_mesh_layer_1_vtx_0[259] = {
	{{{-2581, 5581, -2581}, 0, {-16, -16}, {0x7F, 0x00, 0x00, 0xFF}}},
	{{{-2581, 2581, 2581}, 0, {-16, 1018}, {0x7F, 0x00, 0x00, 0xFF}}},
	{{{-2581, 2494, -2581}, 0, {-16, -16}, {0x7F, 0x00, 0x00, 0xFF}}},
	{{{1291, 2581, 2581}, 0, {-16, 1008}, {0x00, 0x81, 0x00, 0xFF}}},
	{{{2581, 2581, 2581}, 0, {-16, 1008}, {0x00, 0x81, 0x00, 0xFF}}},
	{{{0, 2581, 2581}, 0, {-16, 1008}, {0x00, 0x81, 0x00, 0xFF}}},
	{{{-2581, 5581, 2479}, 0, {-16, 1008}, {0xFD, 0xFC, 0x81, 0xFF}}},
	{{{2170, 2581, 2479}, 0, {-16, 1008}, {0xFD, 0xFC, 0x81, 0xFF}}},
	{{{-2581, 2581, 2581}, 0, {-16, 1008}, {0xFD, 0xFC, 0x81, 0xFF}}},
	{{{2170, 2581, 2581}, 0, {-16, 1008}, {0x7F, 0x00, 0x00, 0xFF}}},
	{{{2170, 5581, 2479}, 0, {-16, 1008}, {0x7F, 0x00, 0x00, 0xFF}}},
	{{{2170, 5581, 2581}, 0, {-16, 1008}, {0x7F, 0x00, 0x00, 0xFF}}},
	{{{-2581, 2581, 2581}, 0, {-16, 1008}, {0x00, 0x81, 0x00, 0xFF}}},
	{{{2170, 2581, 2479}, 0, {-16, 1008}, {0x00, 0x81, 0x00, 0xFF}}},
	{{{2170, 2581, 2581}, 0, {-16, 1008}, {0x00, 0x81, 0x00, 0xFF}}},
	{{{-2581, 5581, 2581}, 0, {-16, 1008}, {0x7F, 0x00, 0x00, 0xFF}}},
	{{{-2581, 2581, 2581}, 0, {-16, 1018}, {0x7F, 0x00, 0x00, 0xFF}}},
	{{{2170, 3227, 2581}, 0, {534, 1008}, {0x00, 0x81, 0x00, 0xFF}}},
	{{{2170, 3227, 2479}, 0, {534, 1008}, {0x00, 0x81, 0x00, 0xFF}}},
	{{{2581, 3227, 2479}, 0, {534, 1008}, {0x00, 0x81, 0x00, 0xFF}}},
	{{{-2581, 5581, 2479}, 0, {-16, 1008}, {0x00, 0x00, 0x81, 0xFF}}},
	{{{2170, 5581, 2479}, 0, {-16, 1008}, {0x00, 0x00, 0x81, 0xFF}}},
	{{{2170, 2581, 2479}, 0, {-16, 1008}, {0x00, 0x00, 0x81, 0xFF}}},
	{{{2170, 2581, 2581}, 0, {-16, 1008}, {0x7F, 0x00, 0x00, 0xFF}}},
	{{{2170, 2581, 2479}, 0, {-16, 1008}, {0x7F, 0x00, 0x00, 0xFF}}},
	{{{-2581, 5581, 2581}, 0, {-16, 1008}, {0x81, 0x00, 0x00, 0xFF}}},
	{{{-2581, 5581, 2479}, 0, {-16, 988}, {0x81, 0x00, 0x00, 0xFF}}},
	{{{-2581, 2581, 2581}, 0, {-16, 998}, {0x81, 0x00, 0x00, 0xFF}}},
	{{{2581, 2494, -2581}, 0, {752, -16}, {0x00, 0x00, 0x7F, 0xFF}}},
	{{{-1291, 645, -2581}, 0, {496, -16}, {0x00, 0x00, 0x7F, 0xFF}}},
	{{{1291, 645, -2581}, 0, {752, -16}, {0x00, 0x00, 0x7F, 0xFF}}},
	{{{-2581, 0, -2581}, 0, {-16, -16}, {0x7F, 0x00, 0x00, 0xFF}}},
	{{{-2581, 0, -2663}, 0, {-16, -32}, {0x7F, 0x00, 0x00, 0xFF}}},
	{{{-2581, 645, -2663}, 0, {-16, -32}, {0x7F, 0x00, 0x00, 0xFF}}},
	{{{2581, 2494, -2581}, 0, {496, -16}, {0x00, 0x00, 0x7F, 0xFF}}},
	{{{-2581, 2494, -2581}, 0, {240, -16}, {0x00, 0x00, 0x7F, 0xFF}}},
	{{{-1291, 645, -2581}, 0, {240, -16}, {0x00, 0x00, 0x7F, 0xFF}}},
	{{{-2581, 0, 2581}, 0, {-16, 1008}, {0x00, 0x00, 0x81, 0xFF}}},
	{{{-2581, 2581, 2581}, 0, {-15, 1008}, {0x00, 0x00, 0x81, 0xFF}}},
	{{{-1291, 2581, 2581}, 0, {240, 1008}, {0x00, 0x00, 0x81, 0xFF}}},
	{{{-2581, 5581, -2581}, 0, {-16, -16}, {0x00, 0x81, 0x00, 0xFF}}},
	{{{2581, 5581, 2581}, 0, {1008, 1008}, {0x00, 0x81, 0x00, 0xFF}}},
	{{{-2581, 5581, 2581}, 0, {-16, 1008}, {0x00, 0x81, 0x00, 0xFF}}},
	{{{2581, 5581, -2581}, 0, {1008, -16}, {0x00, 0x81, 0x00, 0xFF}}},
	{{{-191, 645, 2581}, 0, {458, 1008}, {0x7F, 0x00, 0x00, 0xFF}}},
	{{{-191, 184, 3244}, 0, {458, 1008}, {0x7F, 0x00, 0x00, 0xFF}}},
	{{{-191, 0, 2581}, 0, {458, 1008}, {0x7F, 0x00, 0x00, 0xFF}}},
	{{{-191, 830, 3244}, 0, {458, 1008}, {0x7F, 0x00, 0x00, 0xFF}}},
	{{{-191, 184, 3668}, 0, {458, 1008}, {0x7F, 0x00, 0x00, 0xFF}}},
	{{{-191, 830, 3668}, 0, {458, 1008}, {0x7F, 0x00, 0x00, 0xFF}}},
	{{{191, 645, 2581}, 0, {534, 1008}, {0x00, 0x86, 0x22, 0xFF}}},
	{{{-191, 830, 3244}, 0, {458, 1008}, {0x00, 0x86, 0x22, 0xFF}}},
	{{{-191, 645, 2581}, 0, {458, 1008}, {0x00, 0x86, 0x22, 0xFF}}},
	{{{191, 830, 3244}, 0, {534, 1008}, {0x00, 0x86, 0x22, 0xFF}}},
	{{{191, 645, 2581}, 0, {534, 1008}, {0x81, 0x00, 0x00, 0xFF}}},
	{{{191, 184, 3244}, 0, {534, 1008}, {0x81, 0x00, 0x00, 0xFF}}},
	{{{191, 830, 3244}, 0, {534, 1008}, {0x81, 0x00, 0x00, 0xFF}}},
	{{{191, 0, 2581}, 0, {534, 1008}, {0x81, 0x00, 0x00, 0xFF}}},
	{{{191, 830, 3244}, 0, {534, 1008}, {0x00, 0x81, 0x00, 0xFF}}},
	{{{-191, 830, 3668}, 0, {458, 1008}, {0x00, 0x81, 0x00, 0xFF}}},
	{{{-191, 830, 3244}, 0, {458, 1008}, {0x00, 0x81, 0x00, 0xFF}}},
	{{{191, 830, 3668}, 0, {534, 1008}, {0x00, 0x81, 0x00, 0xFF}}},
	{{{191, 830, 3244}, 0, {534, 1008}, {0x41, 0x93, 0x00, 0xFF}}},
	{{{1716, 1731, 3668}, 0, {534, 1008}, {0x41, 0x93, 0x00, 0xFF}}},
	{{{191, 830, 3668}, 0, {534, 1008}, {0x41, 0x93, 0x00, 0xFF}}},
	{{{1716, 1731, 3244}, 0, {534, 1008}, {0x41, 0x93, 0x00, 0xFF}}},
	{{{2114, 1086, 3244}, 0, {534, 1008}, {0x81, 0x00, 0x00, 0xFF}}},
	{{{2114, 1731, 3668}, 0, {534, 1008}, {0x81, 0x00, 0x00, 0xFF}}},
	{{{2114, 1731, 3244}, 0, {534, 1008}, {0x81, 0x00, 0x00, 0xFF}}},
	{{{2114, 1086, 3668}, 0, {534, 1008}, {0x81, 0x00, 0x00, 0xFF}}},
	{{{2114, 1731, 4115}, 0, {534, 1008}, {0x81, 0x00, 0x00, 0xFF}}},
	{{{2114, 1086, 4115}, 0, {534, 1008}, {0x81, 0x00, 0x00, 0xFF}}},
	{{{-191, 1731, 3668}, 0, {534, 1008}, {0x00, 0x97, 0xB9, 0xFF}}},
	{{{191, 2186, 2999}, 0, {534, 1008}, {0x00, 0x97, 0xB9, 0xFF}}},
	{{{191, 1731, 3668}, 0, {534, 1008}, {0x00, 0x97, 0xB9, 0xFF}}},
	{{{-191, 2186, 2999}, 0, {534, 1008}, {0x00, 0x97, 0xB9, 0xFF}}},
	{{{191, 2186, 2597}, 0, {1682, 1008}, {0x00, 0x00, 0x7F, 0xFF}}},
	{{{-191, 1541, 2597}, 0, {1100, 1008}, {0x00, 0x00, 0x7F, 0xFF}}},
	{{{191, 1541, 2597}, 0, {1135, 1008}, {0x00, 0x00, 0x7F, 0xFF}}},
	{{{-191, 2186, 2597}, 0, {1646, 1008}, {0x00, 0x00, 0x7F, 0xFF}}},
	{{{191, 2186, 2597}, 0, {1682, 1008}, {0x01, 0x00, 0x7F, 0xFF}}},
	{{{2170, 2581, 2581}, 0, {2201, 1008}, {0x01, 0x00, 0x7F, 0xFF}}},
	{{{2170, 3227, 2581}, 0, {2747, 1008}, {0x01, 0x00, 0x7F, 0xFF}}},
	{{{191, 1541, 2597}, 0, {1135, 1008}, {0x01, 0x00, 0x7F, 0xFF}}},
	{{{-191, 2186, 2999}, 0, {534, 1008}, {0x00, 0x81, 0x00, 0xFF}}},
	{{{191, 2186, 2597}, 0, {534, 1008}, {0x00, 0x81, 0x00, 0xFF}}},
	{{{191, 2186, 2999}, 0, {534, 1008}, {0x00, 0x81, 0x00, 0xFF}}},
	{{{-191, 2186, 2597}, 0, {534, 1008}, {0x00, 0x81, 0x00, 0xFF}}},
	{{{2170, 3227, 2581}, 0, {534, 1008}, {0x00, 0x81, 0x00, 0xFF}}},
	{{{2581, 3227, 2999}, 0, {534, 1008}, {0x00, 0x81, 0x00, 0xFF}}},
	{{{2170, 3227, 2999}, 0, {534, 1008}, {0x00, 0x81, 0x00, 0xFF}}},
	{{{2581, 3227, 2581}, 0, {534, 1008}, {0x00, 0x81, 0x00, 0xFF}}},
	{{{2581, 3227, 2479}, 0, {534, 1008}, {0x00, 0x81, 0x00, 0xFF}}},
	{{{191, 2186, 2597}, 0, {534, 1008}, {0x3B, 0x90, 0x00, 0xFF}}},
	{{{2170, 3227, 2999}, 0, {534, 1008}, {0x3B, 0x90, 0x00, 0xFF}}},
	{{{191, 2186, 2999}, 0, {534, 1008}, {0x3B, 0x90, 0x00, 0xFF}}},
	{{{2170, 3227, 2581}, 0, {534, 1008}, {0x3B, 0x90, 0x00, 0xFF}}},
	{{{191, 2186, 2999}, 0, {1682, 1008}, {0x00, 0x00, 0x81, 0xFF}}},
	{{{2170, 2581, 2999}, 0, {2017, 1008}, {0x00, 0x00, 0x81, 0xFF}}},
	{{{191, 1541, 2999}, 0, {1135, 1008}, {0x00, 0x00, 0x81, 0xFF}}},
	{{{2170, 3227, 2999}, 0, {2563, 1008}, {0x00, 0x00, 0x81, 0xFF}}},
	{{{2581, 3227, 2999}, 0, {2563, 1008}, {0x81, 0x00, 0x00, 0xFF}}},
	{{{2581, 2581, 2581}, 0, {2017, 1008}, {0x81, 0x00, 0x00, 0xFF}}},
	{{{2581, 2581, 2999}, 0, {2017, 1008}, {0x81, 0x00, 0x00, 0xFF}}},
	{{{2581, 3227, 2581}, 0, {2563, 1008}, {0x81, 0x00, 0x00, 0xFF}}},
	{{{2581, 2581, 2999}, 0, {2017, 1008}, {0x00, 0x00, 0x81, 0xFF}}},
	{{{2170, 2581, 2999}, 0, {2017, 1008}, {0x00, 0x00, 0x81, 0xFF}}},
	{{{2581, 3227, 2999}, 0, {2563, 1008}, {0x00, 0x00, 0x81, 0xFF}}},
	{{{2170, 5581, 2581}, 0, {-16, 1008}, {0x00, 0x7F, 0x00, 0xFF}}},
	{{{-2581, 5581, 2479}, 0, {-16, 1008}, {0x00, 0x7F, 0x00, 0xFF}}},
	{{{-2581, 5581, 2581}, 0, {-16, 1008}, {0x00, 0x7F, 0x00, 0xFF}}},
	{{{2170, 5581, 2479}, 0, {-16, 1008}, {0x00, 0x7F, 0x00, 0xFF}}},
	{{{1716, 1731, 3733}, 0, {1438, 1008}, {0x00, 0x00, 0x7F, 0xFF}}},
	{{{191, 1086, 3733}, 0, {750, 1008}, {0x00, 0x00, 0x7F, 0xFF}}},
	{{{1716, 1086, 3733}, 0, {893, 1008}, {0x00, 0x00, 0x7F, 0xFF}}},
	{{{191, 1731, 3733}, 0, {1297, 1008}, {0x00, 0x00, 0x7F, 0xFF}}},
	{{{191, 1731, 3668}, 0, {534, 1008}, {0x00, 0x7F, 0x00, 0xFF}}},
	{{{1716, 1731, 3733}, 0, {534, 1008}, {0x00, 0x7F, 0x00, 0xFF}}},
	{{{1716, 1731, 3668}, 0, {534, 1008}, {0x00, 0x7F, 0x00, 0xFF}}},
	{{{191, 1731, 3733}, 0, {534, 1008}, {0x00, 0x7F, 0x00, 0xFF}}},
	{{{1716, 1731, 3668}, 0, {1438, 1008}, {0x7F, 0x00, 0x00, 0xFF}}},
	{{{1716, 1086, 3733}, 0, {893, 1008}, {0x7F, 0x00, 0x00, 0xFF}}},
	{{{1716, 1086, 3668}, 0, {893, 1008}, {0x7F, 0x00, 0x00, 0xFF}}},
	{{{1716, 1731, 3733}, 0, {1438, 1008}, {0x7F, 0x00, 0x00, 0xFF}}},
	{{{2170, 3227, 2479}, 0, {534, 1008}, {0x00, 0x00, 0x81, 0xFF}}},
	{{{2581, 5581, 2479}, 0, {534, 1008}, {0x00, 0x00, 0x81, 0xFF}}},
	{{{2581, 3227, 2479}, 0, {534, 1008}, {0x00, 0x00, 0x81, 0xFF}}},
	{{{2170, 5581, 2479}, 0, {534, 1008}, {0x00, 0x00, 0x81, 0xFF}}},
	{{{2581, 3227, 2581}, 0, {534, 1008}, {0x7F, 0x00, 0x00, 0xFF}}},
	{{{2581, 5581, 2479}, 0, {534, 1008}, {0x7F, 0x00, 0x00, 0xFF}}},
	{{{2581, 5581, 2581}, 0, {534, 1008}, {0x7F, 0x00, 0x00, 0xFF}}},
	{{{2581, 3227, 2479}, 0, {534, 1008}, {0x7F, 0x00, 0x00, 0xFF}}},
	{{{2170, 5581, 2581}, 0, {534, 1008}, {0x81, 0x00, 0x00, 0xFF}}},
	{{{2170, 3227, 2479}, 0, {534, 1008}, {0x81, 0x00, 0x00, 0xFF}}},
	{{{2170, 3227, 2581}, 0, {534, 1008}, {0x81, 0x00, 0x00, 0xFF}}},
	{{{2170, 5581, 2479}, 0, {534, 1008}, {0x81, 0x00, 0x00, 0xFF}}},
	{{{2581, 5581, 2581}, 0, {534, 1008}, {0x00, 0x7F, 0x00, 0xFF}}},
	{{{2170, 5581, 2479}, 0, {534, 1008}, {0x00, 0x7F, 0x00, 0xFF}}},
	{{{2170, 5581, 2581}, 0, {534, 1008}, {0x00, 0x7F, 0x00, 0xFF}}},
	{{{2581, 5581, 2479}, 0, {534, 1008}, {0x00, 0x7F, 0x00, 0xFF}}},
	{{{-2581, 2494, -2581}, 0, {-16, -16}, {0x7F, 0x00, 0x00, 0xFF}}},
	{{{-2581, 2581, 2581}, 0, {-16, 1018}, {0x7F, 0x00, 0x00, 0xFF}}},
	{{{-2581, 0, 2581}, 0, {-16, 1008}, {0x7F, 0x00, 0x00, 0xFF}}},
	{{{-2581, 0, -2581}, 0, {-16, -16}, {0x7F, 0x00, 0x00, 0xFF}}},
	{{{-2581, 2581, -2663}, 0, {-16, -32}, {0x7F, 0x00, 0x00, 0xFF}}},
	{{{-2581, 645, -2663}, 0, {-16, -32}, {0x7F, 0x00, 0x00, 0xFF}}},
	{{{2581, 5581, -2581}, 0, {1008, -16}, {0x00, 0x00, 0x7F, 0xFF}}},
	{{{-2581, 5581, -2581}, 0, {-16, -16}, {0x00, 0x00, 0x7F, 0xFF}}},
	{{{-2581, 2494, -2581}, 0, {-16, -16}, {0x00, 0x00, 0x7F, 0xFF}}},
	{{{2581, 2494, -2581}, 0, {496, -16}, {0x00, 0x00, 0x7F, 0xFF}}},
	{{{2581, 5581, 2581}, 0, {1008, 1008}, {0x81, 0x00, 0x00, 0xFF}}},
	{{{2581, 5581, -2581}, 0, {1008, -16}, {0x81, 0x00, 0x00, 0xFF}}},
	{{{2581, 2494, -2581}, 0, {1008, -16}, {0x81, 0x00, 0x00, 0xFF}}},
	{{{2581, 2581, 2581}, 0, {1008, 998}, {0x81, 0x00, 0x00, 0xFF}}},
	{{{2581, 0, 2581}, 0, {1008, 1008}, {0x81, 0x00, 0x00, 0xFF}}},
	{{{2581, 0, -2581}, 0, {1008, -16}, {0x81, 0x00, 0x00, 0xFF}}},
	{{{2581, 2494, -2581}, 0, {1008, -16}, {0x81, 0x00, 0x00, 0xFF}}},
	{{{2581, 1291, -2663}, 0, {1008, -32}, {0x81, 0x00, 0x00, 0xFF}}},
	{{{2581, 0, -2581}, 0, {1008, -16}, {0x81, 0x00, 0x00, 0xFF}}},
	{{{2581, 2581, -2663}, 0, {1008, -32}, {0x81, 0x00, 0x00, 0xFF}}},
	{{{2581, 0, -2663}, 0, {1008, -32}, {0x81, 0x00, 0x00, 0xFF}}},
	{{{-2581, 2581, 2581}, 0, {-16, 1008}, {0x00, 0x81, 0x00, 0xFF}}},
	{{{-1291, 2581, 2581}, 0, {240, 1008}, {0x00, 0x81, 0x00, 0xFF}}},
	{{{0, 2581, 2581}, 0, {496, 1008}, {0x00, 0x81, 0x00, 0xFF}}},
	{{{2581, 2581, 2581}, 0, {1008, 1008}, {0x00, 0x81, 0x00, 0xFF}}},
	{{{1291, 2581, 2581}, 0, {752, 1008}, {0x00, 0x00, 0x81, 0xFF}}},
	{{{2581, 2581, 2581}, 0, {1008, 1008}, {0x00, 0x00, 0x81, 0xFF}}},
	{{{2581, 0, 2581}, 0, {1008, 1008}, {0x00, 0x00, 0x81, 0xFF}}},
	{{{191, 645, 2581}, 0, {534, 1008}, {0x00, 0x00, 0x81, 0xFF}}},
	{{{191, 0, 2581}, 0, {752, 1008}, {0x00, 0x00, 0x81, 0xFF}}},
	{{{0, 2581, 2581}, 0, {496, 1008}, {0x00, 0x00, 0x81, 0xFF}}},
	{{{-191, 645, 2581}, 0, {458, 1008}, {0x00, 0x00, 0x81, 0xFF}}},
	{{{-1291, 2581, 2581}, 0, {240, 1008}, {0x00, 0x00, 0x81, 0xFF}}},
	{{{-2581, 0, 2581}, 0, {240, 1008}, {0x00, 0x00, 0x81, 0xFF}}},
	{{{-191, 0, 2581}, 0, {379, 1008}, {0x00, 0x00, 0x81, 0xFF}}},
	{{{191, 830, 3668}, 0, {534, 1008}, {0x00, 0x00, 0x81, 0xFF}}},
	{{{1716, 1731, 3668}, 0, {1438, 1008}, {0x00, 0x00, 0x81, 0xFF}}},
	{{{1716, 1086, 3668}, 0, {893, 1008}, {0x00, 0x00, 0x81, 0xFF}}},
	{{{191, 184, 3668}, 0, {-16, 1008}, {0x00, 0x00, 0x81, 0x00}}},
	{{{-191, 830, 3668}, 0, {458, 1008}, {0x00, 0x00, 0x81, 0xFF}}},
	{{{-191, 184, 3668}, 0, {-16, 1008}, {0x00, 0x00, 0x81, 0x00}}},
	{{{191, 830, 3244}, 0, {534, 1008}, {0x00, 0x00, 0x7F, 0xFF}}},
	{{{191, 184, 3244}, 0, {534, 1008}, {0x00, 0x00, 0x7F, 0xFF}}},
	{{{1716, 1086, 3244}, 0, {534, 1008}, {0x00, 0x00, 0x7F, 0xFF}}},
	{{{1716, 1731, 3244}, 0, {534, 1008}, {0x00, 0x00, 0x7F, 0xFF}}},
	{{{2114, 1731, 3244}, 0, {534, 1008}, {0x00, 0x00, 0x7F, 0xFF}}},
	{{{2114, 1086, 3244}, 0, {534, 1008}, {0x00, 0x00, 0x7F, 0xFF}}},
	{{{1716, 1731, 3244}, 0, {534, 1008}, {0x00, 0x81, 0x00, 0xFF}}},
	{{{2114, 1731, 3244}, 0, {534, 1008}, {0x00, 0x81, 0x00, 0xFF}}},
	{{{2114, 1731, 3668}, 0, {534, 1008}, {0x00, 0x81, 0x00, 0xFF}}},
	{{{1716, 1731, 3668}, 0, {534, 1008}, {0x00, 0x81, 0x00, 0xFF}}},
	{{{1716, 1731, 4115}, 0, {534, 1008}, {0x00, 0x81, 0x00, 0xFF}}},
	{{{2114, 1731, 4115}, 0, {534, 1008}, {0x00, 0x81, 0x00, 0xFF}}},
	{{{191, 1731, 3668}, 0, {534, 1008}, {0x00, 0x81, 0x00, 0xFF}}},
	{{{191, 1731, 4115}, 0, {534, 1008}, {0x00, 0x81, 0x00, 0xFF}}},
	{{{-191, 1731, 3668}, 0, {534, 1008}, {0x00, 0x81, 0x00, 0xFF}}},
	{{{-191, 1731, 4115}, 0, {534, 1008}, {0x00, 0x81, 0x00, 0xFF}}},
	{{{1716, 1731, 4115}, 0, {1438, 1008}, {0x00, 0x00, 0x81, 0xFF}}},
	{{{2114, 1731, 4115}, 0, {1476, 1008}, {0x00, 0x00, 0x81, 0xFF}}},
	{{{2114, 1086, 4115}, 0, {930, 1008}, {0x00, 0x00, 0x81, 0xFF}}},
	{{{1716, 1086, 4115}, 0, {893, 1008}, {0x00, 0x00, 0x81, 0xFF}}},
	{{{191, 1086, 4115}, 0, {750, 1008}, {0x00, 0x00, 0x81, 0xFF}}},
	{{{191, 1731, 4115}, 0, {1295, 1008}, {0x00, 0x00, 0x81, 0xFF}}},
	{{{-191, 1731, 4115}, 0, {1259, 1008}, {0x00, 0x00, 0x81, 0xFF}}},
	{{{-191, 1086, 4115}, 0, {714, 1008}, {0x00, 0x00, 0x81, 0xFF}}},
	{{{191, 1086, 3668}, 0, {750, 1008}, {0x81, 0x00, 0x00, 0xFF}}},
	{{{191, 1086, 3733}, 0, {750, 1008}, {0x81, 0x00, 0x00, 0xFF}}},
	{{{191, 1731, 3733}, 0, {1297, 1008}, {0x81, 0x00, 0x00, 0xFF}}},
	{{{191, 1731, 3668}, 0, {1297, 1008}, {0x81, 0x00, 0x00, 0xFF}}},
	{{{191, 1541, 2999}, 0, {1135, 1008}, {0x81, 0x00, 0x00, 0xFF}}},
	{{{191, 2186, 2999}, 0, {1682, 1008}, {0x81, 0x00, 0x00, 0xFF}}},
	{{{-191, 1731, 3668}, 0, {1438, 1008}, {0x7F, 0x00, 0x00, 0xFF}}},
	{{{-191, 1731, 4115}, 0, {1438, 1008}, {0x7F, 0x00, 0x00, 0xFF}}},
	{{{-191, 1086, 4115}, 0, {893, 1008}, {0x7F, 0x00, 0x00, 0xFF}}},
	{{{-191, 1086, 3668}, 0, {893, 1008}, {0x7F, 0x00, 0x00, 0xFF}}},
	{{{-191, 1541, 2999}, 0, {1277, 1008}, {0x7F, 0x00, 0x00, 0xFF}}},
	{{{-191, 2186, 2999}, 0, {1822, 1008}, {0x7F, 0x00, 0x00, 0xFF}}},
	{{{-191, 2186, 2597}, 0, {1822, 1008}, {0x7F, 0x00, 0x00, 0xFF}}},
	{{{-191, 1541, 2597}, 0, {1277, 1008}, {0x7F, 0x00, 0x00, 0xFF}}},
	{{{-1291, 645, -2581}, 0, {240, -16}, {0x7F, 0x00, 0x00, 0xFF}}},
	{{{-1291, 0, -2581}, 0, {240, -16}, {0x7F, 0x00, 0x00, 0xFF}}},
	{{{-1291, 0, -2663}, 0, {240, -16}, {0x7F, 0x00, 0x00, 0xFF}}},
	{{{-1291, 645, -2663}, 0, {240, -16}, {0x7F, 0x00, 0x00, 0xFF}}},
	{{{-1291, 645, -2663}, 0, {240, -16}, {0x00, 0x00, 0x81, 0xFF}}},
	{{{-1291, 0, -2663}, 0, {240, -16}, {0x00, 0x00, 0x81, 0xFF}}},
	{{{-2581, 0, -2663}, 0, {-16, -16}, {0x00, 0x00, 0x81, 0xFF}}},
	{{{-2581, 645, -2663}, 0, {-16, -16}, {0x00, 0x00, 0x81, 0xFF}}},
	{{{-2581, 2581, -2663}, 0, {-16, -16}, {0x00, 0x00, 0x81, 0xFF}}},
	{{{1291, 645, -2581}, 0, {752, -16}, {0x00, 0xFC, 0x81, 0xFF}}},
	{{{-1291, 645, -2581}, 0, {496, -16}, {0x00, 0xFC, 0x81, 0xFF}}},
	{{{-1291, 645, -2663}, 0, {240, -16}, {0x00, 0xFC, 0x81, 0xFF}}},
	{{{1291, 645, -2663}, 0, {752, -16}, {0x00, 0xFC, 0x81, 0xFF}}},
	{{{0, 2581, -2663}, 0, {496, -16}, {0x00, 0xFC, 0x81, 0xFF}}},
	{{{-2581, 2581, -2663}, 0, {-16, -16}, {0x00, 0xFC, 0x81, 0xFF}}},
	{{{2581, 2581, -2663}, 0, {1008, -16}, {0x00, 0xFC, 0x81, 0xFF}}},
	{{{2581, 0, -2663}, 0, {1008, -16}, {0x00, 0x00, 0x81, 0xFF}}},
	{{{1291, 0, -2663}, 0, {752, -16}, {0x00, 0x00, 0x81, 0xFF}}},
	{{{1291, 645, -2663}, 0, {752, -16}, {0x00, 0x00, 0x81, 0xFF}}},
	{{{2581, 1291, -2663}, 0, {1008, -16}, {0x00, 0x00, 0x81, 0xFF}}},
	{{{2581, 2581, -2663}, 0, {1008, -16}, {0x00, 0x00, 0x81, 0xFF}}},
	{{{1291, 0, -2581}, 0, {752, -16}, {0x81, 0x00, 0x00, 0xFF}}},
	{{{1291, 645, -2581}, 0, {752, -16}, {0x81, 0x00, 0x00, 0xFF}}},
	{{{1291, 645, -2663}, 0, {752, -16}, {0x81, 0x00, 0x00, 0xFF}}},
	{{{1291, 0, -2663}, 0, {752, -16}, {0x81, 0x00, 0x00, 0xFF}}},
	{{{-1291, 645, -2581}, 0, {-16, -16}, {0x00, 0x00, 0x7F, 0xFF}}},
	{{{-2581, 2494, -2581}, 0, {-16, -16}, {0x00, 0x00, 0x7F, 0xFF}}},
	{{{-2581, 0, -2581}, 0, {-16, -16}, {0x00, 0x00, 0x7F, 0xFF}}},
	{{{-1291, 0, -2581}, 0, {-16, -16}, {0x00, 0x00, 0x7F, 0xFF}}},
	{{{2581, 2494, -2581}, 0, {496, -16}, {0x00, 0xA9, 0xA3, 0xFF}}},
	{{{0, 2581, -2663}, 0, {496, -16}, {0x00, 0xA9, 0xA3, 0xFF}}},
	{{{2581, 2581, -2663}, 0, {1008, -16}, {0x00, 0xA9, 0xA3, 0xFF}}},
	{{{-2581, 2494, -2581}, 0, {-16, -16}, {0x00, 0xA9, 0xA3, 0xFF}}},
	{{{0, 2581, -2663}, 0, {496, -16}, {0x00, 0xA9, 0xA3, 0xFF}}},
	{{{2581, 2494, -2581}, 0, {496, -16}, {0x00, 0xA9, 0xA3, 0xFF}}},
	{{{-2581, 2581, -2663}, 0, {-16, -16}, {0x00, 0xA9, 0xA3, 0xFF}}},
	{{{1291, 645, -2581}, 0, {1008, -16}, {0x00, 0x00, 0x7F, 0xFF}}},
	{{{1291, 0, -2581}, 0, {1008, -16}, {0x00, 0x00, 0x7F, 0xFF}}},
	{{{2581, 0, -2581}, 0, {1008, -16}, {0x00, 0x00, 0x7F, 0xFF}}},
	{{{2581, 2494, -2581}, 0, {1008, -16}, {0x00, 0x00, 0x7F, 0xFF}}},
};

Gfx ccm_dl_level_mesh_mesh_layer_1_tri_0[] = {
	gsSPVertex(ccm_dl_level_mesh_mesh_layer_1_vtx_0 + 0, 31, 0),
	gsSP2Triangles(0, 1, 2, 0, 3, 4, 5, 0),
	gsSP2Triangles(6, 7, 8, 0, 9, 10, 11, 0),
	gsSP2Triangles(12, 13, 14, 0, 0, 15, 16, 0),
	gsSP2Triangles(17, 18, 19, 0, 20, 21, 22, 0),
	gsSP2Triangles(23, 24, 10, 0, 25, 26, 27, 0),
	gsSP1Triangle(28, 29, 30, 0),
	gsSPVertex(ccm_dl_level_mesh_mesh_layer_1_vtx_0 + 31, 31, 0),
	gsSP2Triangles(0, 1, 2, 0, 3, 4, 5, 0),
	gsSP2Triangles(6, 7, 8, 0, 9, 10, 11, 0),
	gsSP2Triangles(9, 12, 10, 0, 13, 14, 15, 0),
	gsSP2Triangles(13, 16, 14, 0, 16, 17, 14, 0),
	gsSP2Triangles(16, 18, 17, 0, 19, 20, 21, 0),
	gsSP2Triangles(19, 22, 20, 0, 23, 24, 25, 0),
	gsSP2Triangles(23, 26, 24, 0, 27, 28, 29, 0),
	gsSP1Triangle(27, 30, 28, 0),
	gsSPVertex(ccm_dl_level_mesh_mesh_layer_1_vtx_0 + 62, 31, 0),
	gsSP2Triangles(0, 1, 2, 0, 0, 3, 1, 0),
	gsSP2Triangles(4, 5, 6, 0, 4, 7, 5, 0),
	gsSP2Triangles(7, 8, 5, 0, 7, 9, 8, 0),
	gsSP2Triangles(10, 11, 12, 0, 10, 13, 11, 0),
	gsSP2Triangles(14, 15, 16, 0, 14, 17, 15, 0),
	gsSP2Triangles(18, 19, 20, 0, 18, 21, 19, 0),
	gsSP2Triangles(22, 23, 24, 0, 22, 25, 23, 0),
	gsSP2Triangles(26, 27, 28, 0, 26, 29, 27, 0),
	gsSP1Triangle(26, 30, 29, 0),
	gsSPVertex(ccm_dl_level_mesh_mesh_layer_1_vtx_0 + 93, 31, 0),
	gsSP2Triangles(0, 1, 2, 0, 0, 3, 1, 0),
	gsSP2Triangles(4, 5, 6, 0, 4, 7, 5, 0),
	gsSP2Triangles(8, 9, 10, 0, 8, 11, 9, 0),
	gsSP2Triangles(7, 12, 13, 0, 7, 14, 12, 0),
	gsSP2Triangles(15, 16, 17, 0, 15, 18, 16, 0),
	gsSP2Triangles(19, 20, 21, 0, 19, 22, 20, 0),
	gsSP2Triangles(23, 24, 25, 0, 23, 26, 24, 0),
	gsSP2Triangles(27, 28, 29, 0, 27, 30, 28, 0),
	gsSPVertex(ccm_dl_level_mesh_mesh_layer_1_vtx_0 + 124, 32, 0),
	gsSP2Triangles(0, 1, 2, 0, 0, 3, 1, 0),
	gsSP2Triangles(4, 5, 6, 0, 4, 7, 5, 0),
	gsSP2Triangles(8, 9, 10, 0, 8, 11, 9, 0),
	gsSP2Triangles(12, 13, 14, 0, 12, 15, 13, 0),
	gsSP2Triangles(16, 17, 18, 0, 19, 16, 18, 0),
	gsSP2Triangles(19, 20, 16, 0, 19, 21, 20, 0),
	gsSP2Triangles(22, 23, 24, 0, 22, 24, 25, 0),
	gsSP2Triangles(26, 27, 28, 0, 26, 28, 29, 0),
	gsSP2Triangles(29, 28, 30, 0, 30, 28, 31, 0),
	gsSPVertex(ccm_dl_level_mesh_mesh_layer_1_vtx_0 + 156, 31, 0),
	gsSP2Triangles(0, 1, 2, 0, 0, 3, 1, 0),
	gsSP2Triangles(2, 1, 4, 0, 5, 6, 7, 0),
	gsSP2Triangles(8, 5, 7, 0, 9, 10, 11, 0),
	gsSP2Triangles(9, 11, 12, 0, 12, 11, 13, 0),
	gsSP2Triangles(14, 9, 12, 0, 14, 12, 15, 0),
	gsSP2Triangles(16, 14, 15, 0, 17, 16, 15, 0),
	gsSP2Triangles(18, 17, 15, 0, 19, 20, 21, 0),
	gsSP2Triangles(19, 21, 22, 0, 19, 22, 23, 0),
	gsSP2Triangles(22, 24, 23, 0, 25, 26, 27, 0),
	gsSP2Triangles(25, 27, 28, 0, 27, 29, 28, 0),
	gsSP1Triangle(27, 30, 29, 0),
	gsSPVertex(ccm_dl_level_mesh_mesh_layer_1_vtx_0 + 187, 32, 0),
	gsSP2Triangles(0, 1, 2, 0, 0, 2, 3, 0),
	gsSP2Triangles(2, 4, 3, 0, 2, 5, 4, 0),
	gsSP2Triangles(4, 6, 3, 0, 4, 7, 6, 0),
	gsSP2Triangles(7, 8, 6, 0, 7, 9, 8, 0),
	gsSP2Triangles(10, 11, 12, 0, 10, 12, 13, 0),
	gsSP2Triangles(10, 13, 14, 0, 10, 14, 15, 0),
	gsSP2Triangles(14, 16, 15, 0, 14, 17, 16, 0),
	gsSP2Triangles(18, 19, 20, 0, 18, 20, 21, 0),
	gsSP2Triangles(21, 22, 18, 0, 21, 23, 22, 0),
	gsSP2Triangles(24, 25, 26, 0, 24, 26, 27, 0),
	gsSP2Triangles(24, 27, 28, 0, 24, 28, 29, 0),
	gsSP2Triangles(28, 30, 29, 0, 28, 31, 30, 0),
	gsSPVertex(ccm_dl_level_mesh_mesh_layer_1_vtx_0 + 219, 32, 0),
	gsSP2Triangles(0, 1, 2, 0, 0, 2, 3, 0),
	gsSP2Triangles(4, 5, 6, 0, 4, 6, 7, 0),
	gsSP2Triangles(4, 7, 8, 0, 9, 10, 11, 0),
	gsSP2Triangles(12, 9, 11, 0, 11, 13, 12, 0),
	gsSP2Triangles(11, 14, 13, 0, 13, 15, 12, 0),
	gsSP2Triangles(16, 17, 18, 0, 18, 19, 16, 0),
	gsSP2Triangles(18, 20, 19, 0, 21, 22, 23, 0),
	gsSP2Triangles(21, 23, 24, 0, 25, 26, 27, 0),
	gsSP2Triangles(28, 25, 27, 0, 29, 30, 31, 0),
	gsSPVertex(ccm_dl_level_mesh_mesh_layer_1_vtx_0 + 251, 8, 0),
	gsSP2Triangles(0, 1, 2, 0, 0, 3, 1, 0),
	gsSP2Triangles(4, 5, 6, 0, 7, 4, 6, 0),
	gsSPEndDisplayList(),
};

Vtx ccm_dl_level_mesh_mesh_layer_1_vtx_1[72] = {
	{{{2170, 2581, 2999}, 0, {-16, 1008}, {0x00, 0x7F, 0x00, 0x9C}}},
	{{{2581, 2581, 2581}, 0, {-16, 1008}, {0x00, 0x7F, 0x00, 0xE3}}},
	{{{2170, 2581, 2581}, 0, {-16, 1008}, {0x00, 0x7F, 0x00, 0xDB}}},
	{{{2581, 2581, 2999}, 0, {-16, 1008}, {0x00, 0x7F, 0x00, 0x9C}}},
	{{{2581, 2581, 2581}, 0, {-16, 1008}, {0x00, 0x7F, 0x00, 0xE4}}},
	{{{2581, 2581, 2581}, 0, {-16, 1008}, {0x00, 0x81, 0x02, 0xFF}}},
	{{{-2581, 2494, -2581}, 0, {-16, 1008}, {0x00, 0x81, 0x02, 0xFF}}},
	{{{2581, 2494, -2581}, 0, {-16, 1008}, {0x00, 0x81, 0x02, 0xFF}}},
	{{{-2581, 2581, 2581}, 0, {-16, 1008}, {0x00, 0x81, 0x02, 0xFF}}},
	{{{-191, 0, 2581}, 0, {-16, 1008}, {0x00, 0x7A, 0xDE, 0xFF}}},
	{{{191, 184, 3244}, 0, {-16, 1008}, {0x00, 0x7A, 0xDE, 0x00}}},
	{{{191, 0, 2581}, 0, {-16, 1008}, {0x00, 0x7A, 0xDE, 0xFF}}},
	{{{-191, 184, 3244}, 0, {-16, 1008}, {0x00, 0x7A, 0xDE, 0x00}}},
	{{{-191, 184, 3244}, 0, {-16, 1008}, {0x00, 0x7F, 0x00, 0x00}}},
	{{{191, 184, 3668}, 0, {-16, 1008}, {0x00, 0x7F, 0x00, 0x00}}},
	{{{191, 184, 3244}, 0, {-16, 1008}, {0x00, 0x7F, 0x00, 0x00}}},
	{{{-191, 184, 3668}, 0, {-16, 1008}, {0x00, 0x7F, 0x00, 0x00}}},
	{{{1716, 1086, 3668}, 0, {-16, 1008}, {0x00, 0x7F, 0x00, 0x00}}},
	{{{2114, 1086, 3244}, 0, {-16, 1008}, {0x00, 0x7F, 0x00, 0x00}}},
	{{{1716, 1086, 3244}, 0, {-16, 1008}, {0x00, 0x7F, 0x00, 0x00}}},
	{{{2114, 1086, 3668}, 0, {-16, 1008}, {0x00, 0x7F, 0x00, 0x00}}},
	{{{2114, 1086, 4115}, 0, {-16, 1008}, {0x00, 0x7F, 0x00, 0x00}}},
	{{{1716, 1086, 4115}, 0, {-16, 1008}, {0x00, 0x7F, 0x00, 0x00}}},
	{{{191, 1086, 4115}, 0, {-16, 1008}, {0x00, 0x7F, 0x00, 0x00}}},
	{{{191, 1086, 3668}, 0, {-16, 1008}, {0x00, 0x7F, 0x00, 0x00}}},
	{{{-191, 1086, 4115}, 0, {-16, 1008}, {0x00, 0x7F, 0x00, 0x00}}},
	{{{-191, 1086, 3668}, 0, {-16, 1008}, {0x00, 0x7F, 0x00, 0x00}}},
	{{{191, 184, 3668}, 0, {-16, 1008}, {0xBF, 0x6D, 0x00, 0x00}}},
	{{{1716, 1086, 3244}, 0, {-16, 1008}, {0xBF, 0x6D, 0x00, 0x00}}},
	{{{191, 184, 3244}, 0, {-16, 1008}, {0xBF, 0x6D, 0x00, 0x00}}},
	{{{1716, 1086, 3668}, 0, {-16, 1008}, {0xBF, 0x6D, 0x00, 0x00}}},
	{{{191, 1086, 3668}, 0, {-16, 1008}, {0x00, 0x69, 0x47, 0x00}}},
	{{{-191, 1541, 2999}, 0, {-16, 1008}, {0x00, 0x69, 0x47, 0x9C}}},
	{{{-191, 1086, 3668}, 0, {-16, 1008}, {0x00, 0x69, 0x47, 0x00}}},
	{{{191, 1541, 2999}, 0, {-16, 1008}, {0x00, 0x69, 0x47, 0x9C}}},
	{{{191, 1541, 2999}, 0, {-16, 1008}, {0x00, 0x7F, 0x00, 0x9C}}},
	{{{-191, 1541, 2597}, 0, {-16, 1008}, {0x00, 0x7F, 0x00, 0xDB}}},
	{{{-191, 1541, 2999}, 0, {-16, 1008}, {0x00, 0x7F, 0x00, 0x9C}}},
	{{{191, 1541, 2597}, 0, {-16, 1008}, {0x00, 0x7F, 0x00, 0xDB}}},
	{{{191, 1541, 2999}, 0, {-16, 1008}, {0xC5, 0x70, 0x00, 0x9C}}},
	{{{2170, 2581, 2581}, 0, {-16, 1008}, {0xC5, 0x70, 0x00, 0xDB}}},
	{{{191, 1541, 2597}, 0, {-16, 1008}, {0xC5, 0x70, 0x00, 0xDB}}},
	{{{2170, 2581, 2999}, 0, {-16, 1008}, {0xC5, 0x70, 0x00, 0x9C}}},
	{{{1716, 1086, 3668}, 0, {-16, 1008}, {0x00, 0x81, 0x00, 0x00}}},
	{{{191, 1086, 3733}, 0, {-16, 1008}, {0x00, 0x81, 0x00, 0x00}}},
	{{{191, 1086, 3668}, 0, {-16, 1008}, {0x00, 0x81, 0x00, 0x00}}},
	{{{1716, 1086, 3733}, 0, {-16, 1008}, {0x00, 0x81, 0x00, 0x00}}},
	{{{-2581, 2494, -2581}, 0, {-16, 1008}, {0x00, 0x7F, 0xFE, 0xFF}}},
	{{{-2581, 2581, 2581}, 0, {-16, 1008}, {0x00, 0x7F, 0xFE, 0xFF}}},
	{{{-1291, 2581, 2581}, 0, {-16, 1008}, {0x00, 0x7F, 0xFE, 0xFF}}},
	{{{0, 2581, 2581}, 0, {-16, 1008}, {0x00, 0x7F, 0xFE, 0xFF}}},
	{{{2581, 2494, -2581}, 0, {-16, 1008}, {0x00, 0x7F, 0xFE, 0xFF}}},
	{{{1291, 2581, 2581}, 0, {-16, 1008}, {0x00, 0x7F, 0xFE, 0xFF}}},
	{{{2581, 2581, 2581}, 0, {-16, 1008}, {0x00, 0x7F, 0xFE, 0xFF}}},
	{{{2581, 0, -2581}, 0, {1008, -16}, {0x00, 0x7F, 0x00, 0xFF}}},
	{{{2581, 0, -2663}, 0, {1008, -32}, {0x00, 0x7F, 0x00, 0xFF}}},
	{{{1291, 0, -2663}, 0, {752, -32}, {0x00, 0x7F, 0x00, 0xFF}}},
	{{{1291, 0, -2581}, 0, {752, -16}, {0x00, 0x7F, 0x00, 0xFF}}},
	{{{-1291, 0, -2663}, 0, {240, -32}, {0x00, 0x7F, 0x00, 0xFF}}},
	{{{-1291, 0, -2581}, 0, {240, -16}, {0x00, 0x7F, 0x00, 0xFF}}},
	{{{-2581, 0, 2581}, 0, {240, 1008}, {0x00, 0x7F, 0x00, 0xFF}}},
	{{{-191, 0, 2581}, 0, {496, 1008}, {0x00, 0x7F, 0x00, 0xFF}}},
	{{{191, 0, 2581}, 0, {752, 1008}, {0x00, 0x7F, 0x00, 0xFF}}},
	{{{191, 0, 2581}, 0, {752, 1008}, {0x00, 0x7F, 0x00, 0xFF}}},
	{{{2581, 0, 2581}, 0, {1008, 1008}, {0x00, 0x7F, 0x00, 0xFF}}},
	{{{1291, 0, -2581}, 0, {752, -16}, {0x00, 0x7F, 0x00, 0xFF}}},
	{{{2581, 0, -2581}, 0, {1008, -16}, {0x00, 0x7F, 0x00, 0xFF}}},
	{{{-2581, 0, 2581}, 0, {-16, 1008}, {0x00, 0x7F, 0x00, 0xFF}}},
	{{{-1291, 0, -2581}, 0, {240, -16}, {0x00, 0x7F, 0x00, 0xFF}}},
	{{{-2581, 0, -2581}, 0, {-16, -16}, {0x00, 0x7F, 0x00, 0xFF}}},
	{{{-2581, 0, -2663}, 0, {-16, -32}, {0x00, 0x7F, 0x00, 0xFF}}},
	{{{-1291, 0, -2663}, 0, {240, -32}, {0x00, 0x7F, 0x00, 0xFF}}},
};

Gfx ccm_dl_level_mesh_mesh_layer_1_tri_1[] = {
	gsSPVertex(ccm_dl_level_mesh_mesh_layer_1_vtx_1 + 0, 31, 0),
	gsSP2Triangles(0, 1, 2, 0, 0, 3, 4, 0),
	gsSP2Triangles(5, 6, 7, 0, 5, 8, 6, 0),
	gsSP2Triangles(9, 10, 11, 0, 9, 12, 10, 0),
	gsSP2Triangles(13, 14, 15, 0, 13, 16, 14, 0),
	gsSP2Triangles(17, 18, 19, 0, 17, 20, 18, 0),
	gsSP2Triangles(17, 21, 20, 0, 17, 22, 21, 0),
	gsSP2Triangles(17, 23, 22, 0, 17, 24, 23, 0),
	gsSP2Triangles(24, 25, 23, 0, 24, 26, 25, 0),
	gsSP2Triangles(27, 28, 29, 0, 27, 30, 28, 0),
	gsSPVertex(ccm_dl_level_mesh_mesh_layer_1_vtx_1 + 31, 32, 0),
	gsSP2Triangles(0, 1, 2, 0, 0, 3, 1, 0),
	gsSP2Triangles(4, 5, 6, 0, 4, 7, 5, 0),
	gsSP2Triangles(8, 9, 10, 0, 8, 11, 9, 0),
	gsSP2Triangles(12, 13, 14, 0, 12, 15, 13, 0),
	gsSP2Triangles(16, 17, 18, 0, 16, 18, 19, 0),
	gsSP2Triangles(20, 16, 19, 0, 19, 21, 20, 0),
	gsSP2Triangles(21, 22, 20, 0, 23, 24, 25, 0),
	gsSP2Triangles(23, 25, 26, 0, 26, 25, 27, 0),
	gsSP2Triangles(26, 27, 28, 0, 29, 26, 28, 0),
	gsSP2Triangles(30, 26, 29, 0, 30, 31, 26, 0),
	gsSPVertex(ccm_dl_level_mesh_mesh_layer_1_vtx_1 + 63, 9, 0),
	gsSP2Triangles(0, 1, 2, 0, 2, 1, 3, 0),
	gsSP2Triangles(4, 5, 6, 0, 5, 7, 6, 0),
	gsSP1Triangle(5, 8, 7, 0),
	gsSPEndDisplayList(),
};

Vtx ccm_dl_level_mesh_001_mesh_layer_1_vtx_0[132] = {
	{{{-1291, 0, 3043}, 0, {-1873, 8808}, {0x08, 0x7F, 0xFC, 0xFF}}},
	{{{1291, 0, 3043}, 0, {2782, 8808}, {0xFC, 0x7F, 0x00, 0xFF}}},
	{{{1291, 8, -1500}, 0, {2782, 616}, {0xFE, 0x7F, 0x03, 0xFF}}},
	{{{-2269, 616, -3017}, 0, {-3637, -2121}, {0xEB, 0x30, 0x74, 0xFF}}},
	{{{-1956, 794, -3492}, 0, {-3072, -2977}, {0x00, 0x7C, 0x1B, 0xFF}}},
	{{{-2623, 505, -3116}, 0, {-4276, -2299}, {0x9D, 0xE7, 0x4C, 0xFF}}},
	{{{-2623, 505, -3116}, 0, {-4276, -1730}, {0x9D, 0xE7, 0x4C, 0xFF}}},
	{{{-1654, 499, -3085}, 0, {-2528, -1720}, {0x32, 0xDF, 0x70, 0xFF}}},
	{{{-2269, 616, -3017}, 0, {-3637, -1930}, {0xEB, 0x30, 0x74, 0xFF}}},
	{{{-2779, 659, -3684}, 0, {-4558, -3323}, {0x82, 0x09, 0xEF, 0xFF}}},
	{{{-1922, 412, -3618}, 0, {-3011, -3204}, {0x03, 0x84, 0xE6, 0xFF}}},
	{{{-1654, 499, -3085}, 0, {-2528, -2243}, {0x32, 0xDF, 0x70, 0xFF}}},
	{{{-1922, 412, -3618}, 0, {-3011, -3204}, {0x03, 0x84, 0xE6, 0xFF}}},
	{{{4455, 464, 3009}, 0, {8489, 8748}, {0x10, 0x7E, 0x05, 0xFF}}},
	{{{4396, 551, 858}, 0, {8382, 4868}, {0xF1, 0x7E, 0x05, 0xFF}}},
	{{{3031, 647, 2918}, 0, {5921, 8583}, {0xE1, 0x7B, 0x01, 0xFF}}},
	{{{2488, 351, -1422}, 0, {4941, 756}, {0xD8, 0x78, 0x10, 0xFF}}},
	{{{3176, 583, -1351}, 0, {6183, 884}, {0xEC, 0x7D, 0x03, 0xFF}}},
	{{{4296, 1038, -359}, 0, {8202, 2673}, {0xC4, 0x6E, 0x11, 0xFF}}},
	{{{4370, 494, -1536}, 0, {8335, 550}, {0xF6, 0x79, 0xDB, 0xFF}}},
	{{{3569, 179, -2626}, 0, {6891, -1416}, {0x25, 0x79, 0xF1, 0xFF}}},
	{{{4341, 520, -2655}, 0, {8283, -1468}, {0xCA, 0x72, 0xF6, 0xFF}}},
	{{{3983, 103, -3770}, 0, {7637, -3478}, {0xD0, 0x75, 0xFA, 0xFF}}},
	{{{4398, 385, -3779}, 0, {8386, -3494}, {0xB7, 0x68, 0xFE, 0xFF}}},
	{{{3982, 195, -4897}, 0, {7636, -5510}, {0xC8, 0x6F, 0x1A, 0xFF}}},
	{{{4409, 578, -4876}, 0, {8406, -5473}, {0xB6, 0x66, 0x11, 0xFF}}},
	{{{3982, 526, -6011}, 0, {7636, -7520}, {0x02, 0x7E, 0x10, 0xFF}}},
	{{{4457, 436, -6032}, 0, {8492, -7558}, {0x17, 0x7C, 0xF2, 0xFF}}},
	{{{3526, 561, -5992}, 0, {6813, -7486}, {0xFD, 0x77, 0x2C, 0xFF}}},
	{{{3535, 72, -4904}, 0, {6829, -5524}, {0xF2, 0x7A, 0x1E, 0xFF}}},
	{{{3084, 87, -4905}, 0, {6016, -5526}, {0x04, 0x7B, 0x1E, 0xFF}}},
	{{{3086, 528, -5995}, 0, {6019, -7491}, {0xF9, 0x76, 0x2D, 0xFF}}},
	{{{2635, 113, -4906}, 0, {5206, -5526}, {0x02, 0x7C, 0x1D, 0xFF}}},
	{{{3084, 87, -4905}, 0, {6016, -5526}, {0x04, 0x7B, 0x1E, 0xFF}}},
	{{{3086, 528, -5995}, 0, {6019, -7491}, {0xF9, 0x76, 0x2D, 0xFF}}},
	{{{2635, 496, -6007}, 0, {5206, -7512}, {0xFF, 0x77, 0x2B, 0xFF}}},
	{{{2187, 108, -4906}, 0, {4399, -5527}, {0xFC, 0x7C, 0x1C, 0xFF}}},
	{{{2176, 533, -6001}, 0, {4379, -7501}, {0xFE, 0x76, 0x2E, 0xFF}}},
	{{{1726, 480, -6006}, 0, {3567, -7511}, {0xF8, 0x77, 0x2C, 0xFF}}},
	{{{1739, 81, -4907}, 0, {3591, -5528}, {0xFB, 0x7C, 0x1B, 0xFF}}},
	{{{1290, 470, -6006}, 0, {2781, -7510}, {0x01, 0x76, 0x2E, 0xFF}}},
	{{{1291, 66, -4907}, 0, {2782, -5529}, {0x0A, 0x7E, 0x10, 0xFF}}},
	{{{1740, 0, -3771}, 0, {3592, -3481}, {0xFB, 0x7F, 0xF7, 0xFF}}},
	{{{1291, 1, -3771}, 0, {2782, -3481}, {0x05, 0x7F, 0x00, 0xFF}}},
	{{{1712, 125, -2633}, 0, {3542, -1428}, {0xCB, 0x73, 0x01, 0xFF}}},
	{{{1291, 32, -2636}, 0, {2782, -1433}, {0xFC, 0x7F, 0x0A, 0xFF}}},
	{{{1291, 8, -1500}, 0, {2782, 616}, {0xFE, 0x7F, 0x03, 0xFF}}},
	{{{1740, 16, -1500}, 0, {3592, 616}, {0xDE, 0x7A, 0x08, 0xFF}}},
	{{{1291, 0, 3043}, 0, {2782, 8808}, {0xFC, 0x7F, 0x00, 0xFF}}},
	{{{2183, 54, 3036}, 0, {4391, 8796}, {0xD7, 0x78, 0x01, 0xFF}}},
	{{{2116, 236, -1469}, 0, {4270, 672}, {0xCB, 0x73, 0x0B, 0xFF}}},
	{{{2488, 351, -1422}, 0, {4941, 756}, {0xD8, 0x78, 0x10, 0xFF}}},
	{{{3031, 647, 2918}, 0, {5921, 8583}, {0xE1, 0x7B, 0x01, 0xFF}}},
	{{{2038, 405, -2624}, 0, {4129, -1412}, {0xBE, 0x6C, 0xFB, 0xFF}}},
	{{{2538, 667, -2635}, 0, {5031, -1432}, {0xE0, 0x7A, 0xEE, 0xFF}}},
	{{{3176, 583, -1351}, 0, {6183, 884}, {0xEC, 0x7D, 0x03, 0xFF}}},
	{{{3245, 678, -2706}, 0, {6306, -1559}, {0x34, 0x72, 0xEA, 0xFF}}},
	{{{2637, 0, -3771}, 0, {5211, -3481}, {0x00, 0x7C, 0xE3, 0xFF}}},
	{{{3086, 0, -3771}, 0, {6020, -3481}, {0xFD, 0x7B, 0xE1, 0xFF}}},
	{{{3535, 26, -3771}, 0, {6830, -3480}, {0xFA, 0x7E, 0xEE, 0xFF}}},
	{{{3535, 72, -4904}, 0, {6829, -5524}, {0xF2, 0x7A, 0x1E, 0xFF}}},
	{{{3983, 103, -3770}, 0, {7637, -3478}, {0xD0, 0x75, 0xFA, 0xFF}}},
	{{{3569, 179, -2626}, 0, {6891, -1416}, {0x25, 0x79, 0xF1, 0xFF}}},
	{{{3982, 195, -4897}, 0, {7636, -5510}, {0xC8, 0x6F, 0x1A, 0xFF}}},
	{{{-3972, 247, -1500}, 0, {-1065, -1265}, {0x4B, 0x66, 0xFC, 0xFF}}},
	{{{-3980, 90, -2637}, 0, {984, -981}, {0x4A, 0x67, 0xFC, 0xFF}}},
	{{{-4457, 763, -5983}, 0, {7020, -2196}, {0x1E, 0x76, 0x24, 0xFF}}},
	{{{-3979, 153, -3768}, 0, {3026, -1096}, {0x41, 0x6C, 0x0B, 0xFF}}},
	{{{3176, 583, -1351}, 0, {-1334, -1872}, {0xEC, 0x7D, 0x03, 0xFF}}},
	{{{3569, 179, -2626}, 0, {966, -1143}, {0x25, 0x79, 0xF1, 0xFF}}},
	{{{3245, 678, -2706}, 0, {1109, -2043}, {0x34, 0x72, 0xEA, 0xFF}}},
	{{{3535, 26, -3771}, 0, {3030, -866}, {0xFA, 0x7E, 0xEE, 0xFF}}},
	{{{3086, 0, -3771}, 0, {6020, -3481}, {0xFD, 0x7B, 0xE1, 0xFF}}},
	{{{3535, 72, -4904}, 0, {6829, -5524}, {0xF2, 0x7A, 0x1E, 0xFF}}},
	{{{3084, 87, -4905}, 0, {6016, -5526}, {0x04, 0x7B, 0x1E, 0xFF}}},
	{{{2637, 0, -3771}, 0, {5211, -3481}, {0x00, 0x7C, 0xE3, 0xFF}}},
	{{{2635, 113, -4906}, 0, {5206, -5526}, {0x02, 0x7C, 0x1D, 0xFF}}},
	{{{2188, 0, -3771}, 0, {4401, -3481}, {0xFC, 0x7D, 0xEB, 0xFF}}},
	{{{2187, 108, -4906}, 0, {4399, -5527}, {0xFC, 0x7C, 0x1C, 0xFF}}},
	{{{1739, 81, -4907}, 0, {3591, -5528}, {0xFB, 0x7C, 0x1B, 0xFF}}},
	{{{1740, 0, -3771}, 0, {3592, -3481}, {0xFB, 0x7F, 0xF7, 0xFF}}},
	{{{2038, 405, -2624}, 0, {4129, -1412}, {0xBE, 0x6C, 0xFB, 0xFF}}},
	{{{1712, 125, -2633}, 0, {3542, -1428}, {0xCB, 0x73, 0x01, 0xFF}}},
	{{{2116, 236, -1469}, 0, {4270, 672}, {0xCB, 0x73, 0x0B, 0xFF}}},
	{{{1740, 16, -1500}, 0, {3592, 616}, {0xDE, 0x7A, 0x08, 0xFF}}},
	{{{2538, 667, -2635}, 0, {5031, -1432}, {0xE0, 0x7A, 0xEE, 0xFF}}},
	{{{-4457, 763, -5983}, 0, {-7585, -7470}, {0x1E, 0x76, 0x24, 0xFF}}},
	{{{-4416, 542, 3053}, 0, {-7510, 8826}, {0x1E, 0x7B, 0xF7, 0xFF}}},
	{{{-3972, 247, -1500}, 0, {-6709, 616}, {0x4B, 0x66, 0xFC, 0xFF}}},
	{{{-3535, 3, -1500}, 0, {-5921, 616}, {0x1D, 0x7C, 0xFE, 0xFF}}},
	{{{-1291, 0, 3043}, 0, {-1873, 8808}, {0x08, 0x7F, 0xFC, 0xFF}}},
	{{{-3980, 90, -2637}, 0, {-6724, -1434}, {0x4A, 0x67, 0xFC, 0xFF}}},
	{{{-1291, 27, -2636}, 0, {-1873, -1432}, {0xF7, 0x7E, 0x0B, 0xFF}}},
	{{{-1291, 0, 3043}, 0, {-1874, 8808}, {0x08, 0x7F, 0xFC, 0xFF}}},
	{{{-3535, 1, -3771}, 0, {-5921, -3481}, {0x13, 0x7D, 0x0E, 0xFF}}},
	{{{-3979, 153, -3768}, 0, {-6722, -3475}, {0x41, 0x6C, 0x0B, 0xFF}}},
	{{{-1288, 136, -4900}, 0, {-1869, -5517}, {0xFA, 0x7C, 0x1B, 0xFF}}},
	{{{-4457, 763, -5983}, 0, {-7585, -7470}, {0x1E, 0x76, 0x24, 0xFF}}},
	{{{-3535, 1, -3771}, 0, {-5921, -3481}, {0x13, 0x7D, 0x0E, 0xFF}}},
	{{{-1739, 37, -3769}, 0, {-2682, -3476}, {0xFE, 0x7F, 0x06, 0xFF}}},
	{{{-1291, 27, -2636}, 0, {-1873, -1432}, {0xF7, 0x7E, 0x0B, 0xFF}}},
	{{{-1290, 40, -3769}, 0, {-1873, -3476}, {0xDA, 0x79, 0x06, 0xFF}}},
	{{{-1271, 734, -5948}, 0, {-1839, -7407}, {0x06, 0x6E, 0x3F, 0xFF}}},
	{{{1291, 32, -2636}, 0, {2782, -1433}, {0xFC, 0x7F, 0x0A, 0xFF}}},
	{{{1291, 1, -3771}, 0, {2782, -3481}, {0x05, 0x7F, 0x00, 0xFF}}},
	{{{982, 32, -3770}, 0, {2226, -3479}, {0x5C, 0x57, 0x01, 0xFF}}},
	{{{1291, 66, -4907}, 0, {2782, -5529}, {0x0A, 0x7E, 0x10, 0xFF}}},
	{{{1290, 470, -6006}, 0, {2781, -7510}, {0x01, 0x76, 0x2E, 0xFF}}},
	{{{-1271, 734, -5948}, 0, {-1839, -7407}, {0x06, 0x6E, 0x3F, 0xFF}}},
	{{{-1288, 136, -4900}, 0, {-1869, -5517}, {0xFA, 0x7C, 0x1B, 0xFF}}},
	{{{-251, 756, -3807}, 0, {2, -3545}, {0xF1, 0x7E, 0x01, 0xFF}}},
	{{{-1290, 40, -3769}, 0, {-1873, -3476}, {0xDA, 0x79, 0x06, 0xFF}}},
	{{{-1291, 27, -2636}, 0, {-1873, -1432}, {0xF7, 0x7E, 0x0B, 0xFF}}},
	{{{1291, 8, -1500}, 0, {2782, 616}, {0xFE, 0x7F, 0x03, 0xFF}}},
	{{{-1291, 0, 3043}, 0, {-1873, 8808}, {0x08, 0x7F, 0xFC, 0xFF}}},
	{{{812, 572, -3757}, 0, {1919, -3454}, {0x3E, 0x6F, 0x03, 0xFF}}},
	{{{-1654, 499, -3085}, 0, {-2528, -2243}, {0x32, 0xDF, 0x70, 0xFF}}},
	{{{-1956, 794, -3492}, 0, {-3072, -2977}, {0x00, 0x7C, 0x1B, 0xFF}}},
	{{{-2269, 616, -3017}, 0, {-3637, -2121}, {0xEB, 0x30, 0x74, 0xFF}}},
	{{{-1031, 659, -3458}, 0, {-1404, -2916}, {0x79, 0x05, 0x27, 0xFF}}},
	{{{-1922, 412, -3618}, 0, {-3011, -3204}, {0x03, 0x84, 0xE6, 0xFF}}},
	{{{-1210, 742, -4108}, 0, {-1727, -4087}, {0x53, 0x14, 0xA2, 0xFF}}},
	{{{-2517, 739, -4108}, 0, {-4084, -4088}, {0xBB, 0x18, 0x98, 0xFF}}},
	{{{-1956, 794, -3492}, 0, {-3072, -2977}, {0x00, 0x7C, 0x1B, 0xFF}}},
	{{{-2779, 659, -3684}, 0, {-4558, -3323}, {0x82, 0x09, 0xEF, 0xFF}}},
	{{{-1922, 412, -3618}, 0, {-3011, -3204}, {0x03, 0x84, 0xE6, 0xFF}}},
	{{{-2623, 505, -3116}, 0, {-4276, -2299}, {0x9D, 0xE7, 0x4C, 0xFF}}},
	{{{812, 572, -3757}, 0, {3005, -1851}, {0x3E, 0x6F, 0x03, 0xFF}}},
	{{{937, 288, -3764}, 0, {3017, -1338}, {0x79, 0x28, 0x01, 0xFF}}},
	{{{1291, 66, -4907}, 0, {5079, -938}, {0x0A, 0x7E, 0x10, 0xFF}}},
	{{{1291, 32, -2636}, 0, {983, -877}, {0xFC, 0x7F, 0x0A, 0xFF}}},
	{{{982, 32, -3770}, 0, {3029, -877}, {0x5C, 0x57, 0x01, 0xFF}}},
};

Gfx ccm_dl_level_mesh_001_mesh_layer_1_tri_0[] = {
	gsSPVertex(ccm_dl_level_mesh_001_mesh_layer_1_vtx_0 + 0, 32, 0),
	gsSP2Triangles(0, 1, 2, 0, 3, 4, 5, 0),
	gsSP2Triangles(6, 7, 8, 0, 5, 9, 10, 0),
	gsSP2Triangles(11, 5, 12, 0, 13, 14, 15, 0),
	gsSP2Triangles(15, 14, 16, 0, 16, 14, 17, 0),
	gsSP2Triangles(14, 18, 17, 0, 17, 18, 19, 0),
	gsSP2Triangles(20, 17, 19, 0, 21, 20, 19, 0),
	gsSP2Triangles(20, 21, 22, 0, 22, 21, 23, 0),
	gsSP2Triangles(23, 24, 22, 0, 23, 25, 24, 0),
	gsSP2Triangles(25, 26, 24, 0, 25, 27, 26, 0),
	gsSP2Triangles(24, 26, 28, 0, 24, 28, 29, 0),
	gsSP2Triangles(30, 29, 28, 0, 30, 28, 31, 0),
	gsSPVertex(ccm_dl_level_mesh_001_mesh_layer_1_vtx_0 + 32, 32, 0),
	gsSP2Triangles(0, 1, 2, 0, 0, 2, 3, 0),
	gsSP2Triangles(4, 0, 3, 0, 4, 3, 5, 0),
	gsSP2Triangles(4, 5, 6, 0, 4, 6, 7, 0),
	gsSP2Triangles(7, 6, 8, 0, 7, 8, 9, 0),
	gsSP2Triangles(10, 7, 9, 0, 10, 9, 11, 0),
	gsSP2Triangles(12, 10, 11, 0, 12, 11, 13, 0),
	gsSP2Triangles(14, 12, 13, 0, 14, 15, 12, 0),
	gsSP2Triangles(15, 14, 16, 0, 15, 16, 17, 0),
	gsSP2Triangles(17, 18, 15, 0, 18, 17, 19, 0),
	gsSP2Triangles(17, 20, 19, 0, 19, 21, 18, 0),
	gsSP2Triangles(19, 22, 21, 0, 23, 22, 19, 0),
	gsSP2Triangles(23, 24, 22, 0, 24, 25, 22, 0),
	gsSP2Triangles(24, 26, 25, 0, 24, 27, 26, 0),
	gsSP2Triangles(26, 27, 28, 0, 29, 28, 27, 0),
	gsSP2Triangles(27, 30, 29, 0, 29, 31, 28, 0),
	gsSPVertex(ccm_dl_level_mesh_001_mesh_layer_1_vtx_0 + 64, 32, 0),
	gsSP2Triangles(0, 1, 2, 0, 1, 3, 2, 0),
	gsSP2Triangles(4, 5, 6, 0, 6, 5, 7, 0),
	gsSP2Triangles(8, 9, 10, 0, 11, 8, 10, 0),
	gsSP2Triangles(11, 10, 12, 0, 13, 11, 12, 0),
	gsSP2Triangles(13, 12, 14, 0, 13, 14, 15, 0),
	gsSP2Triangles(13, 15, 16, 0, 17, 13, 16, 0),
	gsSP2Triangles(17, 16, 18, 0, 19, 17, 18, 0),
	gsSP2Triangles(19, 18, 20, 0, 21, 13, 17, 0),
	gsSP2Triangles(21, 11, 13, 0, 22, 23, 24, 0),
	gsSP2Triangles(24, 23, 25, 0, 25, 23, 26, 0),
	gsSP2Triangles(25, 27, 24, 0, 27, 25, 28, 0),
	gsSP2Triangles(29, 28, 25, 0, 30, 27, 28, 0),
	gsSP2Triangles(27, 30, 31, 0, 31, 30, 22, 0),
	gsSPVertex(ccm_dl_level_mesh_001_mesh_layer_1_vtx_0 + 96, 31, 0),
	gsSP2Triangles(0, 1, 2, 0, 3, 0, 2, 0),
	gsSP2Triangles(2, 4, 3, 0, 4, 5, 3, 0),
	gsSP2Triangles(3, 5, 0, 0, 0, 6, 1, 0),
	gsSP2Triangles(7, 8, 9, 0, 9, 8, 10, 0),
	gsSP2Triangles(11, 12, 13, 0, 10, 11, 13, 0),
	gsSP2Triangles(10, 13, 14, 0, 13, 15, 14, 0),
	gsSP2Triangles(14, 15, 16, 0, 16, 7, 14, 0),
	gsSP2Triangles(7, 16, 17, 0, 16, 18, 17, 0),
	gsSP2Triangles(7, 19, 14, 0, 19, 10, 14, 0),
	gsSP2Triangles(20, 21, 22, 0, 20, 23, 21, 0),
	gsSP2Triangles(23, 20, 24, 0, 25, 23, 24, 0),
	gsSP2Triangles(26, 25, 24, 0, 27, 25, 26, 0),
	gsSP2Triangles(25, 21, 23, 0, 28, 26, 29, 0),
	gsSP2Triangles(26, 28, 21, 0, 28, 30, 21, 0),
	gsSPVertex(ccm_dl_level_mesh_001_mesh_layer_1_vtx_0 + 127, 5, 0),
	gsSP2Triangles(0, 1, 2, 0, 1, 0, 3, 0),
	gsSP2Triangles(4, 1, 3, 0, 1, 4, 2, 0),
	gsSPEndDisplayList(),
};

Vtx ccm_dl_level_mesh_001_mesh_layer_1_vtx_1[40] = {
	{{{-1429, 1050, -1337}, 0, {-1359, -2713}, {0x71, 0x08, 0x39, 0xFF}}},
	{{{-1677, 854, -2156}, 0, {117, -2361}, {0x6C, 0xD5, 0xCD, 0xFF}}},
	{{{-1898, 1154, -2245}, 0, {279, -2902}, {0x3A, 0x5A, 0xBC, 0xFF}}},
	{{{-3190, 1211, -2089}, 0, {-4, -3004}, {0x9B, 0x43, 0xDA, 0xFF}}},
	{{{-2800, 893, -2536}, 0, {803, -2431}, {0xD2, 0xDD, 0x8F, 0xFF}}},
	{{{-3175, 802, -1961}, 0, {-234, -2267}, {0xA1, 0xAD, 0xEE, 0xFF}}},
	{{{-3181, 1005, -1491}, 0, {-1082, -2633}, {0x9D, 0x02, 0x4F, 0xFF}}},
	{{{-3181, 1005, -1491}, 0, {-5282, 632}, {0x9D, 0x02, 0x4F, 0xFF}}},
	{{{-3175, 802, -1961}, 0, {-5272, -216}, {0xA1, 0xAD, 0xEE, 0xFF}}},
	{{{-2674, 709, -1508}, 0, {-4369, 601}, {0xE5, 0x94, 0x3D, 0xFF}}},
	{{{-2107, 630, -1987}, 0, {-3346, -263}, {0x15, 0x83, 0xFC, 0xFF}}},
	{{{-2151, 776, -2589}, 0, {-3425, -1348}, {0x1A, 0xD4, 0x8C, 0xFF}}},
	{{{-2800, 893, -2536}, 0, {-4596, -1252}, {0xD2, 0xDD, 0x8F, 0xFF}}},
	{{{-1677, 854, -2156}, 0, {-2570, -567}, {0x6C, 0xD5, 0xCD, 0xFF}}},
	{{{-1905, 850, -1223}, 0, {-2982, 1116}, {0x1D, 0xB8, 0x65, 0xFF}}},
	{{{-1429, 1050, -1337}, 0, {-2122, 910}, {0x71, 0x08, 0x39, 0xFF}}},
	{{{-3181, 1005, -1491}, 0, {-5282, -2633}, {0x9D, 0x02, 0x4F, 0xFF}}},
	{{{-2674, 709, -1508}, 0, {-4369, -2098}, {0xE5, 0x94, 0x3D, 0xFF}}},
	{{{-1905, 850, -1223}, 0, {-2982, -2353}, {0x1D, 0xB8, 0x65, 0xFF}}},
	{{{-2488, 1224, -1219}, 0, {-4033, -3028}, {0xE7, 0x3E, 0x6C, 0xFF}}},
	{{{-1429, 1050, -1337}, 0, {-2122, -2713}, {0x71, 0x08, 0x39, 0xFF}}},
	{{{-2151, 776, -2589}, 0, {-3425, -2219}, {0x1A, 0xD4, 0x8C, 0xFF}}},
	{{{-1898, 1154, -2245}, 0, {-2969, -2902}, {0x3A, 0x5A, 0xBC, 0xFF}}},
	{{{-1677, 854, -2156}, 0, {-2570, -2361}, {0x6C, 0xD5, 0xCD, 0xFF}}},
	{{{-2800, 893, -2536}, 0, {-4596, -2431}, {0xD2, 0xDD, 0x8F, 0xFF}}},
	{{{-2639, 1214, -2391}, 0, {-4305, -3008}, {0xFF, 0x5E, 0xAB, 0xFF}}},
	{{{-3190, 1211, -2089}, 0, {-5299, -3004}, {0x9B, 0x43, 0xDA, 0xFF}}},
	{{{-2883, 1332, -1913}, 0, {-4746, -130}, {0xE4, 0x7C, 0x03, 0xFF}}},
	{{{-1898, 1154, -2245}, 0, {-2969, -728}, {0x3A, 0x5A, 0xBC, 0xFF}}},
	{{{-2639, 1214, -2391}, 0, {-4305, -992}, {0xFF, 0x5E, 0xAB, 0xFF}}},
	{{{-2010, 1320, -1579}, 0, {-3170, 473}, {0x1C, 0x7B, 0x0E, 0xFF}}},
	{{{-2488, 1224, -1219}, 0, {-4033, 1122}, {0xE7, 0x3E, 0x6C, 0xFF}}},
	{{{-2883, 1332, -1913}, 0, {-4746, -130}, {0xE4, 0x7C, 0x03, 0xFF}}},
	{{{-3190, 1211, -2089}, 0, {-5299, -446}, {0x9B, 0x43, 0xDA, 0xFF}}},
	{{{-3181, 1005, -1491}, 0, {-5282, 632}, {0x9D, 0x02, 0x4F, 0xFF}}},
	{{{-2639, 1214, -2391}, 0, {-4305, -992}, {0xFF, 0x5E, 0xAB, 0xFF}}},
	{{{-2010, 1320, -1579}, 0, {-3170, 473}, {0x1C, 0x7B, 0x0E, 0xFF}}},
	{{{-2488, 1224, -1219}, 0, {-4033, 1122}, {0xE7, 0x3E, 0x6C, 0xFF}}},
	{{{-1429, 1050, -1337}, 0, {-2122, 910}, {0x71, 0x08, 0x39, 0xFF}}},
	{{{-1898, 1154, -2245}, 0, {-2969, -728}, {0x3A, 0x5A, 0xBC, 0xFF}}},
};

Gfx ccm_dl_level_mesh_001_mesh_layer_1_tri_1[] = {
	gsSPVertex(ccm_dl_level_mesh_001_mesh_layer_1_vtx_1 + 0, 32, 0),
	gsSP2Triangles(0, 1, 2, 0, 3, 4, 5, 0),
	gsSP2Triangles(6, 3, 5, 0, 7, 8, 9, 0),
	gsSP2Triangles(10, 9, 8, 0, 8, 11, 10, 0),
	gsSP2Triangles(12, 11, 8, 0, 13, 10, 11, 0),
	gsSP2Triangles(13, 14, 10, 0, 15, 14, 13, 0),
	gsSP2Triangles(14, 9, 10, 0, 16, 17, 18, 0),
	gsSP2Triangles(16, 18, 19, 0, 20, 19, 18, 0),
	gsSP2Triangles(21, 22, 23, 0, 24, 22, 21, 0),
	gsSP2Triangles(22, 24, 25, 0, 26, 25, 24, 0),
	gsSP2Triangles(27, 28, 29, 0, 27, 30, 28, 0),
	gsSP2Triangles(27, 31, 30, 0, 27, 7, 31, 0),
	gsSPVertex(ccm_dl_level_mesh_001_mesh_layer_1_vtx_1 + 32, 8, 0),
	gsSP2Triangles(0, 1, 2, 0, 0, 3, 1, 0),
	gsSP2Triangles(4, 5, 6, 0, 4, 6, 7, 0),
	gsSPEndDisplayList(),
};

Vtx ccm_dl_parkourcube_018_mesh_layer_1_vtx_cull[8] = {
	{{{-4690, -1203, 558}, 0, {0, 0}, {0x00, 0x00, 0x00, 0x00}}},
	{{{-4690, 192, 558}, 0, {0, 0}, {0x00, 0x00, 0x00, 0x00}}},
	{{{-4690, 192, -5636}, 0, {0, 0}, {0x00, 0x00, 0x00, 0x00}}},
	{{{-4690, -1203, -5636}, 0, {0, 0}, {0x00, 0x00, 0x00, 0x00}}},
	{{{1868, -1203, 558}, 0, {0, 0}, {0x00, 0x00, 0x00, 0x00}}},
	{{{1868, 192, 558}, 0, {0, 0}, {0x00, 0x00, 0x00, 0x00}}},
	{{{1868, 192, -5636}, 0, {0, 0}, {0x00, 0x00, 0x00, 0x00}}},
	{{{1868, -1203, -5636}, 0, {0, 0}, {0x00, 0x00, 0x00, 0x00}}},
};

Vtx ccm_dl_parkourcube_018_mesh_layer_1_vtx_0[24] = {
	{{{-558, 192, 558}, 0, {2026, 7644}, {0x81, 0x00, 0x00, 0xFF}}},
	{{{-558, -192, -558}, 0, {-1034, -1240}, {0x81, 0x00, 0x00, 0xFF}}},
	{{{-558, -192, 558}, 0, {-1034, 7644}, {0x81, 0x00, 0x00, 0xFF}}},
	{{{-558, 192, -558}, 0, {2026, -1240}, {0x81, 0x00, 0x00, 0xFF}}},
	{{{-558, 192, -558}, 0, {2026, 5840}, {0x00, 0x00, 0x81, 0xFF}}},
	{{{558, -192, -558}, 0, {-1034, -3044}, {0x00, 0x00, 0x81, 0xFF}}},
	{{{-558, -192, -558}, 0, {-1034, 5840}, {0x00, 0x00, 0x81, 0xFF}}},
	{{{558, 192, -558}, 0, {2026, -3044}, {0x00, 0x00, 0x81, 0xFF}}},
	{{{558, 192, -558}, 0, {2026, 4036}, {0x7F, 0x00, 0x00, 0xFF}}},
	{{{558, -192, 558}, 0, {-1034, -4848}, {0x7F, 0x00, 0x00, 0xFF}}},
	{{{558, -192, -558}, 0, {-1034, 4036}, {0x7F, 0x00, 0x00, 0xFF}}},
	{{{558, 192, 558}, 0, {2026, -4848}, {0x7F, 0x00, 0x00, 0xFF}}},
	{{{558, 192, 558}, 0, {2026, 2232}, {0x00, 0x00, 0x7F, 0xFF}}},
	{{{-558, -192, 558}, 0, {-1034, -6652}, {0x00, 0x00, 0x7F, 0xFF}}},
	{{{558, -192, 558}, 0, {-1034, 2232}, {0x00, 0x00, 0x7F, 0xFF}}},
	{{{-558, 192, 558}, 0, {2026, -6652}, {0x00, 0x00, 0x7F, 0xFF}}},
	{{{558, -192, -558}, 0, {3134, 4036}, {0x00, 0x81, 0x00, 0xFF}}},
	{{{-558, -192, 558}, 0, {-5750, -4848}, {0x00, 0x81, 0x00, 0xFF}}},
	{{{-558, -192, -558}, 0, {-5750, 4036}, {0x00, 0x81, 0x00, 0xFF}}},
	{{{558, -192, 558}, 0, {3134, -4848}, {0x00, 0x81, 0x00, 0xFF}}},
	{{{-558, 192, -558}, 0, {6742, 4036}, {0x00, 0x7F, 0x00, 0xFF}}},
	{{{558, 192, 558}, 0, {-2142, -4848}, {0x00, 0x7F, 0x00, 0xFF}}},
	{{{558, 192, -558}, 0, {-2142, 4036}, {0x00, 0x7F, 0x00, 0xFF}}},
	{{{-558, 192, 558}, 0, {6742, -4848}, {0x00, 0x7F, 0x00, 0xFF}}},
};

Gfx ccm_dl_parkourcube_018_mesh_layer_1_tri_0[] = {
	gsSPVertex(ccm_dl_parkourcube_018_mesh_layer_1_vtx_0 + 0, 24, 0),
	gsSP2Triangles(0, 1, 2, 0, 0, 3, 1, 0),
	gsSP2Triangles(4, 5, 6, 0, 4, 7, 5, 0),
	gsSP2Triangles(8, 9, 10, 0, 8, 11, 9, 0),
	gsSP2Triangles(12, 13, 14, 0, 12, 15, 13, 0),
	gsSP2Triangles(16, 17, 18, 0, 16, 19, 17, 0),
	gsSP2Triangles(20, 21, 22, 0, 20, 23, 21, 0),
	gsSPEndDisplayList(),
};

Vtx ccm_dl_parkourcube_018_mesh_layer_1_vtx_1[27] = {
	{{{1868, -977, -4277}, 0, {1398, 1398}, {0x72, 0xC7, 0x00, 0xFF}}},
	{{{1754, -1203, -3937}, 0, {-406, -1308}, {0x72, 0xC7, 0x00, 0xFF}}},
	{{{1754, -1203, -4163}, 0, {-406, 496}, {0x72, 0xC7, 0x00, 0xFF}}},
	{{{1868, -977, -3823}, 0, {1398, -406}, {0x00, 0xC7, 0x72, 0xFF}}},
	{{{1528, -1203, -3937}, 0, {-406, -3112}, {0x00, 0xC7, 0x72, 0xFF}}},
	{{{1754, -1203, -3937}, 0, {-406, -1308}, {0x00, 0xC7, 0x72, 0xFF}}},
	{{{1414, -977, -4277}, 0, {4104, 1398}, {0x00, 0x7F, 0x00, 0xFF}}},
	{{{1868, -977, -3823}, 0, {496, -2210}, {0x00, 0x7F, 0x00, 0xFF}}},
	{{{1868, -977, -4277}, 0, {496, 1398}, {0x00, 0x7F, 0x00, 0xFF}}},
	{{{1868, -977, -4277}, 0, {1398, 1398}, {0x72, 0xC7, 0x00, 0xFF}}},
	{{{1868, -977, -3823}, 0, {1398, -2210}, {0x72, 0xC7, 0x00, 0xFF}}},
	{{{1868, -977, -3823}, 0, {1398, -406}, {0x00, 0xC7, 0x72, 0xFF}}},
	{{{1414, -977, -3823}, 0, {1398, -4014}, {0x00, 0xC7, 0x72, 0xFF}}},
	{{{1414, -977, -3823}, 0, {4104, -2210}, {0x00, 0x7F, 0x00, 0xFF}}},
	{{{1868, -977, -3823}, 0, {496, -2210}, {0x00, 0x7F, 0x00, 0xFF}}},
	{{{1414, -977, -3823}, 0, {1398, 5006}, {0x8E, 0xC7, 0x00, 0xFF}}},
	{{{1528, -1203, -4163}, 0, {-406, 2300}, {0x8E, 0xC7, 0x00, 0xFF}}},
	{{{1528, -1203, -3937}, 0, {-406, 4104}, {0x8E, 0xC7, 0x00, 0xFF}}},
	{{{1414, -977, -4277}, 0, {1398, 1398}, {0x8E, 0xC7, 0x00, 0xFF}}},
	{{{1414, -977, -4277}, 0, {1398, 3202}, {0x00, 0xC7, 0x8E, 0xFF}}},
	{{{1754, -1203, -4163}, 0, {-406, 496}, {0x00, 0xC7, 0x8E, 0xFF}}},
	{{{1528, -1203, -4163}, 0, {-406, 2300}, {0x00, 0xC7, 0x8E, 0xFF}}},
	{{{1868, -977, -4277}, 0, {1398, -406}, {0x00, 0xC7, 0x8E, 0xFF}}},
	{{{1754, -1203, -4163}, 0, {-406, 496}, {0x00, 0x81, 0x00, 0xFF}}},
	{{{1528, -1203, -3937}, 0, {-2210, -1308}, {0x00, 0x81, 0x00, 0xFF}}},
	{{{1528, -1203, -4163}, 0, {-2210, 496}, {0x00, 0x81, 0x00, 0xFF}}},
	{{{1754, -1203, -3937}, 0, {-406, -1308}, {0x00, 0x81, 0x00, 0xFF}}},
};

Gfx ccm_dl_parkourcube_018_mesh_layer_1_tri_1[] = {
	gsSPVertex(ccm_dl_parkourcube_018_mesh_layer_1_vtx_1 + 0, 27, 0),
	gsSP2Triangles(0, 1, 2, 0, 3, 4, 5, 0),
	gsSP2Triangles(6, 7, 8, 0, 9, 10, 1, 0),
	gsSP2Triangles(11, 12, 4, 0, 6, 13, 14, 0),
	gsSP2Triangles(15, 16, 17, 0, 15, 18, 16, 0),
	gsSP2Triangles(19, 20, 21, 0, 19, 22, 20, 0),
	gsSP2Triangles(23, 24, 25, 0, 23, 26, 24, 0),
	gsSPEndDisplayList(),
};

Vtx ccm_dl_parkourcube_018_mesh_layer_1_vtx_2[27] = {
	{{{410, -849, -4004}, 0, {1398, 5006}, {0x8E, 0xC7, 0x00, 0xFF}}},
	{{{524, -1075, -4344}, 0, {-406, 2300}, {0x8E, 0xC7, 0x00, 0xFF}}},
	{{{524, -1075, -4118}, 0, {-406, 4104}, {0x8E, 0xC7, 0x00, 0xFF}}},
	{{{864, -849, -4004}, 0, {1398, -406}, {0x00, 0xC7, 0x72, 0xFF}}},
	{{{524, -1075, -4118}, 0, {-406, -3112}, {0x00, 0xC7, 0x72, 0xFF}}},
	{{{750, -1075, -4118}, 0, {-406, -1308}, {0x00, 0xC7, 0x72, 0xFF}}},
	{{{410, -849, -4458}, 0, {4104, 1398}, {0x00, 0x7F, 0x00, 0xFF}}},
	{{{864, -849, -4004}, 0, {496, -2210}, {0x00, 0x7F, 0x00, 0xFF}}},
	{{{864, -849, -4458}, 0, {496, 1398}, {0x00, 0x7F, 0x00, 0xFF}}},
	{{{410, -849, -4004}, 0, {1398, 5006}, {0x8E, 0xC7, 0x00, 0xFF}}},
	{{{410, -849, -4458}, 0, {1398, 1398}, {0x8E, 0xC7, 0x00, 0xFF}}},
	{{{864, -849, -4004}, 0, {1398, -406}, {0x00, 0xC7, 0x72, 0xFF}}},
	{{{410, -849, -4004}, 0, {1398, -4014}, {0x00, 0xC7, 0x72, 0xFF}}},
	{{{410, -849, -4004}, 0, {4104, -2210}, {0x00, 0x7F, 0x00, 0xFF}}},
	{{{864, -849, -4004}, 0, {496, -2210}, {0x00, 0x7F, 0x00, 0xFF}}},
	{{{410, -849, -4458}, 0, {1398, 3202}, {0x00, 0xC7, 0x8E, 0xFF}}},
	{{{750, -1075, -4344}, 0, {-406, 496}, {0x00, 0xC7, 0x8E, 0xFF}}},
	{{{524, -1075, -4344}, 0, {-406, 2300}, {0x00, 0xC7, 0x8E, 0xFF}}},
	{{{864, -849, -4458}, 0, {1398, -406}, {0x00, 0xC7, 0x8E, 0xFF}}},
	{{{864, -849, -4458}, 0, {1398, 1398}, {0x72, 0xC7, 0x00, 0xFF}}},
	{{{750, -1075, -4118}, 0, {-406, -1308}, {0x72, 0xC7, 0x00, 0xFF}}},
	{{{750, -1075, -4344}, 0, {-406, 496}, {0x72, 0xC7, 0x00, 0xFF}}},
	{{{864, -849, -4004}, 0, {1398, -2210}, {0x72, 0xC7, 0x00, 0xFF}}},
	{{{750, -1075, -4344}, 0, {-406, 496}, {0x00, 0x81, 0x00, 0xFF}}},
	{{{524, -1075, -4118}, 0, {-2210, -1308}, {0x00, 0x81, 0x00, 0xFF}}},
	{{{524, -1075, -4344}, 0, {-2210, 496}, {0x00, 0x81, 0x00, 0xFF}}},
	{{{750, -1075, -4118}, 0, {-406, -1308}, {0x00, 0x81, 0x00, 0xFF}}},
};

Gfx ccm_dl_parkourcube_018_mesh_layer_1_tri_2[] = {
	gsSPVertex(ccm_dl_parkourcube_018_mesh_layer_1_vtx_2 + 0, 27, 0),
	gsSP2Triangles(0, 1, 2, 0, 3, 4, 5, 0),
	gsSP2Triangles(6, 7, 8, 0, 9, 10, 1, 0),
	gsSP2Triangles(11, 12, 4, 0, 6, 13, 14, 0),
	gsSP2Triangles(15, 16, 17, 0, 15, 18, 16, 0),
	gsSP2Triangles(19, 20, 21, 0, 19, 22, 20, 0),
	gsSP2Triangles(23, 24, 25, 0, 23, 26, 24, 0),
	gsSPEndDisplayList(),
};

Vtx ccm_dl_parkourcube_018_mesh_layer_1_vtx_3[30] = {
	{{{112, -677, -5182}, 0, {1398, 5006}, {0x8E, 0xC7, 0x00, 0xFF}}},
	{{{225, -904, -5522}, 0, {-406, 2300}, {0x8E, 0xC7, 0x00, 0xFF}}},
	{{{225, -904, -5296}, 0, {-406, 4104}, {0x8E, 0xC7, 0x00, 0xFF}}},
	{{{112, -677, -5636}, 0, {1398, 3202}, {0x00, 0xC7, 0x8E, 0xFF}}},
	{{{452, -904, -5522}, 0, {-406, 496}, {0x00, 0xC7, 0x8E, 0xFF}}},
	{{{225, -904, -5522}, 0, {-406, 2300}, {0x00, 0xC7, 0x8E, 0xFF}}},
	{{{565, -677, -5636}, 0, {1398, 1398}, {0x72, 0xC7, 0x00, 0xFF}}},
	{{{452, -904, -5296}, 0, {-406, -1308}, {0x72, 0xC7, 0x00, 0xFF}}},
	{{{452, -904, -5522}, 0, {-406, 496}, {0x72, 0xC7, 0x00, 0xFF}}},
	{{{565, -677, -5182}, 0, {1398, -406}, {0x00, 0xC7, 0x72, 0xFF}}},
	{{{225, -904, -5296}, 0, {-406, -3112}, {0x00, 0xC7, 0x72, 0xFF}}},
	{{{452, -904, -5296}, 0, {-406, -1308}, {0x00, 0xC7, 0x72, 0xFF}}},
	{{{112, -677, -5636}, 0, {4104, 1398}, {0x00, 0x7F, 0x00, 0xFF}}},
	{{{565, -677, -5182}, 0, {496, -2210}, {0x00, 0x7F, 0x00, 0xFF}}},
	{{{565, -677, -5636}, 0, {496, 1398}, {0x00, 0x7F, 0x00, 0xFF}}},
	{{{112, -677, -5182}, 0, {1398, 5006}, {0x8E, 0xC7, 0x00, 0xFF}}},
	{{{112, -677, -5636}, 0, {1398, 1398}, {0x8E, 0xC7, 0x00, 0xFF}}},
	{{{112, -677, -5636}, 0, {1398, 3202}, {0x00, 0xC7, 0x8E, 0xFF}}},
	{{{565, -677, -5636}, 0, {1398, -406}, {0x00, 0xC7, 0x8E, 0xFF}}},
	{{{565, -677, -5636}, 0, {1398, 1398}, {0x72, 0xC7, 0x00, 0xFF}}},
	{{{565, -677, -5182}, 0, {1398, -2210}, {0x72, 0xC7, 0x00, 0xFF}}},
	{{{565, -677, -5182}, 0, {1398, -406}, {0x00, 0xC7, 0x72, 0xFF}}},
	{{{112, -677, -5182}, 0, {1398, -4014}, {0x00, 0xC7, 0x72, 0xFF}}},
	{{{112, -677, -5636}, 0, {4104, 1398}, {0x00, 0x7F, 0x00, 0xFF}}},
	{{{112, -677, -5182}, 0, {4104, -2210}, {0x00, 0x7F, 0x00, 0xFF}}},
	{{{565, -677, -5182}, 0, {496, -2210}, {0x00, 0x7F, 0x00, 0xFF}}},
	{{{452, -904, -5522}, 0, {-406, 496}, {0x00, 0x81, 0x00, 0xFF}}},
	{{{225, -904, -5296}, 0, {-2210, -1308}, {0x00, 0x81, 0x00, 0xFF}}},
	{{{225, -904, -5522}, 0, {-2210, 496}, {0x00, 0x81, 0x00, 0xFF}}},
	{{{452, -904, -5296}, 0, {-406, -1308}, {0x00, 0x81, 0x00, 0xFF}}},
};

Gfx ccm_dl_parkourcube_018_mesh_layer_1_tri_3[] = {
	gsSPVertex(ccm_dl_parkourcube_018_mesh_layer_1_vtx_3 + 0, 30, 0),
	gsSP2Triangles(0, 1, 2, 0, 3, 4, 5, 0),
	gsSP2Triangles(6, 7, 8, 0, 9, 10, 11, 0),
	gsSP2Triangles(12, 13, 14, 0, 15, 16, 1, 0),
	gsSP2Triangles(17, 18, 4, 0, 19, 20, 7, 0),
	gsSP2Triangles(21, 22, 10, 0, 23, 24, 25, 0),
	gsSP2Triangles(26, 27, 28, 0, 26, 29, 27, 0),
	gsSPEndDisplayList(),
};

Vtx ccm_dl_parkourcube_018_mesh_layer_1_vtx_4[28] = {
	{{{-827, -518, -5250}, 0, {1398, 3202}, {0x00, 0xC7, 0x8E, 0xFF}}},
	{{{-487, -744, -5136}, 0, {-406, 496}, {0x00, 0xC7, 0x8E, 0xFF}}},
	{{{-714, -744, -5136}, 0, {-406, 2300}, {0x00, 0xC7, 0x8E, 0xFF}}},
	{{{-374, -518, -4796}, 0, {1398, -406}, {0x00, 0xC7, 0x72, 0xFF}}},
	{{{-714, -744, -4910}, 0, {-406, -3112}, {0x00, 0xC7, 0x72, 0xFF}}},
	{{{-487, -744, -4910}, 0, {-406, -1308}, {0x00, 0xC7, 0x72, 0xFF}}},
	{{{-827, -518, -5250}, 0, {4104, 1398}, {0x00, 0x7F, 0x00, 0xFF}}},
	{{{-374, -518, -4796}, 0, {496, -2210}, {0x00, 0x7F, 0x00, 0xFF}}},
	{{{-374, -518, -5250}, 0, {496, 1398}, {0x00, 0x7F, 0x00, 0xFF}}},
	{{{-827, -518, -5250}, 0, {1398, 3202}, {0x00, 0xC7, 0x8E, 0xFF}}},
	{{{-374, -518, -5250}, 0, {1398, -406}, {0x00, 0xC7, 0x8E, 0xFF}}},
	{{{-374, -518, -4796}, 0, {1398, -406}, {0x00, 0xC7, 0x72, 0xFF}}},
	{{{-827, -518, -4796}, 0, {1398, -4014}, {0x00, 0xC7, 0x72, 0xFF}}},
	{{{-827, -518, -5250}, 0, {4104, 1398}, {0x00, 0x7F, 0x00, 0xFF}}},
	{{{-827, -518, -4796}, 0, {4104, -2210}, {0x00, 0x7F, 0x00, 0xFF}}},
	{{{-374, -518, -4796}, 0, {496, -2210}, {0x00, 0x7F, 0x00, 0xFF}}},
	{{{-827, -518, -4796}, 0, {1398, 5006}, {0x8E, 0xC7, 0x00, 0xFF}}},
	{{{-714, -744, -5136}, 0, {-406, 2300}, {0x8E, 0xC7, 0x00, 0xFF}}},
	{{{-714, -744, -4910}, 0, {-406, 4104}, {0x8E, 0xC7, 0x00, 0xFF}}},
	{{{-827, -518, -5250}, 0, {1398, 1398}, {0x8E, 0xC7, 0x00, 0xFF}}},
	{{{-374, -518, -5250}, 0, {1398, 1398}, {0x72, 0xC7, 0x00, 0xFF}}},
	{{{-487, -744, -4910}, 0, {-406, -1308}, {0x72, 0xC7, 0x00, 0xFF}}},
	{{{-487, -744, -5136}, 0, {-406, 496}, {0x72, 0xC7, 0x00, 0xFF}}},
	{{{-374, -518, -4796}, 0, {1398, -2210}, {0x72, 0xC7, 0x00, 0xFF}}},
	{{{-487, -744, -5136}, 0, {-406, 496}, {0x00, 0x81, 0x00, 0xFF}}},
	{{{-714, -744, -4910}, 0, {-2210, -1308}, {0x00, 0x81, 0x00, 0xFF}}},
	{{{-714, -744, -5136}, 0, {-2210, 496}, {0x00, 0x81, 0x00, 0xFF}}},
	{{{-487, -744, -4910}, 0, {-406, -1308}, {0x00, 0x81, 0x00, 0xFF}}},
};

Gfx ccm_dl_parkourcube_018_mesh_layer_1_tri_4[] = {
	gsSPVertex(ccm_dl_parkourcube_018_mesh_layer_1_vtx_4 + 0, 28, 0),
	gsSP2Triangles(0, 1, 2, 0, 3, 4, 5, 0),
	gsSP2Triangles(6, 7, 8, 0, 9, 10, 1, 0),
	gsSP2Triangles(11, 12, 4, 0, 13, 14, 15, 0),
	gsSP2Triangles(16, 17, 18, 0, 16, 19, 17, 0),
	gsSP2Triangles(20, 21, 22, 0, 20, 23, 21, 0),
	gsSP2Triangles(24, 25, 26, 0, 24, 27, 25, 0),
	gsSPEndDisplayList(),
};

Vtx ccm_dl_parkourcube_018_mesh_layer_1_vtx_5[28] = {
	{{{-1432, -433, -3717}, 0, {1398, 5908}, {0xA6, 0xA6, 0x00, 0xFF}}},
	{{{-1205, -660, -4171}, 0, {-406, 2300}, {0xA6, 0xA6, 0x00, 0xFF}}},
	{{{-1205, -660, -3944}, 0, {-406, 4104}, {0xA6, 0xA6, 0x00, 0xFF}}},
	{{{-1432, -433, -4397}, 0, {1398, 4104}, {0x00, 0xA6, 0xA6, 0xFF}}},
	{{{-979, -660, -4171}, 0, {-406, 496}, {0x00, 0xA6, 0xA6, 0xFF}}},
	{{{-1205, -660, -4171}, 0, {-406, 2300}, {0x00, 0xA6, 0xA6, 0xFF}}},
	{{{-752, -433, -4397}, 0, {1398, 2300}, {0x5A, 0xA6, 0x00, 0xFF}}},
	{{{-979, -660, -3944}, 0, {-406, -1308}, {0x5A, 0xA6, 0x00, 0xFF}}},
	{{{-979, -660, -4171}, 0, {-406, 496}, {0x5A, 0xA6, 0x00, 0xFF}}},
	{{{-1432, -433, -4397}, 0, {5006, 2300}, {0x00, 0x7F, 0x00, 0xFF}}},
	{{{-752, -433, -3717}, 0, {-406, -3112}, {0x00, 0x7F, 0x00, 0xFF}}},
	{{{-752, -433, -4397}, 0, {-406, 2300}, {0x00, 0x7F, 0x00, 0xFF}}},
	{{{-1432, -433, -3717}, 0, {1398, 5908}, {0xA6, 0xA6, 0x00, 0xFF}}},
	{{{-1432, -433, -4397}, 0, {1398, 496}, {0xA6, 0xA6, 0x00, 0xFF}}},
	{{{-1432, -433, -4397}, 0, {1398, 4104}, {0x00, 0xA6, 0xA6, 0xFF}}},
	{{{-752, -433, -4397}, 0, {1398, -1308}, {0x00, 0xA6, 0xA6, 0xFF}}},
	{{{-752, -433, -4397}, 0, {1398, 2300}, {0x5A, 0xA6, 0x00, 0xFF}}},
	{{{-752, -433, -3717}, 0, {1398, -3112}, {0x5A, 0xA6, 0x00, 0xFF}}},
	{{{-1432, -433, -3717}, 0, {5006, -3112}, {0x00, 0x7F, 0x00, 0xFF}}},
	{{{-752, -433, -3717}, 0, {-406, -3112}, {0x00, 0x7F, 0x00, 0xFF}}},
	{{{-752, -433, -3717}, 0, {1398, 496}, {0x00, 0xA6, 0x5A, 0xFF}}},
	{{{-1205, -660, -3944}, 0, {-406, -3112}, {0x00, 0xA6, 0x5A, 0xFF}}},
	{{{-979, -660, -3944}, 0, {-406, -1308}, {0x00, 0xA6, 0x5A, 0xFF}}},
	{{{-1432, -433, -3717}, 0, {1398, -4916}, {0x00, 0xA6, 0x5A, 0xFF}}},
	{{{-979, -660, -4171}, 0, {-406, 496}, {0x00, 0x81, 0x00, 0xFF}}},
	{{{-1205, -660, -3944}, 0, {-2210, -1308}, {0x00, 0x81, 0x00, 0xFF}}},
	{{{-1205, -660, -4171}, 0, {-2210, 496}, {0x00, 0x81, 0x00, 0xFF}}},
	{{{-979, -660, -3944}, 0, {-406, -1308}, {0x00, 0x81, 0x00, 0xFF}}},
};

Gfx ccm_dl_parkourcube_018_mesh_layer_1_tri_5[] = {
	gsSPVertex(ccm_dl_parkourcube_018_mesh_layer_1_vtx_5 + 0, 28, 0),
	gsSP2Triangles(0, 1, 2, 0, 3, 4, 5, 0),
	gsSP2Triangles(6, 7, 8, 0, 9, 10, 11, 0),
	gsSP2Triangles(12, 13, 1, 0, 14, 15, 4, 0),
	gsSP2Triangles(16, 17, 7, 0, 9, 18, 19, 0),
	gsSP2Triangles(20, 21, 22, 0, 20, 23, 21, 0),
	gsSP2Triangles(24, 25, 26, 0, 24, 27, 25, 0),
	gsSPEndDisplayList(),
};

Vtx ccm_dl_parkourcube_018_mesh_layer_1_vtx_6[29] = {
	{{{-2306, -347, -4712}, 0, {1398, 5006}, {0x8E, 0xC7, 0x00, 0xFF}}},
	{{{-2193, -574, -5052}, 0, {-406, 2300}, {0x8E, 0xC7, 0x00, 0xFF}}},
	{{{-2193, -574, -4825}, 0, {-406, 4104}, {0x8E, 0xC7, 0x00, 0xFF}}},
	{{{-1853, -347, -5165}, 0, {1398, 1398}, {0x72, 0xC7, 0x00, 0xFF}}},
	{{{-1966, -574, -4825}, 0, {-406, -1308}, {0x72, 0xC7, 0x00, 0xFF}}},
	{{{-1966, -574, -5052}, 0, {-406, 496}, {0x72, 0xC7, 0x00, 0xFF}}},
	{{{-1853, -347, -4712}, 0, {1398, -406}, {0x00, 0xC7, 0x72, 0xFF}}},
	{{{-2193, -574, -4825}, 0, {-406, -3112}, {0x00, 0xC7, 0x72, 0xFF}}},
	{{{-1966, -574, -4825}, 0, {-406, -1308}, {0x00, 0xC7, 0x72, 0xFF}}},
	{{{-2306, -347, -5165}, 0, {4104, 1398}, {0x00, 0x7F, 0x00, 0xFF}}},
	{{{-1853, -347, -4712}, 0, {496, -2210}, {0x00, 0x7F, 0x00, 0xFF}}},
	{{{-1853, -347, -5165}, 0, {496, 1398}, {0x00, 0x7F, 0x00, 0xFF}}},
	{{{-2306, -347, -4712}, 0, {1398, 5006}, {0x8E, 0xC7, 0x00, 0xFF}}},
	{{{-2306, -347, -5165}, 0, {1398, 1398}, {0x8E, 0xC7, 0x00, 0xFF}}},
	{{{-1853, -347, -5165}, 0, {1398, 1398}, {0x72, 0xC7, 0x00, 0xFF}}},
	{{{-1853, -347, -4712}, 0, {1398, -2210}, {0x72, 0xC7, 0x00, 0xFF}}},
	{{{-1853, -347, -4712}, 0, {1398, -406}, {0x00, 0xC7, 0x72, 0xFF}}},
	{{{-2306, -347, -4712}, 0, {1398, -4014}, {0x00, 0xC7, 0x72, 0xFF}}},
	{{{-2306, -347, -5165}, 0, {4104, 1398}, {0x00, 0x7F, 0x00, 0xFF}}},
	{{{-2306, -347, -4712}, 0, {4104, -2210}, {0x00, 0x7F, 0x00, 0xFF}}},
	{{{-1853, -347, -4712}, 0, {496, -2210}, {0x00, 0x7F, 0x00, 0xFF}}},
	{{{-2306, -347, -5165}, 0, {1398, 3202}, {0x00, 0xC7, 0x8E, 0xFF}}},
	{{{-1966, -574, -5052}, 0, {-406, 496}, {0x00, 0xC7, 0x8E, 0xFF}}},
	{{{-2193, -574, -5052}, 0, {-406, 2300}, {0x00, 0xC7, 0x8E, 0xFF}}},
	{{{-1853, -347, -5165}, 0, {1398, -406}, {0x00, 0xC7, 0x8E, 0xFF}}},
	{{{-1966, -574, -5052}, 0, {-406, 496}, {0x00, 0x81, 0x00, 0xFF}}},
	{{{-2193, -574, -4825}, 0, {-2210, -1308}, {0x00, 0x81, 0x00, 0xFF}}},
	{{{-2193, -574, -5052}, 0, {-2210, 496}, {0x00, 0x81, 0x00, 0xFF}}},
	{{{-1966, -574, -4825}, 0, {-406, -1308}, {0x00, 0x81, 0x00, 0xFF}}},
};

Gfx ccm_dl_parkourcube_018_mesh_layer_1_tri_6[] = {
	gsSPVertex(ccm_dl_parkourcube_018_mesh_layer_1_vtx_6 + 0, 29, 0),
	gsSP2Triangles(0, 1, 2, 0, 3, 4, 5, 0),
	gsSP2Triangles(6, 7, 8, 0, 9, 10, 11, 0),
	gsSP2Triangles(12, 13, 1, 0, 14, 15, 4, 0),
	gsSP2Triangles(16, 17, 7, 0, 18, 19, 20, 0),
	gsSP2Triangles(21, 22, 23, 0, 21, 24, 22, 0),
	gsSP2Triangles(25, 26, 27, 0, 25, 28, 26, 0),
	gsSPEndDisplayList(),
};

Vtx ccm_dl_parkourcube_018_mesh_layer_1_vtx_7[29] = {
	{{{-3479, -792, -3832}, 0, {2120, 6810}, {0xBA, 0x96, 0x00, 0xFF}}},
	{{{-3139, -1018, -4398}, 0, {-406, 2300}, {0xBA, 0x96, 0x00, 0xFF}}},
	{{{-3139, -1018, -4172}, 0, {-406, 4104}, {0xBA, 0x96, 0x00, 0xFF}}},
	{{{-3479, -792, -4738}, 0, {2120, 5006}, {0x00, 0x96, 0xBA, 0xFF}}},
	{{{-2912, -1018, -4398}, 0, {-406, 496}, {0x00, 0x96, 0xBA, 0xFF}}},
	{{{-3139, -1018, -4398}, 0, {-406, 2300}, {0x00, 0x96, 0xBA, 0xFF}}},
	{{{-2572, -792, -4738}, 0, {2120, 3202}, {0x46, 0x96, 0x00, 0xFF}}},
	{{{-2912, -1018, -4172}, 0, {-406, -1308}, {0x46, 0x96, 0x00, 0xFF}}},
	{{{-2912, -1018, -4398}, 0, {-406, 496}, {0x46, 0x96, 0x00, 0xFF}}},
	{{{-2572, -792, -3832}, 0, {2120, 1398}, {0x00, 0x96, 0x46, 0xFF}}},
	{{{-3139, -1018, -4172}, 0, {-406, -3112}, {0x00, 0x96, 0x46, 0xFF}}},
	{{{-2912, -1018, -4172}, 0, {-406, -1308}, {0x00, 0x96, 0x46, 0xFF}}},
	{{{-3479, -792, -4738}, 0, {5908, 3202}, {0x00, 0x7F, 0x00, 0xFF}}},
	{{{-2572, -792, -3832}, 0, {-1308, -4014}, {0x00, 0x7F, 0x00, 0xFF}}},
	{{{-2572, -792, -4738}, 0, {-1308, 3202}, {0x00, 0x7F, 0x00, 0xFF}}},
	{{{-3479, -792, -3832}, 0, {2120, 6810}, {0xBA, 0x96, 0x00, 0xFF}}},
	{{{-3479, -792, -4738}, 0, {2120, -406}, {0xBA, 0x96, 0x00, 0xFF}}},
	{{{-3479, -792, -4738}, 0, {2120, 5006}, {0x00, 0x96, 0xBA, 0xFF}}},
	{{{-2572, -792, -4738}, 0, {2120, -2210}, {0x00, 0x96, 0xBA, 0xFF}}},
	{{{-2572, -792, -4738}, 0, {2120, 3202}, {0x46, 0x96, 0x00, 0xFF}}},
	{{{-2572, -792, -3832}, 0, {2120, -4014}, {0x46, 0x96, 0x00, 0xFF}}},
	{{{-2572, -792, -3832}, 0, {2120, 1398}, {0x00, 0x96, 0x46, 0xFF}}},
	{{{-3479, -792, -3832}, 0, {2120, -5818}, {0x00, 0x96, 0x46, 0xFF}}},
	{{{-3479, -792, -3832}, 0, {5908, -4014}, {0x00, 0x7F, 0x00, 0xFF}}},
	{{{-2572, -792, -3832}, 0, {-1308, -4014}, {0x00, 0x7F, 0x00, 0xFF}}},
	{{{-2912, -1018, -4398}, 0, {-406, 496}, {0x00, 0x81, 0x00, 0xFF}}},
	{{{-3139, -1018, -4172}, 0, {-2210, -1308}, {0x00, 0x81, 0x00, 0xFF}}},
	{{{-3139, -1018, -4398}, 0, {-2210, 496}, {0x00, 0x81, 0x00, 0xFF}}},
	{{{-2912, -1018, -4172}, 0, {-406, -1308}, {0x00, 0x81, 0x00, 0xFF}}},
};

Gfx ccm_dl_parkourcube_018_mesh_layer_1_tri_7[] = {
	gsSPVertex(ccm_dl_parkourcube_018_mesh_layer_1_vtx_7 + 0, 29, 0),
	gsSP2Triangles(0, 1, 2, 0, 3, 4, 5, 0),
	gsSP2Triangles(6, 7, 8, 0, 9, 10, 11, 0),
	gsSP2Triangles(12, 13, 14, 0, 15, 16, 1, 0),
	gsSP2Triangles(17, 18, 4, 0, 19, 20, 7, 0),
	gsSP2Triangles(21, 22, 10, 0, 12, 23, 24, 0),
	gsSP2Triangles(25, 26, 27, 0, 25, 28, 26, 0),
	gsSPEndDisplayList(),
};

Vtx ccm_dl_parkourcube_018_mesh_layer_1_vtx_8[30] = {
	{{{-4147, -722, -3557}, 0, {1398, 5006}, {0x8E, 0xC7, 0x00, 0xFF}}},
	{{{-4034, -949, -3897}, 0, {-406, 2300}, {0x8E, 0xC7, 0x00, 0xFF}}},
	{{{-4034, -949, -3670}, 0, {-406, 4104}, {0x8E, 0xC7, 0x00, 0xFF}}},
	{{{-4147, -722, -4010}, 0, {1398, 3202}, {0x00, 0xC7, 0x8E, 0xFF}}},
	{{{-3807, -949, -3897}, 0, {-406, 496}, {0x00, 0xC7, 0x8E, 0xFF}}},
	{{{-4034, -949, -3897}, 0, {-406, 2300}, {0x00, 0xC7, 0x8E, 0xFF}}},
	{{{-3694, -722, -4010}, 0, {1398, 1398}, {0x72, 0xC7, 0x00, 0xFF}}},
	{{{-3807, -949, -3670}, 0, {-406, -1308}, {0x72, 0xC7, 0x00, 0xFF}}},
	{{{-3807, -949, -3897}, 0, {-406, 496}, {0x72, 0xC7, 0x00, 0xFF}}},
	{{{-3694, -722, -3557}, 0, {1398, -406}, {0x00, 0xC7, 0x72, 0xFF}}},
	{{{-4034, -949, -3670}, 0, {-406, -3112}, {0x00, 0xC7, 0x72, 0xFF}}},
	{{{-3807, -949, -3670}, 0, {-406, -1308}, {0x00, 0xC7, 0x72, 0xFF}}},
	{{{-4147, -722, -3557}, 0, {1398, 5006}, {0x8E, 0xC7, 0x00, 0xFF}}},
	{{{-4147, -722, -4010}, 0, {1398, 1398}, {0x8E, 0xC7, 0x00, 0xFF}}},
	{{{-4034, -949, -3897}, 0, {-406, 2300}, {0x8E, 0xC7, 0x00, 0xFF}}},
	{{{-4147, -722, -4010}, 0, {1398, 3202}, {0x00, 0xC7, 0x8E, 0xFF}}},
	{{{-3694, -722, -4010}, 0, {1398, -406}, {0x00, 0xC7, 0x8E, 0xFF}}},
	{{{-3694, -722, -4010}, 0, {1398, 1398}, {0x72, 0xC7, 0x00, 0xFF}}},
	{{{-3694, -722, -3557}, 0, {1398, -2210}, {0x72, 0xC7, 0x00, 0xFF}}},
	{{{-3807, -949, -3670}, 0, {-406, -1308}, {0x72, 0xC7, 0x00, 0xFF}}},
	{{{-3694, -722, -3557}, 0, {1398, -406}, {0x00, 0xC7, 0x72, 0xFF}}},
	{{{-4147, -722, -3557}, 0, {1398, -4014}, {0x00, 0xC7, 0x72, 0xFF}}},
	{{{-3807, -949, -3897}, 0, {-406, 496}, {0x00, 0x81, 0x00, 0xFF}}},
	{{{-4034, -949, -3670}, 0, {-2210, -1308}, {0x00, 0x81, 0x00, 0xFF}}},
	{{{-4034, -949, -3897}, 0, {-2210, 496}, {0x00, 0x81, 0x00, 0xFF}}},
	{{{-3807, -949, -3670}, 0, {-406, -1308}, {0x00, 0x81, 0x00, 0xFF}}},
	{{{-4147, -722, -4010}, 0, {4104, 1398}, {0x00, 0x7F, 0x00, 0xFF}}},
	{{{-3694, -722, -3557}, 0, {496, -2210}, {0x00, 0x7F, 0x00, 0xFF}}},
	{{{-3694, -722, -4010}, 0, {496, 1398}, {0x00, 0x7F, 0x00, 0xFF}}},
	{{{-4147, -722, -3557}, 0, {4104, -2210}, {0x00, 0x7F, 0x00, 0xFF}}},
};

Gfx ccm_dl_parkourcube_018_mesh_layer_1_tri_8[] = {
	gsSPVertex(ccm_dl_parkourcube_018_mesh_layer_1_vtx_8 + 0, 30, 0),
	gsSP2Triangles(0, 1, 2, 0, 3, 4, 5, 0),
	gsSP2Triangles(6, 7, 8, 0, 9, 10, 11, 0),
	gsSP2Triangles(12, 13, 14, 0, 15, 16, 4, 0),
	gsSP2Triangles(17, 18, 19, 0, 20, 21, 10, 0),
	gsSP2Triangles(22, 23, 24, 0, 22, 25, 23, 0),
	gsSP2Triangles(26, 27, 28, 0, 26, 29, 27, 0),
	gsSPEndDisplayList(),
};

Vtx ccm_dl_parkourcube_018_mesh_layer_1_vtx_9[30] = {
	{{{-4690, -575, -3066}, 0, {1398, 5006}, {0x8E, 0xC7, 0x00, 0xFF}}},
	{{{-4577, -802, -3406}, 0, {-406, 2300}, {0x8E, 0xC7, 0x00, 0xFF}}},
	{{{-4577, -802, -3179}, 0, {-406, 4104}, {0x8E, 0xC7, 0x00, 0xFF}}},
	{{{-4690, -575, -3519}, 0, {1398, 3202}, {0x00, 0xC7, 0x8E, 0xFF}}},
	{{{-4350, -802, -3406}, 0, {-406, 496}, {0x00, 0xC7, 0x8E, 0xFF}}},
	{{{-4577, -802, -3406}, 0, {-406, 2300}, {0x00, 0xC7, 0x8E, 0xFF}}},
	{{{-4237, -575, -3519}, 0, {1398, 1398}, {0x72, 0xC7, 0x00, 0xFF}}},
	{{{-4350, -802, -3179}, 0, {-406, -1308}, {0x72, 0xC7, 0x00, 0xFF}}},
	{{{-4350, -802, -3406}, 0, {-406, 496}, {0x72, 0xC7, 0x00, 0xFF}}},
	{{{-4237, -575, -3066}, 0, {1398, -406}, {0x00, 0xC7, 0x72, 0xFF}}},
	{{{-4577, -802, -3179}, 0, {-406, -3112}, {0x00, 0xC7, 0x72, 0xFF}}},
	{{{-4350, -802, -3179}, 0, {-406, -1308}, {0x00, 0xC7, 0x72, 0xFF}}},
	{{{-4690, -575, -3066}, 0, {1398, 5006}, {0x8E, 0xC7, 0x00, 0xFF}}},
	{{{-4690, -575, -3519}, 0, {1398, 1398}, {0x8E, 0xC7, 0x00, 0xFF}}},
	{{{-4577, -802, -3406}, 0, {-406, 2300}, {0x8E, 0xC7, 0x00, 0xFF}}},
	{{{-4690, -575, -3519}, 0, {1398, 3202}, {0x00, 0xC7, 0x8E, 0xFF}}},
	{{{-4237, -575, -3519}, 0, {1398, -406}, {0x00, 0xC7, 0x8E, 0xFF}}},
	{{{-4237, -575, -3519}, 0, {1398, 1398}, {0x72, 0xC7, 0x00, 0xFF}}},
	{{{-4237, -575, -3066}, 0, {1398, -2210}, {0x72, 0xC7, 0x00, 0xFF}}},
	{{{-4350, -802, -3179}, 0, {-406, -1308}, {0x72, 0xC7, 0x00, 0xFF}}},
	{{{-4237, -575, -3066}, 0, {1398, -406}, {0x00, 0xC7, 0x72, 0xFF}}},
	{{{-4690, -575, -3066}, 0, {1398, -4014}, {0x00, 0xC7, 0x72, 0xFF}}},
	{{{-4350, -802, -3406}, 0, {-406, 496}, {0x00, 0x81, 0x00, 0xFF}}},
	{{{-4577, -802, -3179}, 0, {-2210, -1308}, {0x00, 0x81, 0x00, 0xFF}}},
	{{{-4577, -802, -3406}, 0, {-2210, 496}, {0x00, 0x81, 0x00, 0xFF}}},
	{{{-4350, -802, -3179}, 0, {-406, -1308}, {0x00, 0x81, 0x00, 0xFF}}},
	{{{-4690, -575, -3519}, 0, {4104, 1398}, {0x00, 0x7F, 0x00, 0xFF}}},
	{{{-4237, -575, -3066}, 0, {496, -2210}, {0x00, 0x7F, 0x00, 0xFF}}},
	{{{-4237, -575, -3519}, 0, {496, 1398}, {0x00, 0x7F, 0x00, 0xFF}}},
	{{{-4690, -575, -3066}, 0, {4104, -2210}, {0x00, 0x7F, 0x00, 0xFF}}},
};

Gfx ccm_dl_parkourcube_018_mesh_layer_1_tri_9[] = {
	gsSPVertex(ccm_dl_parkourcube_018_mesh_layer_1_vtx_9 + 0, 30, 0),
	gsSP2Triangles(0, 1, 2, 0, 3, 4, 5, 0),
	gsSP2Triangles(6, 7, 8, 0, 9, 10, 11, 0),
	gsSP2Triangles(12, 13, 14, 0, 15, 16, 4, 0),
	gsSP2Triangles(17, 18, 19, 0, 20, 21, 10, 0),
	gsSP2Triangles(22, 23, 24, 0, 22, 25, 23, 0),
	gsSP2Triangles(26, 27, 28, 0, 26, 29, 27, 0),
	gsSPEndDisplayList(),
};

Vtx ccm_dl_parkourcube_018_mesh_layer_1_vtx_10[28] = {
	{{{-4393, -548, -2143}, 0, {1398, 5908}, {0xA6, 0xA6, 0x00, 0xFF}}},
	{{{-4166, -775, -2597}, 0, {-406, 2300}, {0xA6, 0xA6, 0x00, 0xFF}}},
	{{{-4166, -775, -2370}, 0, {-406, 4104}, {0xA6, 0xA6, 0x00, 0xFF}}},
	{{{-3713, -548, -2823}, 0, {1398, 2300}, {0x5A, 0xA6, 0x00, 0xFF}}},
	{{{-3940, -775, -2370}, 0, {-406, -1308}, {0x5A, 0xA6, 0x00, 0xFF}}},
	{{{-3940, -775, -2597}, 0, {-406, 496}, {0x5A, 0xA6, 0x00, 0xFF}}},
	{{{-4393, -548, -2823}, 0, {5006, 2300}, {0x00, 0x7F, 0x00, 0xFF}}},
	{{{-3713, -548, -2143}, 0, {-406, -3112}, {0x00, 0x7F, 0x00, 0xFF}}},
	{{{-3713, -548, -2823}, 0, {-406, 2300}, {0x00, 0x7F, 0x00, 0xFF}}},
	{{{-4393, -548, -2143}, 0, {1398, 5908}, {0xA6, 0xA6, 0x00, 0xFF}}},
	{{{-4393, -548, -2823}, 0, {1398, 496}, {0xA6, 0xA6, 0x00, 0xFF}}},
	{{{-3713, -548, -2823}, 0, {1398, 2300}, {0x5A, 0xA6, 0x00, 0xFF}}},
	{{{-3713, -548, -2143}, 0, {1398, -3112}, {0x5A, 0xA6, 0x00, 0xFF}}},
	{{{-4393, -548, -2823}, 0, {5006, 2300}, {0x00, 0x7F, 0x00, 0xFF}}},
	{{{-4393, -548, -2143}, 0, {5006, -3112}, {0x00, 0x7F, 0x00, 0xFF}}},
	{{{-3713, -548, -2143}, 0, {-406, -3112}, {0x00, 0x7F, 0x00, 0xFF}}},
	{{{-4393, -548, -2823}, 0, {1398, 4104}, {0x00, 0xA6, 0xA6, 0xFF}}},
	{{{-3940, -775, -2597}, 0, {-406, 496}, {0x00, 0xA6, 0xA6, 0xFF}}},
	{{{-4166, -775, -2597}, 0, {-406, 2300}, {0x00, 0xA6, 0xA6, 0xFF}}},
	{{{-3713, -548, -2823}, 0, {1398, -1308}, {0x00, 0xA6, 0xA6, 0xFF}}},
	{{{-3713, -548, -2143}, 0, {1398, 496}, {0x00, 0xA6, 0x5A, 0xFF}}},
	{{{-4166, -775, -2370}, 0, {-406, -3112}, {0x00, 0xA6, 0x5A, 0xFF}}},
	{{{-3940, -775, -2370}, 0, {-406, -1308}, {0x00, 0xA6, 0x5A, 0xFF}}},
	{{{-4393, -548, -2143}, 0, {1398, -4916}, {0x00, 0xA6, 0x5A, 0xFF}}},
	{{{-3940, -775, -2597}, 0, {-406, 496}, {0x00, 0x81, 0x00, 0xFF}}},
	{{{-4166, -775, -2370}, 0, {-2210, -1308}, {0x00, 0x81, 0x00, 0xFF}}},
	{{{-4166, -775, -2597}, 0, {-2210, 496}, {0x00, 0x81, 0x00, 0xFF}}},
	{{{-3940, -775, -2370}, 0, {-406, -1308}, {0x00, 0x81, 0x00, 0xFF}}},
};

Gfx ccm_dl_parkourcube_018_mesh_layer_1_tri_10[] = {
	gsSPVertex(ccm_dl_parkourcube_018_mesh_layer_1_vtx_10 + 0, 28, 0),
	gsSP2Triangles(0, 1, 2, 0, 3, 4, 5, 0),
	gsSP2Triangles(6, 7, 8, 0, 9, 10, 1, 0),
	gsSP2Triangles(11, 12, 4, 0, 13, 14, 15, 0),
	gsSP2Triangles(16, 17, 18, 0, 16, 19, 17, 0),
	gsSP2Triangles(20, 21, 22, 0, 20, 23, 21, 0),
	gsSP2Triangles(24, 25, 26, 0, 24, 27, 25, 0),
	gsSPEndDisplayList(),
};

Vtx ccm_dl_parkourcube_018_mesh_layer_1_vtx_11[30] = {
	{{{-3475, -398, -2028}, 0, {2120, 6810}, {0xBA, 0x96, 0x00, 0xFF}}},
	{{{-3135, -625, -2595}, 0, {-406, 2300}, {0xBA, 0x96, 0x00, 0xFF}}},
	{{{-3135, -625, -2368}, 0, {-406, 4104}, {0xBA, 0x96, 0x00, 0xFF}}},
	{{{-3475, -398, -2935}, 0, {2120, 5006}, {0x00, 0x96, 0xBA, 0xFF}}},
	{{{-2908, -625, -2595}, 0, {-406, 496}, {0x00, 0x96, 0xBA, 0xFF}}},
	{{{-3135, -625, -2595}, 0, {-406, 2300}, {0x00, 0x96, 0xBA, 0xFF}}},
	{{{-2569, -398, -2935}, 0, {2120, 3202}, {0x46, 0x96, 0x00, 0xFF}}},
	{{{-2908, -625, -2368}, 0, {-406, -1308}, {0x46, 0x96, 0x00, 0xFF}}},
	{{{-2908, -625, -2595}, 0, {-406, 496}, {0x46, 0x96, 0x00, 0xFF}}},
	{{{-2569, -398, -2028}, 0, {2120, 1398}, {0x00, 0x96, 0x46, 0xFF}}},
	{{{-3135, -625, -2368}, 0, {-406, -3112}, {0x00, 0x96, 0x46, 0xFF}}},
	{{{-2908, -625, -2368}, 0, {-406, -1308}, {0x00, 0x96, 0x46, 0xFF}}},
	{{{-3475, -398, -2935}, 0, {5908, 3202}, {0x00, 0x7F, 0x00, 0xFF}}},
	{{{-2569, -398, -2028}, 0, {-1308, -4014}, {0x00, 0x7F, 0x00, 0xFF}}},
	{{{-2569, -398, -2935}, 0, {-1308, 3202}, {0x00, 0x7F, 0x00, 0xFF}}},
	{{{-3475, -398, -2028}, 0, {2120, 6810}, {0xBA, 0x96, 0x00, 0xFF}}},
	{{{-3475, -398, -2935}, 0, {2120, -406}, {0xBA, 0x96, 0x00, 0xFF}}},
	{{{-3475, -398, -2935}, 0, {2120, 5006}, {0x00, 0x96, 0xBA, 0xFF}}},
	{{{-2569, -398, -2935}, 0, {2120, -2210}, {0x00, 0x96, 0xBA, 0xFF}}},
	{{{-2569, -398, -2935}, 0, {2120, 3202}, {0x46, 0x96, 0x00, 0xFF}}},
	{{{-2569, -398, -2028}, 0, {2120, -4014}, {0x46, 0x96, 0x00, 0xFF}}},
	{{{-2569, -398, -2028}, 0, {2120, 1398}, {0x00, 0x96, 0x46, 0xFF}}},
	{{{-3475, -398, -2028}, 0, {2120, -5818}, {0x00, 0x96, 0x46, 0xFF}}},
	{{{-3475, -398, -2935}, 0, {5908, 3202}, {0x00, 0x7F, 0x00, 0xFF}}},
	{{{-3475, -398, -2028}, 0, {5908, -4014}, {0x00, 0x7F, 0x00, 0xFF}}},
	{{{-2569, -398, -2028}, 0, {-1308, -4014}, {0x00, 0x7F, 0x00, 0xFF}}},
	{{{-2908, -625, -2595}, 0, {-406, 496}, {0x00, 0x81, 0x00, 0xFF}}},
	{{{-3135, -625, -2368}, 0, {-2210, -1308}, {0x00, 0x81, 0x00, 0xFF}}},
	{{{-3135, -625, -2595}, 0, {-2210, 496}, {0x00, 0x81, 0x00, 0xFF}}},
	{{{-2908, -625, -2368}, 0, {-406, -1308}, {0x00, 0x81, 0x00, 0xFF}}},
};

Gfx ccm_dl_parkourcube_018_mesh_layer_1_tri_11[] = {
	gsSPVertex(ccm_dl_parkourcube_018_mesh_layer_1_vtx_11 + 0, 30, 0),
	gsSP2Triangles(0, 1, 2, 0, 3, 4, 5, 0),
	gsSP2Triangles(6, 7, 8, 0, 9, 10, 11, 0),
	gsSP2Triangles(12, 13, 14, 0, 15, 16, 1, 0),
	gsSP2Triangles(17, 18, 4, 0, 19, 20, 7, 0),
	gsSP2Triangles(21, 22, 10, 0, 23, 24, 25, 0),
	gsSP2Triangles(26, 27, 28, 0, 26, 29, 27, 0),
	gsSPEndDisplayList(),
};

Vtx ccm_dl_parkourcube_018_mesh_layer_1_vtx_12[100] = {
	{{{-1869, -303, -2255}, 0, {1398, -406}, {0x00, 0xC7, 0x72, 0xFF}}},
	{{{-2209, -530, -2368}, 0, {-406, -3112}, {0x00, 0xC7, 0x72, 0xFF}}},
	{{{-1983, -530, -2368}, 0, {-406, -1308}, {0x00, 0xC7, 0x72, 0xFF}}},
	{{{-1869, -303, -2255}, 0, {1398, -406}, {0x00, 0xC7, 0x72, 0xFF}}},
	{{{-2323, -303, -2255}, 0, {1398, -4014}, {0x00, 0xC7, 0x72, 0xFF}}},
	{{{-1310, -139, -1730}, 0, {1398, -406}, {0x00, 0xC7, 0x72, 0xFF}}},
	{{{-1650, -365, -1844}, 0, {-406, -3112}, {0x00, 0xC7, 0x72, 0xFF}}},
	{{{-1423, -365, -1844}, 0, {-406, -1308}, {0x00, 0xC7, 0x72, 0xFF}}},
	{{{-1310, -139, -1730}, 0, {1398, -406}, {0x00, 0xC7, 0x72, 0xFF}}},
	{{{-1763, -139, -1730}, 0, {1398, -4014}, {0x00, 0xC7, 0x72, 0xFF}}},
	{{{-726, -3, -1166}, 0, {1398, -406}, {0x00, 0xC7, 0x72, 0xFF}}},
	{{{-1066, -230, -1279}, 0, {-406, -3112}, {0x00, 0xC7, 0x72, 0xFF}}},
	{{{-839, -230, -1279}, 0, {-406, -1308}, {0x00, 0xC7, 0x72, 0xFF}}},
	{{{-726, -3, -1166}, 0, {1398, -406}, {0x00, 0xC7, 0x72, 0xFF}}},
	{{{-1179, -3, -1166}, 0, {1398, -4014}, {0x00, 0xC7, 0x72, 0xFF}}},
	{{{-294, 97, -621}, 0, {1398, -406}, {0x00, 0xC7, 0x72, 0xFF}}},
	{{{-634, -130, -734}, 0, {-406, -3112}, {0x00, 0xC7, 0x72, 0xFF}}},
	{{{-407, -130, -734}, 0, {-406, -1308}, {0x00, 0xC7, 0x72, 0xFF}}},
	{{{-294, 97, -621}, 0, {1398, -406}, {0x00, 0xC7, 0x72, 0xFF}}},
	{{{-747, 97, -621}, 0, {1398, -4014}, {0x00, 0xC7, 0x72, 0xFF}}},
	{{{-2323, -303, -2255}, 0, {1398, 5006}, {0x8E, 0xC7, 0x00, 0xFF}}},
	{{{-2209, -530, -2595}, 0, {-406, 2300}, {0x8E, 0xC7, 0x00, 0xFF}}},
	{{{-2209, -530, -2368}, 0, {-406, 4104}, {0x8E, 0xC7, 0x00, 0xFF}}},
	{{{-2323, -303, -2708}, 0, {1398, 1398}, {0x8E, 0xC7, 0x00, 0xFF}}},
	{{{-2323, -303, -2708}, 0, {1398, 3202}, {0x00, 0xC7, 0x8E, 0xFF}}},
	{{{-1983, -530, -2595}, 0, {-406, 496}, {0x00, 0xC7, 0x8E, 0xFF}}},
	{{{-2209, -530, -2595}, 0, {-406, 2300}, {0x00, 0xC7, 0x8E, 0xFF}}},
	{{{-1869, -303, -2708}, 0, {1398, -406}, {0x00, 0xC7, 0x8E, 0xFF}}},
	{{{-1869, -303, -2708}, 0, {1398, 1398}, {0x72, 0xC7, 0x00, 0xFF}}},
	{{{-1983, -530, -2368}, 0, {-406, -1308}, {0x72, 0xC7, 0x00, 0xFF}}},
	{{{-1983, -530, -2595}, 0, {-406, 496}, {0x72, 0xC7, 0x00, 0xFF}}},
	{{{-1869, -303, -2255}, 0, {1398, -2210}, {0x72, 0xC7, 0x00, 0xFF}}},
	{{{-1983, -530, -2595}, 0, {-406, 496}, {0x00, 0x81, 0x00, 0xFF}}},
	{{{-2209, -530, -2368}, 0, {-2210, -1308}, {0x00, 0x81, 0x00, 0xFF}}},
	{{{-2209, -530, -2595}, 0, {-2210, 496}, {0x00, 0x81, 0x00, 0xFF}}},
	{{{-1983, -530, -2368}, 0, {-406, -1308}, {0x00, 0x81, 0x00, 0xFF}}},
	{{{-2323, -303, -2708}, 0, {4104, 1398}, {0x00, 0x7F, 0x00, 0xFF}}},
	{{{-1869, -303, -2255}, 0, {496, -2210}, {0x00, 0x7F, 0x00, 0xFF}}},
	{{{-1869, -303, -2708}, 0, {496, 1398}, {0x00, 0x7F, 0x00, 0xFF}}},
	{{{-2323, -303, -2255}, 0, {4104, -2210}, {0x00, 0x7F, 0x00, 0xFF}}},
	{{{-1763, -139, -1730}, 0, {1398, 5006}, {0x8E, 0xC7, 0x00, 0xFF}}},
	{{{-1650, -365, -2070}, 0, {-406, 2300}, {0x8E, 0xC7, 0x00, 0xFF}}},
	{{{-1650, -365, -1844}, 0, {-406, 4104}, {0x8E, 0xC7, 0x00, 0xFF}}},
	{{{-1763, -139, -2184}, 0, {1398, 1398}, {0x8E, 0xC7, 0x00, 0xFF}}},
	{{{-1763, -139, -2184}, 0, {1398, 3202}, {0x00, 0xC7, 0x8E, 0xFF}}},
	{{{-1423, -365, -2070}, 0, {-406, 496}, {0x00, 0xC7, 0x8E, 0xFF}}},
	{{{-1650, -365, -2070}, 0, {-406, 2300}, {0x00, 0xC7, 0x8E, 0xFF}}},
	{{{-1310, -139, -2184}, 0, {1398, -406}, {0x00, 0xC7, 0x8E, 0xFF}}},
	{{{-1310, -139, -2184}, 0, {1398, 1398}, {0x72, 0xC7, 0x00, 0xFF}}},
	{{{-1423, -365, -1844}, 0, {-406, -1308}, {0x72, 0xC7, 0x00, 0xFF}}},
	{{{-1423, -365, -2070}, 0, {-406, 496}, {0x72, 0xC7, 0x00, 0xFF}}},
	{{{-1310, -139, -1730}, 0, {1398, -2210}, {0x72, 0xC7, 0x00, 0xFF}}},
	{{{-1423, -365, -2070}, 0, {-406, 496}, {0x00, 0x81, 0x00, 0xFF}}},
	{{{-1650, -365, -1844}, 0, {-2210, -1308}, {0x00, 0x81, 0x00, 0xFF}}},
	{{{-1650, -365, -2070}, 0, {-2210, 496}, {0x00, 0x81, 0x00, 0xFF}}},
	{{{-1423, -365, -1844}, 0, {-406, -1308}, {0x00, 0x81, 0x00, 0xFF}}},
	{{{-1763, -139, -2184}, 0, {4104, 1398}, {0x00, 0x7F, 0x00, 0xFF}}},
	{{{-1310, -139, -1730}, 0, {496, -2210}, {0x00, 0x7F, 0x00, 0xFF}}},
	{{{-1310, -139, -2184}, 0, {496, 1398}, {0x00, 0x7F, 0x00, 0xFF}}},
	{{{-1763, -139, -1730}, 0, {4104, -2210}, {0x00, 0x7F, 0x00, 0xFF}}},
	{{{-1179, -3, -1166}, 0, {1398, 5006}, {0x8E, 0xC7, 0x00, 0xFF}}},
	{{{-1066, -230, -1506}, 0, {-406, 2300}, {0x8E, 0xC7, 0x00, 0xFF}}},
	{{{-1066, -230, -1279}, 0, {-406, 4104}, {0x8E, 0xC7, 0x00, 0xFF}}},
	{{{-1179, -3, -1619}, 0, {1398, 1398}, {0x8E, 0xC7, 0x00, 0xFF}}},
	{{{-1179, -3, -1619}, 0, {1398, 3202}, {0x00, 0xC7, 0x8E, 0xFF}}},
	{{{-839, -230, -1506}, 0, {-406, 496}, {0x00, 0xC7, 0x8E, 0xFF}}},
	{{{-1066, -230, -1506}, 0, {-406, 2300}, {0x00, 0xC7, 0x8E, 0xFF}}},
	{{{-726, -3, -1619}, 0, {1398, -406}, {0x00, 0xC7, 0x8E, 0xFF}}},
	{{{-726, -3, -1619}, 0, {1398, 1398}, {0x72, 0xC7, 0x00, 0xFF}}},
	{{{-839, -230, -1279}, 0, {-406, -1308}, {0x72, 0xC7, 0x00, 0xFF}}},
	{{{-839, -230, -1506}, 0, {-406, 496}, {0x72, 0xC7, 0x00, 0xFF}}},
	{{{-726, -3, -1166}, 0, {1398, -2210}, {0x72, 0xC7, 0x00, 0xFF}}},
	{{{-839, -230, -1506}, 0, {-406, 496}, {0x00, 0x81, 0x00, 0xFF}}},
	{{{-1066, -230, -1279}, 0, {-2210, -1308}, {0x00, 0x81, 0x00, 0xFF}}},
	{{{-1066, -230, -1506}, 0, {-2210, 496}, {0x00, 0x81, 0x00, 0xFF}}},
	{{{-839, -230, -1279}, 0, {-406, -1308}, {0x00, 0x81, 0x00, 0xFF}}},
	{{{-1179, -3, -1619}, 0, {4104, 1398}, {0x00, 0x7F, 0x00, 0xFF}}},
	{{{-726, -3, -1166}, 0, {496, -2210}, {0x00, 0x7F, 0x00, 0xFF}}},
	{{{-726, -3, -1619}, 0, {496, 1398}, {0x00, 0x7F, 0x00, 0xFF}}},
	{{{-1179, -3, -1166}, 0, {4104, -2210}, {0x00, 0x7F, 0x00, 0xFF}}},
	{{{-747, 97, -621}, 0, {1398, 5006}, {0x8E, 0xC7, 0x00, 0xFF}}},
	{{{-634, -130, -961}, 0, {-406, 2300}, {0x8E, 0xC7, 0x00, 0xFF}}},
	{{{-634, -130, -734}, 0, {-406, 4104}, {0x8E, 0xC7, 0x00, 0xFF}}},
	{{{-747, 97, -1074}, 0, {1398, 1398}, {0x8E, 0xC7, 0x00, 0xFF}}},
	{{{-747, 97, -1074}, 0, {1398, 3202}, {0x00, 0xC7, 0x8E, 0xFF}}},
	{{{-407, -130, -961}, 0, {-406, 496}, {0x00, 0xC7, 0x8E, 0xFF}}},
	{{{-634, -130, -961}, 0, {-406, 2300}, {0x00, 0xC7, 0x8E, 0xFF}}},
	{{{-294, 97, -1074}, 0, {1398, -406}, {0x00, 0xC7, 0x8E, 0xFF}}},
	{{{-294, 97, -1074}, 0, {1398, 1398}, {0x72, 0xC7, 0x00, 0xFF}}},
	{{{-407, -130, -734}, 0, {-406, -1308}, {0x72, 0xC7, 0x00, 0xFF}}},
	{{{-407, -130, -961}, 0, {-406, 496}, {0x72, 0xC7, 0x00, 0xFF}}},
	{{{-294, 97, -621}, 0, {1398, -2210}, {0x72, 0xC7, 0x00, 0xFF}}},
	{{{-407, -130, -961}, 0, {-406, 496}, {0x00, 0x81, 0x00, 0xFF}}},
	{{{-634, -130, -734}, 0, {-2210, -1308}, {0x00, 0x81, 0x00, 0xFF}}},
	{{{-634, -130, -961}, 0, {-2210, 496}, {0x00, 0x81, 0x00, 0xFF}}},
	{{{-407, -130, -734}, 0, {-406, -1308}, {0x00, 0x81, 0x00, 0xFF}}},
	{{{-747, 97, -1074}, 0, {4104, 1398}, {0x00, 0x7F, 0x00, 0xFF}}},
	{{{-294, 97, -621}, 0, {496, -2210}, {0x00, 0x7F, 0x00, 0xFF}}},
	{{{-294, 97, -1074}, 0, {496, 1398}, {0x00, 0x7F, 0x00, 0xFF}}},
	{{{-747, 97, -621}, 0, {4104, -2210}, {0x00, 0x7F, 0x00, 0xFF}}},
};

Gfx ccm_dl_parkourcube_018_mesh_layer_1_tri_12[] = {
	gsSPVertex(ccm_dl_parkourcube_018_mesh_layer_1_vtx_12 + 0, 32, 0),
	gsSP2Triangles(0, 1, 2, 0, 3, 4, 1, 0),
	gsSP2Triangles(5, 6, 7, 0, 8, 9, 6, 0),
	gsSP2Triangles(10, 11, 12, 0, 13, 14, 11, 0),
	gsSP2Triangles(15, 16, 17, 0, 18, 19, 16, 0),
	gsSP2Triangles(20, 21, 22, 0, 20, 23, 21, 0),
	gsSP2Triangles(24, 25, 26, 0, 24, 27, 25, 0),
	gsSP2Triangles(28, 29, 30, 0, 28, 31, 29, 0),
	gsSPVertex(ccm_dl_parkourcube_018_mesh_layer_1_vtx_12 + 32, 32, 0),
	gsSP2Triangles(0, 1, 2, 0, 0, 3, 1, 0),
	gsSP2Triangles(4, 5, 6, 0, 4, 7, 5, 0),
	gsSP2Triangles(8, 9, 10, 0, 8, 11, 9, 0),
	gsSP2Triangles(12, 13, 14, 0, 12, 15, 13, 0),
	gsSP2Triangles(16, 17, 18, 0, 16, 19, 17, 0),
	gsSP2Triangles(20, 21, 22, 0, 20, 23, 21, 0),
	gsSP2Triangles(24, 25, 26, 0, 24, 27, 25, 0),
	gsSP2Triangles(28, 29, 30, 0, 28, 31, 29, 0),
	gsSPVertex(ccm_dl_parkourcube_018_mesh_layer_1_vtx_12 + 64, 32, 0),
	gsSP2Triangles(0, 1, 2, 0, 0, 3, 1, 0),
	gsSP2Triangles(4, 5, 6, 0, 4, 7, 5, 0),
	gsSP2Triangles(8, 9, 10, 0, 8, 11, 9, 0),
	gsSP2Triangles(12, 13, 14, 0, 12, 15, 13, 0),
	gsSP2Triangles(16, 17, 18, 0, 16, 19, 17, 0),
	gsSP2Triangles(20, 21, 22, 0, 20, 23, 21, 0),
	gsSP2Triangles(24, 25, 26, 0, 24, 27, 25, 0),
	gsSP2Triangles(28, 29, 30, 0, 28, 31, 29, 0),
	gsSPVertex(ccm_dl_parkourcube_018_mesh_layer_1_vtx_12 + 96, 4, 0),
	gsSP2Triangles(0, 1, 2, 0, 0, 3, 1, 0),
	gsSPEndDisplayList(),
};

Vtx ccm_dl_parkourskybox_mesh_layer_1_vtx_cull[8] = {
	{{{-5233, -3545, 5233}, 0, {0, 0}, {0x00, 0x00, 0x00, 0x00}}},
	{{{-5233, 6920, 5233}, 0, {0, 0}, {0x00, 0x00, 0x00, 0x00}}},
	{{{-5233, 6920, -5233}, 0, {0, 0}, {0x00, 0x00, 0x00, 0x00}}},
	{{{-5233, -3545, -5233}, 0, {0, 0}, {0x00, 0x00, 0x00, 0x00}}},
	{{{5233, -3545, 5233}, 0, {0, 0}, {0x00, 0x00, 0x00, 0x00}}},
	{{{5233, 6920, 5233}, 0, {0, 0}, {0x00, 0x00, 0x00, 0x00}}},
	{{{5233, 6920, -5233}, 0, {0, 0}, {0x00, 0x00, 0x00, 0x00}}},
	{{{5233, -3545, -5233}, 0, {0, 0}, {0x00, 0x00, 0x00, 0x00}}},
};

Vtx ccm_dl_parkourskybox_mesh_layer_1_vtx_0[59] = {
	{{{5233, 6920, -5233}, 0, {1636, 226}, {0xB7, 0xB7, 0x49, 0xFF}}},
	{{{5233, 6920, 5233}, 0, {1636, -972}, {0xB7, 0xB7, 0xB7, 0xFF}}},
	{{{-5233, 6920, 5233}, 0, {2834, -972}, {0x49, 0xB7, 0xB7, 0xFF}}},
	{{{-5233, 6920, -5233}, 0, {2834, 226}, {0x49, 0xB7, 0x49, 0xFF}}},
	{{{-5233, -3545, 2616}, 0, {-1842, -673}, {0x5A, 0x5A, 0x00, 0xFF}}},
	{{{-5233, -3545, 5233}, 0, {-1842, -972}, {0x49, 0x49, 0xB7, 0xFF}}},
	{{{-2616, -3545, 5233}, 0, {-1542, -972}, {0x00, 0x5A, 0xA6, 0xFF}}},
	{{{-2616, -3545, 2616}, 0, {-1542, -673}, {0x00, 0x7F, 0x00, 0xFF}}},
	{{{0, -3545, 5233}, 0, {-1243, -972}, {0x00, 0x5A, 0xA6, 0xFF}}},
	{{{0, -3545, 2616}, 0, {-1243, -673}, {0x00, 0x7F, 0x00, 0xFF}}},
	{{{2616, -3545, 5233}, 0, {-943, -972}, {0x00, 0x5A, 0xA6, 0xFF}}},
	{{{2616, -3545, 2616}, 0, {-943, -673}, {0x00, 0x7F, 0x00, 0xFF}}},
	{{{5233, -3545, 5233}, 0, {-644, -972}, {0xB7, 0x49, 0xB7, 0xFF}}},
	{{{5233, -3545, 2616}, 0, {-644, -673}, {0xA6, 0x5A, 0x00, 0xFF}}},
	{{{2616, -3545, 0}, 0, {-943, -373}, {0x00, 0x7F, 0x00, 0xFF}}},
	{{{5233, -3545, 0}, 0, {-644, -373}, {0xA6, 0x5A, 0x00, 0xFF}}},
	{{{2616, -3545, -2616}, 0, {-943, -74}, {0x00, 0x7F, 0x00, 0xFF}}},
	{{{5233, -3545, -2616}, 0, {-644, -74}, {0xA6, 0x5A, 0x00, 0xFF}}},
	{{{2616, -3545, -5233}, 0, {-943, 226}, {0x00, 0x5A, 0x5A, 0xFF}}},
	{{{5233, -3545, -5233}, 0, {-644, 226}, {0xB7, 0x49, 0x49, 0xFF}}},
	{{{0, -3545, -5233}, 0, {-1243, 226}, {0x00, 0x5A, 0x5A, 0xFF}}},
	{{{0, -3545, -2616}, 0, {-1243, -74}, {0x00, 0x7F, 0x00, 0xFF}}},
	{{{-2616, -3545, -5233}, 0, {-1542, 226}, {0x00, 0x5A, 0x5A, 0xFF}}},
	{{{-2616, -3545, -2616}, 0, {-1542, -74}, {0x00, 0x7F, 0x00, 0xFF}}},
	{{{-5233, -3545, -5233}, 0, {-1842, 226}, {0x49, 0x49, 0x49, 0xFF}}},
	{{{-5233, -3545, -2616}, 0, {-1842, -74}, {0x5A, 0x5A, 0x00, 0xFF}}},
	{{{-2616, -3545, 0}, 0, {-1542, -373}, {0x00, 0x7F, 0x00, 0xFF}}},
	{{{-5233, -3545, 0}, 0, {-1842, -373}, {0x5A, 0x5A, 0x00, 0xFF}}},
	{{{0, -3545, 0}, 0, {-1243, -373}, {0x00, 0x7F, 0x00, 0xFF}}},
	{{{5233, 6920, 5233}, 0, {1288, -1513}, {0xB7, 0xB7, 0xB7, 0xFF}}},
	{{{5233, -3545, 5233}, 0, {90, -1513}, {0xB7, 0x49, 0xB7, 0xFF}}},
	{{{2616, -3545, 5233}, 0, {90, -1813}, {0x00, 0x5A, 0xA6, 0xFF}}},
	{{{5233, 6920, 5233}, 0, {1288, -1513}, {0xB7, 0xB7, 0xB7, 0xFF}}},
	{{{2616, -3545, 5233}, 0, {90, -1813}, {0x00, 0x5A, 0xA6, 0xFF}}},
	{{{0, -3545, 5233}, 0, {90, -2112}, {0x00, 0x5A, 0xA6, 0xFF}}},
	{{{-5233, 6920, 5233}, 0, {1288, -2711}, {0x49, 0xB7, 0xB7, 0xFF}}},
	{{{-2616, -3545, 5233}, 0, {90, -2412}, {0x00, 0x5A, 0xA6, 0xFF}}},
	{{{-5233, -3545, 5233}, 0, {90, -2711}, {0x49, 0x49, 0xB7, 0xFF}}},
	{{{5233, 6920, -5233}, 0, {1288, 226}, {0xB7, 0xB7, 0x49, 0xFF}}},
	{{{5233, -3545, -5233}, 0, {90, 226}, {0xB7, 0x49, 0x49, 0xFF}}},
	{{{5233, -3545, -2616}, 0, {90, -74}, {0xA6, 0x5A, 0x00, 0xFF}}},
	{{{5233, -3545, 0}, 0, {90, -373}, {0xA6, 0x5A, 0x00, 0xFF}}},
	{{{5233, 6920, 5233}, 0, {1288, -972}, {0xB7, 0xB7, 0xB7, 0xFF}}},
	{{{5233, -3545, 2616}, 0, {90, -673}, {0xA6, 0x5A, 0x00, 0xFF}}},
	{{{5233, -3545, 5233}, 0, {90, -972}, {0xB7, 0x49, 0xB7, 0xFF}}},
	{{{-5233, 6920, -5233}, 0, {1288, 1964}, {0x49, 0xB7, 0x49, 0xFF}}},
	{{{-5233, -3545, -5233}, 0, {90, 1964}, {0x49, 0x49, 0x49, 0xFF}}},
	{{{-2616, -3545, -5233}, 0, {90, 1665}, {0x00, 0x5A, 0x5A, 0xFF}}},
	{{{0, -3545, -5233}, 0, {90, 1365}, {0x00, 0x5A, 0x5A, 0xFF}}},
	{{{5233, 6920, -5233}, 0, {1288, 766}, {0xB7, 0xB7, 0x49, 0xFF}}},
	{{{2616, -3545, -5233}, 0, {90, 1066}, {0x00, 0x5A, 0x5A, 0xFF}}},
	{{{5233, -3545, -5233}, 0, {90, 766}, {0xB7, 0x49, 0x49, 0xFF}}},
	{{{-5233, 6920, 5233}, 0, {1288, 3703}, {0x49, 0xB7, 0xB7, 0xFF}}},
	{{{-5233, -3545, 5233}, 0, {90, 3703}, {0x49, 0x49, 0xB7, 0xFF}}},
	{{{-5233, -3545, 2616}, 0, {90, 3404}, {0x5A, 0x5A, 0x00, 0xFF}}},
	{{{-5233, -3545, 0}, 0, {90, 3104}, {0x5A, 0x5A, 0x00, 0xFF}}},
	{{{-5233, 6920, -5233}, 0, {1288, 2505}, {0x49, 0xB7, 0x49, 0xFF}}},
	{{{-5233, -3545, -2616}, 0, {90, 2805}, {0x5A, 0x5A, 0x00, 0xFF}}},
	{{{-5233, -3545, -5233}, 0, {90, 2505}, {0x49, 0x49, 0x49, 0xFF}}},
};

Gfx ccm_dl_parkourskybox_mesh_layer_1_tri_0[] = {
	gsSPVertex(ccm_dl_parkourskybox_mesh_layer_1_vtx_0 + 0, 32, 0),
	gsSP2Triangles(0, 1, 2, 0, 0, 2, 3, 0),
	gsSP2Triangles(4, 5, 6, 0, 4, 6, 7, 0),
	gsSP2Triangles(7, 6, 8, 0, 7, 8, 9, 0),
	gsSP2Triangles(9, 8, 10, 0, 9, 10, 11, 0),
	gsSP2Triangles(11, 10, 12, 0, 11, 12, 13, 0),
	gsSP2Triangles(14, 11, 13, 0, 14, 13, 15, 0),
	gsSP2Triangles(16, 14, 15, 0, 16, 15, 17, 0),
	gsSP2Triangles(18, 16, 17, 0, 18, 17, 19, 0),
	gsSP2Triangles(20, 16, 18, 0, 20, 21, 16, 0),
	gsSP2Triangles(22, 21, 20, 0, 22, 23, 21, 0),
	gsSP2Triangles(24, 23, 22, 0, 24, 25, 23, 0),
	gsSP2Triangles(25, 26, 23, 0, 25, 27, 26, 0),
	gsSP2Triangles(27, 7, 26, 0, 27, 4, 7, 0),
	gsSP2Triangles(26, 7, 9, 0, 26, 9, 28, 0),
	gsSP2Triangles(28, 9, 11, 0, 28, 11, 14, 0),
	gsSP2Triangles(21, 28, 14, 0, 21, 14, 16, 0),
	gsSP2Triangles(23, 28, 21, 0, 23, 26, 28, 0),
	gsSP1Triangle(29, 30, 31, 0),
	gsSPVertex(ccm_dl_parkourskybox_mesh_layer_1_vtx_0 + 32, 27, 0),
	gsSP2Triangles(0, 1, 2, 0, 3, 0, 2, 0),
	gsSP2Triangles(4, 3, 2, 0, 5, 3, 4, 0),
	gsSP2Triangles(6, 7, 8, 0, 6, 8, 9, 0),
	gsSP2Triangles(10, 6, 9, 0, 11, 10, 9, 0),
	gsSP2Triangles(12, 10, 11, 0, 13, 14, 15, 0),
	gsSP2Triangles(13, 15, 16, 0, 17, 13, 16, 0),
	gsSP2Triangles(18, 17, 16, 0, 19, 17, 18, 0),
	gsSP2Triangles(20, 21, 22, 0, 20, 22, 23, 0),
	gsSP2Triangles(24, 20, 23, 0, 25, 24, 23, 0),
	gsSP1Triangle(26, 24, 25, 0),
	gsSPEndDisplayList(),
};

Gfx mat_ccm_dl_walls[] = {
	gsSPLightColor(LIGHT_1, 0x0812AEFF),
	gsSPLightColor(LIGHT_2, 0x020455FF),
	gsDPPipeSync(),
	gsDPSetCombineLERP(0, 0, 0, SHADE, 0, 0, 0, ENVIRONMENT, 0, 0, 0, SHADE, 0, 0, 0, ENVIRONMENT),
	gsDPSetAlphaDither(G_AD_NOISE),
	gsSPTexture(65535, 65535, 0, 0, 1),
	gsSPEndDisplayList(),
};

Gfx mat_revert_ccm_dl_walls[] = {
	gsDPPipeSync(),
	gsDPSetAlphaDither(G_AD_DISABLE),
	gsSPEndDisplayList(),
};

Gfx mat_ccm_dl_floor[] = {
	gsSPLightColor(LIGHT_1, 0x3E3804FF),
	gsSPLightColor(LIGHT_2, 0x1A1701FF),
	gsDPPipeSync(),
	gsDPSetCombineLERP(0, 0, 0, SHADE, 0, 0, 0, ENVIRONMENT, 0, 0, 0, SHADE, 0, 0, 0, ENVIRONMENT),
	gsDPSetAlphaDither(G_AD_NOISE),
	gsSPTexture(65535, 65535, 0, 0, 1),
	gsSPEndDisplayList(),
};

Gfx mat_revert_ccm_dl_floor[] = {
	gsDPPipeSync(),
	gsDPSetAlphaDither(G_AD_DISABLE),
	gsSPEndDisplayList(),
};

Gfx mat_ccm_dl_grass[] = {
	gsSPLightColor(LIGHT_1, 0xFFFFFFFF),
	gsSPLightColor(LIGHT_2, 0x7F7F7FFF),
	gsDPPipeSync(),
	gsDPSetCombineLERP(TEXEL0, 0, SHADE, 0, 0, 0, 0, ENVIRONMENT, TEXEL0, 0, SHADE, 0, 0, 0, 0, ENVIRONMENT),
	gsDPSetAlphaDither(G_AD_NOISE),
	gsDPSetTextureLUT(G_TT_RGBA16),
	gsSPTexture(65535, 65535, 0, 0, 1),
	gsDPSetTextureImage(G_IM_FMT_RGBA, G_IM_SIZ_16b, 1, ccm_dl_SUPER_MARIO_64_AEF22277_0_2_all_pal_rgba16),
	gsDPSetTile(0, 0, 0, 256, 5, 0, G_TX_WRAP | G_TX_NOMIRROR, 0, 0, G_TX_WRAP | G_TX_NOMIRROR, 0, 0),
	gsDPLoadTLUTCmd(5, 100),
	gsDPSetTextureImage(G_IM_FMT_CI, G_IM_SIZ_8b_LOAD_BLOCK, 1, ccm_dl_SUPER_MARIO_64_AEF22277_0_2_all_ci8),
	gsDPSetTile(G_IM_FMT_CI, G_IM_SIZ_8b_LOAD_BLOCK, 0, 0, 7, 0, G_TX_WRAP | G_TX_NOMIRROR, 0, 0, G_TX_WRAP | G_TX_NOMIRROR, 0, 0),
	gsDPLoadBlock(7, 0, 0, 511, 512),
	gsDPSetTile(G_IM_FMT_CI, G_IM_SIZ_8b, 4, 0, 0, 0, G_TX_WRAP | G_TX_NOMIRROR, 5, 0, G_TX_WRAP | G_TX_NOMIRROR, 5, 0),
	gsDPSetTileSize(0, 0, 0, 124, 124),
	gsSPEndDisplayList(),
};

Gfx mat_revert_ccm_dl_grass[] = {
	gsDPPipeSync(),
	gsDPSetAlphaDither(G_AD_DISABLE),
	gsDPSetTextureLUT(G_TT_NONE),
	gsSPEndDisplayList(),
};

Gfx mat_ccm_dl_grass_001[] = {
	gsSPLightColor(LIGHT_1, 0xFFFFFFFF),
	gsSPLightColor(LIGHT_2, 0x7F7F7FFF),
	gsDPPipeSync(),
	gsDPSetCombineLERP(TEXEL0, 0, SHADE, 0, 0, 0, 0, ENVIRONMENT, TEXEL0, 0, SHADE, 0, 0, 0, 0, ENVIRONMENT),
	gsDPSetAlphaDither(G_AD_NOISE),
	gsDPSetTextureLUT(G_TT_RGBA16),
	gsSPTexture(65535, 65535, 0, 0, 1),
	gsDPSetTextureImage(G_IM_FMT_RGBA, G_IM_SIZ_16b, 1, ccm_dl_SUPER_MARIO_64_AEF22277_0_2_all_pal_rgba16_copy),
	gsDPSetTile(0, 0, 0, 256, 5, 0, G_TX_WRAP | G_TX_NOMIRROR, 0, 0, G_TX_WRAP | G_TX_NOMIRROR, 0, 0),
	gsDPLoadTLUTCmd(5, 100),
	gsDPSetTextureImage(G_IM_FMT_CI, G_IM_SIZ_8b_LOAD_BLOCK, 1, ccm_dl_SUPER_MARIO_64_AEF22277_0_2_all_ci8_copy),
	gsDPSetTile(G_IM_FMT_CI, G_IM_SIZ_8b_LOAD_BLOCK, 0, 0, 7, 0, G_TX_WRAP | G_TX_NOMIRROR, 0, 0, G_TX_WRAP | G_TX_NOMIRROR, 0, 0),
	gsDPLoadBlock(7, 0, 0, 511, 512),
	gsDPSetTile(G_IM_FMT_CI, G_IM_SIZ_8b, 4, 0, 0, 0, G_TX_WRAP | G_TX_NOMIRROR, 5, 0, G_TX_WRAP | G_TX_NOMIRROR, 5, 0),
	gsDPSetTileSize(0, 0, 0, 124, 124),
	gsSPEndDisplayList(),
};

Gfx mat_revert_ccm_dl_grass_001[] = {
	gsDPPipeSync(),
	gsDPSetAlphaDither(G_AD_DISABLE),
	gsDPSetTextureLUT(G_TT_NONE),
	gsSPEndDisplayList(),
};

Gfx mat_ccm_dl_Fast3D_Material_019[] = {
	gsSPLightColor(LIGHT_1, 0xFFFFFFFF),
	gsSPLightColor(LIGHT_2, 0x7F7F7FFF),
	gsDPPipeSync(),
	gsDPSetCombineLERP(TEXEL0, 0, SHADE, 0, 0, 0, 0, ENVIRONMENT, TEXEL0, 0, SHADE, 0, 0, 0, 0, ENVIRONMENT),
	gsDPSetAlphaDither(G_AD_NOISE),
	gsSPTexture(65535, 65535, 0, 0, 1),
	gsDPSetTextureImage(G_IM_FMT_RGBA, G_IM_SIZ_16b_LOAD_BLOCK, 1, ccm_dl_SUPER_MARIO_64_5C3873C6_0_2_all_rgba16),
	gsDPSetTile(G_IM_FMT_RGBA, G_IM_SIZ_16b_LOAD_BLOCK, 0, 0, 7, 0, G_TX_WRAP | G_TX_NOMIRROR, 0, 0, G_TX_WRAP | G_TX_NOMIRROR, 0, 0),
	gsDPLoadBlock(7, 0, 0, 1023, 256),
	gsDPSetTile(G_IM_FMT_RGBA, G_IM_SIZ_16b, 8, 0, 0, 0, G_TX_WRAP | G_TX_NOMIRROR, 5, 0, G_TX_WRAP | G_TX_NOMIRROR, 5, 0),
	gsDPSetTileSize(0, 0, 0, 124, 124),
	gsSPEndDisplayList(),
};

Gfx mat_revert_ccm_dl_Fast3D_Material_019[] = {
	gsDPPipeSync(),
	gsDPSetAlphaDither(G_AD_DISABLE),
	gsSPEndDisplayList(),
};

Gfx mat_ccm_dl_Fast3D_Material[] = {
	gsSPLightColor(LIGHT_1, 0xFFFFFFFF),
	gsSPLightColor(LIGHT_2, 0x7F7F7FFF),
	gsDPPipeSync(),
	gsDPSetCombineLERP(TEXEL0, 0, SHADE, 0, 0, 0, 0, ENVIRONMENT, TEXEL0, 0, SHADE, 0, 0, 0, 0, ENVIRONMENT),
	gsDPSetAlphaDither(G_AD_NOISE),
	gsSPTexture(65535, 65535, 0, 0, 1),
	gsDPSetTextureImage(G_IM_FMT_RGBA, G_IM_SIZ_16b_LOAD_BLOCK, 1, ccm_dl_SUPER_MARIO_64_5C3873C6_0_2_all_rgba16_copy),
	gsDPSetTile(G_IM_FMT_RGBA, G_IM_SIZ_16b_LOAD_BLOCK, 0, 0, 7, 0, G_TX_WRAP | G_TX_NOMIRROR, 0, 0, G_TX_WRAP | G_TX_NOMIRROR, 0, 0),
	gsDPLoadBlock(7, 0, 0, 1023, 256),
	gsDPSetTile(G_IM_FMT_RGBA, G_IM_SIZ_16b, 8, 0, 0, 0, G_TX_WRAP | G_TX_NOMIRROR, 5, 0, G_TX_WRAP | G_TX_NOMIRROR, 5, 0),
	gsDPSetTileSize(0, 0, 0, 124, 124),
	gsSPEndDisplayList(),
};

Gfx mat_revert_ccm_dl_Fast3D_Material[] = {
	gsDPPipeSync(),
	gsDPSetAlphaDither(G_AD_DISABLE),
	gsSPEndDisplayList(),
};

Gfx mat_ccm_dl_Fast3D_Material_002[] = {
	gsSPLightColor(LIGHT_1, 0xFFFFFFFF),
	gsSPLightColor(LIGHT_2, 0x7F7F7FFF),
	gsDPPipeSync(),
	gsDPSetCombineLERP(TEXEL0, 0, SHADE, 0, 0, 0, 0, ENVIRONMENT, TEXEL0, 0, SHADE, 0, 0, 0, 0, ENVIRONMENT),
	gsDPSetAlphaDither(G_AD_NOISE),
	gsSPTexture(65535, 65535, 0, 0, 1),
	gsDPSetTextureImage(G_IM_FMT_RGBA, G_IM_SIZ_16b_LOAD_BLOCK, 1, ccm_dl_SUPER_MARIO_64_5C3873C6_0_2_all_rgba16_copy_copy),
	gsDPSetTile(G_IM_FMT_RGBA, G_IM_SIZ_16b_LOAD_BLOCK, 0, 0, 7, 0, G_TX_WRAP | G_TX_NOMIRROR, 0, 0, G_TX_WRAP | G_TX_NOMIRROR, 0, 0),
	gsDPLoadBlock(7, 0, 0, 1023, 256),
	gsDPSetTile(G_IM_FMT_RGBA, G_IM_SIZ_16b, 8, 0, 0, 0, G_TX_WRAP | G_TX_NOMIRROR, 5, 0, G_TX_WRAP | G_TX_NOMIRROR, 5, 0),
	gsDPSetTileSize(0, 0, 0, 124, 124),
	gsSPEndDisplayList(),
};

Gfx mat_revert_ccm_dl_Fast3D_Material_002[] = {
	gsDPPipeSync(),
	gsDPSetAlphaDither(G_AD_DISABLE),
	gsSPEndDisplayList(),
};

Gfx mat_ccm_dl_Fast3D_Material_003[] = {
	gsSPLightColor(LIGHT_1, 0xFFFFFFFF),
	gsSPLightColor(LIGHT_2, 0x7F7F7FFF),
	gsDPPipeSync(),
	gsDPSetCombineLERP(TEXEL0, 0, SHADE, 0, 0, 0, 0, ENVIRONMENT, TEXEL0, 0, SHADE, 0, 0, 0, 0, ENVIRONMENT),
	gsDPSetAlphaDither(G_AD_NOISE),
	gsSPTexture(65535, 65535, 0, 0, 1),
	gsDPSetTextureImage(G_IM_FMT_RGBA, G_IM_SIZ_16b_LOAD_BLOCK, 1, ccm_dl_SUPER_MARIO_64_5C3873C6_0_2_all_rgba16_copy_copy_copy),
	gsDPSetTile(G_IM_FMT_RGBA, G_IM_SIZ_16b_LOAD_BLOCK, 0, 0, 7, 0, G_TX_WRAP | G_TX_NOMIRROR, 0, 0, G_TX_WRAP | G_TX_NOMIRROR, 0, 0),
	gsDPLoadBlock(7, 0, 0, 1023, 256),
	gsDPSetTile(G_IM_FMT_RGBA, G_IM_SIZ_16b, 8, 0, 0, 0, G_TX_WRAP | G_TX_NOMIRROR, 5, 0, G_TX_WRAP | G_TX_NOMIRROR, 5, 0),
	gsDPSetTileSize(0, 0, 0, 124, 124),
	gsSPEndDisplayList(),
};

Gfx mat_revert_ccm_dl_Fast3D_Material_003[] = {
	gsDPPipeSync(),
	gsDPSetAlphaDither(G_AD_DISABLE),
	gsSPEndDisplayList(),
};

Gfx mat_ccm_dl_Fast3D_Material_004[] = {
	gsSPLightColor(LIGHT_1, 0xFFFFFFFF),
	gsSPLightColor(LIGHT_2, 0x7F7F7FFF),
	gsDPPipeSync(),
	gsDPSetCombineLERP(TEXEL0, 0, SHADE, 0, 0, 0, 0, ENVIRONMENT, TEXEL0, 0, SHADE, 0, 0, 0, 0, ENVIRONMENT),
	gsDPSetAlphaDither(G_AD_NOISE),
	gsSPTexture(65535, 65535, 0, 0, 1),
	gsDPSetTextureImage(G_IM_FMT_RGBA, G_IM_SIZ_16b_LOAD_BLOCK, 1, ccm_dl_SUPER_MARIO_64_5C3873C6_0_2_all_rgba16_copy_copy_copy_copy),
	gsDPSetTile(G_IM_FMT_RGBA, G_IM_SIZ_16b_LOAD_BLOCK, 0, 0, 7, 0, G_TX_WRAP | G_TX_NOMIRROR, 0, 0, G_TX_WRAP | G_TX_NOMIRROR, 0, 0),
	gsDPLoadBlock(7, 0, 0, 1023, 256),
	gsDPSetTile(G_IM_FMT_RGBA, G_IM_SIZ_16b, 8, 0, 0, 0, G_TX_WRAP | G_TX_NOMIRROR, 5, 0, G_TX_WRAP | G_TX_NOMIRROR, 5, 0),
	gsDPSetTileSize(0, 0, 0, 124, 124),
	gsSPEndDisplayList(),
};

Gfx mat_revert_ccm_dl_Fast3D_Material_004[] = {
	gsDPPipeSync(),
	gsDPSetAlphaDither(G_AD_DISABLE),
	gsSPEndDisplayList(),
};

Gfx mat_ccm_dl_Fast3D_Material_005[] = {
	gsSPLightColor(LIGHT_1, 0xFFFFFFFF),
	gsSPLightColor(LIGHT_2, 0x7F7F7FFF),
	gsDPPipeSync(),
	gsDPSetCombineLERP(TEXEL0, 0, SHADE, 0, 0, 0, 0, ENVIRONMENT, TEXEL0, 0, SHADE, 0, 0, 0, 0, ENVIRONMENT),
	gsDPSetAlphaDither(G_AD_NOISE),
	gsSPTexture(65535, 65535, 0, 0, 1),
	gsDPSetTextureImage(G_IM_FMT_RGBA, G_IM_SIZ_16b_LOAD_BLOCK, 1, ccm_dl_SUPER_MARIO_64_5C3873C6_0_2_all_rgba16_copy_copy_copy_copy_copy),
	gsDPSetTile(G_IM_FMT_RGBA, G_IM_SIZ_16b_LOAD_BLOCK, 0, 0, 7, 0, G_TX_WRAP | G_TX_NOMIRROR, 0, 0, G_TX_WRAP | G_TX_NOMIRROR, 0, 0),
	gsDPLoadBlock(7, 0, 0, 1023, 256),
	gsDPSetTile(G_IM_FMT_RGBA, G_IM_SIZ_16b, 8, 0, 0, 0, G_TX_WRAP | G_TX_NOMIRROR, 5, 0, G_TX_WRAP | G_TX_NOMIRROR, 5, 0),
	gsDPSetTileSize(0, 0, 0, 124, 124),
	gsSPEndDisplayList(),
};

Gfx mat_revert_ccm_dl_Fast3D_Material_005[] = {
	gsDPPipeSync(),
	gsDPSetAlphaDither(G_AD_DISABLE),
	gsSPEndDisplayList(),
};

Gfx mat_ccm_dl_Fast3D_Material_006[] = {
	gsSPLightColor(LIGHT_1, 0xFFFFFFFF),
	gsSPLightColor(LIGHT_2, 0x7F7F7FFF),
	gsDPPipeSync(),
	gsDPSetCombineLERP(TEXEL0, 0, SHADE, 0, 0, 0, 0, ENVIRONMENT, TEXEL0, 0, SHADE, 0, 0, 0, 0, ENVIRONMENT),
	gsDPSetAlphaDither(G_AD_NOISE),
	gsSPTexture(65535, 65535, 0, 0, 1),
	gsDPSetTextureImage(G_IM_FMT_RGBA, G_IM_SIZ_16b_LOAD_BLOCK, 1, ccm_dl_SUPER_MARIO_64_5C3873C6_0_2_all_rgba16_copy_copy_copy_copy_copy_copy),
	gsDPSetTile(G_IM_FMT_RGBA, G_IM_SIZ_16b_LOAD_BLOCK, 0, 0, 7, 0, G_TX_WRAP | G_TX_NOMIRROR, 0, 0, G_TX_WRAP | G_TX_NOMIRROR, 0, 0),
	gsDPLoadBlock(7, 0, 0, 1023, 256),
	gsDPSetTile(G_IM_FMT_RGBA, G_IM_SIZ_16b, 8, 0, 0, 0, G_TX_WRAP | G_TX_NOMIRROR, 5, 0, G_TX_WRAP | G_TX_NOMIRROR, 5, 0),
	gsDPSetTileSize(0, 0, 0, 124, 124),
	gsSPEndDisplayList(),
};

Gfx mat_revert_ccm_dl_Fast3D_Material_006[] = {
	gsDPPipeSync(),
	gsDPSetAlphaDither(G_AD_DISABLE),
	gsSPEndDisplayList(),
};

Gfx mat_ccm_dl_Fast3D_Material_007[] = {
	gsSPLightColor(LIGHT_1, 0xFFFFFFFF),
	gsSPLightColor(LIGHT_2, 0x7F7F7FFF),
	gsDPPipeSync(),
	gsDPSetCombineLERP(TEXEL0, 0, SHADE, 0, 0, 0, 0, ENVIRONMENT, TEXEL0, 0, SHADE, 0, 0, 0, 0, ENVIRONMENT),
	gsDPSetAlphaDither(G_AD_NOISE),
	gsSPTexture(65535, 65535, 0, 0, 1),
	gsDPSetTextureImage(G_IM_FMT_RGBA, G_IM_SIZ_16b_LOAD_BLOCK, 1, ccm_dl_SUPER_MARIO_64_5C3873C6_0_2_all_rgba16_copy_copy_copy_copy_copy_copy_copy),
	gsDPSetTile(G_IM_FMT_RGBA, G_IM_SIZ_16b_LOAD_BLOCK, 0, 0, 7, 0, G_TX_WRAP | G_TX_NOMIRROR, 0, 0, G_TX_WRAP | G_TX_NOMIRROR, 0, 0),
	gsDPLoadBlock(7, 0, 0, 1023, 256),
	gsDPSetTile(G_IM_FMT_RGBA, G_IM_SIZ_16b, 8, 0, 0, 0, G_TX_WRAP | G_TX_NOMIRROR, 5, 0, G_TX_WRAP | G_TX_NOMIRROR, 5, 0),
	gsDPSetTileSize(0, 0, 0, 124, 124),
	gsSPEndDisplayList(),
};

Gfx mat_revert_ccm_dl_Fast3D_Material_007[] = {
	gsDPPipeSync(),
	gsDPSetAlphaDither(G_AD_DISABLE),
	gsSPEndDisplayList(),
};

Gfx mat_ccm_dl_Fast3D_Material_008[] = {
	gsSPLightColor(LIGHT_1, 0xFFFFFFFF),
	gsSPLightColor(LIGHT_2, 0x7F7F7FFF),
	gsDPPipeSync(),
	gsDPSetCombineLERP(TEXEL0, 0, SHADE, 0, 0, 0, 0, ENVIRONMENT, TEXEL0, 0, SHADE, 0, 0, 0, 0, ENVIRONMENT),
	gsDPSetAlphaDither(G_AD_NOISE),
	gsSPTexture(65535, 65535, 0, 0, 1),
	gsDPSetTextureImage(G_IM_FMT_RGBA, G_IM_SIZ_16b_LOAD_BLOCK, 1, ccm_dl_SUPER_MARIO_64_5C3873C6_0_2_all_rgba16_copy_copy_copy_copy_copy_copy_copy_copy),
	gsDPSetTile(G_IM_FMT_RGBA, G_IM_SIZ_16b_LOAD_BLOCK, 0, 0, 7, 0, G_TX_WRAP | G_TX_NOMIRROR, 0, 0, G_TX_WRAP | G_TX_NOMIRROR, 0, 0),
	gsDPLoadBlock(7, 0, 0, 1023, 256),
	gsDPSetTile(G_IM_FMT_RGBA, G_IM_SIZ_16b, 8, 0, 0, 0, G_TX_WRAP | G_TX_NOMIRROR, 5, 0, G_TX_WRAP | G_TX_NOMIRROR, 5, 0),
	gsDPSetTileSize(0, 0, 0, 124, 124),
	gsSPEndDisplayList(),
};

Gfx mat_revert_ccm_dl_Fast3D_Material_008[] = {
	gsDPPipeSync(),
	gsDPSetAlphaDither(G_AD_DISABLE),
	gsSPEndDisplayList(),
};

Gfx mat_ccm_dl_Fast3D_Material_009[] = {
	gsSPLightColor(LIGHT_1, 0xFFFFFFFF),
	gsSPLightColor(LIGHT_2, 0x7F7F7FFF),
	gsDPPipeSync(),
	gsDPSetCombineLERP(TEXEL0, 0, SHADE, 0, 0, 0, 0, ENVIRONMENT, TEXEL0, 0, SHADE, 0, 0, 0, 0, ENVIRONMENT),
	gsDPSetAlphaDither(G_AD_NOISE),
	gsSPTexture(65535, 65535, 0, 0, 1),
	gsDPSetTextureImage(G_IM_FMT_RGBA, G_IM_SIZ_16b_LOAD_BLOCK, 1, ccm_dl_SUPER_MARIO_64_5C3873C6_0_2_all_rgba16_copy_copy_copy_copy_copy_copy_copy_copy_copy),
	gsDPSetTile(G_IM_FMT_RGBA, G_IM_SIZ_16b_LOAD_BLOCK, 0, 0, 7, 0, G_TX_WRAP | G_TX_NOMIRROR, 0, 0, G_TX_WRAP | G_TX_NOMIRROR, 0, 0),
	gsDPLoadBlock(7, 0, 0, 1023, 256),
	gsDPSetTile(G_IM_FMT_RGBA, G_IM_SIZ_16b, 8, 0, 0, 0, G_TX_WRAP | G_TX_NOMIRROR, 5, 0, G_TX_WRAP | G_TX_NOMIRROR, 5, 0),
	gsDPSetTileSize(0, 0, 0, 124, 124),
	gsSPEndDisplayList(),
};

Gfx mat_revert_ccm_dl_Fast3D_Material_009[] = {
	gsDPPipeSync(),
	gsDPSetAlphaDither(G_AD_DISABLE),
	gsSPEndDisplayList(),
};

Gfx mat_ccm_dl_Fast3D_Material_011[] = {
	gsSPLightColor(LIGHT_1, 0xFFFFFFFF),
	gsSPLightColor(LIGHT_2, 0x7F7F7FFF),
	gsDPPipeSync(),
	gsDPSetCombineLERP(TEXEL0, 0, SHADE, 0, 0, 0, 0, ENVIRONMENT, TEXEL0, 0, SHADE, 0, 0, 0, 0, ENVIRONMENT),
	gsDPSetAlphaDither(G_AD_NOISE),
	gsSPTexture(65535, 65535, 0, 0, 1),
	gsDPSetTextureImage(G_IM_FMT_RGBA, G_IM_SIZ_16b_LOAD_BLOCK, 1, ccm_dl_SUPER_MARIO_64_5C3873C6_0_2_all_rgba16_copy_copy_copy_copy_copy_copy_copy_copy_copy_copy),
	gsDPSetTile(G_IM_FMT_RGBA, G_IM_SIZ_16b_LOAD_BLOCK, 0, 0, 7, 0, G_TX_WRAP | G_TX_NOMIRROR, 0, 0, G_TX_WRAP | G_TX_NOMIRROR, 0, 0),
	gsDPLoadBlock(7, 0, 0, 1023, 256),
	gsDPSetTile(G_IM_FMT_RGBA, G_IM_SIZ_16b, 8, 0, 0, 0, G_TX_WRAP | G_TX_NOMIRROR, 5, 0, G_TX_WRAP | G_TX_NOMIRROR, 5, 0),
	gsDPSetTileSize(0, 0, 0, 124, 124),
	gsSPEndDisplayList(),
};

Gfx mat_revert_ccm_dl_Fast3D_Material_011[] = {
	gsDPPipeSync(),
	gsDPSetAlphaDither(G_AD_DISABLE),
	gsSPEndDisplayList(),
};

Gfx mat_ccm_dl_Fast3D_Material_013[] = {
	gsSPLightColor(LIGHT_1, 0xFFFFFFFF),
	gsSPLightColor(LIGHT_2, 0x7F7F7FFF),
	gsDPPipeSync(),
	gsDPSetCombineLERP(TEXEL0, 0, SHADE, 0, 0, 0, 0, ENVIRONMENT, TEXEL0, 0, SHADE, 0, 0, 0, 0, ENVIRONMENT),
	gsDPSetAlphaDither(G_AD_NOISE),
	gsSPTexture(65535, 65535, 0, 0, 1),
	gsDPSetTextureImage(G_IM_FMT_RGBA, G_IM_SIZ_16b_LOAD_BLOCK, 1, ccm_dl_SUPER_MARIO_64_5C3873C6_0_2_all_rgba16_copy_copy_copy_copy_copy_copy_copy_copy_copy_copy_copy),
	gsDPSetTile(G_IM_FMT_RGBA, G_IM_SIZ_16b_LOAD_BLOCK, 0, 0, 7, 0, G_TX_WRAP | G_TX_NOMIRROR, 0, 0, G_TX_WRAP | G_TX_NOMIRROR, 0, 0),
	gsDPLoadBlock(7, 0, 0, 1023, 256),
	gsDPSetTile(G_IM_FMT_RGBA, G_IM_SIZ_16b, 8, 0, 0, 0, G_TX_WRAP | G_TX_NOMIRROR, 5, 0, G_TX_WRAP | G_TX_NOMIRROR, 5, 0),
	gsDPSetTileSize(0, 0, 0, 124, 124),
	gsSPEndDisplayList(),
};

Gfx mat_revert_ccm_dl_Fast3D_Material_013[] = {
	gsDPPipeSync(),
	gsDPSetAlphaDither(G_AD_DISABLE),
	gsSPEndDisplayList(),
};

Gfx mat_ccm_dl_Fast3D_Material_020[] = {
	gsSPLightColor(LIGHT_1, 0xFFFFFFFF),
	gsSPLightColor(LIGHT_2, 0x7F7F7FFF),
	gsDPPipeSync(),
	gsDPSetCombineLERP(TEXEL0, 0, SHADE, 0, 0, 0, 0, ENVIRONMENT, TEXEL0, 0, SHADE, 0, 0, 0, 0, ENVIRONMENT),
	gsDPSetAlphaDither(G_AD_NOISE),
	gsSPTexture(65535, 65535, 0, 0, 1),
	gsDPSetTextureImage(G_IM_FMT_RGBA, G_IM_SIZ_16b_LOAD_BLOCK, 1, ccm_dl_SUPER_MARIO_64_5C3873C6_0_2_all_rgba16_copy_copy_copy_copy_copy_copy_copy_copy_copy_copy_copy_copy),
	gsDPSetTile(G_IM_FMT_RGBA, G_IM_SIZ_16b_LOAD_BLOCK, 0, 0, 7, 0, G_TX_WRAP | G_TX_NOMIRROR, 0, 0, G_TX_WRAP | G_TX_NOMIRROR, 0, 0),
	gsDPLoadBlock(7, 0, 0, 1023, 256),
	gsDPSetTile(G_IM_FMT_RGBA, G_IM_SIZ_16b, 8, 0, 0, 0, G_TX_WRAP | G_TX_NOMIRROR, 5, 0, G_TX_WRAP | G_TX_NOMIRROR, 5, 0),
	gsDPSetTileSize(0, 0, 0, 124, 124),
	gsSPEndDisplayList(),
};

Gfx mat_revert_ccm_dl_Fast3D_Material_020[] = {
	gsDPPipeSync(),
	gsDPSetAlphaDither(G_AD_DISABLE),
	gsSPEndDisplayList(),
};

Gfx mat_ccm_dl_Fast3D_Material_001[] = {
	gsDPPipeSync(),
	gsDPSetCombineLERP(0, 0, 0, TEXEL0, 0, 0, 0, ENVIRONMENT, 0, 0, 0, TEXEL0, 0, 0, 0, ENVIRONMENT),
	gsDPSetAlphaDither(G_AD_NOISE),
	gsDPSetTextureLUT(G_TT_RGBA16),
	gsSPTexture(65535, 65535, 0, 0, 1),
	gsDPSetTextureImage(G_IM_FMT_RGBA, G_IM_SIZ_16b, 1, ccm_dl_SUPER_MARIO_64_92A6E121_0_2_all_pal_rgba16),
	gsDPSetTile(0, 0, 0, 256, 5, 0, G_TX_WRAP | G_TX_NOMIRROR, 0, 0, G_TX_WRAP | G_TX_NOMIRROR, 0, 0),
	gsDPLoadTLUTCmd(5, 94),
	gsDPSetTextureImage(G_IM_FMT_CI, G_IM_SIZ_8b_LOAD_BLOCK, 1, ccm_dl_SUPER_MARIO_64_92A6E121_0_2_all_ci8),
	gsDPSetTile(G_IM_FMT_CI, G_IM_SIZ_8b_LOAD_BLOCK, 0, 0, 7, 0, G_TX_WRAP | G_TX_NOMIRROR, 0, 0, G_TX_WRAP | G_TX_NOMIRROR, 0, 0),
	gsDPLoadBlock(7, 0, 0, 511, 512),
	gsDPSetTile(G_IM_FMT_CI, G_IM_SIZ_8b, 4, 0, 0, 0, G_TX_WRAP | G_TX_MIRROR, 5, 0, G_TX_WRAP | G_TX_MIRROR, 5, 0),
	gsDPSetTileSize(0, 0, 0, 124, 124),
	gsSPEndDisplayList(),
};

Gfx mat_revert_ccm_dl_Fast3D_Material_001[] = {
	gsDPPipeSync(),
	gsDPSetAlphaDither(G_AD_DISABLE),
	gsDPSetTextureLUT(G_TT_NONE),
	gsSPEndDisplayList(),
};

Gfx ccm_dl_level_mesh_mesh_layer_1[] = {
	gsSPDisplayList(mat_ccm_dl_walls),
	gsSPDisplayList(ccm_dl_level_mesh_mesh_layer_1_tri_0),
	gsSPDisplayList(mat_revert_ccm_dl_walls),
	gsSPDisplayList(mat_ccm_dl_floor),
	gsSPDisplayList(ccm_dl_level_mesh_mesh_layer_1_tri_1),
	gsSPDisplayList(mat_revert_ccm_dl_floor),
	gsSPEndDisplayList(),
};

Gfx ccm_dl_level_mesh_001_mesh_layer_1[] = {
	gsSPDisplayList(mat_ccm_dl_grass),
	gsSPDisplayList(ccm_dl_level_mesh_001_mesh_layer_1_tri_0),
	gsSPDisplayList(mat_revert_ccm_dl_grass),
	gsSPDisplayList(mat_ccm_dl_grass_001),
	gsSPDisplayList(ccm_dl_level_mesh_001_mesh_layer_1_tri_1),
	gsSPDisplayList(mat_revert_ccm_dl_grass_001),
	gsDPPipeSync(),
	gsSPSetGeometryMode(G_LIGHTING),
	gsSPClearGeometryMode(G_TEXTURE_GEN),
	gsDPSetCombineLERP(0, 0, 0, SHADE, 0, 0, 0, ENVIRONMENT, 0, 0, 0, SHADE, 0, 0, 0, ENVIRONMENT),
	gsSPTexture(65535, 65535, 0, 0, 0),
	gsDPSetEnvColor(255, 255, 255, 255),
	gsDPSetAlphaCompare(G_AC_NONE),
	gsSPEndDisplayList(),
};

Gfx ccm_dl_parkourcube_018_mesh_layer_1[] = {
	gsSPClearGeometryMode(G_LIGHTING),
	gsSPVertex(ccm_dl_parkourcube_018_mesh_layer_1_vtx_cull + 0, 8, 0),
	gsSPSetGeometryMode(G_LIGHTING),
	gsSPCullDisplayList(0, 7),
	gsSPDisplayList(mat_ccm_dl_Fast3D_Material_019),
	gsSPDisplayList(ccm_dl_parkourcube_018_mesh_layer_1_tri_0),
	gsSPDisplayList(mat_revert_ccm_dl_Fast3D_Material_019),
	gsSPDisplayList(mat_ccm_dl_Fast3D_Material),
	gsSPDisplayList(ccm_dl_parkourcube_018_mesh_layer_1_tri_1),
	gsSPDisplayList(mat_revert_ccm_dl_Fast3D_Material),
	gsSPDisplayList(mat_ccm_dl_Fast3D_Material_002),
	gsSPDisplayList(ccm_dl_parkourcube_018_mesh_layer_1_tri_2),
	gsSPDisplayList(mat_revert_ccm_dl_Fast3D_Material_002),
	gsSPDisplayList(mat_ccm_dl_Fast3D_Material_003),
	gsSPDisplayList(ccm_dl_parkourcube_018_mesh_layer_1_tri_3),
	gsSPDisplayList(mat_revert_ccm_dl_Fast3D_Material_003),
	gsSPDisplayList(mat_ccm_dl_Fast3D_Material_004),
	gsSPDisplayList(ccm_dl_parkourcube_018_mesh_layer_1_tri_4),
	gsSPDisplayList(mat_revert_ccm_dl_Fast3D_Material_004),
	gsSPDisplayList(mat_ccm_dl_Fast3D_Material_005),
	gsSPDisplayList(ccm_dl_parkourcube_018_mesh_layer_1_tri_5),
	gsSPDisplayList(mat_revert_ccm_dl_Fast3D_Material_005),
	gsSPDisplayList(mat_ccm_dl_Fast3D_Material_006),
	gsSPDisplayList(ccm_dl_parkourcube_018_mesh_layer_1_tri_6),
	gsSPDisplayList(mat_revert_ccm_dl_Fast3D_Material_006),
	gsSPDisplayList(mat_ccm_dl_Fast3D_Material_007),
	gsSPDisplayList(ccm_dl_parkourcube_018_mesh_layer_1_tri_7),
	gsSPDisplayList(mat_revert_ccm_dl_Fast3D_Material_007),
	gsSPDisplayList(mat_ccm_dl_Fast3D_Material_008),
	gsSPDisplayList(ccm_dl_parkourcube_018_mesh_layer_1_tri_8),
	gsSPDisplayList(mat_revert_ccm_dl_Fast3D_Material_008),
	gsSPDisplayList(mat_ccm_dl_Fast3D_Material_009),
	gsSPDisplayList(ccm_dl_parkourcube_018_mesh_layer_1_tri_9),
	gsSPDisplayList(mat_revert_ccm_dl_Fast3D_Material_009),
	gsSPDisplayList(mat_ccm_dl_Fast3D_Material_011),
	gsSPDisplayList(ccm_dl_parkourcube_018_mesh_layer_1_tri_10),
	gsSPDisplayList(mat_revert_ccm_dl_Fast3D_Material_011),
	gsSPDisplayList(mat_ccm_dl_Fast3D_Material_013),
	gsSPDisplayList(ccm_dl_parkourcube_018_mesh_layer_1_tri_11),
	gsSPDisplayList(mat_revert_ccm_dl_Fast3D_Material_013),
	gsSPDisplayList(mat_ccm_dl_Fast3D_Material_020),
	gsSPDisplayList(ccm_dl_parkourcube_018_mesh_layer_1_tri_12),
	gsSPDisplayList(mat_revert_ccm_dl_Fast3D_Material_020),
	gsSPEndDisplayList(),
};

Gfx ccm_dl_parkourskybox_mesh_layer_1[] = {
	gsSPClearGeometryMode(G_LIGHTING),
	gsSPVertex(ccm_dl_parkourskybox_mesh_layer_1_vtx_cull + 0, 8, 0),
	gsSPSetGeometryMode(G_LIGHTING),
	gsSPCullDisplayList(0, 7),
	gsSPDisplayList(mat_ccm_dl_Fast3D_Material_001),
	gsSPDisplayList(ccm_dl_parkourskybox_mesh_layer_1_tri_0),
	gsSPDisplayList(mat_revert_ccm_dl_Fast3D_Material_001),
	gsDPPipeSync(),
	gsSPSetGeometryMode(G_LIGHTING),
	gsSPClearGeometryMode(G_TEXTURE_GEN),
	gsDPSetCombineLERP(0, 0, 0, SHADE, 0, 0, 0, ENVIRONMENT, 0, 0, 0, SHADE, 0, 0, 0, ENVIRONMENT),
	gsSPTexture(65535, 65535, 0, 0, 0),
	gsDPSetEnvColor(255, 255, 255, 255),
	gsDPSetAlphaCompare(G_AC_NONE),
	gsSPEndDisplayList(),
};

