Gfx wf_dl_cardboard32_ci8_aligner[] = {gsSPEndDisplayList()};
u8 wf_dl_cardboard32_ci8[] = {
	0x00, 0x01, 0x01, 0x00, 0x00, 0x00, 0x02, 0x03, 
	0x02, 0x02, 0x04, 0x04, 0x05, 0x02, 0x05, 0x02, 
	0x02, 0x06, 0x07, 0x02, 0x06, 0x06, 0x05, 0x02, 
	0x07, 0x05, 0x03, 0x02, 0x02, 0x02, 0x03, 0x00, 
	0x00, 0x08, 0x01, 0x01, 0x00, 0x03, 0x03, 0x03, 
	0x02, 0x02, 0x06, 0x04, 0x02, 0x02, 0x04, 0x02, 
	0x02, 0x05, 0x02, 0x02, 0x04, 0x05, 0x06, 0x02, 
	0x06, 0x06, 0x03, 0x00, 0x00, 0x02, 0x02, 0x00, 
	0x00, 0x08, 0x01, 0x00, 0x00, 0x03, 0x02, 0x02, 
	0x09, 0x03, 0x02, 0x02, 0x0a, 0x02, 0x04, 0x06, 
	0x02, 0x07, 0x02, 0x02, 0x04, 0x05, 0x06, 0x02, 
	0x06, 0x05, 0x03, 0x03, 0x03, 0x02, 0x03, 0x00, 
	0x00, 0x08, 0x00, 0x00, 0x00, 0x03, 0x02, 0x02, 
	0x00, 0x03, 0x02, 0x02, 0x0a, 0x02, 0x04, 0x04, 
	0x02, 0x05, 0x02, 0x02, 0x04, 0x06, 0x02, 0x06, 
	0x06, 0x04, 0x03, 0x03, 0x03, 0x02, 0x09, 0x00, 
	0x00, 0x01, 0x00, 0x09, 0x00, 0x00, 0x03, 0x03, 
	0x09, 0x02, 0x02, 0x02, 0x02, 0x02, 0x04, 0x0a, 
	0x02, 0x04, 0x06, 0x02, 0x02, 0x04, 0x04, 0x02, 
	0x06, 0x06, 0x02, 0x03, 0x09, 0x03, 0x09, 0x00, 
	0x00, 0x01, 0x00, 0x00, 0x00, 0x00, 0x09, 0x03, 
	0x09, 0x02, 0x0a, 0x02, 0x02, 0x03, 0x02, 0x02, 
	0x02, 0x02, 0x02, 0x02, 0x02, 0x04, 0x05, 0x02, 
	0x02, 0x04, 0x02, 0x03, 0x00, 0x03, 0x00, 0x00, 
	0x09, 0x08, 0x01, 0x00, 0x03, 0x00, 0x03, 0x02, 
	0x09, 0x02, 0x02, 0x03, 0x03, 0x02, 0x02, 0x02, 
	0x03, 0x02, 0x02, 0x02, 0x02, 0x04, 0x05, 0x02, 
	0x02, 0x02, 0x03, 0x03, 0x00, 0x09, 0x01, 0x00, 
	0x00, 0x01, 0x09, 0x09, 0x09, 0x00, 0x02, 0x02, 
	0x09, 0x02, 0x02, 0x02, 0x02, 0x00, 0x02, 0x02, 
	0x03, 0x02, 0x02, 0x02, 0x02, 0x02, 0x04, 0x02, 
	0x02, 0x02, 0x02, 0x03, 0x09, 0x09, 0x01, 0x00, 
	0x09, 0x08, 0x00, 0x00, 0x09, 0x00, 0x03, 0x03, 
	0x09, 0x02, 0x02, 0x02, 0x03, 0x02, 0x02, 0x02, 
	0x03, 0x02, 0x02, 0x03, 0x02, 0x0a, 0x06, 0x02, 
	0x02, 0x02, 0x03, 0x00, 0x00, 0x09, 0x01, 0x01, 
	0x09, 0x08, 0x09, 0x00, 0x09, 0x00, 0x03, 0x03, 
	0x09, 0x03, 0x02, 0x02, 0x02, 0x02, 0x02, 0x02, 
	0x02, 0x02, 0x02, 0x03, 0x02, 0x02, 0x02, 0x02, 
	0x02, 0x02, 0x03, 0x00, 0x00, 0x00, 0x00, 0x00, 
	0x09, 0x08, 0x01, 0x09, 0x00, 0x00, 0x03, 0x03, 
	0x09, 0x02, 0x02, 0x02, 0x02, 0x02, 0x02, 0x03, 
	0x03, 0x02, 0x03, 0x02, 0x02, 0x02, 0x02, 0x02, 
	0x02, 0x02, 0x00, 0x01, 0x01, 0x00, 0x00, 0x00, 
	0x00, 0x01, 0x01, 0x09, 0x00, 0x00, 0x09, 0x03, 
	0x09, 0x00, 0x09, 0x02, 0x02, 0x09, 0x03, 0x03, 
	0x00, 0x02, 0x02, 0x02, 0x02, 0x02, 0x06, 0x02, 
	0x02, 0x02, 0x00, 0x01, 0x00, 0x00, 0x01, 0x01, 
	0x09, 0x01, 0x01, 0x09, 0x00, 0x00, 0x09, 0x09, 
	0x09, 0x00, 0x00, 0x02, 0x02, 0x00, 0x02, 0x02, 
	0x00, 0x02, 0x02, 0x02, 0x02, 0x02, 0x06, 0x02, 
	0x03, 0x02, 0x00, 0x01, 0x00, 0x00, 0x01, 0x00, 
	0x03, 0x01, 0x01, 0x00, 0x00, 0x00, 0x03, 0x02, 
	0x09, 0x00, 0x03, 0x03, 0x02, 0x03, 0x03, 0x03, 
	0x00, 0x02, 0x02, 0x03, 0x03, 0x09, 0x02, 0x03, 
	0x02, 0x02, 0x00, 0x00, 0x00, 0x01, 0x01, 0x01, 
	0x09, 0x01, 0x01, 0x09, 0x00, 0x00, 0x09, 0x03, 
	0x00, 0x03, 0x03, 0x03, 0x03, 0x09, 0x02, 0x03, 
	0x03, 0x02, 0x02, 0x03, 0x03, 0x02, 0x04, 0x03, 
	0x02, 0x03, 0x00, 0x01, 0x00, 0x01, 0x01, 0x01, 
	0x00, 0x08, 0x01, 0x09, 0x00, 0x01, 0x03, 0x02, 
	0x09, 0x09, 0x03, 0x03, 0x09, 0x01, 0x03, 0x02, 
	0x00, 0x02, 0x02, 0x03, 0x03, 0x03, 0x02, 0x09, 
	0x03, 0x03, 0x00, 0x01, 0x00, 0x01, 0x08, 0x01, 
	0x00, 0x0b, 0x01, 0x09, 0x01, 0x00, 0x00, 0x02, 
	0x09, 0x03, 0x09, 0x03, 0x00, 0x00, 0x03, 0x03, 
	0x00, 0x03, 0x03, 0x09, 0x03, 0x03, 0x02, 0x09, 
	0x00, 0x03, 0x00, 0x01, 0x00, 0x08, 0x0c, 0x0b, 
	0x00, 0x08, 0x01, 0x00, 0x01, 0x01, 0x09, 0x03, 
	0x09, 0x03, 0x09, 0x03, 0x00, 0x00, 0x03, 0x03, 
	0x00, 0x02, 0x03, 0x00, 0x03, 0x00, 0x02, 0x03, 
	0x00, 0x03, 0x00, 0x01, 0x01, 0x01, 0x08, 0x01, 
	0x00, 0x08, 0x01, 0x00, 0x01, 0x01, 0x00, 0x03, 
	0x09, 0x09, 0x09, 0x03, 0x09, 0x00, 0x03, 0x03, 
	0x00, 0x03, 0x09, 0x00, 0x09, 0x00, 0x03, 0x03, 
	0x09, 0x03, 0x00, 0x01, 0x01, 0x08, 0x08, 0x0b, 
	0x01, 0x0c, 0x01, 0x00, 0x01, 0x01, 0x00, 0x09, 
	0x09, 0x09, 0x03, 0x03, 0x03, 0x00, 0x03, 0x09, 
	0x01, 0x00, 0x03, 0x09, 0x09, 0x00, 0x02, 0x09, 
	0x00, 0x09, 0x00, 0x01, 0x01, 0x0b, 0x08, 0x0b, 
	0x00, 0x0d, 0x01, 0x01, 0x00, 0x00, 0x01, 0x00, 
	0x09, 0x09, 0x03, 0x09, 0x09, 0x00, 0x03, 0x09, 
	0x01, 0x03, 0x03, 0x09, 0x00, 0x00, 0x00, 0x00, 
	0x08, 0x00, 0x01, 0x08, 0x01, 0x0b, 0x0b, 0x0c, 
	0x00, 0x0b, 0x01, 0x00, 0x01, 0x01, 0x01, 0x00, 
	0x09, 0x00, 0x00, 0x09, 0x09, 0x01, 0x03, 0x03, 
	0x01, 0x03, 0x09, 0x01, 0x00, 0x01, 0x09, 0x00, 
	0x08, 0x00, 0x00, 0x0b, 0x08, 0x0c, 0x0c, 0x0b, 
	0x08, 0x0c, 0x08, 0x00, 0x01, 0x01, 0x01, 0x00, 
	0x00, 0x00, 0x00, 0x00, 0x00, 0x01, 0x03, 0x02, 
	0x01, 0x03, 0x09, 0x00, 0x00, 0x00, 0x00, 0x00, 
	0x0b, 0x00, 0x01, 0x0b, 0x01, 0x0b, 0x0b, 0x0b, 
	0x08, 0x0e, 0x0c, 0x00, 0x0b, 0x0b, 0x00, 0x00, 
	0x01, 0x00, 0x00, 0x03, 0x00, 0x08, 0x03, 0x09, 
	0x01, 0x03, 0x09, 0x00, 0x01, 0x01, 0x00, 0x00, 
	0x0b, 0x00, 0x0b, 0x0b, 0x01, 0x0c, 0x0b, 0x0b, 
	0x01, 0x0e, 0x0c, 0x01, 0x0b, 0x0b, 0x01, 0x00, 
	0x01, 0x01, 0x00, 0x00, 0x00, 0x08, 0x09, 0x00, 
	0x01, 0x00, 0x00, 0x00, 0x00, 0x01, 0x00, 0x01, 
	0x01, 0x00, 0x01, 0x0b, 0x0b, 0x0c, 0x0b, 0x0c, 
	0x01, 0x0e, 0x0b, 0x01, 0x0b, 0x0b, 0x01, 0x01, 
	0x0b, 0x08, 0x00, 0x01, 0x00, 0x08, 0x00, 0x00, 
	0x01, 0x01, 0x01, 0x01, 0x01, 0x08, 0x00, 0x00, 
	0x0b, 0x00, 0x0b, 0x0c, 0x0b, 0x0c, 0x0b, 0x0c, 
	0x01, 0x0e, 0x0c, 0x08, 0x0b, 0x0b, 0x01, 0x01, 
	0x08, 0x01, 0x01, 0x00, 0x08, 0x0b, 0x01, 0x01, 
	0x0b, 0x01, 0x01, 0x01, 0x01, 0x01, 0x00, 0x01, 
	0x0b, 0x01, 0x0b, 0x0c, 0x0e, 0x0c, 0x0c, 0x0f, 
	0x08, 0x0c, 0x0c, 0x08, 0x0b, 0x0b, 0x08, 0x01, 
	0x0b, 0x01, 0x01, 0x01, 0x08, 0x0b, 0x01, 0x00, 
	0x08, 0x00, 0x01, 0x08, 0x08, 0x0b, 0x00, 0x10, 
	0x0b, 0x01, 0x0b, 0x0c, 0x0c, 0x0e, 0x0c, 0x0f, 
	0x0c, 0x0f, 0x0c, 0x0b, 0x0b, 0x0c, 0x0b, 0x00, 
	0x08, 0x08, 0x08, 0x08, 0x01, 0x08, 0x01, 0x00, 
	0x08, 0x01, 0x08, 0x08, 0x08, 0x0b, 0x00, 0x0b, 
	0x0b, 0x00, 0x0b, 0x0c, 0x0b, 0x0f, 0x0c, 0x0e, 
	0x0b, 0x11, 0x0f, 0x0c, 0x0c, 0x0e, 0x0b, 0x08, 
	0x08, 0x08, 0x08, 0x08, 0x08, 0x08, 0x01, 0x08, 
	0x0b, 0x00, 0x01, 0x01, 0x0b, 0x0c, 0x01, 0x08, 
	0x0c, 0x01, 0x0c, 0x0c, 0x0c, 0x11, 0x0c, 0x0f, 
	0x0b, 0x0f, 0x0c, 0x0c, 0x0e, 0x0e, 0x0b, 0x01, 
	0x08, 0x08, 0x08, 0x08, 0x08, 0x08, 0x01, 0x08, 
	0x0b, 0x01, 0x08, 0x08, 0x08, 0x0c, 0x01, 0x01, 
	0x0c, 0x01, 0x0b, 0x0c, 0x0c, 0x11, 0x0f, 0x0f, 
	0x0b, 0x11, 0x0c, 0x0e, 0x0e, 0x0e, 0x0b, 0x01, 
	0x0d, 0x08, 0x08, 0x01, 0x08, 0x0c, 0x01, 0x01, 
	0x0b, 0x01, 0x0b, 0x08, 0x08, 0x0c, 0x01, 0x01, 
	0x0c, 0x08, 0x0b, 0x0c, 0x0c, 0x11, 0x0f, 0x0f, 
	
};

Gfx wf_dl_cardboard32_pal_rgba16_aligner[] = {gsSPEndDisplayList()};
u8 wf_dl_cardboard32_pal_rgba16[] = {
	0xc5, 0x1f, 0xc5, 0x1d, 0xcd, 0x61, 0xcd, 0x5f, 
	0xd5, 0xa1, 0xd5, 0xa3, 0xcd, 0xa1, 0xcd, 0xa3, 
	0xc4, 0xdd, 0xcd, 0x1f, 0xd5, 0x61, 0xbc, 0xdd, 
	0xbc, 0xdb, 0xc4, 0xdb, 0xbc, 0x9b, 0xb4, 0x9b, 
	0xbd, 0x1d, 0xb4, 0x99, 
};

Gfx wf_dl_SUPER_MARIO_64_8296D820_0_2_all_ci8_aligner[] = {gsSPEndDisplayList()};
u8 wf_dl_SUPER_MARIO_64_8296D820_0_2_all_ci8[] = {
	0x00, 0x01, 0x02, 0x02, 0x03, 0x03, 0x04, 0x01, 
	0x05, 0x06, 0x06, 0x06, 0x06, 0x07, 0x08, 0x07, 
	0x05, 0x09, 0x09, 0x09, 0x0a, 0x0b, 0x0c, 0x0c, 
	0x0c, 0x0c, 0x0c, 0x0b, 0x05, 0x05, 0x06, 0x00, 
	0x02, 0x02, 0x02, 0x03, 0x03, 0x03, 0x04, 0x01, 
	0x06, 0x06, 0x07, 0x08, 0x08, 0x0d, 0x0d, 0x0d, 
	0x0e, 0x0f, 0x09, 0x09, 0x09, 0x0a, 0x0b, 0x07, 
	0x0c, 0x07, 0x0b, 0x05, 0x05, 0x05, 0x05, 0x01, 
	0x02, 0x02, 0x04, 0x04, 0x04, 0x04, 0x01, 0x01, 
	0x00, 0x07, 0x08, 0x0d, 0x0d, 0x0d, 0x0d, 0x0d, 
	0x0e, 0x0f, 0x09, 0x09, 0x09, 0x0a, 0x05, 0x0b, 
	0x0b, 0x05, 0x0a, 0x09, 0x01, 0x05, 0x05, 0x01, 
	0x02, 0x04, 0x04, 0x04, 0x09, 0x09, 0x01, 0x05, 
	0x06, 0x07, 0x08, 0x0d, 0x0d, 0x0d, 0x0d, 0x0c, 
	0x0e, 0x10, 0x0f, 0x0a, 0x0a, 0x05, 0x05, 0x05, 
	0x05, 0x0a, 0x09, 0x09, 0x09, 0x01, 0x01, 0x01, 
	0x09, 0x04, 0x04, 0x11, 0x11, 0x0a, 0x0a, 0x05, 
	0x05, 0x06, 0x07, 0x07, 0x08, 0x0c, 0x0c, 0x12, 
	0x12, 0x10, 0x10, 0x05, 0x05, 0x0b, 0x05, 0x05, 
	0x0a, 0x09, 0x09, 0x09, 0x09, 0x01, 0x01, 0x01, 
	0x09, 0x04, 0x13, 0x11, 0x11, 0x14, 0x0a, 0x09, 
	0x01, 0x01, 0x01, 0x05, 0x06, 0x07, 0x0e, 0x12, 
	0x12, 0x0e, 0x0b, 0x0b, 0x0b, 0x07, 0x07, 0x05, 
	0x01, 0x09, 0x09, 0x09, 0x09, 0x01, 0x01, 0x01, 
	0x09, 0x04, 0x13, 0x11, 0x11, 0x11, 0x09, 0x09, 
	0x04, 0x04, 0x04, 0x01, 0x01, 0x01, 0x0f, 0x10, 
	0x12, 0x12, 0x07, 0x07, 0x06, 0x06, 0x06, 0x06, 
	0x05, 0x01, 0x05, 0x05, 0x01, 0x01, 0x01, 0x01, 
	0x04, 0x04, 0x09, 0x09, 0x0a, 0x0a, 0x09, 0x09, 
	0x04, 0x04, 0x04, 0x04, 0x04, 0x09, 0x05, 0x10, 
	0x15, 0x0c, 0x07, 0x06, 0x05, 0x06, 0x06, 0x06, 
	0x06, 0x06, 0x05, 0x05, 0x05, 0x09, 0x04, 0x04, 
	0x04, 0x04, 0x09, 0x0a, 0x0a, 0x0a, 0x0a, 0x09, 
	0x09, 0x04, 0x04, 0x04, 0x09, 0x09, 0x05, 0x0b, 
	0x15, 0x0c, 0x07, 0x06, 0x01, 0x06, 0x06, 0x08, 
	0x08, 0x07, 0x07, 0x05, 0x05, 0x09, 0x04, 0x04, 
	0x03, 0x09, 0x05, 0x05, 0x0b, 0x0b, 0x0b, 0x05, 
	0x0a, 0x09, 0x09, 0x09, 0x0a, 0x0a, 0x05, 0x0b, 
	0x0b, 0x07, 0x06, 0x01, 0x01, 0x06, 0x07, 0x0d, 
	0x0d, 0x0d, 0x07, 0x07, 0x05, 0x01, 0x04, 0x03, 
	0x04, 0x01, 0x05, 0x07, 0x0c, 0x0c, 0x0c, 0x0b, 
	0x0b, 0x0a, 0x0a, 0x0a, 0x0a, 0x0a, 0x0a, 0x05, 
	0x0b, 0x0b, 0x05, 0x02, 0x01, 0x06, 0x08, 0x0d, 
	0x0d, 0x0d, 0x0d, 0x07, 0x07, 0x05, 0x01, 0x04, 
	0x01, 0x01, 0x07, 0x0c, 0x0c, 0x0d, 0x0c, 0x0c, 
	0x0b, 0x16, 0x0a, 0x16, 0x16, 0x05, 0x05, 0x05, 
	0x0b, 0x05, 0x05, 0x01, 0x01, 0x06, 0x0d, 0x0d, 
	0x17, 0x0d, 0x0d, 0x0d, 0x0c, 0x07, 0x06, 0x01, 
	0x06, 0x05, 0x07, 0x0c, 0x0d, 0x0d, 0x0d, 0x0c, 
	0x07, 0x0b, 0x0a, 0x16, 0x0b, 0x0b, 0x0b, 0x0b, 
	0x0b, 0x0b, 0x06, 0x06, 0x06, 0x07, 0x0d, 0x17, 
	0x17, 0x17, 0x0d, 0x0d, 0x0d, 0x0d, 0x0d, 0x07, 
	0x0b, 0x0b, 0x07, 0x07, 0x0d, 0x0d, 0x0d, 0x0c, 
	0x07, 0x07, 0x07, 0x0b, 0x0b, 0x0b, 0x0b, 0x0b, 
	0x07, 0x07, 0x07, 0x07, 0x0c, 0x0c, 0x0d, 0x17, 
	0x18, 0x18, 0x17, 0x17, 0x17, 0x0d, 0x0d, 0x07, 
	0x0b, 0x0b, 0x0b, 0x07, 0x07, 0x0c, 0x0d, 0x0d, 
	0x0d, 0x0d, 0x0d, 0x0c, 0x0c, 0x0c, 0x0c, 0x0c, 
	0x0d, 0x0d, 0x0d, 0x0d, 0x17, 0x17, 0x18, 0x0c, 
	0x0c, 0x0c, 0x0c, 0x0c, 0x0c, 0x0c, 0x0c, 0x07, 
	0x05, 0x05, 0x05, 0x05, 0x06, 0x06, 0x07, 0x08, 
	0x0d, 0x17, 0x17, 0x17, 0x0c, 0x0c, 0x0c, 0x0c, 
	0x17, 0x17, 0x17, 0x0d, 0x0d, 0x0d, 0x0c, 0x0c, 
	0x0c, 0x0c, 0x0c, 0x0c, 0x12, 0x12, 0x0c, 0x0b, 
	0x01, 0x01, 0x01, 0x01, 0x01, 0x05, 0x06, 0x08, 
	0x0d, 0x17, 0x17, 0x17, 0x18, 0x18, 0x0c, 0x18, 
	0x18, 0x0d, 0x0d, 0x07, 0x07, 0x07, 0x0c, 0x15, 
	0x15, 0x19, 0x15, 0x15, 0x19, 0x0c, 0x07, 0x05, 
	0x01, 0x01, 0x01, 0x01, 0x01, 0x05, 0x07, 0x0d, 
	0x0d, 0x17, 0x17, 0x17, 0x0c, 0x0c, 0x0c, 0x0c, 
	0x0c, 0x0c, 0x07, 0x0b, 0x0b, 0x0b, 0x15, 0x15, 
	0x15, 0x0b, 0x0b, 0x0b, 0x15, 0x0c, 0x07, 0x06, 
	0x06, 0x00, 0x00, 0x06, 0x06, 0x07, 0x07, 0x0d, 
	0x0d, 0x0d, 0x0d, 0x0c, 0x15, 0x15, 0x15, 0x15, 
	0x0b, 0x16, 0x0b, 0x0a, 0x0b, 0x0b, 0x15, 0x15, 
	0x0b, 0x0b, 0x05, 0x0b, 0x0c, 0x0c, 0x07, 0x06, 
	0x06, 0x06, 0x06, 0x06, 0x07, 0x07, 0x0c, 0x0d, 
	0x0d, 0x0d, 0x07, 0x05, 0x0b, 0x16, 0x0b, 0x0b, 
	0x0a, 0x0a, 0x0a, 0x0a, 0x16, 0x0b, 0x0b, 0x0b, 
	0x0b, 0x05, 0x05, 0x07, 0x0c, 0x0c, 0x07, 0x07, 
	0x06, 0x06, 0x07, 0x07, 0x07, 0x0b, 0x0c, 0x0c, 
	0x0c, 0x07, 0x05, 0x01, 0x0a, 0x0a, 0x16, 0x16, 
	0x0a, 0x0a, 0x16, 0x16, 0x0b, 0x0b, 0x05, 0x05, 
	0x05, 0x05, 0x07, 0x0c, 0x17, 0x0c, 0x0c, 0x07, 
	0x06, 0x06, 0x06, 0x05, 0x05, 0x0b, 0x07, 0x0c, 
	0x0c, 0x07, 0x01, 0x09, 0x09, 0x0a, 0x0b, 0x0b, 
	0x0b, 0x0b, 0x0b, 0x0b, 0x05, 0x05, 0x05, 0x01, 
	0x01, 0x05, 0x07, 0x0c, 0x0c, 0x0c, 0x07, 0x07, 
	0x05, 0x05, 0x05, 0x05, 0x0a, 0x0a, 0x0b, 0x07, 
	0x07, 0x0b, 0x01, 0x09, 0x09, 0x05, 0x0b, 0x0b, 
	0x0c, 0x0c, 0x0c, 0x07, 0x05, 0x01, 0x01, 0x01, 
	0x01, 0x01, 0x05, 0x07, 0x0c, 0x0c, 0x07, 0x07, 
	0x05, 0x05, 0x05, 0x05, 0x05, 0x05, 0x0b, 0x07, 
	0x07, 0x07, 0x05, 0x05, 0x05, 0x05, 0x07, 0x07, 
	0x0c, 0x17, 0x0d, 0x07, 0x06, 0x01, 0x01, 0x04, 
	0x04, 0x01, 0x01, 0x05, 0x07, 0x0c, 0x07, 0x07, 
	0x07, 0x05, 0x05, 0x05, 0x05, 0x06, 0x07, 0x07, 
	0x07, 0x07, 0x07, 0x07, 0x07, 0x07, 0x06, 0x07, 
	0x07, 0x0d, 0x0d, 0x0d, 0x07, 0x01, 0x02, 0x04, 
	0x04, 0x04, 0x01, 0x05, 0x07, 0x0c, 0x0c, 0x07, 
	0x07, 0x07, 0x06, 0x06, 0x07, 0x07, 0x07, 0x06, 
	0x06, 0x06, 0x07, 0x07, 0x0c, 0x07, 0x06, 0x05, 
	0x07, 0x0c, 0x0d, 0x0d, 0x07, 0x05, 0x01, 0x04, 
	0x04, 0x04, 0x01, 0x05, 0x07, 0x07, 0x0c, 0x0c, 
	0x07, 0x07, 0x07, 0x07, 0x07, 0x08, 0x07, 0x06, 
	0x00, 0x00, 0x06, 0x07, 0x0c, 0x0c, 0x07, 0x05, 
	0x0f, 0x0e, 0x12, 0x1a, 0x07, 0x06, 0x05, 0x09, 
	0x09, 0x09, 0x01, 0x05, 0x06, 0x06, 0x07, 0x07, 
	0x07, 0x08, 0x08, 0x0d, 0x0d, 0x08, 0x06, 0x00, 
	0x02, 0x02, 0x01, 0x06, 0x07, 0x0c, 0x07, 0x10, 
	0x10, 0x0e, 0x12, 0x1a, 0x0c, 0x07, 0x0b, 0x05, 
	0x0a, 0x05, 0x05, 0x05, 0x01, 0x01, 0x06, 0x07, 
	0x07, 0x08, 0x0d, 0x0d, 0x0d, 0x08, 0x06, 0x00, 
	0x01, 0x02, 0x02, 0x05, 0x0b, 0x07, 0x0c, 0x0b, 
	0x0b, 0x15, 0x0c, 0x0c, 0x0c, 0x0c, 0x07, 0x0b, 
	0x0b, 0x0b, 0x05, 0x05, 0x02, 0x01, 0x05, 0x07, 
	0x07, 0x07, 0x08, 0x0d, 0x08, 0x07, 0x06, 0x01, 
	0x01, 0x01, 0x01, 0x01, 0x05, 0x0b, 0x05, 0x05, 
	0x0b, 0x0b, 0x07, 0x0c, 0x0d, 0x0c, 0x0c, 0x0c, 
	0x0c, 0x07, 0x07, 0x06, 0x01, 0x01, 0x01, 0x06, 
	0x06, 0x07, 0x07, 0x07, 0x06, 0x06, 0x05, 0x01, 
	0x01, 0x01, 0x01, 0x01, 0x05, 0x05, 0x05, 0x05, 
	0x05, 0x05, 0x05, 0x07, 0x0c, 0x0c, 0x0c, 0x0c, 
	0x0c, 0x0c, 0x0c, 0x07, 0x06, 0x01, 0x01, 0x06, 
	0x06, 0x06, 0x06, 0x01, 0x01, 0x04, 0x02, 0x01, 
	0x05, 0x05, 0x05, 0x05, 0x05, 0x06, 0x06, 0x06, 
	0x05, 0x09, 0x0a, 0x05, 0x0b, 0x0c, 0x0c, 0x17, 
	0x0c, 0x0c, 0x0c, 0x07, 0x06, 0x05, 0x01, 0x00, 
	
};

Gfx wf_dl_SUPER_MARIO_64_8296D820_0_2_all_pal_rgba16_aligner[] = {gsSPEndDisplayList()};
u8 wf_dl_SUPER_MARIO_64_8296D820_0_2_all_pal_rgba16[] = {
	0x46, 0x01, 0x46, 0x41, 0x4e, 0x41, 0x56, 0x81, 
	0x4e, 0x81, 0x3e, 0x41, 0x3e, 0x01, 0x36, 0x01, 
	0x35, 0xc1, 0x46, 0x81, 0x3e, 0x81, 0x36, 0x41, 
	0x2e, 0x01, 0x2d, 0xc1, 0x36, 0x03, 0x3e, 0x43, 
	0x36, 0x43, 0x46, 0xc1, 0x2e, 0x03, 0x4e, 0xc1, 
	0x3e, 0xc1, 0x2e, 0x41, 0x36, 0x81, 0x25, 0xc1, 
	0x26, 0x01, 0x2e, 0x43, 0x2d, 0xc3, 
};

Gfx wf_dl_fakeskybox_ci4_aligner[] = {gsSPEndDisplayList()};
u8 wf_dl_fakeskybox_ci4[] = {
	0x00, 0x00, 0x00, 0x00, 0x00, 0x00, 0x00, 0x00, 
	0x00, 0x00, 0x00, 0x00, 0x00, 0x00, 0x00, 0x00, 
	0x00, 0x00, 0x00, 0x00, 0x00, 0x00, 0x00, 0x00, 
	0x00, 0x00, 0x00, 0x00, 0x00, 0x00, 0x00, 0x00, 
	
};

Gfx wf_dl_fakeskybox_pal_rgba16_aligner[] = {gsSPEndDisplayList()};
u8 wf_dl_fakeskybox_pal_rgba16[] = {
	0x15, 0x7f, 
};

Gfx wf_dl_tile_0_0_i8_aligner[] = {gsSPEndDisplayList()};
u8 wf_dl_tile_0_0_i8[] = {
	0xff, 0xff, 0xff, 0xff, 0xff, 0xff, 0xff, 0xff, 
	0xff, 0xff, 0xff, 0xff, 0xff, 0xff, 0xff, 0xff, 
	0xff, 0xff, 0xff, 0xff, 0xff, 0xff, 0xff, 0xff, 
	0xff, 0xff, 0xff, 0xff, 0xff, 0xff, 0xff, 0xff, 
	0xff, 0xff, 0xff, 0xff, 0xff, 0xff, 0xff, 0xff, 
	0xff, 0xff, 0xff, 0xff, 0xff, 0xff, 0xff, 0xff, 
	0xff, 0xff, 0xff, 0xff, 0xff, 0xff, 0xff, 0xff, 
	0xff, 0xff, 0xff, 0xff, 0xff, 0xff, 0xff, 0xff, 
	0xff, 0xff, 0xff, 0xff, 0xff, 0xff, 0xff, 0xff, 
	0xff, 0xff, 0xff, 0xff, 0xff, 0xff, 0xff, 0xff, 
	0xff, 0xff, 0xff, 0xff, 0xff, 0xff, 0xff, 0xff, 
	0xff, 0xff, 0xff, 0xff, 0xff, 0xff, 0xff, 0xff, 
	0xff, 0xff, 0xff, 0xff, 0xff, 0xff, 0xff, 0xff, 
	0xff, 0xff, 0xff, 0xff, 0xff, 0xff, 0xff, 0xff, 
	0xff, 0xff, 0xff, 0xff, 0xff, 0xff, 0xff, 0xff, 
	0xff, 0xff, 0xff, 0xff, 0xff, 0xff, 0xff, 0xff, 
	0xff, 0xff, 0xff, 0xff, 0xff, 0xff, 0xff, 0xff, 
	0xff, 0xff, 0xff, 0xff, 0xff, 0xff, 0xff, 0xff, 
	0xff, 0xff, 0xff, 0xff, 0xff, 0xff, 0xff, 0xff, 
	0xff, 0xff, 0xff, 0xff, 0xff, 0xff, 0xff, 0xff, 
	0xff, 0xff, 0xff, 0xff, 0xff, 0xff, 0xff, 0xff, 
	0xff, 0xff, 0xff, 0xff, 0xff, 0xff, 0xff, 0xff, 
	0xff, 0xff, 0xff, 0xff, 0xff, 0xff, 0xff, 0xff, 
	0xff, 0xff, 0xff, 0xff, 0xff, 0xff, 0xff, 0xff, 
	0xff, 0xff, 0xff, 0xff, 0xff, 0xff, 0xff, 0xff, 
	0xff, 0xff, 0xff, 0xff, 0xff, 0xff, 0xff, 0xff, 
	0xff, 0xff, 0xff, 0xff, 0xff, 0xff, 0xff, 0xff, 
	0xff, 0xff, 0xff, 0xff, 0xff, 0xff, 0xff, 0xff, 
	0xff, 0xff, 0xff, 0xff, 0xff, 0xff, 0xff, 0xff, 
	0xff, 0xff, 0xff, 0xff, 0xff, 0xff, 0xff, 0xff, 
	0xff, 0xff, 0xff, 0xff, 0xff, 0xff, 0xff, 0xff, 
	0xff, 0xff, 0xff, 0xff, 0xff, 0xff, 0xff, 0xff, 
	0xff, 0xff, 0xff, 0xff, 0xff, 0xff, 0xff, 0xff, 
	0xff, 0xff, 0xff, 0xff, 0xff, 0xff, 0xff, 0xff, 
	0xff, 0xff, 0xff, 0xff, 0xff, 0xff, 0xff, 0xff, 
	0xff, 0xff, 0xff, 0xff, 0xff, 0xff, 0xff, 0xff, 
	0xff, 0xff, 0xff, 0xff, 0xff, 0xff, 0xff, 0xff, 
	0xff, 0xff, 0xff, 0xff, 0xff, 0xff, 0xff, 0xff, 
	0xff, 0xff, 0xff, 0xff, 0xff, 0xff, 0xff, 0xff, 
	0xff, 0xff, 0xff, 0xff, 0xff, 0xff, 0xff, 0xff, 
	0xff, 0xff, 0xff, 0xff, 0xff, 0xff, 0xff, 0xff, 
	0xff, 0xff, 0xff, 0xff, 0xff, 0xff, 0xff, 0xff, 
	0xff, 0xff, 0xff, 0xff, 0xff, 0xff, 0xff, 0xff, 
	0xff, 0xff, 0xff, 0xff, 0xff, 0xff, 0xff, 0xff, 
	0xff, 0xff, 0xff, 0xff, 0xff, 0xff, 0xff, 0xff, 
	0xff, 0xff, 0xff, 0xff, 0xff, 0xff, 0xff, 0xff, 
	0xff, 0xff, 0xff, 0xff, 0xff, 0xff, 0xff, 0xff, 
	0xff, 0xff, 0xff, 0xff, 0xff, 0xff, 0xff, 0xff, 
	0xff, 0xff, 0xff, 0xff, 0xff, 0xff, 0xff, 0xff, 
	0xff, 0xff, 0xff, 0xff, 0xff, 0xff, 0xff, 0xff, 
	0xff, 0xff, 0xff, 0xff, 0xff, 0xff, 0xff, 0xff, 
	0xff, 0xff, 0xff, 0xff, 0xff, 0xff, 0xff, 0xff, 
	0xff, 0xff, 0xff, 0xff, 0xff, 0xff, 0xff, 0xff, 
	0xff, 0xff, 0xff, 0xff, 0xff, 0xff, 0xff, 0xff, 
	0xff, 0xff, 0xff, 0xff, 0xff, 0xff, 0xff, 0xff, 
	0xff, 0xff, 0xff, 0xff, 0xff, 0xff, 0xff, 0xff, 
	0xff, 0xff, 0xff, 0xff, 0xff, 0xff, 0xff, 0xff, 
	0xff, 0xff, 0xff, 0xff, 0xff, 0xff, 0xff, 0xff, 
	0xff, 0xff, 0xff, 0xff, 0xff, 0xff, 0xff, 0xff, 
	0xff, 0xff, 0xff, 0xff, 0xff, 0xff, 0xff, 0xff, 
	0xff, 0xff, 0xff, 0xff, 0xff, 0xff, 0xff, 0xff, 
	0xff, 0xff, 0xff, 0xff, 0xff, 0xff, 0xff, 0xff, 
	0xff, 0xff, 0xff, 0xff, 0xff, 0xff, 0xff, 0xff, 
	0xff, 0xff, 0xff, 0xff, 0xff, 0xff, 0xff, 0xff, 
	0xff, 0xff, 0xff, 0xff, 0xff, 0xff, 0xff, 0xff, 
	0xff, 0xff, 0xff, 0xff, 0xff, 0xff, 0xff, 0xff, 
	0xff, 0xff, 0xff, 0xff, 0xff, 0xff, 0xff, 0xff, 
	0xff, 0xff, 0xff, 0xff, 0xff, 0xff, 0xff, 0xff, 
	0xff, 0xff, 0xff, 0xff, 0xff, 0xff, 0xff, 0xff, 
	0xff, 0xff, 0xff, 0xff, 0xff, 0xff, 0xff, 0xff, 
	0xff, 0xff, 0xff, 0xff, 0xff, 0xff, 0xff, 0xff, 
	0xff, 0xff, 0xff, 0xff, 0xff, 0xff, 0xff, 0xff, 
	0xff, 0xff, 0xff, 0xff, 0xff, 0xff, 0xff, 0xff, 
	0xff, 0xff, 0xff, 0xff, 0xff, 0xff, 0xff, 0xff, 
	0xff, 0xff, 0xff, 0xff, 0xff, 0xff, 0xff, 0xff, 
	0xff, 0xff, 0xff, 0xff, 0xff, 0xff, 0xff, 0xff, 
	0xff, 0xff, 0xff, 0xff, 0xff, 0xff, 0xff, 0xff, 
	0xff, 0xff, 0xff, 0xff, 0xff, 0xff, 0xff, 0xff, 
	0xff, 0xff, 0xff, 0xff, 0xff, 0xff, 0xff, 0xff, 
	0xff, 0xff, 0xff, 0xff, 0xff, 0xff, 0xff, 0xff, 
	0xff, 0xff, 0xff, 0xff, 0xff, 0xff, 0xff, 0xff, 
	0xff, 0xff, 0xff, 0xff, 0xff, 0xff, 0xff, 0xff, 
	0xff, 0xff, 0xff, 0xff, 0xff, 0xff, 0xff, 0xff, 
	0xff, 0xff, 0xff, 0xff, 0xff, 0xff, 0xff, 0xff, 
	0xff, 0xff, 0xff, 0xff, 0xff, 0xff, 0xff, 0xff, 
	0xff, 0xff, 0xff, 0xff, 0xff, 0xff, 0xff, 0xff, 
	0xff, 0xff, 0xff, 0xff, 0xff, 0xff, 0xff, 0xff, 
	0xff, 0xff, 0xff, 0xff, 0xff, 0xff, 0xff, 0xff, 
	0xff, 0xff, 0xff, 0xff, 0xff, 0xff, 0xff, 0xff, 
	0xff, 0xff, 0xff, 0xff, 0xff, 0xff, 0xff, 0xff, 
	0xff, 0xff, 0xff, 0xff, 0xff, 0xff, 0xff, 0xff, 
	0xff, 0xff, 0xff, 0xff, 0xff, 0xff, 0xff, 0xff, 
	0xff, 0xff, 0xff, 0xff, 0xff, 0xff, 0xff, 0xff, 
	0xff, 0xff, 0xff, 0xff, 0xff, 0xff, 0xff, 0xff, 
	0xff, 0xff, 0xff, 0xff, 0xff, 0xff, 0xff, 0xff, 
	0xff, 0xff, 0xff, 0xff, 0xff, 0xff, 0xff, 0xff, 
	0xff, 0xff, 0xff, 0xff, 0xff, 0xff, 0xff, 0xff, 
	0xff, 0xff, 0xff, 0xff, 0xff, 0xff, 0xff, 0xff, 
	0xff, 0xff, 0xff, 0xff, 0xff, 0xff, 0xff, 0xff, 
	0xff, 0xff, 0xff, 0xff, 0xff, 0xff, 0xff, 0xff, 
	0xff, 0xff, 0xff, 0xff, 0xff, 0xff, 0xff, 0xff, 
	0xff, 0xff, 0xff, 0xff, 0xff, 0xff, 0xff, 0xff, 
	0xff, 0xff, 0xff, 0xff, 0xff, 0xff, 0xff, 0xff, 
	0xff, 0xff, 0xff, 0xff, 0xff, 0xff, 0xff, 0xff, 
	0xff, 0xff, 0xff, 0xff, 0xff, 0xff, 0xff, 0xff, 
	0xff, 0xff, 0xff, 0xff, 0xff, 0xff, 0xff, 0xff, 
	0xff, 0xff, 0xff, 0xff, 0xff, 0xff, 0xff, 0xff, 
	0xff, 0xff, 0xff, 0xff, 0xff, 0xff, 0xff, 0xff, 
	0xff, 0xff, 0xff, 0xff, 0xff, 0xff, 0xff, 0xff, 
	0xff, 0xff, 0xff, 0xff, 0xff, 0xff, 0xff, 0xff, 
	0xff, 0xff, 0xff, 0xff, 0xff, 0xff, 0xff, 0xff, 
	0xff, 0xff, 0xff, 0xff, 0xff, 0xff, 0xff, 0xff, 
	0xff, 0xff, 0xff, 0xff, 0xff, 0xff, 0xff, 0xff, 
	0xff, 0xff, 0xff, 0xff, 0xff, 0xff, 0xff, 0xff, 
	0xff, 0xff, 0xff, 0xff, 0xff, 0xff, 0xff, 0xff, 
	0xff, 0xff, 0xff, 0xff, 0xff, 0xff, 0xff, 0xff, 
	0xff, 0xff, 0xff, 0xff, 0xff, 0xff, 0xff, 0xff, 
	0xff, 0xff, 0xff, 0xff, 0xff, 0xff, 0xff, 0xff, 
	0xff, 0xff, 0xff, 0xff, 0xff, 0xff, 0xff, 0xff, 
	0xff, 0xff, 0xff, 0xff, 0xff, 0xff, 0xff, 0xff, 
	0xff, 0xff, 0xff, 0xff, 0xff, 0xff, 0xff, 0xff, 
	0xff, 0xff, 0xff, 0xff, 0xff, 0xff, 0xff, 0xff, 
	0xff, 0xff, 0xff, 0xff, 0xff, 0xff, 0xff, 0xff, 
	0xff, 0xff, 0xff, 0xff, 0xff, 0xff, 0xff, 0xff, 
	0xff, 0xff, 0xff, 0xff, 0xff, 0xff, 0xff, 0xff, 
	0xff, 0xff, 0xff, 0xff, 0xff, 0xff, 0xff, 0xff, 
	0xff, 0xff, 0xff, 0xff, 0xff, 0xff, 0xff, 0xff, 
	0xff, 0xff, 0xff, 0xff, 0xff, 0xff, 0xff, 0xff, 
	
};

Gfx wf_dl_tile_0_1_i8_aligner[] = {gsSPEndDisplayList()};
u8 wf_dl_tile_0_1_i8[] = {
	0xff, 0xff, 0xff, 0xff, 0xff, 0xff, 0xff, 0xff, 
	0xff, 0xff, 0xff, 0xff, 0xff, 0xff, 0xff, 0xff, 
	0xff, 0xff, 0xff, 0xff, 0xff, 0xff, 0xff, 0xff, 
	0xff, 0xff, 0xff, 0xff, 0xff, 0xff, 0xff, 0xff, 
	0xff, 0xff, 0xff, 0xff, 0xff, 0xff, 0xff, 0xff, 
	0xff, 0xff, 0xff, 0xff, 0xff, 0xff, 0xff, 0xff, 
	0xff, 0xff, 0xff, 0xff, 0xff, 0xff, 0xff, 0xff, 
	0xff, 0xff, 0xff, 0xff, 0xff, 0xff, 0xff, 0xff, 
	0xff, 0xff, 0xff, 0xff, 0xff, 0xff, 0xff, 0xff, 
	0xff, 0xff, 0xff, 0xff, 0xff, 0xff, 0xff, 0xff, 
	0xff, 0xff, 0xff, 0xff, 0xff, 0xff, 0xff, 0xff, 
	0xff, 0xff, 0xff, 0xff, 0xff, 0xff, 0xff, 0xff, 
	0xff, 0xff, 0xff, 0xff, 0xff, 0xff, 0xff, 0xff, 
	0xff, 0xff, 0xff, 0xff, 0xff, 0xff, 0xff, 0xff, 
	0xff, 0xff, 0xff, 0xff, 0xff, 0xff, 0xff, 0xff, 
	0xff, 0xff, 0xff, 0xff, 0xff, 0xff, 0xff, 0xff, 
	0xff, 0xff, 0xff, 0xff, 0xff, 0xff, 0xff, 0xff, 
	0xff, 0xff, 0xff, 0xff, 0xff, 0xff, 0xff, 0xff, 
	0xff, 0xff, 0xff, 0xff, 0xff, 0xff, 0xff, 0xff, 
	0xff, 0xff, 0xff, 0xff, 0xff, 0xff, 0xff, 0xff, 
	0xff, 0xff, 0xff, 0xff, 0xff, 0xff, 0xff, 0xff, 
	0xff, 0xff, 0xff, 0xff, 0xff, 0xff, 0xff, 0xff, 
	0xff, 0xff, 0xff, 0xff, 0xff, 0xff, 0xff, 0xff, 
	0xff, 0xff, 0xff, 0xff, 0xff, 0xff, 0xff, 0xff, 
	0xff, 0xff, 0xff, 0xff, 0xff, 0xff, 0xff, 0xff, 
	0xff, 0xff, 0xff, 0xff, 0xff, 0xff, 0xff, 0xff, 
	0xff, 0xff, 0xff, 0xff, 0xff, 0xff, 0xff, 0xff, 
	0xff, 0xff, 0xff, 0xff, 0xff, 0xff, 0xff, 0xff, 
	0xff, 0xff, 0xff, 0xff, 0xff, 0xff, 0xff, 0xff, 
	0xff, 0xff, 0xff, 0xff, 0xff, 0xff, 0xff, 0xff, 
	0xff, 0xff, 0xff, 0xff, 0xff, 0xff, 0xff, 0xff, 
	0xff, 0xff, 0xff, 0xff, 0xff, 0xff, 0xff, 0xff, 
	0xff, 0xff, 0xff, 0xff, 0xff, 0xff, 0xff, 0xff, 
	0xff, 0xff, 0xff, 0xff, 0xff, 0xff, 0xff, 0xff, 
	0xff, 0xff, 0xff, 0xff, 0xff, 0xff, 0xff, 0xff, 
	0xff, 0xff, 0xff, 0xff, 0xff, 0xff, 0xff, 0xff, 
	0xff, 0xff, 0xff, 0xff, 0xff, 0xff, 0xff, 0xff, 
	0xff, 0xff, 0xff, 0xff, 0xff, 0xff, 0xff, 0xff, 
	0xff, 0xff, 0xff, 0xff, 0xff, 0xff, 0xff, 0xff, 
	0xff, 0xff, 0xff, 0xff, 0xff, 0xff, 0xff, 0xff, 
	0xff, 0xff, 0xff, 0xff, 0xff, 0xff, 0xff, 0xff, 
	0xff, 0xff, 0xff, 0xff, 0xff, 0xff, 0xff, 0xff, 
	0xff, 0xff, 0xff, 0xff, 0xff, 0xff, 0xff, 0xff, 
	0xff, 0xff, 0xff, 0xff, 0xff, 0xff, 0xff, 0xff, 
	0xff, 0xff, 0xff, 0xff, 0xff, 0xff, 0xff, 0xff, 
	0xff, 0xff, 0xff, 0xff, 0xff, 0xff, 0xff, 0xff, 
	0xff, 0xff, 0xff, 0xff, 0xff, 0xff, 0xff, 0xff, 
	0xff, 0xff, 0xff, 0xff, 0xff, 0xff, 0xff, 0xff, 
	0xff, 0xff, 0xff, 0xff, 0xff, 0xff, 0xff, 0xff, 
	0xff, 0xff, 0xff, 0xff, 0xff, 0xff, 0xff, 0xff, 
	0xff, 0xff, 0xff, 0xff, 0xff, 0xff, 0xff, 0xff, 
	0xff, 0xff, 0xff, 0xff, 0xff, 0xff, 0xff, 0xff, 
	0xff, 0xff, 0xff, 0xff, 0xff, 0xff, 0xff, 0xff, 
	0xff, 0xff, 0xff, 0xff, 0xff, 0xff, 0xff, 0xff, 
	0xff, 0xff, 0xff, 0xff, 0xff, 0xff, 0xff, 0xff, 
	0xff, 0xff, 0xff, 0xff, 0xff, 0xff, 0xff, 0xff, 
	0xff, 0xff, 0xff, 0xff, 0xff, 0xff, 0xff, 0xff, 
	0xff, 0xff, 0xff, 0xff, 0xff, 0xff, 0xff, 0xff, 
	0xff, 0xff, 0xff, 0xff, 0xff, 0xff, 0xff, 0xff, 
	0xff, 0xff, 0xff, 0xff, 0xff, 0xff, 0xff, 0xff, 
	0xff, 0xff, 0xff, 0xff, 0xff, 0xff, 0xff, 0xff, 
	0xff, 0xff, 0xff, 0xff, 0xff, 0xff, 0xff, 0xff, 
	0xff, 0xff, 0xff, 0xff, 0xff, 0xff, 0xff, 0xff, 
	0xff, 0xff, 0xff, 0xff, 0xff, 0xff, 0xff, 0xff, 
	0xff, 0xff, 0xff, 0xff, 0xff, 0xff, 0xff, 0xff, 
	0xff, 0xff, 0xff, 0xff, 0xff, 0xff, 0xff, 0xff, 
	0xff, 0xff, 0xff, 0xff, 0xff, 0xff, 0xff, 0xff, 
	0xff, 0xff, 0xff, 0xff, 0xff, 0xff, 0xff, 0xff, 
	0xff, 0xff, 0xff, 0xff, 0xff, 0xff, 0xff, 0xff, 
	0xff, 0xff, 0xff, 0xff, 0xff, 0xff, 0xff, 0xff, 
	0xff, 0xff, 0xff, 0xff, 0xff, 0xff, 0xff, 0xff, 
	0xff, 0xff, 0xff, 0xff, 0xff, 0xff, 0xff, 0xff, 
	0xff, 0xff, 0xff, 0xff, 0xff, 0xff, 0xff, 0xff, 
	0xff, 0xff, 0xff, 0xff, 0xff, 0xff, 0xff, 0xff, 
	0xff, 0xff, 0xff, 0xff, 0xff, 0xff, 0xff, 0xff, 
	0xff, 0xff, 0xff, 0xff, 0xff, 0xff, 0xff, 0xff, 
	0xff, 0xff, 0xff, 0xff, 0xff, 0xff, 0xff, 0xff, 
	0xff, 0xff, 0xff, 0xff, 0xff, 0xff, 0xff, 0xff, 
	0xff, 0xff, 0xff, 0xff, 0xff, 0xff, 0xff, 0xff, 
	0xff, 0xff, 0xff, 0xff, 0xff, 0xff, 0xff, 0xff, 
	0xff, 0xff, 0xff, 0xff, 0xff, 0xff, 0xff, 0xff, 
	0xff, 0xff, 0xff, 0xff, 0xff, 0xff, 0xff, 0xff, 
	0xff, 0xff, 0xff, 0xff, 0xff, 0xff, 0xff, 0xff, 
	0xff, 0xff, 0xff, 0xff, 0xff, 0xff, 0xff, 0xff, 
	0xff, 0xff, 0xff, 0xff, 0xff, 0xff, 0xff, 0xff, 
	0xff, 0xff, 0xff, 0xff, 0xff, 0xff, 0xff, 0xff, 
	0xff, 0xff, 0xff, 0xff, 0xff, 0xff, 0xff, 0xff, 
	0xff, 0xff, 0xff, 0xff, 0xff, 0xff, 0xff, 0xff, 
	0xff, 0xff, 0xff, 0xff, 0xff, 0xff, 0xff, 0xff, 
	0xff, 0xff, 0xff, 0xff, 0xff, 0xff, 0xff, 0xff, 
	0xff, 0xff, 0xff, 0xff, 0xff, 0xff, 0xff, 0xff, 
	0xff, 0xff, 0xff, 0xff, 0xff, 0xff, 0xff, 0xff, 
	0xff, 0xff, 0xff, 0xff, 0xff, 0xff, 0xff, 0xff, 
	0xff, 0xff, 0xff, 0xff, 0xff, 0xff, 0xff, 0xff, 
	0xff, 0xff, 0xff, 0xff, 0xff, 0xff, 0xff, 0xff, 
	0xff, 0xff, 0xff, 0xff, 0xff, 0xff, 0xff, 0xff, 
	0xff, 0xff, 0xff, 0xff, 0xff, 0xff, 0xff, 0xff, 
	0xff, 0xff, 0xff, 0xff, 0xff, 0xff, 0xff, 0xff, 
	0xff, 0xff, 0xff, 0xff, 0xff, 0xff, 0xff, 0xff, 
	0xff, 0xff, 0xff, 0xff, 0xff, 0xff, 0xff, 0xff, 
	0xff, 0xff, 0xff, 0xff, 0xff, 0xff, 0xff, 0xff, 
	0xff, 0xff, 0xff, 0xff, 0xff, 0xff, 0xff, 0xff, 
	0xff, 0xff, 0xff, 0xff, 0xff, 0xff, 0xff, 0xff, 
	0xff, 0xff, 0xff, 0xff, 0xff, 0xff, 0xff, 0xff, 
	0xff, 0xff, 0xff, 0xff, 0xff, 0xff, 0xff, 0xff, 
	0xff, 0xff, 0xff, 0xff, 0xff, 0xff, 0xff, 0xff, 
	0xff, 0xff, 0xff, 0xff, 0xff, 0xff, 0xff, 0xff, 
	0xff, 0xff, 0xff, 0xff, 0xff, 0xff, 0xff, 0xff, 
	0xff, 0xff, 0xff, 0xff, 0xff, 0xff, 0xff, 0xff, 
	0xff, 0xff, 0xff, 0xff, 0xff, 0xff, 0xff, 0xff, 
	0xff, 0xff, 0xff, 0xff, 0xff, 0xff, 0xff, 0xff, 
	0xff, 0xff, 0xff, 0xff, 0xff, 0xff, 0xff, 0xff, 
	0xff, 0xff, 0xff, 0xff, 0xff, 0xff, 0xff, 0xff, 
	0xff, 0xff, 0xff, 0xff, 0xff, 0xff, 0xff, 0xff, 
	0xff, 0xff, 0xff, 0xff, 0xff, 0xff, 0xff, 0xff, 
	0xff, 0xff, 0xff, 0xff, 0xff, 0xff, 0xff, 0xff, 
	0xff, 0xff, 0xff, 0xff, 0xff, 0xff, 0xff, 0xff, 
	0xff, 0xff, 0xff, 0xff, 0xff, 0xff, 0xff, 0xff, 
	0xff, 0xff, 0xff, 0xff, 0xff, 0xff, 0xff, 0xff, 
	0xff, 0xff, 0xff, 0xff, 0xff, 0xff, 0xff, 0xff, 
	0xff, 0xff, 0xff, 0xff, 0xff, 0xff, 0xff, 0xff, 
	0xff, 0xff, 0xff, 0xff, 0xff, 0xff, 0xff, 0xff, 
	0xff, 0xff, 0xff, 0xff, 0xff, 0xff, 0xff, 0xff, 
	0xff, 0xff, 0xff, 0xff, 0xff, 0xff, 0xff, 0xff, 
	0xff, 0xff, 0xff, 0xff, 0xff, 0xff, 0xff, 0xff, 
	0xff, 0xff, 0xff, 0xff, 0xff, 0xff, 0xff, 0xff, 
	0xff, 0xff, 0xff, 0xff, 0xff, 0xff, 0xff, 0xff, 
	0xff, 0xff, 0xff, 0xff, 0xff, 0xff, 0xff, 0xff, 
	
};

Gfx wf_dl_tile_0_2_i8_aligner[] = {gsSPEndDisplayList()};
u8 wf_dl_tile_0_2_i8[] = {
	0xff, 0xff, 0xff, 0xff, 0xff, 0xff, 0xff, 0xff, 
	0xff, 0xff, 0xff, 0xff, 0xff, 0xff, 0xff, 0xff, 
	0xff, 0xff, 0xff, 0xff, 0xff, 0xff, 0xff, 0xff, 
	0xff, 0xff, 0xff, 0xff, 0xff, 0xff, 0xff, 0xff, 
	0xff, 0xff, 0xff, 0xff, 0xff, 0xff, 0xff, 0xff, 
	0xff, 0xff, 0xff, 0xff, 0xff, 0xff, 0xff, 0xff, 
	0xff, 0xff, 0xff, 0xff, 0xff, 0xff, 0xff, 0xff, 
	0xff, 0xff, 0xff, 0xff, 0xff, 0xff, 0xff, 0xff, 
	0xff, 0xff, 0xff, 0xff, 0xff, 0xff, 0xff, 0xff, 
	0xff, 0xff, 0xff, 0xff, 0xff, 0xff, 0xff, 0xff, 
	0xff, 0xff, 0xff, 0xff, 0xff, 0xff, 0xff, 0xff, 
	0xff, 0xff, 0xff, 0xff, 0xff, 0xff, 0xff, 0xff, 
	0xff, 0xff, 0xff, 0xff, 0xff, 0xff, 0xff, 0xff, 
	0xff, 0xff, 0xff, 0xff, 0xff, 0xff, 0xff, 0xff, 
	0xff, 0xff, 0xff, 0xff, 0xff, 0xff, 0xff, 0xff, 
	0xff, 0xff, 0xff, 0xff, 0xff, 0xff, 0xff, 0xff, 
	0xff, 0xff, 0xff, 0xff, 0xff, 0xff, 0xff, 0xff, 
	0xff, 0xff, 0xff, 0xff, 0xff, 0xff, 0xff, 0xff, 
	0xff, 0xff, 0xff, 0xff, 0xff, 0xff, 0xff, 0xff, 
	0xff, 0xff, 0xff, 0xff, 0xff, 0xff, 0xff, 0xff, 
	0xff, 0xff, 0xff, 0xff, 0xff, 0xff, 0xff, 0xff, 
	0xff, 0xff, 0xff, 0xff, 0xff, 0xff, 0xff, 0xff, 
	0xff, 0xff, 0xff, 0xff, 0xff, 0xff, 0xff, 0xff, 
	0xff, 0xff, 0xff, 0xff, 0xff, 0xff, 0xff, 0xff, 
	0xff, 0xff, 0xff, 0xff, 0xff, 0xff, 0xff, 0xff, 
	0xff, 0xff, 0xff, 0xff, 0xff, 0xff, 0xff, 0xff, 
	0xff, 0xff, 0xff, 0xff, 0xff, 0xff, 0xff, 0xff, 
	0xff, 0xff, 0xff, 0xff, 0xff, 0xff, 0xff, 0xff, 
	0xff, 0xff, 0xff, 0xff, 0xff, 0xff, 0xff, 0xff, 
	0xff, 0xff, 0xff, 0xff, 0xff, 0xff, 0xff, 0xff, 
	0xff, 0xff, 0xff, 0xff, 0xff, 0xff, 0xff, 0xff, 
	0xff, 0xff, 0xff, 0xff, 0xff, 0xff, 0xff, 0xff, 
	0xff, 0xff, 0xff, 0xff, 0xff, 0xff, 0xff, 0xff, 
	0xff, 0xff, 0xff, 0xff, 0xff, 0xff, 0xff, 0xff, 
	0xff, 0xff, 0xff, 0xff, 0xff, 0xff, 0xff, 0xff, 
	0xff, 0xff, 0xff, 0xff, 0xff, 0xff, 0xff, 0xff, 
	0xff, 0xff, 0xff, 0xff, 0xff, 0xff, 0xff, 0xff, 
	0xff, 0xff, 0xff, 0xff, 0xff, 0xff, 0xff, 0xff, 
	0xff, 0xff, 0xff, 0xff, 0xff, 0xff, 0xff, 0xff, 
	0xff, 0xff, 0xff, 0xff, 0xff, 0xff, 0xff, 0xff, 
	0xff, 0xff, 0xff, 0xff, 0xff, 0xff, 0xff, 0xff, 
	0xff, 0xff, 0xff, 0xff, 0xff, 0xff, 0xff, 0xff, 
	0xff, 0xff, 0xff, 0xff, 0xff, 0xff, 0xff, 0xff, 
	0xff, 0xff, 0xff, 0xff, 0xff, 0xff, 0xff, 0xff, 
	0xff, 0xff, 0xff, 0xff, 0xff, 0xff, 0xff, 0xff, 
	0xff, 0xff, 0xff, 0xff, 0xff, 0xff, 0xff, 0xff, 
	0xff, 0xff, 0xff, 0xff, 0xff, 0xff, 0xff, 0xff, 
	0xff, 0xff, 0xff, 0xff, 0xff, 0xff, 0xff, 0xff, 
	0xff, 0xff, 0xff, 0xff, 0xff, 0xff, 0xff, 0xff, 
	0xff, 0xff, 0xff, 0xff, 0xff, 0xff, 0xff, 0xff, 
	0xff, 0xff, 0xff, 0xff, 0xff, 0xff, 0xff, 0xff, 
	0xff, 0xff, 0xff, 0xff, 0xff, 0xff, 0xff, 0xff, 
	0xff, 0xff, 0xff, 0xff, 0xff, 0xff, 0xff, 0xff, 
	0xff, 0xff, 0xff, 0xff, 0xff, 0xff, 0xff, 0xff, 
	0xff, 0xff, 0xff, 0xff, 0xff, 0xff, 0xff, 0xff, 
	0xff, 0xff, 0xff, 0xff, 0xff, 0xff, 0xff, 0xff, 
	0xff, 0xff, 0xff, 0xff, 0xff, 0xff, 0xff, 0xff, 
	0xff, 0xff, 0xff, 0xff, 0xff, 0xff, 0xff, 0xff, 
	0xff, 0xff, 0xff, 0xff, 0xff, 0xff, 0xff, 0xff, 
	0xff, 0xff, 0xff, 0xff, 0xff, 0xff, 0xff, 0xff, 
	0xff, 0xff, 0xff, 0xff, 0xff, 0xff, 0xff, 0xff, 
	0xff, 0xff, 0xff, 0xff, 0xff, 0xff, 0xff, 0xff, 
	0xff, 0xff, 0xff, 0xff, 0xff, 0xff, 0xff, 0xff, 
	0xff, 0xff, 0xff, 0xff, 0xff, 0xff, 0xff, 0xff, 
	0xff, 0xff, 0xff, 0xff, 0xff, 0xff, 0xff, 0xff, 
	0xff, 0xff, 0xff, 0xff, 0xff, 0xff, 0xff, 0xff, 
	0xff, 0xff, 0xff, 0xff, 0xff, 0xff, 0xff, 0xff, 
	0xff, 0xff, 0xff, 0xff, 0xff, 0xff, 0xff, 0xff, 
	0xff, 0xff, 0xff, 0xff, 0xff, 0xff, 0xff, 0xff, 
	0xff, 0xff, 0xff, 0xff, 0xff, 0xff, 0xff, 0xff, 
	0xff, 0xff, 0xff, 0xff, 0xff, 0xff, 0xff, 0xff, 
	0xff, 0xff, 0xff, 0xff, 0xff, 0xff, 0xff, 0xff, 
	0xff, 0xff, 0xff, 0xff, 0xff, 0xff, 0xff, 0xff, 
	0xff, 0xff, 0xff, 0xff, 0xff, 0xff, 0xff, 0xff, 
	0xff, 0xff, 0xff, 0xff, 0xff, 0xff, 0xff, 0xff, 
	0xff, 0xff, 0xff, 0xff, 0xff, 0xff, 0xff, 0xff, 
	0xff, 0xff, 0xff, 0xff, 0xff, 0xff, 0xff, 0xff, 
	0xff, 0xff, 0xff, 0xff, 0xff, 0xff, 0xff, 0xff, 
	0xff, 0xff, 0xff, 0xff, 0xff, 0xff, 0xff, 0xff, 
	0xff, 0xff, 0xff, 0xff, 0xff, 0xff, 0xff, 0xff, 
	0xff, 0xff, 0xff, 0xff, 0xff, 0xff, 0xff, 0xff, 
	0xff, 0xff, 0xff, 0xff, 0xff, 0xff, 0xff, 0xff, 
	0xff, 0xff, 0xff, 0xff, 0xff, 0xff, 0xff, 0xff, 
	0xff, 0xff, 0xff, 0xff, 0xff, 0xff, 0xff, 0xff, 
	0xff, 0xff, 0xff, 0xff, 0xff, 0xff, 0xff, 0xff, 
	0xff, 0xff, 0xff, 0xff, 0xff, 0xff, 0xff, 0xff, 
	0xff, 0xff, 0xff, 0xff, 0xff, 0xff, 0xff, 0xff, 
	0xff, 0xff, 0xff, 0xff, 0xff, 0xff, 0xff, 0xff, 
	0xff, 0xff, 0xff, 0xff, 0xff, 0xff, 0xff, 0xff, 
	0xff, 0xff, 0xff, 0xff, 0xff, 0xff, 0xff, 0xff, 
	0xff, 0xff, 0xff, 0xff, 0xff, 0xff, 0xff, 0xff, 
	0xff, 0xff, 0xff, 0xff, 0xff, 0xff, 0xff, 0xff, 
	0xff, 0xff, 0xff, 0xff, 0xff, 0xff, 0xff, 0xff, 
	0xff, 0xff, 0xff, 0xff, 0xff, 0xff, 0xff, 0xff, 
	0xff, 0xff, 0xff, 0xff, 0xff, 0xff, 0xff, 0xff, 
	0xff, 0xff, 0xff, 0xff, 0xff, 0xff, 0xff, 0xff, 
	0xff, 0xff, 0xff, 0xff, 0xff, 0xff, 0xff, 0xff, 
	0xff, 0xff, 0xff, 0xff, 0xff, 0xff, 0xff, 0xff, 
	0xff, 0xff, 0xff, 0xff, 0xff, 0xff, 0xff, 0xff, 
	0xff, 0xff, 0xff, 0xff, 0xff, 0xff, 0xff, 0xff, 
	0xff, 0xff, 0xff, 0xff, 0xff, 0xff, 0xff, 0xff, 
	0xff, 0xff, 0xff, 0xff, 0xff, 0xff, 0xff, 0xff, 
	0xff, 0xff, 0xff, 0xff, 0xff, 0xff, 0xff, 0xff, 
	0xff, 0xff, 0xff, 0xff, 0xff, 0xff, 0xff, 0xff, 
	0xff, 0xff, 0xff, 0xff, 0xff, 0xff, 0xff, 0xff, 
	0xff, 0xff, 0xff, 0xff, 0xff, 0xff, 0xff, 0xff, 
	0xff, 0xff, 0xff, 0xff, 0xff, 0xff, 0xff, 0xff, 
	0xff, 0xff, 0xff, 0xff, 0xff, 0xff, 0xff, 0xff, 
	0xff, 0xff, 0xff, 0xff, 0xff, 0xff, 0xff, 0xff, 
	0xff, 0xff, 0xff, 0xff, 0xff, 0xff, 0xff, 0xff, 
	0xff, 0xff, 0xff, 0xff, 0xff, 0xff, 0xff, 0xff, 
	0xff, 0xff, 0xff, 0xff, 0xff, 0xff, 0xff, 0xff, 
	0xff, 0xff, 0xff, 0xff, 0xff, 0xff, 0xff, 0xff, 
	0xff, 0xff, 0xff, 0xff, 0xff, 0xff, 0xff, 0xff, 
	0xff, 0xff, 0xff, 0xff, 0xff, 0xff, 0xff, 0xff, 
	0xff, 0xff, 0xff, 0xff, 0xff, 0xff, 0xff, 0xff, 
	0xff, 0xff, 0xff, 0xff, 0xff, 0xff, 0xff, 0xff, 
	0xff, 0xff, 0xff, 0xff, 0xff, 0xff, 0xff, 0xff, 
	0xff, 0xff, 0xff, 0xff, 0xff, 0xff, 0xff, 0xff, 
	0xff, 0xff, 0xff, 0xff, 0xff, 0xff, 0xff, 0xff, 
	0xff, 0xff, 0xff, 0xff, 0xff, 0xff, 0xff, 0xff, 
	0xff, 0xff, 0xff, 0xff, 0xff, 0xff, 0xff, 0xff, 
	0xff, 0xff, 0xff, 0xff, 0xff, 0xff, 0xff, 0xff, 
	0xff, 0xff, 0xff, 0xff, 0xff, 0xff, 0xff, 0xff, 
	0xff, 0xff, 0xff, 0xff, 0xff, 0xff, 0xff, 0xff, 
	0xff, 0xff, 0xff, 0xff, 0xff, 0xff, 0xff, 0xff, 
	0xff, 0xff, 0xff, 0xff, 0xff, 0xff, 0xff, 0xff, 
	0xff, 0xff, 0xff, 0xff, 0xff, 0xff, 0xff, 0xff, 
	
};

Gfx wf_dl_tile_0_3_i8_aligner[] = {gsSPEndDisplayList()};
u8 wf_dl_tile_0_3_i8[] = {
	0xff, 0xff, 0xff, 0xff, 0xff, 0xff, 0xff, 0xff, 
	0xff, 0xff, 0xff, 0xff, 0xff, 0xff, 0xff, 0xff, 
	0xff, 0xff, 0xff, 0xff, 0xff, 0xff, 0xff, 0xff, 
	0xff, 0xff, 0xff, 0xff, 0xff, 0xff, 0xff, 0xff, 
	0xff, 0xff, 0xff, 0xff, 0xff, 0xff, 0xff, 0xff, 
	0xff, 0xff, 0xff, 0xff, 0xff, 0xff, 0xff, 0xff, 
	0xff, 0xff, 0xff, 0xff, 0xff, 0xff, 0xff, 0xff, 
	0xff, 0xff, 0xff, 0xff, 0xff, 0xff, 0xff, 0xff, 
	0xff, 0xff, 0xff, 0xff, 0xff, 0xff, 0xff, 0xff, 
	0xff, 0xff, 0xff, 0xff, 0xff, 0xff, 0xff, 0xff, 
	0xff, 0xff, 0xff, 0xff, 0xff, 0xff, 0xff, 0xff, 
	0xff, 0xff, 0xff, 0xff, 0xff, 0xff, 0xff, 0xff, 
	0xff, 0xff, 0xff, 0xff, 0xff, 0xff, 0xff, 0xff, 
	0xff, 0xff, 0xff, 0xff, 0xff, 0xff, 0xff, 0xff, 
	0xff, 0xff, 0xff, 0xff, 0xff, 0xff, 0xff, 0xff, 
	0xff, 0xff, 0xff, 0xff, 0xff, 0xff, 0xff, 0xff, 
	0xff, 0xff, 0xff, 0xff, 0xff, 0xff, 0xff, 0xff, 
	0xff, 0xff, 0xff, 0xff, 0xff, 0xff, 0xff, 0xff, 
	0xff, 0xff, 0xff, 0xff, 0xff, 0xff, 0xff, 0xff, 
	0xff, 0xff, 0xff, 0xff, 0xff, 0xff, 0xff, 0xff, 
	0xff, 0xff, 0xff, 0xff, 0xff, 0xff, 0xff, 0xff, 
	0xff, 0xff, 0xff, 0xff, 0xff, 0xff, 0xff, 0xff, 
	0xff, 0xff, 0xff, 0xff, 0xff, 0xff, 0xff, 0xff, 
	0xff, 0xff, 0xff, 0xff, 0xff, 0xff, 0xff, 0xff, 
	0xff, 0xff, 0xff, 0xff, 0xff, 0xff, 0xff, 0xff, 
	0xff, 0xff, 0xff, 0xff, 0xff, 0xff, 0xff, 0xff, 
	0xff, 0xff, 0xff, 0xff, 0xff, 0xff, 0xff, 0xff, 
	0xff, 0xff, 0xff, 0xff, 0xff, 0xff, 0xff, 0xff, 
	0xff, 0xff, 0xff, 0xff, 0xff, 0xff, 0xff, 0xff, 
	0xff, 0xff, 0xff, 0xff, 0xff, 0xff, 0xff, 0xff, 
	0xff, 0xff, 0xff, 0xff, 0xff, 0xff, 0xff, 0xff, 
	0xff, 0xff, 0xff, 0xff, 0xff, 0xff, 0xff, 0xff, 
	0xff, 0xff, 0xff, 0xff, 0xff, 0xff, 0xff, 0xff, 
	0xff, 0xff, 0xff, 0xff, 0xff, 0xff, 0xff, 0xff, 
	0xff, 0xff, 0xff, 0xff, 0xff, 0xff, 0xff, 0xff, 
	0xff, 0xff, 0xff, 0xff, 0xff, 0xff, 0xff, 0xff, 
	0xff, 0xff, 0xff, 0xff, 0xff, 0xff, 0xff, 0xff, 
	0xff, 0xff, 0xff, 0xff, 0xff, 0xff, 0xff, 0xff, 
	0xff, 0xff, 0xff, 0xff, 0xff, 0xff, 0xff, 0xff, 
	0xff, 0xff, 0xff, 0xff, 0xff, 0xff, 0xff, 0xff, 
	0xff, 0xff, 0xff, 0xff, 0xff, 0xff, 0xff, 0xff, 
	0xff, 0xff, 0xff, 0xff, 0xff, 0xff, 0xff, 0xff, 
	0xff, 0xff, 0xff, 0xff, 0xff, 0xff, 0xff, 0xff, 
	0xff, 0xff, 0xff, 0xff, 0xff, 0xff, 0xff, 0xff, 
	0xff, 0xff, 0xff, 0xff, 0xff, 0xff, 0xff, 0xff, 
	0xff, 0xff, 0xff, 0xff, 0xff, 0xff, 0xff, 0xff, 
	0xff, 0xff, 0xff, 0xff, 0xff, 0xff, 0xff, 0xff, 
	0xff, 0xff, 0xff, 0xff, 0xff, 0xff, 0xff, 0xff, 
	0xff, 0xff, 0xff, 0xff, 0xff, 0xff, 0xff, 0xff, 
	0xff, 0xff, 0xff, 0xff, 0xff, 0xff, 0xff, 0xff, 
	0xff, 0xff, 0xff, 0xff, 0xff, 0xff, 0xff, 0xff, 
	0xff, 0xff, 0xff, 0xff, 0xff, 0xff, 0xff, 0xff, 
	0xff, 0xff, 0xff, 0xff, 0xff, 0xff, 0xff, 0xff, 
	0xff, 0xff, 0xff, 0xff, 0xff, 0xff, 0xff, 0xff, 
	0xff, 0xff, 0xff, 0xff, 0xff, 0xff, 0xff, 0xff, 
	0xff, 0xff, 0xff, 0xff, 0xff, 0xff, 0xff, 0xff, 
	0xff, 0xff, 0xff, 0xff, 0xff, 0xff, 0xff, 0xff, 
	0xff, 0xff, 0xff, 0xff, 0xff, 0xff, 0xff, 0xff, 
	0xff, 0xff, 0xff, 0xff, 0xff, 0xff, 0xff, 0xff, 
	0xff, 0xff, 0xff, 0xff, 0xff, 0xff, 0xff, 0xff, 
	0xff, 0xff, 0xff, 0xff, 0xff, 0xff, 0xff, 0xff, 
	0xff, 0xff, 0xff, 0xff, 0xff, 0xff, 0xff, 0xff, 
	0xff, 0xff, 0xff, 0xff, 0xff, 0xff, 0xff, 0xff, 
	0xff, 0xff, 0xff, 0xff, 0xff, 0xff, 0xff, 0xff, 
	0xff, 0xff, 0xff, 0xff, 0xff, 0xff, 0xff, 0xff, 
	0xff, 0xff, 0xff, 0xff, 0xff, 0xff, 0xff, 0xff, 
	0xff, 0xff, 0xff, 0xff, 0xff, 0xff, 0xff, 0xff, 
	0xff, 0xff, 0xff, 0xff, 0xff, 0xff, 0xff, 0xff, 
	0xff, 0xff, 0xff, 0xff, 0xff, 0xff, 0xff, 0xff, 
	0xff, 0xff, 0xff, 0xff, 0xff, 0xff, 0xff, 0xff, 
	0xff, 0xff, 0xff, 0xff, 0xff, 0xff, 0xff, 0xff, 
	0xff, 0xff, 0xff, 0xff, 0xff, 0xff, 0xff, 0xff, 
	0xff, 0xff, 0xff, 0xff, 0xff, 0xff, 0xff, 0xff, 
	0xff, 0xff, 0xff, 0xff, 0xff, 0xff, 0xff, 0xff, 
	0xff, 0xff, 0xff, 0xff, 0xff, 0xff, 0xff, 0xff, 
	0xff, 0xff, 0xff, 0xff, 0xff, 0xff, 0xff, 0xff, 
	0xff, 0xff, 0xff, 0xff, 0xff, 0xff, 0xff, 0xff, 
	0xff, 0xff, 0xff, 0xff, 0xff, 0xff, 0xff, 0xff, 
	0xff, 0xff, 0xff, 0xff, 0xff, 0xff, 0xff, 0xff, 
	0xff, 0xff, 0xff, 0xff, 0xff, 0xff, 0xff, 0xff, 
	0xff, 0xff, 0xff, 0xff, 0xff, 0xff, 0xff, 0xff, 
	0xff, 0xff, 0xff, 0xff, 0xff, 0xff, 0xff, 0xff, 
	0xff, 0xff, 0xff, 0xff, 0xff, 0xff, 0xff, 0xff, 
	0xff, 0xff, 0xff, 0xff, 0xff, 0xff, 0xff, 0xff, 
	0xff, 0xff, 0xff, 0xff, 0xff, 0xff, 0xff, 0xff, 
	0xff, 0xff, 0xff, 0xff, 0xff, 0xff, 0xff, 0xff, 
	0xff, 0xff, 0xff, 0xff, 0xff, 0xff, 0xff, 0xff, 
	0xff, 0xff, 0xff, 0xff, 0xff, 0xff, 0xff, 0xff, 
	0xff, 0xff, 0xff, 0xff, 0xff, 0xff, 0xff, 0xff, 
	0xff, 0xff, 0xff, 0xff, 0xff, 0xff, 0xff, 0xff, 
	0xff, 0xff, 0xff, 0xff, 0xff, 0xff, 0xff, 0xff, 
	0xff, 0xff, 0xff, 0xff, 0xff, 0xff, 0xff, 0xff, 
	0xff, 0xff, 0xff, 0xff, 0xff, 0xff, 0xff, 0xff, 
	0xff, 0xff, 0xff, 0xff, 0xff, 0xff, 0xff, 0xff, 
	0xff, 0xff, 0xff, 0xff, 0xff, 0xff, 0xff, 0xff, 
	0xff, 0xff, 0xff, 0xff, 0xff, 0xff, 0xff, 0xff, 
	0xff, 0xff, 0xff, 0xff, 0xff, 0xff, 0xff, 0xff, 
	0xff, 0xff, 0xff, 0xff, 0xff, 0xff, 0xff, 0xff, 
	0xff, 0xff, 0xff, 0xff, 0xff, 0xff, 0xff, 0xff, 
	0xff, 0xff, 0xff, 0xff, 0xff, 0xff, 0xff, 0xff, 
	0xff, 0xff, 0xff, 0xff, 0xff, 0xff, 0xff, 0xff, 
	0xff, 0xff, 0xff, 0xff, 0xff, 0xff, 0xff, 0xff, 
	0xff, 0xff, 0xff, 0xff, 0xff, 0xff, 0xff, 0xff, 
	0xff, 0xff, 0xff, 0xff, 0xff, 0xff, 0xff, 0xff, 
	0xff, 0xff, 0xff, 0xff, 0xff, 0xff, 0xff, 0xff, 
	0xff, 0xff, 0xff, 0xff, 0xff, 0xff, 0xff, 0xff, 
	0xff, 0xff, 0xff, 0xff, 0xff, 0xff, 0xff, 0xff, 
	0xff, 0xff, 0xff, 0xff, 0xff, 0xff, 0xff, 0xff, 
	0xff, 0xff, 0xff, 0xff, 0xff, 0xff, 0xff, 0xff, 
	0xff, 0xff, 0xff, 0xff, 0xff, 0xff, 0xff, 0xff, 
	0xff, 0xff, 0xff, 0xff, 0xff, 0xff, 0xff, 0xff, 
	0xff, 0xff, 0xff, 0xff, 0xff, 0xff, 0xff, 0xff, 
	0xff, 0xff, 0xff, 0xff, 0xff, 0xff, 0xff, 0xff, 
	0xff, 0xff, 0xff, 0xff, 0xff, 0xff, 0xff, 0xff, 
	0xff, 0xff, 0xff, 0xff, 0xff, 0xff, 0xff, 0xff, 
	0xff, 0xff, 0xff, 0xff, 0xff, 0xff, 0xff, 0xff, 
	0xff, 0xff, 0xff, 0xff, 0xff, 0xff, 0xff, 0xff, 
	0xff, 0xff, 0xff, 0xff, 0xff, 0xff, 0xff, 0xff, 
	0xff, 0xff, 0xff, 0xff, 0xff, 0xff, 0xff, 0xff, 
	0xff, 0xff, 0xff, 0xff, 0xff, 0xff, 0xff, 0xff, 
	0xff, 0xff, 0xff, 0xff, 0xff, 0xff, 0xff, 0xff, 
	0xff, 0xff, 0xff, 0xff, 0xff, 0xff, 0xff, 0xff, 
	0xff, 0xff, 0xff, 0xff, 0xff, 0xff, 0xff, 0xff, 
	0xff, 0xff, 0xff, 0xff, 0xff, 0xff, 0xff, 0xff, 
	0xff, 0xff, 0xff, 0xff, 0xff, 0xff, 0xff, 0xff, 
	0xff, 0xff, 0xff, 0xff, 0xff, 0xff, 0xff, 0xff, 
	0xff, 0xff, 0xff, 0xff, 0xff, 0xff, 0xff, 0xff, 
	0xff, 0xff, 0xff, 0xff, 0xff, 0xff, 0xff, 0xff, 
	
};

Gfx wf_dl_tile_0_4_i8_aligner[] = {gsSPEndDisplayList()};
u8 wf_dl_tile_0_4_i8[] = {
	0xff, 0xff, 0xff, 0xff, 0xff, 0xff, 0xff, 0xff, 
	0xff, 0xff, 0xff, 0xff, 0xff, 0xff, 0xff, 0xff, 
	0xff, 0xff, 0xff, 0xff, 0xff, 0xff, 0xff, 0xff, 
	0xff, 0xff, 0xff, 0xff, 0xff, 0xff, 0xff, 0xff, 
	0xff, 0xff, 0xff, 0xff, 0xff, 0xff, 0xff, 0xff, 
	0xff, 0xff, 0xff, 0xff, 0xff, 0xff, 0xff, 0xff, 
	0xff, 0xff, 0xff, 0xff, 0xff, 0xff, 0xff, 0xff, 
	0xff, 0xff, 0xff, 0xff, 0xff, 0xff, 0xff, 0xff, 
	0xff, 0xff, 0xff, 0xff, 0xff, 0xff, 0xff, 0xff, 
	0xff, 0xff, 0xff, 0xff, 0xff, 0xff, 0xff, 0xff, 
	0xff, 0xff, 0xff, 0xff, 0xff, 0xff, 0xff, 0xff, 
	0xff, 0xff, 0xff, 0xff, 0xff, 0xff, 0xff, 0xff, 
	0xff, 0xff, 0xff, 0xff, 0xff, 0xff, 0xff, 0xff, 
	0xff, 0xff, 0xff, 0xff, 0xff, 0xff, 0xff, 0xff, 
	0xff, 0xff, 0xff, 0xff, 0xff, 0xff, 0xff, 0xff, 
	0xff, 0xff, 0xff, 0xff, 0xff, 0xff, 0xff, 0xff, 
	0xff, 0xff, 0xff, 0xff, 0xff, 0xff, 0xff, 0xff, 
	0xff, 0xff, 0xff, 0xff, 0xff, 0xff, 0xff, 0xff, 
	0xff, 0xff, 0xff, 0xff, 0xff, 0xff, 0xff, 0xff, 
	0xff, 0xff, 0xff, 0xff, 0xff, 0xff, 0xff, 0xff, 
	0xff, 0xff, 0xff, 0xff, 0xff, 0xff, 0xff, 0xff, 
	0xff, 0xff, 0xff, 0xff, 0xff, 0xff, 0xff, 0xff, 
	0xff, 0xff, 0xff, 0xff, 0xff, 0xff, 0xff, 0xff, 
	0xff, 0xff, 0xff, 0xff, 0xff, 0xff, 0xff, 0xff, 
	0xff, 0xff, 0xff, 0xff, 0xff, 0xff, 0xff, 0xff, 
	0xff, 0xff, 0xff, 0xff, 0xff, 0xff, 0xff, 0xff, 
	0xff, 0xff, 0xff, 0xff, 0xff, 0xff, 0xff, 0xff, 
	0xff, 0xff, 0xff, 0xff, 0xff, 0xff, 0xff, 0xff, 
	0xff, 0xff, 0xff, 0xff, 0xff, 0xff, 0xff, 0xff, 
	0xff, 0xff, 0xff, 0xff, 0xff, 0xff, 0xff, 0xff, 
	0xff, 0xff, 0xff, 0xff, 0xff, 0xff, 0xff, 0xff, 
	0xff, 0xff, 0xff, 0xff, 0xff, 0xff, 0xff, 0xff, 
	0xff, 0xff, 0xff, 0xff, 0xff, 0xff, 0xff, 0xff, 
	0xff, 0xff, 0xff, 0xff, 0xff, 0xff, 0xff, 0xff, 
	0xff, 0xff, 0xff, 0xff, 0xff, 0xff, 0xff, 0xff, 
	0xff, 0xff, 0xff, 0xff, 0xff, 0xff, 0xff, 0xff, 
	0xff, 0xff, 0xff, 0xff, 0xff, 0xff, 0xff, 0xff, 
	0xff, 0xff, 0xff, 0xff, 0xff, 0xff, 0xff, 0xff, 
	0xff, 0xff, 0xff, 0xff, 0xff, 0xff, 0xff, 0xff, 
	0xff, 0xff, 0xff, 0xff, 0xff, 0xff, 0xff, 0xff, 
	0xff, 0xff, 0xff, 0xff, 0xff, 0xff, 0xff, 0xff, 
	0xff, 0xff, 0xff, 0xff, 0xff, 0xff, 0xff, 0xff, 
	0xff, 0xff, 0xff, 0xff, 0xff, 0xff, 0xff, 0xff, 
	0xff, 0xff, 0xff, 0xff, 0xff, 0xff, 0xff, 0xff, 
	0xff, 0xff, 0xff, 0xff, 0xff, 0xff, 0xff, 0xff, 
	0xff, 0xff, 0xff, 0xff, 0xff, 0xff, 0xff, 0xff, 
	0xff, 0xff, 0xff, 0xff, 0xff, 0xff, 0xff, 0xff, 
	0xff, 0xff, 0xff, 0xff, 0xff, 0xff, 0xff, 0xff, 
	0xff, 0xff, 0xff, 0xff, 0xff, 0xff, 0xff, 0xff, 
	0xff, 0xff, 0xff, 0xff, 0xff, 0xff, 0xff, 0xff, 
	0xff, 0xff, 0xff, 0xff, 0xff, 0xff, 0xff, 0xff, 
	0xff, 0xff, 0xff, 0xff, 0xff, 0xff, 0xff, 0xff, 
	0xff, 0xff, 0xff, 0xff, 0xff, 0xff, 0xff, 0xff, 
	0xff, 0xff, 0xff, 0xff, 0xff, 0xff, 0xff, 0xff, 
	0xff, 0xff, 0xff, 0xff, 0xff, 0xff, 0xff, 0xff, 
	0xff, 0xff, 0xff, 0xff, 0xff, 0xff, 0xff, 0xff, 
	0xff, 0xff, 0xff, 0xff, 0xff, 0xff, 0xff, 0xff, 
	0xff, 0xff, 0xff, 0xff, 0xff, 0xff, 0xff, 0xff, 
	0xff, 0xff, 0xff, 0xff, 0xff, 0xff, 0xff, 0xff, 
	0xff, 0xff, 0xff, 0xff, 0xff, 0xff, 0xff, 0xff, 
	0xff, 0xff, 0xff, 0xff, 0xff, 0xff, 0xff, 0xff, 
	0xff, 0xff, 0xff, 0xff, 0xff, 0xff, 0xff, 0xff, 
	0xff, 0xff, 0xff, 0xff, 0xff, 0xff, 0xff, 0xff, 
	0xff, 0xff, 0xff, 0xff, 0xff, 0xff, 0xff, 0xff, 
	0xff, 0xff, 0xff, 0xff, 0xff, 0xff, 0xff, 0xff, 
	0xff, 0xff, 0xff, 0xff, 0xff, 0xff, 0xff, 0xff, 
	0xff, 0xff, 0xff, 0xff, 0xff, 0xff, 0xff, 0xff, 
	0xff, 0xff, 0xff, 0xff, 0xff, 0xff, 0xff, 0xff, 
	0xff, 0xff, 0xff, 0xff, 0xff, 0xff, 0xff, 0xff, 
	0xff, 0xff, 0xff, 0xff, 0xff, 0xff, 0xff, 0xff, 
	0xff, 0xff, 0xff, 0xff, 0xff, 0xff, 0xff, 0xff, 
	0xff, 0xff, 0xff, 0xff, 0xff, 0xff, 0xff, 0xff, 
	0xff, 0xff, 0xff, 0xff, 0xff, 0xff, 0xff, 0xff, 
	0xff, 0xff, 0xff, 0xff, 0xff, 0xff, 0xff, 0xff, 
	0xff, 0xff, 0xff, 0xff, 0xff, 0xff, 0xff, 0xff, 
	0xff, 0xff, 0xff, 0xff, 0xff, 0xff, 0xff, 0xff, 
	0xff, 0xff, 0xff, 0xff, 0xff, 0xff, 0xff, 0xff, 
	0xff, 0xff, 0xff, 0xff, 0xff, 0xff, 0xff, 0xff, 
	0xff, 0xff, 0xff, 0xff, 0xff, 0xff, 0xff, 0xff, 
	0xff, 0xff, 0xff, 0xff, 0xff, 0xff, 0xff, 0xff, 
	0xff, 0xff, 0xff, 0xff, 0xff, 0xff, 0xff, 0xff, 
	0xff, 0xff, 0xff, 0xff, 0xff, 0xff, 0xff, 0xff, 
	0xff, 0xff, 0xff, 0xff, 0xff, 0xff, 0xff, 0xff, 
	0xff, 0xff, 0xff, 0xff, 0xff, 0xff, 0xff, 0xff, 
	0xff, 0xff, 0xff, 0xff, 0xff, 0xff, 0xff, 0xff, 
	0xff, 0xff, 0xff, 0xff, 0xff, 0xff, 0xff, 0xff, 
	0xff, 0xff, 0xff, 0xff, 0xff, 0xff, 0xff, 0xff, 
	0xff, 0xff, 0xff, 0xff, 0xff, 0xff, 0xff, 0xff, 
	0xff, 0xff, 0xff, 0xff, 0xff, 0xff, 0xff, 0xff, 
	0xff, 0xff, 0xff, 0xff, 0xff, 0xff, 0xff, 0xff, 
	0xff, 0xff, 0xff, 0xff, 0xff, 0xff, 0xff, 0xff, 
	0xff, 0xff, 0xff, 0xff, 0xff, 0xff, 0xff, 0xff, 
	0xff, 0xff, 0xff, 0xff, 0xff, 0xff, 0xff, 0xff, 
	0xff, 0xff, 0xff, 0xff, 0xff, 0xff, 0xff, 0xff, 
	0xff, 0xff, 0xff, 0xff, 0xff, 0xff, 0xff, 0xff, 
	0xff, 0xff, 0xff, 0xff, 0xff, 0xff, 0xff, 0xff, 
	0xff, 0xff, 0xff, 0xff, 0xff, 0xff, 0xff, 0xff, 
	0xff, 0xff, 0xff, 0xff, 0xff, 0xff, 0xff, 0xff, 
	0xff, 0xff, 0xff, 0xff, 0xff, 0xff, 0xff, 0xff, 
	0xff, 0xff, 0xff, 0xff, 0xff, 0xff, 0xff, 0xff, 
	0xff, 0xff, 0xff, 0xff, 0xff, 0xff, 0xff, 0xff, 
	0xff, 0xff, 0xff, 0xff, 0xff, 0xff, 0xff, 0xff, 
	0xff, 0xff, 0xff, 0xff, 0xff, 0xff, 0xff, 0xff, 
	0xff, 0xff, 0xff, 0xff, 0xff, 0xff, 0xff, 0xff, 
	0xff, 0xff, 0xff, 0xff, 0xff, 0xff, 0xff, 0xff, 
	0xff, 0xff, 0xff, 0xff, 0xff, 0xff, 0xff, 0xff, 
	0xff, 0xff, 0xff, 0xff, 0xff, 0xff, 0xff, 0xff, 
	0xff, 0xff, 0xff, 0xff, 0xff, 0xff, 0xff, 0xff, 
	0xff, 0xff, 0xff, 0xff, 0xff, 0xff, 0xff, 0xff, 
	0xff, 0xff, 0xff, 0xff, 0xff, 0xff, 0xff, 0xff, 
	0xff, 0xff, 0xff, 0xff, 0xff, 0xff, 0xff, 0xff, 
	0xff, 0xff, 0xff, 0xff, 0xff, 0xff, 0xff, 0xff, 
	0xff, 0xff, 0xff, 0xff, 0xff, 0xff, 0xff, 0xff, 
	0xff, 0xff, 0xff, 0xff, 0xff, 0xff, 0xff, 0xff, 
	0xff, 0xff, 0xff, 0xff, 0xff, 0xff, 0xff, 0xff, 
	0xff, 0xff, 0xff, 0xff, 0xff, 0xff, 0xff, 0xff, 
	0xff, 0xff, 0xff, 0xff, 0xff, 0xff, 0xff, 0xff, 
	0xff, 0xff, 0xff, 0xff, 0xff, 0xff, 0xff, 0xff, 
	0xff, 0xff, 0xff, 0xff, 0xff, 0xff, 0xff, 0xff, 
	0xff, 0xff, 0xff, 0xff, 0xff, 0xff, 0xff, 0xff, 
	0xff, 0xff, 0xff, 0xff, 0xff, 0xff, 0xff, 0xff, 
	0xff, 0xff, 0xff, 0xff, 0xff, 0xff, 0xff, 0xff, 
	0xff, 0xff, 0xff, 0xff, 0xff, 0xff, 0xff, 0xff, 
	0xff, 0xff, 0xff, 0xff, 0xff, 0xff, 0xff, 0xff, 
	0xff, 0xff, 0xff, 0xff, 0xff, 0xff, 0xff, 0xff, 
	0xff, 0xff, 0xff, 0xff, 0xff, 0xff, 0xff, 0xff, 
	0xff, 0xff, 0xff, 0xff, 0xff, 0xff, 0xff, 0xff, 
	0xff, 0xff, 0xff, 0xff, 0xff, 0xff, 0xff, 0xff, 
	
};

Gfx wf_dl_tile_0_5_ci8_aligner[] = {gsSPEndDisplayList()};
u8 wf_dl_tile_0_5_ci8[] = {
	0x00, 0x00, 0x00, 0x00, 0x00, 0x00, 0x00, 0x00, 
	0x00, 0x00, 0x00, 0x00, 0x00, 0x00, 0x00, 0x00, 
	0x00, 0x00, 0x00, 0x00, 0x00, 0x00, 0x00, 0x00, 
	0x00, 0x00, 0x00, 0x00, 0x00, 0x00, 0x00, 0x00, 
	0x00, 0x00, 0x00, 0x00, 0x00, 0x00, 0x00, 0x00, 
	0x00, 0x00, 0x00, 0x00, 0x00, 0x00, 0x00, 0x00, 
	0x00, 0x00, 0x00, 0x00, 0x00, 0x00, 0x00, 0x00, 
	0x00, 0x00, 0x00, 0x00, 0x00, 0x00, 0x00, 0x00, 
	0x00, 0x00, 0x00, 0x00, 0x00, 0x00, 0x00, 0x00, 
	0x00, 0x00, 0x00, 0x00, 0x00, 0x00, 0x00, 0x00, 
	0x00, 0x00, 0x00, 0x00, 0x00, 0x00, 0x00, 0x00, 
	0x00, 0x00, 0x00, 0x00, 0x00, 0x00, 0x00, 0x00, 
	0x00, 0x00, 0x00, 0x00, 0x00, 0x00, 0x00, 0x00, 
	0x00, 0x00, 0x00, 0x00, 0x00, 0x00, 0x00, 0x00, 
	0x00, 0x00, 0x00, 0x00, 0x00, 0x00, 0x00, 0x00, 
	0x00, 0x00, 0x00, 0x00, 0x00, 0x00, 0x00, 0x00, 
	0x00, 0x00, 0x00, 0x00, 0x00, 0x00, 0x00, 0x00, 
	0x00, 0x00, 0x00, 0x00, 0x00, 0x00, 0x00, 0x00, 
	0x00, 0x00, 0x00, 0x00, 0x00, 0x00, 0x00, 0x00, 
	0x00, 0x00, 0x00, 0x00, 0x00, 0x00, 0x00, 0x00, 
	0x00, 0x00, 0x00, 0x00, 0x00, 0x00, 0x00, 0x00, 
	0x00, 0x00, 0x00, 0x00, 0x00, 0x00, 0x00, 0x00, 
	0x00, 0x00, 0x00, 0x00, 0x00, 0x00, 0x00, 0x00, 
	0x00, 0x00, 0x00, 0x00, 0x00, 0x00, 0x00, 0x00, 
	0x00, 0x00, 0x00, 0x00, 0x00, 0x00, 0x00, 0x00, 
	0x00, 0x00, 0x00, 0x00, 0x00, 0x00, 0x00, 0x00, 
	0x00, 0x00, 0x00, 0x00, 0x00, 0x00, 0x00, 0x00, 
	0x00, 0x00, 0x00, 0x00, 0x00, 0x00, 0x00, 0x00, 
	0x00, 0x00, 0x00, 0x00, 0x00, 0x00, 0x00, 0x00, 
	0x00, 0x00, 0x00, 0x00, 0x00, 0x00, 0x00, 0x00, 
	0x00, 0x00, 0x00, 0x00, 0x00, 0x00, 0x00, 0x00, 
	0x00, 0x00, 0x00, 0x00, 0x00, 0x00, 0x00, 0x00, 
	0x00, 0x00, 0x00, 0x00, 0x00, 0x00, 0x00, 0x00, 
	0x00, 0x00, 0x00, 0x00, 0x00, 0x00, 0x00, 0x00, 
	0x00, 0x00, 0x00, 0x00, 0x00, 0x00, 0x00, 0x00, 
	0x00, 0x00, 0x00, 0x00, 0x00, 0x00, 0x00, 0x00, 
	0x00, 0x00, 0x00, 0x00, 0x00, 0x00, 0x00, 0x00, 
	0x00, 0x00, 0x00, 0x00, 0x00, 0x00, 0x00, 0x00, 
	0x00, 0x00, 0x00, 0x00, 0x00, 0x00, 0x00, 0x00, 
	0x00, 0x00, 0x00, 0x00, 0x00, 0x00, 0x00, 0x00, 
	0x00, 0x00, 0x00, 0x00, 0x00, 0x00, 0x00, 0x00, 
	0x00, 0x00, 0x00, 0x00, 0x00, 0x00, 0x00, 0x00, 
	0x00, 0x00, 0x00, 0x00, 0x00, 0x00, 0x00, 0x00, 
	0x00, 0x00, 0x00, 0x00, 0x00, 0x00, 0x00, 0x00, 
	0x00, 0x00, 0x00, 0x00, 0x00, 0x00, 0x00, 0x00, 
	0x00, 0x00, 0x00, 0x00, 0x00, 0x00, 0x00, 0x00, 
	0x00, 0x00, 0x00, 0x00, 0x00, 0x00, 0x00, 0x00, 
	0x00, 0x00, 0x00, 0x00, 0x00, 0x00, 0x00, 0x00, 
	0x00, 0x00, 0x00, 0x00, 0x00, 0x00, 0x00, 0x00, 
	0x00, 0x00, 0x00, 0x00, 0x00, 0x00, 0x00, 0x00, 
	0x00, 0x00, 0x00, 0x00, 0x00, 0x00, 0x00, 0x00, 
	0x00, 0x00, 0x00, 0x00, 0x00, 0x00, 0x00, 0x00, 
	0x00, 0x00, 0x00, 0x00, 0x00, 0x00, 0x00, 0x00, 
	0x00, 0x00, 0x00, 0x00, 0x00, 0x00, 0x00, 0x00, 
	0x00, 0x00, 0x00, 0x00, 0x00, 0x00, 0x00, 0x00, 
	0x00, 0x00, 0x00, 0x00, 0x00, 0x00, 0x00, 0x00, 
	0x00, 0x00, 0x00, 0x00, 0x00, 0x00, 0x00, 0x00, 
	0x00, 0x00, 0x00, 0x00, 0x00, 0x00, 0x00, 0x00, 
	0x00, 0x00, 0x00, 0x00, 0x00, 0x00, 0x00, 0x00, 
	0x00, 0x00, 0x00, 0x00, 0x00, 0x00, 0x00, 0x00, 
	0x00, 0x00, 0x00, 0x00, 0x00, 0x00, 0x00, 0x00, 
	0x00, 0x00, 0x00, 0x00, 0x00, 0x00, 0x00, 0x00, 
	0x00, 0x00, 0x00, 0x00, 0x00, 0x00, 0x00, 0x00, 
	0x00, 0x00, 0x00, 0x00, 0x00, 0x00, 0x00, 0x00, 
	0x00, 0x00, 0x00, 0x00, 0x00, 0x00, 0x00, 0x00, 
	0x00, 0x00, 0x00, 0x00, 0x00, 0x00, 0x00, 0x00, 
	0x00, 0x00, 0x00, 0x00, 0x00, 0x00, 0x00, 0x00, 
	0x00, 0x00, 0x00, 0x00, 0x00, 0x00, 0x00, 0x00, 
	0x00, 0x00, 0x00, 0x00, 0x00, 0x00, 0x00, 0x00, 
	0x00, 0x00, 0x00, 0x00, 0x00, 0x00, 0x00, 0x00, 
	0x00, 0x00, 0x00, 0x00, 0x00, 0x00, 0x00, 0x00, 
	0x00, 0x00, 0x00, 0x00, 0x00, 0x00, 0x00, 0x00, 
	0x00, 0x00, 0x00, 0x00, 0x00, 0x00, 0x00, 0x00, 
	0x00, 0x00, 0x00, 0x00, 0x00, 0x00, 0x00, 0x00, 
	0x00, 0x00, 0x00, 0x00, 0x00, 0x00, 0x00, 0x00, 
	0x00, 0x00, 0x00, 0x00, 0x00, 0x00, 0x00, 0x01, 
	0x00, 0x00, 0x00, 0x00, 0x00, 0x00, 0x00, 0x00, 
	0x00, 0x00, 0x00, 0x00, 0x00, 0x00, 0x00, 0x00, 
	0x00, 0x00, 0x00, 0x00, 0x00, 0x00, 0x00, 0x00, 
	0x00, 0x00, 0x00, 0x00, 0x00, 0x00, 0x02, 0x03, 
	0x00, 0x00, 0x00, 0x00, 0x00, 0x00, 0x00, 0x00, 
	0x00, 0x00, 0x00, 0x00, 0x00, 0x00, 0x00, 0x00, 
	0x00, 0x00, 0x00, 0x00, 0x00, 0x00, 0x00, 0x00, 
	0x00, 0x00, 0x00, 0x00, 0x00, 0x04, 0x05, 0x06, 
	0x00, 0x00, 0x00, 0x00, 0x00, 0x00, 0x00, 0x00, 
	0x00, 0x00, 0x00, 0x00, 0x00, 0x00, 0x00, 0x00, 
	0x00, 0x00, 0x00, 0x00, 0x00, 0x00, 0x00, 0x00, 
	0x00, 0x00, 0x00, 0x07, 0x07, 0x07, 0x08, 0x09, 
	0x00, 0x00, 0x00, 0x00, 0x00, 0x00, 0x00, 0x00, 
	0x00, 0x00, 0x00, 0x00, 0x00, 0x00, 0x00, 0x00, 
	0x00, 0x00, 0x00, 0x00, 0x00, 0x00, 0x00, 0x00, 
	0x00, 0x0a, 0x0b, 0x0b, 0x07, 0x07, 0x07, 0x0c, 
	0x00, 0x00, 0x00, 0x00, 0x00, 0x00, 0x00, 0x00, 
	0x00, 0x00, 0x00, 0x00, 0x00, 0x00, 0x00, 0x00, 
	0x00, 0x00, 0x00, 0x00, 0x00, 0x00, 0x00, 0x00, 
	0x0b, 0x0d, 0x0d, 0x0b, 0x0b, 0x07, 0x07, 0x07, 
	0x00, 0x00, 0x00, 0x00, 0x00, 0x00, 0x00, 0x00, 
	0x00, 0x00, 0x00, 0x00, 0x00, 0x00, 0x00, 0x00, 
	0x00, 0x00, 0x00, 0x00, 0x00, 0x00, 0x00, 0x07, 
	0x0e, 0x0e, 0x0d, 0x0d, 0x0b, 0x0b, 0x0b, 0x0b, 
	0x00, 0x00, 0x00, 0x00, 0x00, 0x00, 0x00, 0x00, 
	0x00, 0x00, 0x00, 0x00, 0x00, 0x00, 0x00, 0x00, 
	0x00, 0x00, 0x00, 0x00, 0x00, 0x00, 0x00, 0x0d, 
	0x0f, 0x0f, 0x0e, 0x0e, 0x0e, 0x0e, 0x0e, 0x0e, 
	0x00, 0x00, 0x00, 0x00, 0x00, 0x00, 0x00, 0x00, 
	0x00, 0x00, 0x00, 0x00, 0x00, 0x00, 0x00, 0x00, 
	0x00, 0x00, 0x00, 0x00, 0x00, 0x00, 0x07, 0x0f, 
	0x10, 0x10, 0x10, 0x10, 0x10, 0x10, 0x11, 0x11, 
	0x00, 0x00, 0x00, 0x00, 0x00, 0x00, 0x00, 0x00, 
	0x00, 0x00, 0x00, 0x00, 0x00, 0x00, 0x00, 0x00, 
	0x00, 0x00, 0x00, 0x00, 0x00, 0x00, 0x07, 0x10, 
	0x12, 0x12, 0x13, 0x13, 0x14, 0x15, 0x14, 0x16, 
	0x00, 0x00, 0x00, 0x00, 0x00, 0x00, 0x00, 0x00, 
	0x00, 0x00, 0x00, 0x00, 0x00, 0x00, 0x00, 0x00, 
	0x00, 0x00, 0x00, 0x00, 0x00, 0x00, 0x07, 0x10, 
	0x13, 0x12, 0x10, 0x0e, 0x0e, 0x17, 0x17, 0x0e, 
	0x00, 0x00, 0x00, 0x00, 0x00, 0x00, 0x00, 0x00, 
	0x00, 0x00, 0x00, 0x00, 0x00, 0x00, 0x00, 0x00, 
	0x00, 0x00, 0x00, 0x00, 0x00, 0x00, 0x07, 0x0f, 
	0x18, 0x0e, 0x0b, 0x07, 0x07, 0x07, 0x07, 0x07, 
	0x00, 0x00, 0x00, 0x00, 0x00, 0x00, 0x00, 0x00, 
	0x00, 0x00, 0x00, 0x00, 0x00, 0x00, 0x00, 0x00, 
	0x00, 0x00, 0x00, 0x00, 0x00, 0x00, 0x00, 0x0d, 
	0x0d, 0x0b, 0x07, 0x07, 0x07, 0x07, 0x07, 0x07, 
	0x00, 0x00, 0x00, 0x00, 0x00, 0x00, 0x00, 0x00, 
	0x00, 0x00, 0x00, 0x00, 0x00, 0x00, 0x00, 0x00, 
	0x00, 0x00, 0x00, 0x00, 0x00, 0x00, 0x07, 0x0d, 
	0x0b, 0x19, 0x07, 0x07, 0x07, 0x07, 0x07, 0x07, 
	
};

Gfx wf_dl_tile_0_5_pal_rgba16_aligner[] = {gsSPEndDisplayList()};
u8 wf_dl_tile_0_5_pal_rgba16[] = {
	0xff, 0xff, 0xf6, 0x71, 0xf7, 0x37, 0xe3, 0x97, 
	0xff, 0xbd, 0xee, 0x71, 0xec, 0x9f, 0xf7, 0xbd, 
	0xff, 0xbb, 0xff, 0x79, 0xf7, 0x7d, 0xef, 0x7b, 
	0xf7, 0xfd, 0xe7, 0x39, 0xde, 0xf7, 0xd6, 0xb5, 
	0xce, 0x73, 0xc6, 0x33, 0xc6, 0x31, 0xbd, 0xef, 
	0xb5, 0xaf, 0xb5, 0xef, 0xb5, 0xad, 0xdf, 0x39, 
	0xce, 0xb5, 0xef, 0xbd, 
};

Gfx wf_dl_tile_0_6_ci8_aligner[] = {gsSPEndDisplayList()};
u8 wf_dl_tile_0_6_ci8[] = {
	0x00, 0x00, 0x00, 0x00, 0x00, 0x00, 0x00, 0x00, 
	0x00, 0x00, 0x00, 0x00, 0x00, 0x00, 0x00, 0x00, 
	0x00, 0x00, 0x00, 0x00, 0x00, 0x00, 0x00, 0x01, 
	0x01, 0x02, 0x03, 0x03, 0x03, 0x03, 0x03, 0x03, 
	0x00, 0x00, 0x00, 0x00, 0x00, 0x00, 0x00, 0x00, 
	0x00, 0x00, 0x00, 0x00, 0x00, 0x00, 0x00, 0x00, 
	0x00, 0x00, 0x00, 0x00, 0x00, 0x00, 0x03, 0x01, 
	0x02, 0x04, 0x03, 0x03, 0x03, 0x03, 0x03, 0x03, 
	0x00, 0x00, 0x00, 0x00, 0x00, 0x00, 0x00, 0x00, 
	0x00, 0x00, 0x00, 0x00, 0x00, 0x00, 0x00, 0x00, 
	0x00, 0x00, 0x00, 0x00, 0x00, 0x03, 0x01, 0x02, 
	0x02, 0x03, 0x03, 0x03, 0x05, 0x05, 0x03, 0x03, 
	0x00, 0x00, 0x00, 0x00, 0x00, 0x00, 0x00, 0x00, 
	0x00, 0x00, 0x00, 0x00, 0x00, 0x00, 0x00, 0x00, 
	0x00, 0x00, 0x00, 0x00, 0x03, 0x01, 0x02, 0x02, 
	0x03, 0x03, 0x03, 0x05, 0x03, 0x03, 0x03, 0x03, 
	0x00, 0x00, 0x00, 0x00, 0x00, 0x00, 0x00, 0x00, 
	0x00, 0x00, 0x00, 0x00, 0x00, 0x00, 0x00, 0x00, 
	0x00, 0x00, 0x00, 0x00, 0x02, 0x02, 0x02, 0x02, 
	0x03, 0x03, 0x03, 0x03, 0x03, 0x03, 0x03, 0x03, 
	0x00, 0x00, 0x00, 0x00, 0x00, 0x00, 0x00, 0x00, 
	0x00, 0x00, 0x00, 0x00, 0x00, 0x00, 0x00, 0x00, 
	0x00, 0x00, 0x00, 0x02, 0x01, 0x02, 0x02, 0x03, 
	0x03, 0x03, 0x05, 0x03, 0x03, 0x03, 0x03, 0x03, 
	0x00, 0x00, 0x00, 0x00, 0x00, 0x00, 0x00, 0x00, 
	0x00, 0x00, 0x00, 0x00, 0x00, 0x00, 0x00, 0x00, 
	0x00, 0x00, 0x03, 0x01, 0x01, 0x02, 0x03, 0x03, 
	0x03, 0x03, 0x03, 0x05, 0x05, 0x03, 0x03, 0x03, 
	0x00, 0x00, 0x00, 0x00, 0x00, 0x00, 0x00, 0x00, 
	0x00, 0x00, 0x00, 0x00, 0x00, 0x00, 0x00, 0x00, 
	0x00, 0x00, 0x02, 0x01, 0x02, 0x02, 0x03, 0x03, 
	0x03, 0x03, 0x03, 0x05, 0x05, 0x03, 0x03, 0x03, 
	0x00, 0x00, 0x00, 0x00, 0x00, 0x00, 0x00, 0x00, 
	0x00, 0x00, 0x00, 0x00, 0x00, 0x00, 0x00, 0x00, 
	0x00, 0x02, 0x01, 0x02, 0x02, 0x02, 0x02, 0x03, 
	0x03, 0x03, 0x03, 0x05, 0x03, 0x03, 0x03, 0x03, 
	0x00, 0x00, 0x00, 0x00, 0x00, 0x00, 0x00, 0x00, 
	0x00, 0x00, 0x00, 0x00, 0x00, 0x00, 0x00, 0x00, 
	0x03, 0x01, 0x02, 0x02, 0x02, 0x03, 0x02, 0x03, 
	0x00, 0x03, 0x03, 0x05, 0x05, 0x03, 0x03, 0x02, 
	0x00, 0x00, 0x00, 0x00, 0x00, 0x00, 0x00, 0x00, 
	0x00, 0x00, 0x00, 0x00, 0x00, 0x00, 0x00, 0x00, 
	0x01, 0x01, 0x01, 0x02, 0x02, 0x00, 0x02, 0x00, 
	0x00, 0x05, 0x05, 0x03, 0x03, 0x03, 0x02, 0x02, 
	0x00, 0x00, 0x00, 0x00, 0x00, 0x00, 0x00, 0x00, 
	0x00, 0x00, 0x00, 0x00, 0x00, 0x00, 0x00, 0x03, 
	0x02, 0x03, 0x01, 0x02, 0x03, 0x03, 0x02, 0x00, 
	0x03, 0x05, 0x05, 0x03, 0x03, 0x03, 0x02, 0x01, 
	0x00, 0x00, 0x00, 0x00, 0x00, 0x00, 0x00, 0x00, 
	0x00, 0x00, 0x00, 0x00, 0x00, 0x00, 0x00, 0x01, 
	0x03, 0x01, 0x02, 0x02, 0x03, 0x02, 0x00, 0x06, 
	0x05, 0x05, 0x05, 0x03, 0x03, 0x02, 0x02, 0x01, 
	0x00, 0x00, 0x00, 0x00, 0x00, 0x00, 0x00, 0x00, 
	0x00, 0x00, 0x00, 0x00, 0x00, 0x00, 0x03, 0x01, 
	0x03, 0x07, 0x02, 0x03, 0x01, 0x03, 0x06, 0x06, 
	0x05, 0x05, 0x03, 0x03, 0x03, 0x02, 0x01, 0x01, 
	0x00, 0x00, 0x00, 0x00, 0x00, 0x00, 0x00, 0x00, 
	0x00, 0x00, 0x00, 0x00, 0x00, 0x00, 0x02, 0x01, 
	0x07, 0x02, 0x02, 0x02, 0x03, 0x03, 0x06, 0x05, 
	0x05, 0x05, 0x03, 0x04, 0x08, 0x02, 0x01, 0x07, 
	0x00, 0x00, 0x00, 0x00, 0x00, 0x00, 0x00, 0x00, 
	0x00, 0x00, 0x00, 0x00, 0x00, 0x00, 0x02, 0x01, 
	0x01, 0x02, 0x02, 0x03, 0x03, 0x03, 0x06, 0x05, 
	0x05, 0x05, 0x03, 0x04, 0x02, 0x01, 0x01, 0x07, 
	0x00, 0x00, 0x00, 0x00, 0x00, 0x00, 0x00, 0x00, 
	0x00, 0x00, 0x00, 0x00, 0x00, 0x02, 0x01, 0x01, 
	0x09, 0x02, 0x02, 0x03, 0x03, 0x06, 0x06, 0x06, 
	0x03, 0x03, 0x03, 0x02, 0x01, 0x01, 0x07, 0x0a, 
	0x00, 0x00, 0x00, 0x00, 0x00, 0x00, 0x00, 0x00, 
	0x00, 0x00, 0x00, 0x00, 0x02, 0x01, 0x01, 0x01, 
	0x02, 0x02, 0x02, 0x02, 0x03, 0x06, 0x06, 0x06, 
	0x03, 0x03, 0x03, 0x02, 0x07, 0x0a, 0x0a, 0x0a, 
	0x00, 0x00, 0x00, 0x00, 0x00, 0x00, 0x00, 0x00, 
	0x00, 0x00, 0x00, 0x03, 0x01, 0x07, 0x01, 0x01, 
	0x02, 0x02, 0x01, 0x02, 0x03, 0x06, 0x06, 0x06, 
	0x03, 0x03, 0x02, 0x01, 0x0a, 0x0b, 0x0b, 0x0b, 
	0x00, 0x00, 0x00, 0x00, 0x00, 0x00, 0x00, 0x00, 
	0x00, 0x00, 0x00, 0x02, 0x01, 0x07, 0x01, 0x02, 
	0x02, 0x02, 0x07, 0x02, 0x00, 0x00, 0x00, 0x05, 
	0x03, 0x02, 0x01, 0x0a, 0x0b, 0x0c, 0x0c, 0x0d, 
	0x00, 0x00, 0x00, 0x00, 0x00, 0x00, 0x00, 0x00, 
	0x00, 0x00, 0x00, 0x01, 0x01, 0x07, 0x01, 0x02, 
	0x02, 0x02, 0x0a, 0x02, 0x00, 0x00, 0x00, 0x03, 
	0x03, 0x02, 0x07, 0x0b, 0x0e, 0x0e, 0x0e, 0x0f, 
	0x00, 0x00, 0x00, 0x00, 0x00, 0x00, 0x00, 0x00, 
	0x00, 0x00, 0x03, 0x01, 0x01, 0x0a, 0x01, 0x03, 
	0x03, 0x02, 0x0a, 0x02, 0x03, 0x06, 0x03, 0x03, 
	0x02, 0x01, 0x0a, 0x0c, 0x10, 0x11, 0x12, 0x0e, 
	0x00, 0x00, 0x00, 0x00, 0x00, 0x00, 0x00, 0x00, 
	0x00, 0x00, 0x02, 0x02, 0x07, 0x0a, 0x02, 0x02, 
	0x02, 0x02, 0x0b, 0x01, 0x03, 0x03, 0x03, 0x04, 
	0x02, 0x07, 0x0b, 0x0e, 0x11, 0x13, 0x14, 0x12, 
	0x00, 0x00, 0x00, 0x00, 0x00, 0x00, 0x00, 0x00, 
	0x00, 0x00, 0x01, 0x02, 0x07, 0x0b, 0x02, 0x02, 
	0x02, 0x01, 0x0c, 0x07, 0x02, 0x04, 0x08, 0x02, 
	0x01, 0x07, 0x0b, 0x11, 0x15, 0x16, 0x13, 0x14, 
	0x00, 0x00, 0x00, 0x00, 0x00, 0x00, 0x00, 0x00, 
	0x00, 0x03, 0x17, 0x18, 0x07, 0x0c, 0x01, 0x01, 
	0x01, 0x07, 0x12, 0x0a, 0x01, 0x02, 0x02, 0x02, 
	0x01, 0x0a, 0x19, 0x13, 0x1a, 0x1b, 0x16, 0x14, 
	0x00, 0x00, 0x00, 0x00, 0x00, 0x00, 0x00, 0x00, 
	0x00, 0x01, 0x0b, 0x07, 0x07, 0x12, 0x07, 0x1c, 
	0x01, 0x0a, 0x11, 0x0b, 0x07, 0x01, 0x02, 0x02, 
	0x07, 0x0b, 0x11, 0x1d, 0x1e, 0x1e, 0x1b, 0x15, 
	0x00, 0x00, 0x00, 0x00, 0x00, 0x00, 0x00, 0x00, 
	0x00, 0x07, 0x0c, 0x0a, 0x1f, 0x12, 0x0b, 0x07, 
	0x07, 0x0a, 0x13, 0x0c, 0x07, 0x01, 0x02, 0x02, 
	0x07, 0x0b, 0x20, 0x21, 0x22, 0x23, 0x24, 0x16, 
	0x00, 0x00, 0x00, 0x00, 0x00, 0x00, 0x00, 0x00, 
	0x00, 0x07, 0x0e, 0x25, 0x0b, 0x26, 0x11, 0x0a, 
	0x0a, 0x0a, 0x13, 0x12, 0x0a, 0x01, 0x02, 0x01, 
	0x07, 0x0c, 0x13, 0x27, 0x20, 0x14, 0x1e, 0x1d, 
	0x00, 0x00, 0x00, 0x00, 0x00, 0x00, 0x00, 0x00, 
	0x00, 0x0a, 0x14, 0x12, 0x0e, 0x12, 0x28, 0x0b, 
	0x0a, 0x0b, 0x12, 0x13, 0x0b, 0x29, 0x01, 0x01, 
	0x07, 0x0f, 0x16, 0x1b, 0x07, 0x0e, 0x1e, 0x2a, 
	0x00, 0x00, 0x00, 0x00, 0x00, 0x00, 0x00, 0x00, 
	0x00, 0x2b, 0x11, 0x13, 0x0e, 0x11, 0x1a, 0x0c, 
	0x0a, 0x0b, 0x0f, 0x13, 0x0b, 0x07, 0x01, 0x01, 
	0x2c, 0x0c, 0x1d, 0x1b, 0x01, 0x0c, 0x24, 0x24, 
	0x00, 0x00, 0x00, 0x00, 0x00, 0x00, 0x00, 0x00, 
	0x00, 0x18, 0x0e, 0x28, 0x26, 0x0e, 0x15, 0x11, 
	0x0a, 0x2d, 0x0c, 0x13, 0x0c, 0x07, 0x01, 0x01, 
	0x2c, 0x0f, 0x1a, 0x1d, 0x2e, 0x0c, 0x24, 0x2a, 
	0x00, 0x00, 0x00, 0x00, 0x00, 0x00, 0x00, 0x00, 
	0x00, 0x03, 0x25, 0x13, 0x13, 0x0e, 0x11, 0x20, 
	0x2d, 0x0a, 0x0b, 0x14, 0x0e, 0x07, 0x01, 0x01, 
	0x17, 0x0c, 0x2f, 0x1d, 0x0a, 0x0e, 0x2a, 0x1b, 
	
};

Gfx wf_dl_tile_0_6_pal_rgba16_aligner[] = {gsSPEndDisplayList()};
u8 wf_dl_tile_0_6_pal_rgba16[] = {
	0xff, 0xff, 0xe7, 0x39, 0xef, 0x7b, 0xf7, 0xbd, 
	0xef, 0xbd, 0xf7, 0xfd, 0xf7, 0xff, 0xde, 0xf7, 
	0xef, 0xbb, 0xe7, 0x79, 0xd6, 0xb5, 0xce, 0x73, 
	0xc6, 0x31, 0xc6, 0x71, 0xbd, 0xef, 0xbe, 0x31, 
	0xb5, 0xed, 0xb5, 0xad, 0xb5, 0xef, 0xad, 0x6b, 
	0xad, 0xad, 0xa5, 0x6b, 0xa5, 0x2b, 0xde, 0xb7, 
	0xe7, 0x3b, 0xbd, 0xf1, 0x9c, 0xe9, 0x94, 0xe7, 
	0xe6, 0xf9, 0x9d, 0x29, 0x8c, 0x65, 0xd6, 0x75, 
	0xad, 0x6d, 0x8c, 0xa5, 0x73, 0xdf, 0x7c, 0x21, 
	0x94, 0xa5, 0xc6, 0x33, 0xb5, 0xaf, 0x84, 0x63, 
	0xa5, 0x29, 0xe6, 0xf7, 0x94, 0xa7, 0xd6, 0xb7, 
	0xde, 0xb5, 0xce, 0xb5, 0xdf, 0x39, 0x9c, 0xe7, 
	
};

Gfx wf_dl_tile_0_7_ci8_aligner[] = {gsSPEndDisplayList()};
u8 wf_dl_tile_0_7_ci8[] = {
	0x00, 0x00, 0x00, 0x00, 0x00, 0x00, 0x00, 0x00, 
	0x00, 0x01, 0x02, 0x03, 0x04, 0x02, 0x05, 0x06, 
	0x07, 0x08, 0x09, 0x0a, 0x09, 0x0b, 0x0c, 0x0c, 
	0x0d, 0x0e, 0x0f, 0x10, 0x11, 0x09, 0x12, 0x13, 
	0x00, 0x00, 0x00, 0x00, 0x00, 0x00, 0x00, 0x00, 
	0x00, 0x14, 0x15, 0x0a, 0x0a, 0x02, 0x06, 0x16, 
	0x08, 0x07, 0x17, 0x18, 0x02, 0x0b, 0x0c, 0x0c, 
	0x19, 0x09, 0x1a, 0x10, 0x07, 0x02, 0x13, 0x1b, 
	0x00, 0x00, 0x00, 0x00, 0x00, 0x00, 0x00, 0x00, 
	0x00, 0x00, 0x1c, 0x04, 0x03, 0x1d, 0x1d, 0x03, 
	0x17, 0x07, 0x07, 0x02, 0x06, 0x07, 0x1e, 0x1f, 
	0x19, 0x09, 0x0a, 0x20, 0x02, 0x02, 0x21, 0x1b, 
	0x00, 0x00, 0x00, 0x00, 0x00, 0x00, 0x00, 0x00, 
	0x00, 0x00, 0x14, 0x02, 0x0a, 0x06, 0x1d, 0x05, 
	0x0e, 0x07, 0x07, 0x22, 0x06, 0x17, 0x0b, 0x0b, 
	0x0d, 0x09, 0x1d, 0x0a, 0x0a, 0x1d, 0x12, 0x10, 
	0x00, 0x00, 0x00, 0x00, 0x00, 0x00, 0x00, 0x00, 
	0x00, 0x00, 0x00, 0x17, 0x16, 0x18, 0x1d, 0x06, 
	0x18, 0x07, 0x07, 0x17, 0x06, 0x02, 0x07, 0x19, 
	0x07, 0x22, 0x02, 0x0a, 0x03, 0x0a, 0x23, 0x03, 
	0x00, 0x00, 0x00, 0x00, 0x00, 0x00, 0x00, 0x00, 
	0x00, 0x00, 0x00, 0x24, 0x06, 0x03, 0x04, 0x1d, 
	0x03, 0x09, 0x07, 0x25, 0x06, 0x18, 0x09, 0x17, 
	0x17, 0x09, 0x1d, 0x0a, 0x03, 0x03, 0x26, 0x03, 
	0x00, 0x00, 0x00, 0x00, 0x00, 0x00, 0x00, 0x00, 
	0x00, 0x00, 0x00, 0x00, 0x17, 0x27, 0x0a, 0x06, 
	0x03, 0x18, 0x0e, 0x1d, 0x0a, 0x23, 0x03, 0x18, 
	0x04, 0x06, 0x16, 0x10, 0x10, 0x13, 0x28, 0x1a, 
	0x00, 0x00, 0x00, 0x00, 0x00, 0x00, 0x00, 0x00, 
	0x00, 0x00, 0x00, 0x00, 0x00, 0x17, 0x05, 0x05, 
	0x1a, 0x21, 0x03, 0x10, 0x1b, 0x29, 0x27, 0x13, 
	0x0f, 0x0f, 0x1b, 0x1b, 0x13, 0x21, 0x2a, 0x23, 
	0x00, 0x00, 0x00, 0x00, 0x00, 0x00, 0x00, 0x00, 
	0x00, 0x00, 0x00, 0x00, 0x00, 0x00, 0x14, 0x06, 
	0x2b, 0x2c, 0x27, 0x28, 0x29, 0x27, 0x2d, 0x2e, 
	0x2a, 0x28, 0x29, 0x29, 0x27, 0x2f, 0x30, 0x30, 
	0x00, 0x00, 0x00, 0x00, 0x00, 0x00, 0x00, 0x00, 
	0x00, 0x00, 0x00, 0x00, 0x00, 0x00, 0x00, 0x14, 
	0x0a, 0x27, 0x28, 0x29, 0x27, 0x31, 0x32, 0x33, 
	0x31, 0x2a, 0x2a, 0x2a, 0x2a, 0x34, 0x35, 0x35, 
	0x00, 0x00, 0x00, 0x00, 0x00, 0x00, 0x00, 0x00, 
	0x00, 0x00, 0x00, 0x00, 0x00, 0x00, 0x00, 0x00, 
	0x00, 0x24, 0x0c, 0x17, 0x1b, 0x29, 0x31, 0x36, 
	0x37, 0x31, 0x26, 0x27, 0x34, 0x38, 0x39, 0x32, 
	0x00, 0x00, 0x00, 0x00, 0x00, 0x00, 0x00, 0x00, 
	0x00, 0x00, 0x00, 0x00, 0x00, 0x00, 0x00, 0x00, 
	0x00, 0x00, 0x00, 0x00, 0x00, 0x14, 0x0c, 0x07, 
	0x07, 0x0b, 0x24, 0x3a, 0x34, 0x3b, 0x3c, 0x33, 
	0x00, 0x00, 0x00, 0x00, 0x00, 0x00, 0x00, 0x00, 
	0x00, 0x00, 0x00, 0x00, 0x00, 0x00, 0x00, 0x00, 
	0x00, 0x00, 0x00, 0x00, 0x00, 0x00, 0x00, 0x00, 
	0x00, 0x00, 0x00, 0x00, 0x03, 0x3b, 0x3d, 0x3e, 
	0x00, 0x00, 0x00, 0x00, 0x00, 0x00, 0x00, 0x00, 
	0x00, 0x00, 0x00, 0x00, 0x00, 0x00, 0x00, 0x00, 
	0x00, 0x00, 0x00, 0x00, 0x00, 0x00, 0x00, 0x00, 
	0x00, 0x00, 0x00, 0x00, 0x0b, 0x3f, 0x40, 0x40, 
	0x00, 0x00, 0x00, 0x00, 0x00, 0x00, 0x00, 0x00, 
	0x00, 0x00, 0x00, 0x00, 0x00, 0x00, 0x00, 0x00, 
	0x00, 0x00, 0x00, 0x00, 0x00, 0x00, 0x00, 0x00, 
	0x00, 0x00, 0x00, 0x00, 0x41, 0x0a, 0x42, 0x42, 
	0x00, 0x00, 0x00, 0x00, 0x00, 0x00, 0x00, 0x00, 
	0x00, 0x00, 0x00, 0x00, 0x00, 0x00, 0x00, 0x00, 
	0x00, 0x00, 0x00, 0x00, 0x00, 0x00, 0x00, 0x00, 
	0x00, 0x00, 0x00, 0x00, 0x00, 0x24, 0x0f, 0x27, 
	0x00, 0x00, 0x00, 0x00, 0x00, 0x00, 0x00, 0x00, 
	0x00, 0x00, 0x00, 0x00, 0x00, 0x00, 0x00, 0x00, 
	0x00, 0x00, 0x00, 0x00, 0x00, 0x00, 0x00, 0x00, 
	0x00, 0x00, 0x00, 0x00, 0x00, 0x00, 0x14, 0x18, 
	0x00, 0x00, 0x00, 0x00, 0x00, 0x00, 0x00, 0x00, 
	0x00, 0x00, 0x00, 0x00, 0x00, 0x00, 0x00, 0x00, 
	0x00, 0x00, 0x00, 0x00, 0x00, 0x00, 0x00, 0x00, 
	0x00, 0x00, 0x00, 0x00, 0x00, 0x00, 0x00, 0x00, 
	0x00, 0x00, 0x00, 0x00, 0x00, 0x00, 0x00, 0x00, 
	0x00, 0x00, 0x00, 0x00, 0x00, 0x00, 0x00, 0x00, 
	0x00, 0x00, 0x00, 0x00, 0x00, 0x00, 0x00, 0x00, 
	0x00, 0x00, 0x00, 0x00, 0x00, 0x00, 0x00, 0x00, 
	0x00, 0x00, 0x00, 0x00, 0x00, 0x00, 0x00, 0x00, 
	0x00, 0x00, 0x00, 0x00, 0x00, 0x00, 0x00, 0x00, 
	0x00, 0x00, 0x00, 0x00, 0x00, 0x00, 0x00, 0x00, 
	0x00, 0x00, 0x00, 0x00, 0x00, 0x00, 0x00, 0x00, 
	0x00, 0x00, 0x00, 0x00, 0x00, 0x00, 0x00, 0x00, 
	0x00, 0x00, 0x00, 0x00, 0x00, 0x00, 0x00, 0x00, 
	0x00, 0x00, 0x00, 0x00, 0x00, 0x00, 0x00, 0x00, 
	0x00, 0x00, 0x00, 0x00, 0x00, 0x00, 0x00, 0x00, 
	0x00, 0x00, 0x00, 0x00, 0x00, 0x00, 0x00, 0x00, 
	0x00, 0x00, 0x00, 0x00, 0x00, 0x00, 0x00, 0x00, 
	0x00, 0x00, 0x00, 0x00, 0x00, 0x00, 0x00, 0x00, 
	0x00, 0x00, 0x00, 0x00, 0x00, 0x00, 0x00, 0x00, 
	0x00, 0x00, 0x00, 0x00, 0x00, 0x00, 0x00, 0x00, 
	0x00, 0x00, 0x00, 0x00, 0x00, 0x00, 0x00, 0x00, 
	0x00, 0x00, 0x00, 0x00, 0x00, 0x00, 0x00, 0x00, 
	0x00, 0x00, 0x00, 0x00, 0x00, 0x00, 0x00, 0x00, 
	0x00, 0x00, 0x00, 0x00, 0x00, 0x00, 0x00, 0x00, 
	0x00, 0x00, 0x00, 0x00, 0x00, 0x00, 0x00, 0x00, 
	0x00, 0x00, 0x00, 0x00, 0x00, 0x00, 0x00, 0x00, 
	0x00, 0x00, 0x00, 0x00, 0x00, 0x00, 0x00, 0x00, 
	0x00, 0x00, 0x00, 0x00, 0x00, 0x00, 0x00, 0x00, 
	0x00, 0x00, 0x00, 0x00, 0x00, 0x00, 0x00, 0x00, 
	0x00, 0x00, 0x00, 0x00, 0x00, 0x00, 0x00, 0x00, 
	0x00, 0x00, 0x00, 0x00, 0x00, 0x00, 0x00, 0x00, 
	0x00, 0x00, 0x00, 0x00, 0x00, 0x00, 0x00, 0x00, 
	0x00, 0x00, 0x00, 0x00, 0x00, 0x00, 0x00, 0x00, 
	0x00, 0x00, 0x00, 0x00, 0x00, 0x00, 0x00, 0x00, 
	0x00, 0x00, 0x00, 0x00, 0x00, 0x00, 0x00, 0x00, 
	0x00, 0x00, 0x00, 0x00, 0x00, 0x00, 0x00, 0x00, 
	0x00, 0x00, 0x00, 0x00, 0x00, 0x00, 0x00, 0x00, 
	0x00, 0x00, 0x00, 0x00, 0x00, 0x00, 0x00, 0x00, 
	0x00, 0x00, 0x00, 0x00, 0x00, 0x00, 0x00, 0x00, 
	0x00, 0x00, 0x00, 0x00, 0x00, 0x00, 0x00, 0x00, 
	0x00, 0x00, 0x00, 0x00, 0x00, 0x00, 0x00, 0x00, 
	0x00, 0x00, 0x00, 0x00, 0x00, 0x00, 0x00, 0x00, 
	0x00, 0x00, 0x00, 0x00, 0x00, 0x00, 0x00, 0x00, 
	0x00, 0x00, 0x00, 0x00, 0x00, 0x00, 0x00, 0x00, 
	0x00, 0x00, 0x00, 0x00, 0x00, 0x00, 0x00, 0x00, 
	0x00, 0x00, 0x00, 0x00, 0x00, 0x00, 0x00, 0x00, 
	0x00, 0x00, 0x00, 0x00, 0x00, 0x00, 0x00, 0x00, 
	0x00, 0x00, 0x00, 0x00, 0x00, 0x00, 0x00, 0x00, 
	0x00, 0x00, 0x00, 0x00, 0x00, 0x00, 0x00, 0x00, 
	0x00, 0x00, 0x00, 0x00, 0x00, 0x00, 0x00, 0x00, 
	0x00, 0x00, 0x00, 0x00, 0x00, 0x00, 0x00, 0x00, 
	0x00, 0x00, 0x00, 0x00, 0x00, 0x00, 0x00, 0x00, 
	0x00, 0x00, 0x00, 0x00, 0x00, 0x00, 0x00, 0x00, 
	0x00, 0x00, 0x00, 0x00, 0x00, 0x00, 0x00, 0x00, 
	0x00, 0x00, 0x00, 0x00, 0x00, 0x00, 0x00, 0x00, 
	0x00, 0x00, 0x00, 0x00, 0x00, 0x00, 0x00, 0x00, 
	0x00, 0x00, 0x00, 0x00, 0x00, 0x00, 0x00, 0x00, 
	0x00, 0x00, 0x00, 0x00, 0x00, 0x00, 0x00, 0x00, 
	0x00, 0x00, 0x00, 0x00, 0x00, 0x00, 0x00, 0x00, 
	
};

Gfx wf_dl_tile_0_7_pal_rgba16_aligner[] = {gsSPEndDisplayList()};
u8 wf_dl_tile_0_7_pal_rgba16[] = {
	0xff, 0xff, 0xe7, 0x3b, 0xbd, 0xef, 0xa5, 0x29, 
	0xb5, 0xaf, 0xa5, 0x6b, 0xb5, 0xad, 0xd6, 0xb5, 
	0xce, 0xb5, 0xc6, 0x31, 0xad, 0x6b, 0xde, 0xf7, 
	0xe7, 0x39, 0xde, 0xb5, 0xbe, 0x31, 0x9c, 0xe9, 
	0x9d, 0x29, 0xdf, 0x39, 0x94, 0xa5, 0x94, 0xa7, 
	0xf7, 0xbd, 0xc6, 0x33, 0xad, 0x6d, 0xce, 0x73, 
	0xad, 0xad, 0xde, 0xb7, 0x9c, 0xe7, 0x94, 0xe7, 
	0xd6, 0xb7, 0xb5, 0xef, 0xe6, 0xf9, 0xe6, 0xf7, 
	0xad, 0xab, 0x8c, 0xa5, 0xc6, 0x73, 0x8c, 0x65, 
	0xef, 0x7b, 0xc6, 0x71, 0x84, 0x63, 0x7c, 0x21, 
	0x84, 0x21, 0x84, 0x23, 0x7b, 0xe1, 0x8c, 0x63, 
	0x7b, 0xdf, 0x63, 0x1b, 0x73, 0xdf, 0x7c, 0x23, 
	0x73, 0x9d, 0x73, 0x9f, 0x5a, 0xd9, 0x52, 0xd9, 
	0x73, 0xe1, 0x63, 0x19, 0x63, 0x5d, 0x5b, 0x19, 
	0x6b, 0x9f, 0x4a, 0x95, 0xd6, 0xf7, 0x52, 0x97, 
	0x42, 0x53, 0x52, 0xd7, 0x5b, 0x1b, 0x6b, 0x5d, 
	0x63, 0x5b, 0xf7, 0xff, 0x6b, 0x9d, 
};

Gfx wf_dl_tile_0_8_i8_aligner[] = {gsSPEndDisplayList()};
u8 wf_dl_tile_0_8_i8[] = {
	0xff, 0xff, 0xff, 0xff, 0xff, 0xff, 0xff, 0xff, 
	0xff, 0xff, 0xff, 0xff, 0xff, 0xff, 0xff, 0xff, 
	0xff, 0xff, 0xff, 0xff, 0xff, 0xff, 0xff, 0xff, 
	0xff, 0xff, 0xff, 0xff, 0xff, 0xff, 0xff, 0xff, 
	0xff, 0xff, 0xff, 0xff, 0xff, 0xff, 0xff, 0xff, 
	0xff, 0xff, 0xff, 0xff, 0xff, 0xff, 0xff, 0xff, 
	0xff, 0xff, 0xff, 0xff, 0xff, 0xff, 0xff, 0xff, 
	0xff, 0xff, 0xff, 0xff, 0xff, 0xff, 0xff, 0xff, 
	0xff, 0xff, 0xff, 0xff, 0xff, 0xff, 0xff, 0xff, 
	0xff, 0xff, 0xff, 0xff, 0xff, 0xff, 0xff, 0xff, 
	0xff, 0xff, 0xff, 0xff, 0xff, 0xff, 0xff, 0xff, 
	0xff, 0xff, 0xff, 0xff, 0xff, 0xff, 0xff, 0xff, 
	0xff, 0xff, 0xff, 0xff, 0xff, 0xff, 0xff, 0xff, 
	0xff, 0xff, 0xff, 0xff, 0xff, 0xff, 0xff, 0xff, 
	0xff, 0xff, 0xff, 0xff, 0xff, 0xff, 0xff, 0xff, 
	0xff, 0xff, 0xff, 0xff, 0xff, 0xff, 0xff, 0xff, 
	0xff, 0xff, 0xff, 0xff, 0xff, 0xff, 0xff, 0xff, 
	0xff, 0xff, 0xff, 0xff, 0xff, 0xff, 0xff, 0xff, 
	0xff, 0xff, 0xff, 0xff, 0xff, 0xff, 0xff, 0xff, 
	0xff, 0xff, 0xff, 0xff, 0xff, 0xff, 0xff, 0xff, 
	0xff, 0xff, 0xff, 0xff, 0xff, 0xff, 0xff, 0xff, 
	0xff, 0xff, 0xff, 0xff, 0xff, 0xff, 0xff, 0xff, 
	0xff, 0xff, 0xff, 0xff, 0xff, 0xff, 0xff, 0xff, 
	0xff, 0xff, 0xff, 0xff, 0xff, 0xff, 0xff, 0xff, 
	0xff, 0xff, 0xff, 0xff, 0xff, 0xff, 0xff, 0xff, 
	0xff, 0xff, 0xff, 0xff, 0xff, 0xff, 0xff, 0xff, 
	0xff, 0xff, 0xff, 0xff, 0xff, 0xff, 0xff, 0xff, 
	0xff, 0xff, 0xff, 0xff, 0xff, 0xff, 0xff, 0xff, 
	0xff, 0xff, 0xff, 0xff, 0xff, 0xff, 0xff, 0xff, 
	0xff, 0xff, 0xff, 0xff, 0xff, 0xff, 0xff, 0xff, 
	0xff, 0xff, 0xff, 0xff, 0xff, 0xff, 0xff, 0xff, 
	0xff, 0xff, 0xff, 0xff, 0xff, 0xff, 0xff, 0xff, 
	0xff, 0xff, 0xff, 0xff, 0xff, 0xff, 0xff, 0xff, 
	0xff, 0xff, 0xff, 0xff, 0xff, 0xff, 0xff, 0xff, 
	0xff, 0xff, 0xff, 0xff, 0xff, 0xff, 0xff, 0xff, 
	0xff, 0xff, 0xff, 0xff, 0xff, 0xff, 0xff, 0xff, 
	0xff, 0xff, 0xff, 0xff, 0xff, 0xff, 0xff, 0xff, 
	0xff, 0xff, 0xff, 0xff, 0xff, 0xff, 0xff, 0xff, 
	0xff, 0xff, 0xff, 0xff, 0xff, 0xff, 0xff, 0xff, 
	0xff, 0xff, 0xff, 0xff, 0xff, 0xff, 0xff, 0xff, 
	0xff, 0xff, 0xff, 0xff, 0xff, 0xff, 0xff, 0xff, 
	0xff, 0xff, 0xff, 0xff, 0xff, 0xff, 0xff, 0xff, 
	0xff, 0xff, 0xff, 0xff, 0xff, 0xff, 0xff, 0xff, 
	0xff, 0xff, 0xff, 0xff, 0xff, 0xff, 0xff, 0xff, 
	0xff, 0xff, 0xff, 0xff, 0xff, 0xff, 0xff, 0xff, 
	0xff, 0xff, 0xff, 0xff, 0xff, 0xff, 0xff, 0xff, 
	0xff, 0xff, 0xff, 0xff, 0xff, 0xff, 0xff, 0xff, 
	0xff, 0xff, 0xff, 0xff, 0xff, 0xff, 0xff, 0xff, 
	0xff, 0xff, 0xff, 0xff, 0xff, 0xff, 0xff, 0xff, 
	0xff, 0xff, 0xff, 0xff, 0xff, 0xff, 0xff, 0xff, 
	0xff, 0xff, 0xff, 0xff, 0xff, 0xff, 0xff, 0xff, 
	0xff, 0xff, 0xff, 0xff, 0xff, 0xff, 0xff, 0xff, 
	0xff, 0xff, 0xff, 0xff, 0xff, 0xff, 0xff, 0xff, 
	0xff, 0xff, 0xff, 0xff, 0xff, 0xff, 0xff, 0xff, 
	0xff, 0xff, 0xff, 0xff, 0xff, 0xff, 0xff, 0xff, 
	0xff, 0xff, 0xff, 0xff, 0xff, 0xff, 0xff, 0xff, 
	0xff, 0xff, 0xff, 0xff, 0xff, 0xff, 0xff, 0xff, 
	0xff, 0xff, 0xff, 0xff, 0xff, 0xff, 0xff, 0xff, 
	0xff, 0xff, 0xff, 0xff, 0xff, 0xff, 0xff, 0xff, 
	0xff, 0xff, 0xff, 0xff, 0xff, 0xff, 0xff, 0xff, 
	0xff, 0xff, 0xff, 0xff, 0xff, 0xff, 0xff, 0xff, 
	0xff, 0xff, 0xff, 0xff, 0xff, 0xff, 0xff, 0xff, 
	0xff, 0xff, 0xff, 0xff, 0xff, 0xff, 0xff, 0xff, 
	0xff, 0xff, 0xff, 0xff, 0xff, 0xff, 0xff, 0xff, 
	0xff, 0xff, 0xff, 0xff, 0xff, 0xff, 0xff, 0xff, 
	0xff, 0xff, 0xff, 0xff, 0xff, 0xff, 0xff, 0xff, 
	0xff, 0xff, 0xff, 0xff, 0xff, 0xff, 0xff, 0xff, 
	0xff, 0xff, 0xff, 0xff, 0xff, 0xff, 0xff, 0xff, 
	0xff, 0xff, 0xff, 0xff, 0xff, 0xff, 0xff, 0xff, 
	0xff, 0xff, 0xff, 0xff, 0xff, 0xff, 0xff, 0xff, 
	0xff, 0xff, 0xff, 0xff, 0xff, 0xff, 0xff, 0xff, 
	0xff, 0xff, 0xff, 0xff, 0xff, 0xff, 0xff, 0xff, 
	0xff, 0xff, 0xff, 0xff, 0xff, 0xff, 0xff, 0xff, 
	0xff, 0xff, 0xff, 0xff, 0xff, 0xff, 0xff, 0xff, 
	0xff, 0xff, 0xff, 0xff, 0xff, 0xff, 0xff, 0xff, 
	0xff, 0xff, 0xff, 0xff, 0xff, 0xff, 0xff, 0xff, 
	0xff, 0xff, 0xff, 0xff, 0xff, 0xff, 0xff, 0xff, 
	0xff, 0xff, 0xff, 0xff, 0xff, 0xff, 0xff, 0xff, 
	0xff, 0xff, 0xff, 0xff, 0xff, 0xff, 0xff, 0xff, 
	0xff, 0xff, 0xff, 0xff, 0xff, 0xff, 0xff, 0xff, 
	0xff, 0xff, 0xff, 0xff, 0xff, 0xff, 0xff, 0xff, 
	0xff, 0xff, 0xff, 0xff, 0xff, 0xff, 0xff, 0xff, 
	0xff, 0xff, 0xff, 0xff, 0xff, 0xff, 0xff, 0xff, 
	0xff, 0xff, 0xff, 0xff, 0xff, 0xff, 0xff, 0xff, 
	0xff, 0xff, 0xff, 0xff, 0xff, 0xff, 0xff, 0xff, 
	0xff, 0xff, 0xff, 0xff, 0xff, 0xff, 0xff, 0xff, 
	0xff, 0xff, 0xff, 0xff, 0xff, 0xff, 0xff, 0xff, 
	0xff, 0xff, 0xff, 0xff, 0xff, 0xff, 0xff, 0xff, 
	0xff, 0xff, 0xff, 0xff, 0xff, 0xff, 0xff, 0xff, 
	0xff, 0xff, 0xff, 0xff, 0xff, 0xff, 0xff, 0xff, 
	0xff, 0xff, 0xff, 0xff, 0xff, 0xff, 0xff, 0xff, 
	0xff, 0xff, 0xff, 0xff, 0xff, 0xff, 0xff, 0xff, 
	0xff, 0xff, 0xff, 0xff, 0xff, 0xff, 0xff, 0xff, 
	0xff, 0xff, 0xff, 0xff, 0xff, 0xff, 0xff, 0xff, 
	0xff, 0xff, 0xff, 0xff, 0xff, 0xff, 0xff, 0xff, 
	0xff, 0xff, 0xff, 0xff, 0xff, 0xff, 0xff, 0xff, 
	0xff, 0xff, 0xff, 0xff, 0xff, 0xff, 0xff, 0xff, 
	0xff, 0xff, 0xff, 0xff, 0xff, 0xff, 0xff, 0xff, 
	0xff, 0xff, 0xff, 0xff, 0xff, 0xff, 0xff, 0xff, 
	0xff, 0xff, 0xff, 0xff, 0xff, 0xff, 0xff, 0xff, 
	0xff, 0xff, 0xff, 0xff, 0xff, 0xff, 0xff, 0xff, 
	0xff, 0xff, 0xff, 0xff, 0xff, 0xff, 0xff, 0xff, 
	0xff, 0xff, 0xff, 0xff, 0xff, 0xff, 0xff, 0xff, 
	0xff, 0xff, 0xff, 0xff, 0xff, 0xff, 0xff, 0xff, 
	0xff, 0xff, 0xff, 0xff, 0xff, 0xff, 0xff, 0xff, 
	0xff, 0xff, 0xff, 0xff, 0xff, 0xff, 0xff, 0xff, 
	0xff, 0xff, 0xff, 0xff, 0xff, 0xff, 0xff, 0xff, 
	0xff, 0xff, 0xff, 0xff, 0xff, 0xff, 0xff, 0xff, 
	0xff, 0xff, 0xff, 0xff, 0xff, 0xff, 0xff, 0xff, 
	0xff, 0xff, 0xff, 0xff, 0xff, 0xff, 0xff, 0xff, 
	0xff, 0xff, 0xff, 0xff, 0xff, 0xff, 0xff, 0xff, 
	0xff, 0xff, 0xff, 0xff, 0xff, 0xff, 0xff, 0xff, 
	0xff, 0xff, 0xff, 0xff, 0xff, 0xff, 0xff, 0xff, 
	0xff, 0xff, 0xff, 0xff, 0xff, 0xff, 0xff, 0xff, 
	0xff, 0xff, 0xff, 0xff, 0xff, 0xff, 0xff, 0xff, 
	0xff, 0xff, 0xff, 0xff, 0xff, 0xff, 0xff, 0xff, 
	0xff, 0xff, 0xff, 0xff, 0xff, 0xff, 0xff, 0xff, 
	0xff, 0xff, 0xff, 0xff, 0xff, 0xff, 0xff, 0xff, 
	0xff, 0xff, 0xff, 0xff, 0xff, 0xff, 0xff, 0xff, 
	0xff, 0xff, 0xff, 0xff, 0xff, 0xff, 0xff, 0xff, 
	0xff, 0xff, 0xff, 0xff, 0xff, 0xff, 0xff, 0xff, 
	0xff, 0xff, 0xff, 0xff, 0xff, 0xff, 0xff, 0xff, 
	0xff, 0xff, 0xff, 0xff, 0xff, 0xff, 0xff, 0xff, 
	0xff, 0xff, 0xff, 0xff, 0xff, 0xff, 0xff, 0xff, 
	0xff, 0xff, 0xff, 0xff, 0xff, 0xff, 0xff, 0xff, 
	0xff, 0xff, 0xff, 0xff, 0xff, 0xff, 0xff, 0xff, 
	0xff, 0xff, 0xff, 0xff, 0xff, 0xff, 0xff, 0xff, 
	0xff, 0xff, 0xff, 0xff, 0xff, 0xff, 0xff, 0xff, 
	
};

Gfx wf_dl_tile_0_9_i8_aligner[] = {gsSPEndDisplayList()};
u8 wf_dl_tile_0_9_i8[] = {
	0xff, 0xff, 0xff, 0xff, 0xff, 0xff, 0xff, 0xff, 
	0xff, 0xff, 0xff, 0xff, 0xff, 0xff, 0xff, 0xff, 
	0xff, 0xff, 0xff, 0xff, 0xff, 0xff, 0xff, 0xff, 
	0xff, 0xff, 0xff, 0xff, 0xff, 0xff, 0xff, 0xff, 
	0xff, 0xff, 0xff, 0xff, 0xff, 0xff, 0xff, 0xff, 
	0xff, 0xff, 0xff, 0xff, 0xff, 0xff, 0xff, 0xff, 
	0xff, 0xff, 0xff, 0xff, 0xff, 0xff, 0xff, 0xff, 
	0xff, 0xff, 0xff, 0xff, 0xff, 0xff, 0xff, 0xff, 
	0xff, 0xff, 0xff, 0xff, 0xff, 0xff, 0xff, 0xff, 
	0xff, 0xff, 0xff, 0xff, 0xff, 0xff, 0xff, 0xff, 
	0xff, 0xff, 0xff, 0xff, 0xff, 0xff, 0xff, 0xff, 
	0xff, 0xff, 0xff, 0xff, 0xff, 0xff, 0xff, 0xff, 
	0xff, 0xff, 0xff, 0xff, 0xff, 0xff, 0xff, 0xff, 
	0xff, 0xff, 0xff, 0xff, 0xff, 0xff, 0xff, 0xff, 
	0xff, 0xff, 0xff, 0xff, 0xff, 0xff, 0xff, 0xff, 
	0xff, 0xff, 0xff, 0xff, 0xff, 0xff, 0xff, 0xff, 
	0xff, 0xff, 0xff, 0xff, 0xff, 0xff, 0xff, 0xff, 
	0xff, 0xff, 0xff, 0xff, 0xff, 0xff, 0xff, 0xff, 
	0xff, 0xff, 0xff, 0xff, 0xff, 0xff, 0xff, 0xff, 
	0xff, 0xff, 0xff, 0xff, 0xff, 0xff, 0xff, 0xff, 
	0xff, 0xff, 0xff, 0xff, 0xff, 0xff, 0xff, 0xff, 
	0xff, 0xff, 0xff, 0xff, 0xff, 0xff, 0xff, 0xff, 
	0xff, 0xff, 0xff, 0xff, 0xff, 0xff, 0xff, 0xff, 
	0xff, 0xff, 0xff, 0xff, 0xff, 0xff, 0xff, 0xff, 
	0xff, 0xff, 0xff, 0xff, 0xff, 0xff, 0xff, 0xff, 
	0xff, 0xff, 0xff, 0xff, 0xff, 0xff, 0xff, 0xff, 
	0xff, 0xff, 0xff, 0xff, 0xff, 0xff, 0xff, 0xff, 
	0xff, 0xff, 0xff, 0xff, 0xff, 0xff, 0xff, 0xff, 
	0xff, 0xff, 0xff, 0xff, 0xff, 0xff, 0xff, 0xff, 
	0xff, 0xff, 0xff, 0xff, 0xff, 0xff, 0xff, 0xff, 
	0xff, 0xff, 0xff, 0xff, 0xff, 0xff, 0xff, 0xff, 
	0xff, 0xff, 0xff, 0xff, 0xff, 0xff, 0xff, 0xff, 
	0xff, 0xff, 0xff, 0xff, 0xff, 0xff, 0xff, 0xff, 
	0xff, 0xff, 0xff, 0xff, 0xff, 0xff, 0xff, 0xff, 
	0xff, 0xff, 0xff, 0xff, 0xff, 0xff, 0xff, 0xff, 
	0xff, 0xff, 0xff, 0xff, 0xff, 0xff, 0xff, 0xff, 
	0xff, 0xff, 0xff, 0xff, 0xff, 0xff, 0xff, 0xff, 
	0xff, 0xff, 0xff, 0xff, 0xff, 0xff, 0xff, 0xff, 
	0xff, 0xff, 0xff, 0xff, 0xff, 0xff, 0xff, 0xff, 
	0xff, 0xff, 0xff, 0xff, 0xff, 0xff, 0xff, 0xff, 
	0xff, 0xff, 0xff, 0xff, 0xff, 0xff, 0xff, 0xff, 
	0xff, 0xff, 0xff, 0xff, 0xff, 0xff, 0xff, 0xff, 
	0xff, 0xff, 0xff, 0xff, 0xff, 0xff, 0xff, 0xff, 
	0xff, 0xff, 0xff, 0xff, 0xff, 0xff, 0xff, 0xff, 
	0xff, 0xff, 0xff, 0xff, 0xff, 0xff, 0xff, 0xff, 
	0xff, 0xff, 0xff, 0xff, 0xff, 0xff, 0xff, 0xff, 
	0xff, 0xff, 0xff, 0xff, 0xff, 0xff, 0xff, 0xff, 
	0xff, 0xff, 0xff, 0xff, 0xff, 0xff, 0xff, 0xff, 
	0xff, 0xff, 0xff, 0xff, 0xff, 0xff, 0xff, 0xff, 
	0xff, 0xff, 0xff, 0xff, 0xff, 0xff, 0xff, 0xff, 
	0xff, 0xff, 0xff, 0xff, 0xff, 0xff, 0xff, 0xff, 
	0xff, 0xff, 0xff, 0xff, 0xff, 0xff, 0xff, 0xff, 
	0xff, 0xff, 0xff, 0xff, 0xff, 0xff, 0xff, 0xff, 
	0xff, 0xff, 0xff, 0xff, 0xff, 0xff, 0xff, 0xff, 
	0xff, 0xff, 0xff, 0xff, 0xff, 0xff, 0xff, 0xff, 
	0xff, 0xff, 0xff, 0xff, 0xff, 0xff, 0xff, 0xff, 
	0xff, 0xff, 0xff, 0xff, 0xff, 0xff, 0xff, 0xff, 
	0xff, 0xff, 0xff, 0xff, 0xff, 0xff, 0xff, 0xff, 
	0xff, 0xff, 0xff, 0xff, 0xff, 0xff, 0xff, 0xff, 
	0xff, 0xff, 0xff, 0xff, 0xff, 0xff, 0xff, 0xff, 
	0xff, 0xff, 0xff, 0xff, 0xff, 0xff, 0xff, 0xff, 
	0xff, 0xff, 0xff, 0xff, 0xff, 0xff, 0xff, 0xff, 
	0xff, 0xff, 0xff, 0xff, 0xff, 0xff, 0xff, 0xff, 
	0xff, 0xff, 0xff, 0xff, 0xff, 0xff, 0xff, 0xff, 
	0xff, 0xff, 0xff, 0xff, 0xff, 0xff, 0xff, 0xff, 
	0xff, 0xff, 0xff, 0xff, 0xff, 0xff, 0xff, 0xff, 
	0xff, 0xff, 0xff, 0xff, 0xff, 0xff, 0xff, 0xff, 
	0xff, 0xff, 0xff, 0xff, 0xff, 0xff, 0xff, 0xff, 
	0xff, 0xff, 0xff, 0xff, 0xff, 0xff, 0xff, 0xff, 
	0xff, 0xff, 0xff, 0xff, 0xff, 0xff, 0xff, 0xff, 
	0xff, 0xff, 0xff, 0xff, 0xff, 0xff, 0xff, 0xff, 
	0xff, 0xff, 0xff, 0xff, 0xff, 0xff, 0xff, 0xff, 
	0xff, 0xff, 0xff, 0xff, 0xff, 0xff, 0xff, 0xff, 
	0xff, 0xff, 0xff, 0xff, 0xff, 0xff, 0xff, 0xff, 
	0xff, 0xff, 0xff, 0xff, 0xff, 0xff, 0xff, 0xff, 
	0xff, 0xff, 0xff, 0xff, 0xff, 0xff, 0xff, 0xff, 
	0xff, 0xff, 0xff, 0xff, 0xff, 0xff, 0xff, 0xff, 
	0xff, 0xff, 0xff, 0xff, 0xff, 0xff, 0xff, 0xff, 
	0xff, 0xff, 0xff, 0xff, 0xff, 0xff, 0xff, 0xff, 
	0xff, 0xff, 0xff, 0xff, 0xff, 0xff, 0xff, 0xff, 
	0xff, 0xff, 0xff, 0xff, 0xff, 0xff, 0xff, 0xff, 
	0xff, 0xff, 0xff, 0xff, 0xff, 0xff, 0xff, 0xff, 
	0xff, 0xff, 0xff, 0xff, 0xff, 0xff, 0xff, 0xff, 
	0xff, 0xff, 0xff, 0xff, 0xff, 0xff, 0xff, 0xff, 
	0xff, 0xff, 0xff, 0xff, 0xff, 0xff, 0xff, 0xff, 
	0xff, 0xff, 0xff, 0xff, 0xff, 0xff, 0xff, 0xff, 
	0xff, 0xff, 0xff, 0xff, 0xff, 0xff, 0xff, 0xff, 
	0xff, 0xff, 0xff, 0xff, 0xff, 0xff, 0xff, 0xff, 
	0xff, 0xff, 0xff, 0xff, 0xff, 0xff, 0xff, 0xff, 
	0xff, 0xff, 0xff, 0xff, 0xff, 0xff, 0xff, 0xff, 
	0xff, 0xff, 0xff, 0xff, 0xff, 0xff, 0xff, 0xff, 
	0xff, 0xff, 0xff, 0xff, 0xff, 0xff, 0xff, 0xff, 
	0xff, 0xff, 0xff, 0xff, 0xff, 0xff, 0xff, 0xff, 
	0xff, 0xff, 0xff, 0xff, 0xff, 0xff, 0xff, 0xff, 
	0xff, 0xff, 0xff, 0xff, 0xff, 0xff, 0xff, 0xff, 
	0xff, 0xff, 0xff, 0xff, 0xff, 0xff, 0xff, 0xff, 
	0xff, 0xff, 0xff, 0xff, 0xff, 0xff, 0xff, 0xff, 
	0xff, 0xff, 0xff, 0xff, 0xff, 0xff, 0xff, 0xff, 
	0xff, 0xff, 0xff, 0xff, 0xff, 0xff, 0xff, 0xff, 
	0xff, 0xff, 0xff, 0xff, 0xff, 0xff, 0xff, 0xff, 
	0xff, 0xff, 0xff, 0xff, 0xff, 0xff, 0xff, 0xff, 
	0xff, 0xff, 0xff, 0xff, 0xff, 0xff, 0xff, 0xff, 
	0xff, 0xff, 0xff, 0xff, 0xff, 0xff, 0xff, 0xff, 
	0xff, 0xff, 0xff, 0xff, 0xff, 0xff, 0xff, 0xff, 
	0xff, 0xff, 0xff, 0xff, 0xff, 0xff, 0xff, 0xff, 
	0xff, 0xff, 0xff, 0xff, 0xff, 0xff, 0xff, 0xff, 
	0xff, 0xff, 0xff, 0xff, 0xff, 0xff, 0xff, 0xff, 
	0xff, 0xff, 0xff, 0xff, 0xff, 0xff, 0xff, 0xff, 
	0xff, 0xff, 0xff, 0xff, 0xff, 0xff, 0xff, 0xff, 
	0xff, 0xff, 0xff, 0xff, 0xff, 0xff, 0xff, 0xff, 
	0xff, 0xff, 0xff, 0xff, 0xff, 0xff, 0xff, 0xff, 
	0xff, 0xff, 0xff, 0xff, 0xff, 0xff, 0xff, 0xff, 
	0xff, 0xff, 0xff, 0xff, 0xff, 0xff, 0xff, 0xff, 
	0xff, 0xff, 0xff, 0xff, 0xff, 0xff, 0xff, 0xff, 
	0xff, 0xff, 0xff, 0xff, 0xff, 0xff, 0xff, 0xff, 
	0xff, 0xff, 0xff, 0xff, 0xff, 0xff, 0xff, 0xff, 
	0xff, 0xff, 0xff, 0xff, 0xff, 0xff, 0xff, 0xff, 
	0xff, 0xff, 0xff, 0xff, 0xff, 0xff, 0xff, 0xff, 
	0xff, 0xff, 0xff, 0xff, 0xff, 0xff, 0xff, 0xff, 
	0xff, 0xff, 0xff, 0xff, 0xff, 0xff, 0xff, 0xff, 
	0xff, 0xff, 0xff, 0xff, 0xff, 0xff, 0xff, 0xff, 
	0xff, 0xff, 0xff, 0xff, 0xff, 0xff, 0xff, 0xff, 
	0xff, 0xff, 0xff, 0xff, 0xff, 0xff, 0xff, 0xff, 
	0xff, 0xff, 0xff, 0xff, 0xff, 0xff, 0xff, 0xff, 
	0xff, 0xff, 0xff, 0xff, 0xff, 0xff, 0xff, 0xff, 
	0xff, 0xff, 0xff, 0xff, 0xff, 0xff, 0xff, 0xff, 
	0xff, 0xff, 0xff, 0xff, 0xff, 0xff, 0xff, 0xff, 
	0xff, 0xff, 0xff, 0xff, 0xff, 0xff, 0xff, 0xff, 
	
};

Gfx wf_dl_tile_1_0_i8_aligner[] = {gsSPEndDisplayList()};
u8 wf_dl_tile_1_0_i8[] = {
	0xff, 0xff, 0xff, 0xff, 0xff, 0xff, 0xff, 0xff, 
	0xff, 0xff, 0xff, 0xff, 0xff, 0xff, 0xff, 0xff, 
	0xff, 0xff, 0xff, 0xff, 0xff, 0xff, 0xff, 0xff, 
	0xff, 0xff, 0xff, 0xff, 0xff, 0xff, 0xff, 0xff, 
	0xff, 0xff, 0xff, 0xff, 0xff, 0xff, 0xff, 0xff, 
	0xff, 0xff, 0xff, 0xff, 0xff, 0xff, 0xff, 0xff, 
	0xff, 0xff, 0xff, 0xff, 0xff, 0xff, 0xff, 0xff, 
	0xff, 0xff, 0xff, 0xff, 0xff, 0xff, 0xff, 0xff, 
	0xff, 0xff, 0xff, 0xff, 0xff, 0xff, 0xff, 0xff, 
	0xff, 0xff, 0xff, 0xff, 0xff, 0xff, 0xff, 0xff, 
	0xff, 0xff, 0xff, 0xff, 0xff, 0xff, 0xff, 0xff, 
	0xff, 0xff, 0xff, 0xff, 0xff, 0xff, 0xff, 0xff, 
	0xff, 0xff, 0xff, 0xff, 0xff, 0xff, 0xff, 0xff, 
	0xff, 0xff, 0xff, 0xff, 0xff, 0xff, 0xff, 0xff, 
	0xff, 0xff, 0xff, 0xff, 0xff, 0xff, 0xff, 0xff, 
	0xff, 0xff, 0xff, 0xff, 0xff, 0xff, 0xff, 0xff, 
	0xff, 0xff, 0xff, 0xff, 0xff, 0xff, 0xff, 0xff, 
	0xff, 0xff, 0xff, 0xff, 0xff, 0xff, 0xff, 0xff, 
	0xff, 0xff, 0xff, 0xff, 0xff, 0xff, 0xff, 0xff, 
	0xff, 0xff, 0xff, 0xff, 0xff, 0xff, 0xff, 0xff, 
	0xff, 0xff, 0xff, 0xff, 0xff, 0xff, 0xff, 0xff, 
	0xff, 0xff, 0xff, 0xff, 0xff, 0xff, 0xff, 0xff, 
	0xff, 0xff, 0xff, 0xff, 0xff, 0xff, 0xff, 0xff, 
	0xff, 0xff, 0xff, 0xff, 0xff, 0xff, 0xff, 0xff, 
	0xff, 0xff, 0xff, 0xff, 0xff, 0xff, 0xff, 0xff, 
	0xff, 0xff, 0xff, 0xff, 0xff, 0xff, 0xff, 0xff, 
	0xff, 0xff, 0xff, 0xff, 0xff, 0xff, 0xff, 0xff, 
	0xff, 0xff, 0xff, 0xff, 0xff, 0xff, 0xff, 0xff, 
	0xff, 0xff, 0xff, 0xff, 0xff, 0xff, 0xff, 0xff, 
	0xff, 0xff, 0xff, 0xff, 0xff, 0xff, 0xff, 0xff, 
	0xff, 0xff, 0xff, 0xff, 0xff, 0xff, 0xff, 0xff, 
	0xff, 0xff, 0xff, 0xff, 0xff, 0xff, 0xff, 0xff, 
	0xff, 0xff, 0xff, 0xff, 0xff, 0xff, 0xff, 0xff, 
	0xff, 0xff, 0xff, 0xff, 0xff, 0xff, 0xff, 0xff, 
	0xff, 0xff, 0xff, 0xff, 0xff, 0xff, 0xff, 0xff, 
	0xff, 0xff, 0xff, 0xff, 0xff, 0xff, 0xff, 0xff, 
	0xff, 0xff, 0xff, 0xff, 0xff, 0xff, 0xff, 0xff, 
	0xff, 0xff, 0xff, 0xff, 0xff, 0xff, 0xff, 0xff, 
	0xff, 0xff, 0xff, 0xff, 0xff, 0xff, 0xff, 0xff, 
	0xff, 0xff, 0xff, 0xff, 0xff, 0xff, 0xff, 0xff, 
	0xff, 0xff, 0xff, 0xff, 0xff, 0xff, 0xff, 0xff, 
	0xff, 0xff, 0xff, 0xff, 0xff, 0xff, 0xff, 0xff, 
	0xff, 0xff, 0xff, 0xff, 0xff, 0xff, 0xff, 0xff, 
	0xff, 0xff, 0xff, 0xff, 0xff, 0xff, 0xff, 0xff, 
	0xff, 0xff, 0xff, 0xff, 0xff, 0xff, 0xff, 0xff, 
	0xff, 0xff, 0xff, 0xff, 0xff, 0xff, 0xff, 0xff, 
	0xff, 0xff, 0xff, 0xff, 0xff, 0xff, 0xff, 0xff, 
	0xff, 0xff, 0xff, 0xff, 0xff, 0xff, 0xff, 0xff, 
	0xff, 0xff, 0xff, 0xff, 0xff, 0xff, 0xff, 0xff, 
	0xff, 0xff, 0xff, 0xff, 0xff, 0xff, 0xff, 0xff, 
	0xff, 0xff, 0xff, 0xff, 0xff, 0xff, 0xff, 0xff, 
	0xff, 0xff, 0xff, 0xff, 0xff, 0xff, 0xff, 0xff, 
	0xff, 0xff, 0xff, 0xff, 0xff, 0xff, 0xff, 0xff, 
	0xff, 0xff, 0xff, 0xff, 0xff, 0xff, 0xff, 0xff, 
	0xff, 0xff, 0xff, 0xff, 0xff, 0xff, 0xff, 0xff, 
	0xff, 0xff, 0xff, 0xff, 0xff, 0xff, 0xff, 0xff, 
	0xff, 0xff, 0xff, 0xff, 0xff, 0xff, 0xff, 0xff, 
	0xff, 0xff, 0xff, 0xff, 0xff, 0xff, 0xff, 0xff, 
	0xff, 0xff, 0xff, 0xff, 0xff, 0xff, 0xff, 0xff, 
	0xff, 0xff, 0xff, 0xff, 0xff, 0xff, 0xff, 0xff, 
	0xff, 0xff, 0xff, 0xff, 0xff, 0xff, 0xff, 0xff, 
	0xff, 0xff, 0xff, 0xff, 0xff, 0xff, 0xff, 0xff, 
	0xff, 0xff, 0xff, 0xff, 0xff, 0xff, 0xff, 0xff, 
	0xff, 0xff, 0xff, 0xff, 0xff, 0xff, 0xff, 0xff, 
	0xff, 0xff, 0xff, 0xff, 0xff, 0xff, 0xff, 0xff, 
	0xff, 0xff, 0xff, 0xff, 0xff, 0xff, 0xff, 0xff, 
	0xff, 0xff, 0xff, 0xff, 0xff, 0xff, 0xff, 0xff, 
	0xff, 0xff, 0xff, 0xff, 0xff, 0xff, 0xff, 0xff, 
	0xff, 0xff, 0xff, 0xff, 0xff, 0xff, 0xff, 0xff, 
	0xff, 0xff, 0xff, 0xff, 0xff, 0xff, 0xff, 0xff, 
	0xff, 0xff, 0xff, 0xff, 0xff, 0xff, 0xff, 0xff, 
	0xff, 0xff, 0xff, 0xff, 0xff, 0xff, 0xff, 0xff, 
	0xff, 0xff, 0xff, 0xff, 0xff, 0xff, 0xff, 0xff, 
	0xff, 0xff, 0xff, 0xff, 0xff, 0xff, 0xff, 0xff, 
	0xff, 0xff, 0xff, 0xff, 0xff, 0xff, 0xff, 0xff, 
	0xff, 0xff, 0xff, 0xff, 0xff, 0xff, 0xff, 0xff, 
	0xff, 0xff, 0xff, 0xff, 0xff, 0xff, 0xff, 0xff, 
	0xff, 0xff, 0xff, 0xff, 0xff, 0xff, 0xff, 0xff, 
	0xff, 0xff, 0xff, 0xff, 0xff, 0xff, 0xff, 0xff, 
	0xff, 0xff, 0xff, 0xff, 0xff, 0xff, 0xff, 0xff, 
	0xff, 0xff, 0xff, 0xff, 0xff, 0xff, 0xff, 0xff, 
	0xff, 0xff, 0xff, 0xff, 0xff, 0xff, 0xff, 0xff, 
	0xff, 0xff, 0xff, 0xff, 0xff, 0xff, 0xff, 0xff, 
	0xff, 0xff, 0xff, 0xff, 0xff, 0xff, 0xff, 0xff, 
	0xff, 0xff, 0xff, 0xff, 0xff, 0xff, 0xff, 0xff, 
	0xff, 0xff, 0xff, 0xff, 0xff, 0xff, 0xff, 0xff, 
	0xff, 0xff, 0xff, 0xff, 0xff, 0xff, 0xff, 0xff, 
	0xff, 0xff, 0xff, 0xff, 0xff, 0xff, 0xff, 0xff, 
	0xff, 0xff, 0xff, 0xff, 0xff, 0xff, 0xff, 0xff, 
	0xff, 0xff, 0xff, 0xff, 0xff, 0xff, 0xff, 0xff, 
	0xff, 0xff, 0xff, 0xff, 0xff, 0xff, 0xff, 0xff, 
	0xff, 0xff, 0xff, 0xff, 0xff, 0xff, 0xff, 0xff, 
	0xff, 0xff, 0xff, 0xff, 0xff, 0xff, 0xff, 0xff, 
	0xff, 0xff, 0xff, 0xff, 0xff, 0xff, 0xff, 0xff, 
	0xff, 0xff, 0xff, 0xff, 0xff, 0xff, 0xff, 0xff, 
	0xff, 0xff, 0xff, 0xff, 0xff, 0xff, 0xff, 0xff, 
	0xff, 0xff, 0xff, 0xff, 0xff, 0xff, 0xff, 0xff, 
	0xff, 0xff, 0xff, 0xff, 0xff, 0xff, 0xff, 0xff, 
	0xff, 0xff, 0xff, 0xff, 0xff, 0xff, 0xff, 0xff, 
	0xff, 0xff, 0xff, 0xff, 0xff, 0xff, 0xff, 0xff, 
	0xff, 0xff, 0xff, 0xff, 0xff, 0xff, 0xff, 0xff, 
	0xff, 0xff, 0xff, 0xff, 0xff, 0xff, 0xff, 0xff, 
	0xff, 0xff, 0xff, 0xff, 0xff, 0xff, 0xff, 0xff, 
	0xff, 0xff, 0xff, 0xff, 0xff, 0xff, 0xff, 0xff, 
	0xff, 0xff, 0xff, 0xff, 0xff, 0xff, 0xff, 0xff, 
	0xff, 0xff, 0xff, 0xff, 0xff, 0xff, 0xff, 0xff, 
	0xff, 0xff, 0xff, 0xff, 0xff, 0xff, 0xff, 0xff, 
	0xff, 0xff, 0xff, 0xff, 0xff, 0xff, 0xff, 0xff, 
	0xff, 0xff, 0xff, 0xff, 0xff, 0xff, 0xff, 0xff, 
	0xff, 0xff, 0xff, 0xff, 0xff, 0xff, 0xff, 0xff, 
	0xff, 0xff, 0xff, 0xff, 0xff, 0xff, 0xff, 0xff, 
	0xff, 0xff, 0xff, 0xff, 0xff, 0xff, 0xff, 0xff, 
	0xff, 0xff, 0xff, 0xff, 0xff, 0xff, 0xff, 0xff, 
	0xff, 0xff, 0xff, 0xff, 0xff, 0xff, 0xff, 0xff, 
	0xff, 0xff, 0xff, 0xff, 0xff, 0xff, 0xff, 0xff, 
	0xff, 0xff, 0xff, 0xff, 0xff, 0xff, 0xff, 0xff, 
	0xff, 0xff, 0xff, 0xff, 0xff, 0xff, 0xff, 0xff, 
	0xff, 0xff, 0xff, 0xff, 0xff, 0xff, 0xff, 0xff, 
	0xff, 0xff, 0xff, 0xff, 0xff, 0xff, 0xff, 0xff, 
	0xff, 0xff, 0xff, 0xff, 0xff, 0xff, 0xff, 0xff, 
	0xff, 0xff, 0xff, 0xff, 0xff, 0xff, 0xff, 0xff, 
	0xff, 0xff, 0xff, 0xff, 0xff, 0xff, 0xff, 0xff, 
	0xff, 0xff, 0xff, 0xff, 0xff, 0xff, 0xff, 0xff, 
	0xff, 0xff, 0xff, 0xff, 0xff, 0xff, 0xff, 0xff, 
	0xff, 0xff, 0xff, 0xff, 0xff, 0xff, 0xff, 0xff, 
	0xff, 0xff, 0xff, 0xff, 0xff, 0xff, 0xff, 0xff, 
	0xff, 0xff, 0xff, 0xff, 0xff, 0xff, 0xff, 0xff, 
	0xff, 0xff, 0xff, 0xff, 0xff, 0xff, 0xff, 0xff, 
	
};

Gfx wf_dl_tile_1_1_ci8_aligner[] = {gsSPEndDisplayList()};
u8 wf_dl_tile_1_1_ci8[] = {
	0x00, 0x00, 0x00, 0x00, 0x00, 0x00, 0x00, 0x00, 
	0x00, 0x00, 0x00, 0x00, 0x00, 0x00, 0x00, 0x00, 
	0x00, 0x00, 0x00, 0x00, 0x00, 0x00, 0x00, 0x00, 
	0x00, 0x00, 0x00, 0x00, 0x00, 0x00, 0x00, 0x00, 
	0x00, 0x00, 0x00, 0x00, 0x00, 0x00, 0x00, 0x00, 
	0x00, 0x00, 0x00, 0x00, 0x00, 0x00, 0x00, 0x00, 
	0x00, 0x00, 0x00, 0x00, 0x00, 0x00, 0x00, 0x00, 
	0x00, 0x00, 0x00, 0x00, 0x00, 0x00, 0x00, 0x00, 
	0x00, 0x00, 0x00, 0x00, 0x00, 0x00, 0x00, 0x00, 
	0x00, 0x00, 0x00, 0x00, 0x00, 0x00, 0x00, 0x00, 
	0x00, 0x00, 0x00, 0x00, 0x00, 0x00, 0x00, 0x00, 
	0x00, 0x00, 0x00, 0x00, 0x00, 0x00, 0x00, 0x00, 
	0x00, 0x00, 0x00, 0x00, 0x00, 0x00, 0x00, 0x00, 
	0x00, 0x00, 0x00, 0x00, 0x00, 0x00, 0x00, 0x00, 
	0x00, 0x00, 0x00, 0x00, 0x00, 0x00, 0x00, 0x00, 
	0x00, 0x00, 0x00, 0x00, 0x00, 0x00, 0x00, 0x00, 
	0x00, 0x00, 0x00, 0x00, 0x00, 0x00, 0x00, 0x00, 
	0x00, 0x00, 0x00, 0x00, 0x00, 0x00, 0x00, 0x00, 
	0x00, 0x00, 0x00, 0x00, 0x00, 0x00, 0x00, 0x00, 
	0x00, 0x00, 0x00, 0x00, 0x00, 0x00, 0x00, 0x00, 
	0x00, 0x00, 0x00, 0x00, 0x00, 0x00, 0x00, 0x00, 
	0x00, 0x00, 0x00, 0x00, 0x00, 0x00, 0x00, 0x00, 
	0x00, 0x00, 0x00, 0x00, 0x00, 0x00, 0x00, 0x00, 
	0x00, 0x00, 0x00, 0x00, 0x00, 0x00, 0x00, 0x01, 
	0x00, 0x00, 0x00, 0x00, 0x00, 0x00, 0x00, 0x00, 
	0x00, 0x00, 0x00, 0x00, 0x00, 0x00, 0x00, 0x00, 
	0x00, 0x00, 0x00, 0x00, 0x00, 0x00, 0x00, 0x00, 
	0x00, 0x00, 0x00, 0x00, 0x00, 0x00, 0x02, 0x03, 
	0x00, 0x00, 0x00, 0x00, 0x00, 0x00, 0x00, 0x00, 
	0x00, 0x00, 0x00, 0x00, 0x00, 0x00, 0x00, 0x00, 
	0x00, 0x00, 0x00, 0x00, 0x00, 0x00, 0x00, 0x00, 
	0x00, 0x00, 0x00, 0x00, 0x00, 0x00, 0x04, 0x05, 
	0x00, 0x00, 0x00, 0x00, 0x00, 0x00, 0x00, 0x00, 
	0x00, 0x00, 0x00, 0x00, 0x00, 0x00, 0x00, 0x00, 
	0x00, 0x00, 0x00, 0x00, 0x00, 0x00, 0x00, 0x00, 
	0x00, 0x00, 0x00, 0x00, 0x00, 0x06, 0x07, 0x08, 
	0x00, 0x00, 0x00, 0x00, 0x00, 0x00, 0x00, 0x00, 
	0x00, 0x00, 0x00, 0x00, 0x00, 0x00, 0x00, 0x00, 
	0x00, 0x00, 0x00, 0x00, 0x00, 0x00, 0x00, 0x00, 
	0x00, 0x00, 0x00, 0x00, 0x00, 0x09, 0x0a, 0x08, 
	0x00, 0x00, 0x00, 0x00, 0x00, 0x00, 0x00, 0x00, 
	0x00, 0x00, 0x00, 0x00, 0x00, 0x00, 0x00, 0x00, 
	0x00, 0x00, 0x00, 0x00, 0x00, 0x00, 0x00, 0x00, 
	0x00, 0x00, 0x00, 0x00, 0x06, 0x0b, 0x08, 0x08, 
	0x00, 0x00, 0x00, 0x00, 0x00, 0x00, 0x00, 0x00, 
	0x00, 0x00, 0x00, 0x00, 0x00, 0x00, 0x00, 0x00, 
	0x00, 0x00, 0x00, 0x00, 0x00, 0x00, 0x00, 0x00, 
	0x00, 0x00, 0x00, 0x00, 0x0c, 0x0d, 0x08, 0x08, 
	0x00, 0x00, 0x00, 0x00, 0x00, 0x00, 0x00, 0x00, 
	0x00, 0x00, 0x00, 0x00, 0x00, 0x00, 0x00, 0x00, 
	0x00, 0x00, 0x00, 0x00, 0x00, 0x00, 0x00, 0x00, 
	0x00, 0x00, 0x00, 0x0e, 0x0f, 0x10, 0x10, 0x08, 
	0x00, 0x00, 0x00, 0x00, 0x00, 0x00, 0x00, 0x00, 
	0x00, 0x00, 0x00, 0x00, 0x00, 0x00, 0x00, 0x00, 
	0x00, 0x00, 0x00, 0x00, 0x00, 0x00, 0x00, 0x00, 
	0x00, 0x00, 0x00, 0x11, 0x12, 0x10, 0x08, 0x08, 
	0x00, 0x00, 0x00, 0x00, 0x00, 0x00, 0x00, 0x00, 
	0x00, 0x00, 0x00, 0x00, 0x00, 0x00, 0x00, 0x00, 
	0x00, 0x00, 0x00, 0x00, 0x00, 0x00, 0x00, 0x00, 
	0x00, 0x00, 0x00, 0x13, 0x14, 0x10, 0x10, 0x08, 
	0x00, 0x00, 0x00, 0x00, 0x00, 0x00, 0x00, 0x00, 
	0x00, 0x00, 0x00, 0x00, 0x00, 0x00, 0x00, 0x00, 
	0x00, 0x00, 0x00, 0x00, 0x00, 0x00, 0x00, 0x00, 
	0x00, 0x00, 0x15, 0x07, 0x16, 0x10, 0x08, 0x08, 
	0x00, 0x00, 0x00, 0x00, 0x00, 0x00, 0x00, 0x00, 
	0x00, 0x00, 0x00, 0x00, 0x00, 0x00, 0x00, 0x00, 
	0x00, 0x00, 0x00, 0x00, 0x00, 0x00, 0x00, 0x00, 
	0x00, 0x00, 0x17, 0x18, 0x19, 0x10, 0x19, 0x10, 
	0x00, 0x00, 0x00, 0x00, 0x00, 0x00, 0x00, 0x00, 
	0x00, 0x00, 0x00, 0x00, 0x00, 0x00, 0x00, 0x00, 
	0x00, 0x00, 0x00, 0x00, 0x00, 0x00, 0x00, 0x00, 
	0x00, 0x00, 0x1a, 0x16, 0x10, 0x19, 0x19, 0x10, 
	0x00, 0x00, 0x00, 0x00, 0x00, 0x00, 0x00, 0x00, 
	0x00, 0x00, 0x00, 0x00, 0x00, 0x00, 0x00, 0x00, 
	0x00, 0x00, 0x00, 0x00, 0x00, 0x00, 0x00, 0x00, 
	0x00, 0x00, 0x1b, 0x19, 0x1c, 0x10, 0x10, 0x10, 
	0x00, 0x00, 0x00, 0x00, 0x00, 0x00, 0x00, 0x00, 
	0x00, 0x00, 0x00, 0x00, 0x00, 0x00, 0x00, 0x00, 
	0x00, 0x00, 0x00, 0x00, 0x00, 0x00, 0x00, 0x00, 
	0x00, 0x1d, 0x1e, 0x1c, 0x10, 0x1c, 0x19, 0x1f, 
	0x00, 0x00, 0x00, 0x00, 0x00, 0x00, 0x00, 0x00, 
	0x00, 0x00, 0x00, 0x00, 0x00, 0x00, 0x00, 0x00, 
	0x00, 0x00, 0x00, 0x00, 0x00, 0x00, 0x00, 0x00, 
	0x00, 0x01, 0x20, 0x1c, 0x1c, 0x10, 0x1f, 0x19, 
	0x00, 0x00, 0x00, 0x00, 0x00, 0x00, 0x00, 0x00, 
	0x00, 0x00, 0x00, 0x00, 0x00, 0x00, 0x00, 0x00, 
	0x00, 0x00, 0x00, 0x00, 0x00, 0x00, 0x00, 0x00, 
	0x00, 0x21, 0x14, 0x1c, 0x1c, 0x1c, 0x1c, 0x19, 
	0x00, 0x00, 0x00, 0x00, 0x00, 0x00, 0x00, 0x00, 
	0x00, 0x00, 0x00, 0x00, 0x00, 0x00, 0x00, 0x00, 
	0x00, 0x00, 0x00, 0x00, 0x00, 0x00, 0x00, 0x00, 
	0x00, 0x0f, 0x14, 0x1c, 0x1c, 0x1c, 0x1c, 0x1c, 
	0x00, 0x00, 0x00, 0x00, 0x00, 0x00, 0x00, 0x00, 
	0x00, 0x00, 0x00, 0x00, 0x00, 0x00, 0x00, 0x00, 
	0x00, 0x00, 0x00, 0x00, 0x00, 0x00, 0x00, 0x00, 
	0x0e, 0x22, 0x16, 0x1c, 0x16, 0x1c, 0x16, 0x16, 
	0x00, 0x00, 0x00, 0x00, 0x00, 0x00, 0x00, 0x00, 
	0x00, 0x00, 0x00, 0x00, 0x00, 0x00, 0x00, 0x00, 
	0x00, 0x00, 0x00, 0x00, 0x00, 0x00, 0x00, 0x00, 
	0x06, 0x23, 0x24, 0x16, 0x16, 0x16, 0x16, 0x16, 
	0x00, 0x00, 0x00, 0x00, 0x00, 0x00, 0x00, 0x00, 
	0x00, 0x00, 0x00, 0x00, 0x00, 0x00, 0x00, 0x00, 
	0x00, 0x00, 0x00, 0x00, 0x00, 0x00, 0x00, 0x00, 
	0x25, 0x26, 0x24, 0x24, 0x16, 0x16, 0x24, 0x24, 
	0x00, 0x00, 0x00, 0x00, 0x00, 0x00, 0x00, 0x00, 
	0x00, 0x00, 0x00, 0x00, 0x00, 0x00, 0x00, 0x00, 
	0x00, 0x00, 0x00, 0x00, 0x00, 0x00, 0x00, 0x00, 
	0x27, 0x28, 0x24, 0x24, 0x24, 0x24, 0x24, 0x24, 
	0x00, 0x00, 0x00, 0x00, 0x00, 0x00, 0x00, 0x00, 
	0x00, 0x00, 0x00, 0x00, 0x00, 0x00, 0x00, 0x00, 
	0x00, 0x00, 0x00, 0x00, 0x00, 0x00, 0x00, 0x00, 
	0x27, 0x29, 0x24, 0x24, 0x24, 0x24, 0x2a, 0x2b, 
	0x00, 0x00, 0x00, 0x00, 0x00, 0x00, 0x00, 0x00, 
	0x00, 0x00, 0x00, 0x00, 0x00, 0x00, 0x00, 0x00, 
	0x00, 0x00, 0x00, 0x00, 0x00, 0x00, 0x00, 0x00, 
	0x27, 0x29, 0x28, 0x2c, 0x2b, 0x2b, 0x2d, 0x2d, 
	0x00, 0x00, 0x00, 0x00, 0x00, 0x00, 0x00, 0x00, 
	0x00, 0x00, 0x00, 0x00, 0x00, 0x00, 0x00, 0x00, 
	0x00, 0x00, 0x00, 0x00, 0x00, 0x00, 0x00, 0x00, 
	0x27, 0x29, 0x2d, 0x28, 0x2b, 0x28, 0x2b, 0x2b, 
	0x00, 0x00, 0x00, 0x00, 0x00, 0x00, 0x00, 0x00, 
	0x00, 0x00, 0x00, 0x00, 0x00, 0x00, 0x00, 0x00, 
	0x00, 0x00, 0x00, 0x00, 0x00, 0x00, 0x00, 0x00, 
	0x2e, 0x2f, 0x2b, 0x2b, 0x2b, 0x2b, 0x2d, 0x30, 
	0x00, 0x00, 0x00, 0x00, 0x00, 0x00, 0x00, 0x00, 
	0x00, 0x00, 0x00, 0x00, 0x00, 0x00, 0x00, 0x00, 
	0x00, 0x00, 0x00, 0x00, 0x00, 0x00, 0x00, 0x00, 
	0x1d, 0x31, 0x30, 0x2b, 0x28, 0x2b, 0x30, 0x30, 
	
};

Gfx wf_dl_tile_1_1_pal_rgba16_aligner[] = {gsSPEndDisplayList()};
u8 wf_dl_tile_1_1_pal_rgba16[] = {
	0xff, 0xff, 0xf6, 0xb3, 0xff, 0xbb, 0xdb, 0x55, 
	0xed, 0xeb, 0xe1, 0x87, 0xff, 0x7b, 0xda, 0xd1, 
	0xe1, 0x43, 0xed, 0x25, 0xe1, 0x85, 0xda, 0x8d, 
	0xed, 0xed, 0xd9, 0x45, 0xff, 0xfd, 0xdb, 0x13, 
	0xd9, 0x43, 0xf6, 0xf7, 0xd1, 0xc7, 0xe5, 0x67, 
	0xd1, 0x43, 0xff, 0xbd, 0xd1, 0x03, 0xf6, 0xf5, 
	0xc9, 0x87, 0xd9, 0x03, 0xe5, 0x27, 0xda, 0xd3, 
	0xd1, 0x01, 0xf7, 0x79, 0xd2, 0x0b, 0xd9, 0x01, 
	0xd1, 0x45, 0xed, 0x67, 0xca, 0x4d, 0xca, 0x0b, 
	0xc9, 0x03, 0xee, 0xf5, 0xc1, 0x45, 0xee, 0xb3, 
	0xc1, 0x03, 0xb9, 0x03, 0xc9, 0x01, 0xc0, 0xc1, 
	0xc0, 0xc3, 0xc1, 0x01, 0xee, 0xb5, 0xb1, 0x03, 
	0xb8, 0xc1, 0xb9, 0xc9, 
};

Gfx wf_dl_tile_1_2_ci8_aligner[] = {gsSPEndDisplayList()};
u8 wf_dl_tile_1_2_ci8[] = {
	0x00, 0x00, 0x00, 0x00, 0x00, 0x00, 0x00, 0x00, 
	0x00, 0x00, 0x00, 0x00, 0x00, 0x00, 0x00, 0x00, 
	0x00, 0x00, 0x00, 0x00, 0x00, 0x00, 0x00, 0x00, 
	0x01, 0x02, 0x03, 0x03, 0x03, 0x03, 0x04, 0x05, 
	0x00, 0x00, 0x00, 0x00, 0x00, 0x00, 0x00, 0x00, 
	0x00, 0x00, 0x00, 0x00, 0x00, 0x00, 0x00, 0x00, 
	0x00, 0x00, 0x00, 0x00, 0x00, 0x00, 0x00, 0x00, 
	0x06, 0x07, 0x05, 0x03, 0x08, 0x03, 0x05, 0x05, 
	0x00, 0x00, 0x00, 0x00, 0x00, 0x00, 0x00, 0x00, 
	0x00, 0x00, 0x00, 0x00, 0x00, 0x00, 0x00, 0x00, 
	0x00, 0x00, 0x00, 0x00, 0x00, 0x00, 0x00, 0x00, 
	0x09, 0x0a, 0x05, 0x05, 0x05, 0x03, 0x05, 0x05, 
	0x00, 0x00, 0x00, 0x00, 0x00, 0x00, 0x00, 0x00, 
	0x00, 0x00, 0x00, 0x00, 0x00, 0x00, 0x00, 0x00, 
	0x00, 0x00, 0x00, 0x00, 0x00, 0x00, 0x00, 0x00, 
	0x00, 0x0b, 0x05, 0x05, 0x05, 0x05, 0x05, 0x05, 
	0x00, 0x00, 0x00, 0x00, 0x00, 0x00, 0x00, 0x00, 
	0x00, 0x00, 0x00, 0x00, 0x00, 0x00, 0x00, 0x00, 
	0x00, 0x00, 0x00, 0x00, 0x00, 0x00, 0x00, 0x00, 
	0x00, 0x0c, 0x0d, 0x05, 0x05, 0x05, 0x05, 0x05, 
	0x00, 0x00, 0x00, 0x00, 0x00, 0x00, 0x00, 0x00, 
	0x00, 0x00, 0x00, 0x00, 0x00, 0x00, 0x00, 0x00, 
	0x00, 0x00, 0x00, 0x00, 0x00, 0x00, 0x00, 0x00, 
	0x00, 0x0e, 0x02, 0x05, 0x05, 0x05, 0x0f, 0x0d, 
	0x00, 0x00, 0x00, 0x00, 0x00, 0x00, 0x00, 0x00, 
	0x00, 0x00, 0x00, 0x00, 0x00, 0x00, 0x00, 0x00, 
	0x00, 0x00, 0x00, 0x00, 0x00, 0x00, 0x00, 0x00, 
	0x00, 0x10, 0x11, 0x0f, 0x05, 0x0f, 0x0f, 0x12, 
	0x00, 0x00, 0x00, 0x00, 0x00, 0x00, 0x00, 0x00, 
	0x00, 0x00, 0x00, 0x00, 0x00, 0x00, 0x00, 0x00, 
	0x00, 0x00, 0x00, 0x00, 0x00, 0x00, 0x00, 0x00, 
	0x00, 0x00, 0x13, 0x12, 0x0f, 0x0f, 0x0f, 0x14, 
	0x00, 0x00, 0x00, 0x00, 0x00, 0x00, 0x00, 0x00, 
	0x00, 0x00, 0x00, 0x00, 0x00, 0x00, 0x00, 0x00, 
	0x00, 0x00, 0x00, 0x00, 0x00, 0x00, 0x00, 0x00, 
	0x00, 0x00, 0x15, 0x07, 0x0f, 0x0f, 0x16, 0x17, 
	0x00, 0x00, 0x00, 0x00, 0x00, 0x00, 0x00, 0x00, 
	0x00, 0x00, 0x00, 0x00, 0x00, 0x00, 0x00, 0x00, 
	0x00, 0x00, 0x00, 0x00, 0x00, 0x00, 0x00, 0x00, 
	0x00, 0x00, 0x00, 0x18, 0x02, 0x12, 0x16, 0x19, 
	0x00, 0x00, 0x00, 0x00, 0x00, 0x00, 0x00, 0x00, 
	0x00, 0x00, 0x00, 0x00, 0x00, 0x00, 0x00, 0x00, 
	0x00, 0x00, 0x00, 0x00, 0x00, 0x00, 0x00, 0x00, 
	0x00, 0x00, 0x00, 0x15, 0x1a, 0x0f, 0x16, 0x1b, 
	0x00, 0x00, 0x00, 0x00, 0x00, 0x00, 0x00, 0x00, 
	0x00, 0x00, 0x00, 0x00, 0x00, 0x00, 0x00, 0x00, 
	0x00, 0x00, 0x00, 0x00, 0x00, 0x00, 0x00, 0x00, 
	0x00, 0x00, 0x00, 0x00, 0x1c, 0x02, 0x0f, 0x17, 
	0x00, 0x00, 0x00, 0x00, 0x00, 0x00, 0x00, 0x00, 
	0x00, 0x00, 0x00, 0x00, 0x00, 0x00, 0x00, 0x00, 
	0x00, 0x00, 0x00, 0x00, 0x00, 0x00, 0x00, 0x00, 
	0x00, 0x09, 0x06, 0x06, 0x1d, 0x1e, 0x0f, 0x1f, 
	0x00, 0x00, 0x00, 0x00, 0x00, 0x00, 0x00, 0x00, 
	0x00, 0x00, 0x00, 0x00, 0x00, 0x00, 0x00, 0x00, 
	0x00, 0x00, 0x00, 0x00, 0x00, 0x00, 0x00, 0x20, 
	0x21, 0x22, 0x23, 0x24, 0x23, 0x25, 0x26, 0x27, 
	0x00, 0x00, 0x00, 0x00, 0x00, 0x00, 0x00, 0x00, 
	0x00, 0x00, 0x00, 0x00, 0x00, 0x00, 0x00, 0x00, 
	0x00, 0x00, 0x00, 0x00, 0x00, 0x00, 0x00, 0x28, 
	0x29, 0x2a, 0x2b, 0x2c, 0x2d, 0x2c, 0x2e, 0x2f, 
	0x00, 0x00, 0x00, 0x00, 0x00, 0x00, 0x00, 0x00, 
	0x00, 0x00, 0x00, 0x00, 0x00, 0x00, 0x00, 0x00, 
	0x00, 0x00, 0x00, 0x00, 0x00, 0x00, 0x30, 0x29, 
	0x31, 0x2a, 0x2b, 0x2c, 0x2d, 0x2d, 0x2c, 0x2e, 
	0x00, 0x00, 0x00, 0x00, 0x00, 0x00, 0x00, 0x00, 
	0x00, 0x00, 0x00, 0x00, 0x00, 0x00, 0x00, 0x00, 
	0x00, 0x00, 0x00, 0x00, 0x00, 0x00, 0x32, 0x33, 
	0x33, 0x34, 0x2a, 0x2e, 0x35, 0x2c, 0x36, 0x2c, 
	0x00, 0x00, 0x00, 0x00, 0x00, 0x00, 0x00, 0x00, 
	0x00, 0x00, 0x00, 0x00, 0x00, 0x00, 0x00, 0x00, 
	0x00, 0x00, 0x00, 0x00, 0x00, 0x37, 0x38, 0x34, 
	0x39, 0x3a, 0x3a, 0x33, 0x2a, 0x2b, 0x2c, 0x24, 
	0x00, 0x00, 0x00, 0x00, 0x00, 0x00, 0x00, 0x00, 
	0x00, 0x00, 0x00, 0x00, 0x00, 0x00, 0x00, 0x00, 
	0x00, 0x00, 0x00, 0x00, 0x00, 0x3b, 0x3c, 0x3d, 
	0x3e, 0x3f, 0x40, 0x41, 0x3a, 0x2a, 0x2b, 0x24, 
	0x00, 0x00, 0x00, 0x00, 0x00, 0x00, 0x00, 0x00, 
	0x00, 0x00, 0x00, 0x00, 0x00, 0x00, 0x00, 0x00, 
	0x00, 0x00, 0x00, 0x00, 0x00, 0x42, 0x43, 0x44, 
	0x45, 0x45, 0x46, 0x47, 0x41, 0x48, 0x2a, 0x49, 
	0x00, 0x00, 0x00, 0x00, 0x00, 0x00, 0x00, 0x00, 
	0x00, 0x00, 0x00, 0x00, 0x00, 0x00, 0x00, 0x00, 
	0x00, 0x00, 0x00, 0x00, 0x00, 0x4a, 0x4b, 0x44, 
	0x3a, 0x44, 0x3d, 0x39, 0x4c, 0x4d, 0x43, 0x2a, 
	0x00, 0x00, 0x00, 0x00, 0x00, 0x00, 0x00, 0x00, 
	0x00, 0x00, 0x00, 0x00, 0x00, 0x00, 0x00, 0x00, 
	0x00, 0x00, 0x00, 0x00, 0x20, 0x4e, 0x4b, 0x39, 
	0x39, 0x4b, 0x4f, 0x3d, 0x3d, 0x39, 0x3e, 0x33, 
	0x00, 0x00, 0x00, 0x00, 0x00, 0x00, 0x00, 0x00, 
	0x00, 0x00, 0x00, 0x00, 0x00, 0x00, 0x00, 0x00, 
	0x00, 0x00, 0x00, 0x00, 0x20, 0x38, 0x4b, 0x4f, 
	0x43, 0x33, 0x50, 0x4f, 0x4c, 0x3e, 0x46, 0x51, 
	0x00, 0x00, 0x00, 0x00, 0x00, 0x00, 0x00, 0x00, 
	0x00, 0x00, 0x00, 0x00, 0x00, 0x00, 0x00, 0x00, 
	0x00, 0x00, 0x00, 0x00, 0x09, 0x52, 0x53, 0x53, 
	0x54, 0x54, 0x43, 0x3d, 0x44, 0x47, 0x55, 0x56, 
	0x00, 0x00, 0x00, 0x00, 0x00, 0x00, 0x00, 0x00, 
	0x00, 0x00, 0x00, 0x00, 0x00, 0x00, 0x00, 0x00, 
	0x00, 0x00, 0x00, 0x00, 0x20, 0x57, 0x54, 0x31, 
	0x2a, 0x54, 0x33, 0x39, 0x45, 0x58, 0x59, 0x5a, 
	0x00, 0x00, 0x00, 0x00, 0x00, 0x00, 0x00, 0x00, 
	0x00, 0x00, 0x00, 0x00, 0x00, 0x00, 0x00, 0x00, 
	0x00, 0x00, 0x00, 0x00, 0x00, 0x5b, 0x2a, 0x2a, 
	0x2a, 0x54, 0x54, 0x4b, 0x45, 0x45, 0x5c, 0x4d, 
	0x00, 0x00, 0x00, 0x00, 0x00, 0x00, 0x00, 0x00, 
	0x00, 0x00, 0x00, 0x00, 0x00, 0x00, 0x00, 0x00, 
	0x00, 0x00, 0x00, 0x00, 0x00, 0x5b, 0x2a, 0x2a, 
	0x2a, 0x2a, 0x54, 0x50, 0x44, 0x45, 0x45, 0x45, 
	0x00, 0x00, 0x00, 0x00, 0x00, 0x00, 0x00, 0x00, 
	0x00, 0x00, 0x00, 0x00, 0x00, 0x00, 0x00, 0x00, 
	0x00, 0x00, 0x00, 0x00, 0x00, 0x1d, 0x2a, 0x2e, 
	0x5d, 0x2a, 0x54, 0x34, 0x3d, 0x4f, 0x4f, 0x3d, 
	0x00, 0x00, 0x00, 0x00, 0x00, 0x00, 0x00, 0x00, 
	0x00, 0x00, 0x00, 0x00, 0x00, 0x00, 0x00, 0x00, 
	0x00, 0x00, 0x00, 0x00, 0x00, 0x06, 0x49, 0x2e, 
	0x2b, 0x2a, 0x2a, 0x2a, 0x31, 0x53, 0x53, 0x53, 
	0x00, 0x00, 0x00, 0x00, 0x00, 0x00, 0x00, 0x00, 
	0x00, 0x00, 0x00, 0x00, 0x00, 0x00, 0x00, 0x00, 
	0x00, 0x00, 0x00, 0x00, 0x00, 0x09, 0x4e, 0x2e, 
	0x35, 0x2b, 0x2a, 0x2a, 0x2a, 0x2a, 0x2a, 0x2a, 
	0x00, 0x00, 0x00, 0x00, 0x00, 0x00, 0x00, 0x00, 
	0x00, 0x00, 0x00, 0x00, 0x00, 0x00, 0x00, 0x00, 
	0x00, 0x00, 0x00, 0x00, 0x00, 0x00, 0x5b, 0x2e, 
	0x35, 0x35, 0x5e, 0x2e, 0x2e, 0x2e, 0x2b, 0x2e, 
	0x00, 0x00, 0x00, 0x00, 0x00, 0x00, 0x00, 0x00, 
	0x00, 0x00, 0x00, 0x00, 0x00, 0x00, 0x00, 0x00, 
	0x00, 0x00, 0x00, 0x00, 0x00, 0x00, 0x30, 0x5f, 
	0x60, 0x35, 0x5e, 0x2b, 0x2b, 0x2b, 0x35, 0x2b, 
	
};

Gfx wf_dl_tile_1_2_pal_rgba16_aligner[] = {gsSPEndDisplayList()};
u8 wf_dl_tile_1_2_pal_rgba16[] = {
	0xff, 0xff, 0xee, 0xb5, 0xb1, 0x03, 0xc0, 0xc1, 
	0xc1, 0x01, 0xb8, 0xc1, 0xf7, 0x79, 0xb9, 0xc9, 
	0xc1, 0x03, 0xff, 0xbd, 0xc2, 0x0d, 0xc2, 0x91, 
	0xdc, 0xa3, 0xb8, 0xc3, 0xee, 0xb3, 0xb0, 0xc1, 
	0xff, 0x7b, 0xc2, 0x0b, 0xb0, 0xc3, 0xd4, 0x61, 
	0xa8, 0xc3, 0xf7, 0x37, 0xa8, 0xc1, 0xa0, 0x81, 
	0xd4, 0x5f, 0xa8, 0x83, 0xb9, 0xcb, 0xa0, 0x83, 
	0xdd, 0x25, 0xf7, 0x35, 0xb2, 0x09, 0xa0, 0xc1, 
	0xff, 0xfd, 0xff, 0x35, 0xfe, 0xef, 0xff, 0x2f, 
	0xff, 0x71, 0xee, 0x25, 0xd3, 0xd5, 0xa9, 0x85, 
	0xf7, 0x33, 0xf6, 0x69, 0xfe, 0xa9, 0xff, 0x2d, 
	0xff, 0x6f, 0xff, 0xaf, 0xfe, 0xeb, 0xed, 0xa1, 
	0xff, 0x79, 0xf6, 0x67, 0xf6, 0xf1, 0xf6, 0x27, 
	0xfe, 0x27, 0xff, 0x6d, 0xff, 0xb1, 0xff, 0xbb, 
	0xf6, 0x6b, 0xf5, 0xa3, 0xed, 0x61, 0xff, 0x77, 
	0xf5, 0xe7, 0xfd, 0xa3, 0xed, 0x21, 0xdc, 0x9b, 
	0xd4, 0x59, 0xd4, 0x9b, 0xfe, 0xf3, 0xf5, 0xe5, 
	0xf5, 0x61, 0xed, 0x1f, 0xe5, 0x1f, 0xdc, 0xdd, 
	0xe5, 0x61, 0xfe, 0xed, 0xfe, 0xf1, 0xfd, 0xe5, 
	0xf5, 0x63, 0xe4, 0xdf, 0xf6, 0xad, 0xfd, 0xe3, 
	0xf5, 0xe3, 0xed, 0xa3, 0xf6, 0x6d, 0xf6, 0x25, 
	0xfe, 0x67, 0xc4, 0x17, 0xc4, 0x59, 0xf6, 0xaf, 
	0xdc, 0x9d, 0xcc, 0x59, 0xbb, 0xd5, 0xf6, 0xf3, 
	0xec, 0xdf, 0xfe, 0xe9, 0xff, 0x2b, 0xfe, 0xab, 
	0xf6, 0xeb, 
};

Gfx wf_dl_tile_1_3_ci8_aligner[] = {gsSPEndDisplayList()};
u8 wf_dl_tile_1_3_ci8[] = {
	0x00, 0x00, 0x00, 0x00, 0x00, 0x00, 0x00, 0x00, 
	0x00, 0x00, 0x00, 0x00, 0x00, 0x00, 0x00, 0x00, 
	0x00, 0x00, 0x00, 0x00, 0x00, 0x00, 0x01, 0x02, 
	0x03, 0x03, 0x04, 0x02, 0x02, 0x02, 0x05, 0x02, 
	0x00, 0x00, 0x00, 0x00, 0x00, 0x00, 0x00, 0x00, 
	0x00, 0x00, 0x00, 0x00, 0x00, 0x00, 0x00, 0x00, 
	0x00, 0x00, 0x00, 0x00, 0x00, 0x00, 0x06, 0x07, 
	0x08, 0x03, 0x04, 0x05, 0x05, 0x05, 0x03, 0x05, 
	0x00, 0x00, 0x00, 0x00, 0x00, 0x00, 0x00, 0x00, 
	0x00, 0x00, 0x00, 0x00, 0x00, 0x00, 0x00, 0x00, 
	0x00, 0x00, 0x00, 0x00, 0x00, 0x00, 0x09, 0x0a, 
	0x08, 0x05, 0x03, 0x03, 0x0b, 0x0b, 0x03, 0x03, 
	0x00, 0x00, 0x00, 0x00, 0x00, 0x00, 0x00, 0x00, 
	0x00, 0x00, 0x00, 0x00, 0x00, 0x00, 0x00, 0x00, 
	0x00, 0x00, 0x00, 0x00, 0x00, 0x00, 0x00, 0x0c, 
	0x07, 0x05, 0x03, 0x0b, 0x0b, 0x0b, 0x0b, 0x0b, 
	0x00, 0x00, 0x00, 0x00, 0x00, 0x00, 0x00, 0x00, 
	0x00, 0x00, 0x00, 0x00, 0x00, 0x00, 0x00, 0x00, 
	0x00, 0x00, 0x00, 0x00, 0x00, 0x00, 0x00, 0x0d, 
	0x0e, 0x08, 0x0f, 0x03, 0x03, 0x0b, 0x0b, 0x0b, 
	0x00, 0x00, 0x00, 0x00, 0x00, 0x00, 0x00, 0x00, 
	0x00, 0x00, 0x00, 0x00, 0x00, 0x00, 0x00, 0x00, 
	0x00, 0x00, 0x00, 0x00, 0x00, 0x00, 0x00, 0x00, 
	0x01, 0x02, 0x08, 0x03, 0x0b, 0x0b, 0x0b, 0x0b, 
	0x00, 0x00, 0x00, 0x00, 0x00, 0x00, 0x00, 0x00, 
	0x00, 0x00, 0x00, 0x00, 0x00, 0x00, 0x00, 0x00, 
	0x00, 0x00, 0x00, 0x00, 0x00, 0x00, 0x00, 0x00, 
	0x0d, 0x0a, 0x02, 0x05, 0x0b, 0x03, 0x03, 0x03, 
	0x00, 0x00, 0x00, 0x00, 0x00, 0x00, 0x00, 0x00, 
	0x00, 0x00, 0x00, 0x00, 0x00, 0x00, 0x00, 0x00, 
	0x00, 0x00, 0x00, 0x00, 0x00, 0x00, 0x00, 0x00, 
	0x00, 0x01, 0x07, 0x02, 0x03, 0x03, 0x03, 0x03, 
	0x00, 0x00, 0x00, 0x00, 0x00, 0x00, 0x00, 0x00, 
	0x00, 0x00, 0x00, 0x00, 0x00, 0x00, 0x00, 0x00, 
	0x00, 0x00, 0x00, 0x00, 0x00, 0x00, 0x00, 0x00, 
	0x00, 0x09, 0x10, 0x11, 0x05, 0x03, 0x03, 0x03, 
	0x00, 0x00, 0x00, 0x00, 0x00, 0x00, 0x00, 0x00, 
	0x00, 0x00, 0x00, 0x00, 0x00, 0x00, 0x00, 0x00, 
	0x00, 0x00, 0x00, 0x00, 0x00, 0x00, 0x00, 0x00, 
	0x00, 0x00, 0x06, 0x07, 0x11, 0x05, 0x03, 0x03, 
	0x00, 0x00, 0x00, 0x00, 0x00, 0x00, 0x00, 0x00, 
	0x00, 0x00, 0x00, 0x00, 0x00, 0x00, 0x00, 0x00, 
	0x00, 0x00, 0x00, 0x00, 0x00, 0x00, 0x00, 0x00, 
	0x00, 0x00, 0x00, 0x12, 0x13, 0x11, 0x11, 0x02, 
	0x00, 0x00, 0x00, 0x00, 0x00, 0x00, 0x00, 0x00, 
	0x00, 0x00, 0x00, 0x00, 0x00, 0x00, 0x00, 0x00, 
	0x00, 0x00, 0x00, 0x00, 0x00, 0x00, 0x00, 0x00, 
	0x00, 0x00, 0x00, 0x09, 0x14, 0x15, 0x16, 0x17, 
	0x00, 0x00, 0x00, 0x00, 0x00, 0x00, 0x00, 0x00, 
	0x00, 0x00, 0x00, 0x00, 0x00, 0x00, 0x00, 0x00, 
	0x00, 0x00, 0x00, 0x00, 0x00, 0x00, 0x00, 0x00, 
	0x00, 0x00, 0x00, 0x00, 0x09, 0x14, 0x15, 0x18, 
	0x00, 0x00, 0x00, 0x00, 0x00, 0x00, 0x00, 0x00, 
	0x00, 0x00, 0x00, 0x00, 0x00, 0x00, 0x00, 0x00, 
	0x00, 0x00, 0x00, 0x00, 0x00, 0x00, 0x00, 0x00, 
	0x00, 0x00, 0x00, 0x00, 0x00, 0x19, 0x1a, 0x1b, 
	0x00, 0x00, 0x00, 0x00, 0x00, 0x00, 0x00, 0x00, 
	0x00, 0x00, 0x00, 0x00, 0x00, 0x00, 0x00, 0x00, 
	0x00, 0x00, 0x00, 0x00, 0x00, 0x00, 0x00, 0x00, 
	0x00, 0x00, 0x00, 0x00, 0x00, 0x00, 0x00, 0x1c, 
	0x00, 0x00, 0x00, 0x00, 0x00, 0x00, 0x00, 0x00, 
	0x00, 0x00, 0x00, 0x00, 0x00, 0x00, 0x00, 0x00, 
	0x00, 0x00, 0x00, 0x00, 0x00, 0x00, 0x00, 0x00, 
	0x00, 0x00, 0x00, 0x00, 0x00, 0x00, 0x00, 0x00, 
	0x00, 0x00, 0x00, 0x00, 0x00, 0x00, 0x00, 0x00, 
	0x00, 0x00, 0x00, 0x00, 0x00, 0x00, 0x00, 0x00, 
	0x00, 0x00, 0x00, 0x00, 0x00, 0x00, 0x00, 0x00, 
	0x00, 0x00, 0x00, 0x00, 0x00, 0x00, 0x00, 0x00, 
	0x00, 0x00, 0x00, 0x00, 0x00, 0x00, 0x00, 0x00, 
	0x00, 0x00, 0x00, 0x00, 0x00, 0x00, 0x00, 0x00, 
	0x00, 0x00, 0x00, 0x00, 0x00, 0x00, 0x00, 0x00, 
	0x00, 0x00, 0x00, 0x00, 0x00, 0x00, 0x00, 0x00, 
	0x00, 0x00, 0x00, 0x00, 0x00, 0x00, 0x00, 0x00, 
	0x00, 0x00, 0x00, 0x00, 0x00, 0x00, 0x00, 0x00, 
	0x00, 0x00, 0x00, 0x00, 0x00, 0x00, 0x00, 0x00, 
	0x00, 0x00, 0x00, 0x00, 0x00, 0x00, 0x00, 0x00, 
	0x00, 0x00, 0x00, 0x00, 0x00, 0x00, 0x00, 0x00, 
	0x00, 0x00, 0x00, 0x00, 0x00, 0x00, 0x00, 0x00, 
	0x00, 0x00, 0x00, 0x00, 0x00, 0x00, 0x00, 0x00, 
	0x00, 0x00, 0x00, 0x00, 0x00, 0x00, 0x00, 0x00, 
	0x00, 0x00, 0x00, 0x00, 0x00, 0x00, 0x00, 0x00, 
	0x00, 0x00, 0x00, 0x00, 0x00, 0x00, 0x00, 0x00, 
	0x00, 0x00, 0x00, 0x00, 0x00, 0x00, 0x00, 0x00, 
	0x00, 0x00, 0x00, 0x00, 0x00, 0x00, 0x00, 0x00, 
	0x00, 0x00, 0x00, 0x00, 0x00, 0x00, 0x00, 0x00, 
	0x00, 0x00, 0x00, 0x00, 0x00, 0x00, 0x00, 0x00, 
	0x00, 0x00, 0x00, 0x00, 0x00, 0x00, 0x00, 0x00, 
	0x00, 0x00, 0x00, 0x00, 0x00, 0x00, 0x00, 0x00, 
	0x00, 0x00, 0x00, 0x00, 0x00, 0x00, 0x00, 0x00, 
	0x00, 0x00, 0x00, 0x00, 0x00, 0x00, 0x00, 0x00, 
	0x00, 0x00, 0x00, 0x00, 0x00, 0x00, 0x00, 0x00, 
	0x00, 0x00, 0x00, 0x00, 0x00, 0x00, 0x00, 0x00, 
	0x00, 0x00, 0x00, 0x00, 0x00, 0x00, 0x00, 0x00, 
	0x00, 0x00, 0x00, 0x00, 0x00, 0x00, 0x00, 0x00, 
	0x00, 0x00, 0x00, 0x00, 0x00, 0x00, 0x00, 0x00, 
	0x00, 0x00, 0x00, 0x00, 0x00, 0x00, 0x00, 0x00, 
	0x00, 0x00, 0x00, 0x00, 0x00, 0x00, 0x00, 0x00, 
	0x00, 0x00, 0x00, 0x00, 0x00, 0x00, 0x00, 0x00, 
	0x00, 0x00, 0x00, 0x00, 0x00, 0x00, 0x00, 0x00, 
	0x00, 0x00, 0x00, 0x00, 0x00, 0x00, 0x00, 0x00, 
	0x00, 0x00, 0x00, 0x00, 0x00, 0x00, 0x00, 0x00, 
	0x00, 0x00, 0x00, 0x00, 0x00, 0x00, 0x00, 0x00, 
	0x00, 0x00, 0x00, 0x00, 0x00, 0x00, 0x00, 0x00, 
	0x00, 0x00, 0x00, 0x00, 0x00, 0x00, 0x00, 0x00, 
	0x00, 0x00, 0x00, 0x00, 0x00, 0x00, 0x00, 0x00, 
	0x00, 0x00, 0x00, 0x00, 0x00, 0x00, 0x00, 0x00, 
	0x00, 0x00, 0x00, 0x00, 0x00, 0x00, 0x00, 0x00, 
	0x00, 0x00, 0x00, 0x00, 0x00, 0x00, 0x00, 0x00, 
	0x00, 0x00, 0x00, 0x00, 0x00, 0x00, 0x00, 0x00, 
	0x00, 0x00, 0x00, 0x00, 0x00, 0x00, 0x00, 0x00, 
	0x00, 0x00, 0x00, 0x00, 0x00, 0x00, 0x00, 0x00, 
	0x00, 0x00, 0x00, 0x00, 0x00, 0x00, 0x00, 0x00, 
	0x00, 0x00, 0x00, 0x00, 0x00, 0x00, 0x00, 0x00, 
	0x00, 0x00, 0x00, 0x00, 0x00, 0x00, 0x00, 0x00, 
	0x00, 0x00, 0x00, 0x00, 0x00, 0x00, 0x00, 0x00, 
	0x00, 0x00, 0x00, 0x00, 0x00, 0x00, 0x00, 0x00, 
	0x00, 0x00, 0x00, 0x00, 0x00, 0x00, 0x00, 0x00, 
	0x00, 0x00, 0x00, 0x00, 0x00, 0x00, 0x00, 0x00, 
	0x00, 0x00, 0x00, 0x00, 0x00, 0x00, 0x00, 0x00, 
	0x00, 0x00, 0x00, 0x00, 0x00, 0x00, 0x00, 0x00, 
	0x00, 0x00, 0x00, 0x00, 0x00, 0x00, 0x00, 0x00, 
	0x00, 0x00, 0x00, 0x00, 0x00, 0x00, 0x00, 0x00, 
	0x00, 0x00, 0x00, 0x00, 0x00, 0x00, 0x00, 0x00, 
	0x00, 0x00, 0x00, 0x00, 0x00, 0x00, 0x00, 0x00, 
	0x00, 0x00, 0x00, 0x00, 0x00, 0x00, 0x00, 0x00, 
	0x00, 0x00, 0x00, 0x00, 0x00, 0x00, 0x00, 0x00, 
	0x00, 0x00, 0x00, 0x00, 0x00, 0x00, 0x00, 0x00, 
	0x00, 0x00, 0x00, 0x00, 0x00, 0x00, 0x00, 0x00, 
	
};

Gfx wf_dl_tile_1_3_pal_rgba16_aligner[] = {gsSPEndDisplayList()};
u8 wf_dl_tile_1_3_pal_rgba16[] = {
	0xff, 0xff, 0xf6, 0xf3, 0xfe, 0xeb, 0xff, 0x6d, 
	0xff, 0x2b, 0xff, 0x2d, 0xff, 0x79, 0xfe, 0xab, 
	0xf6, 0xeb, 0xff, 0xbd, 0xf6, 0xad, 0xff, 0x6f, 
	0xf7, 0x33, 0xff, 0xbb, 0xfe, 0xad, 0xf7, 0x2b, 
	0xf6, 0x6d, 0xfe, 0xa9, 0xf6, 0xf1, 0xf6, 0x27, 
	0xee, 0x2b, 0xf5, 0xe5, 0xfe, 0x67, 0xfe, 0x69, 
	0xfd, 0xa5, 0xff, 0xfd, 0xee, 0x71, 0xe5, 0x65, 
	0xf7, 0x79, 
};

Gfx wf_dl_tile_1_4_ci8_aligner[] = {gsSPEndDisplayList()};
u8 wf_dl_tile_1_4_ci8[] = {
	0x00, 0x00, 0x00, 0x00, 0x00, 0x00, 0x00, 0x00, 
	0x00, 0x00, 0x00, 0x00, 0x00, 0x00, 0x00, 0x00, 
	0x00, 0x00, 0x00, 0x00, 0x00, 0x00, 0x00, 0x00, 
	0x00, 0x00, 0x00, 0x00, 0x00, 0x00, 0x00, 0x00, 
	0x00, 0x00, 0x00, 0x00, 0x00, 0x00, 0x00, 0x00, 
	0x00, 0x00, 0x00, 0x00, 0x00, 0x00, 0x00, 0x00, 
	0x00, 0x00, 0x00, 0x00, 0x00, 0x00, 0x00, 0x00, 
	0x00, 0x00, 0x00, 0x00, 0x00, 0x00, 0x00, 0x00, 
	0x00, 0x00, 0x00, 0x00, 0x00, 0x00, 0x00, 0x00, 
	0x00, 0x00, 0x00, 0x00, 0x00, 0x00, 0x00, 0x00, 
	0x00, 0x00, 0x00, 0x00, 0x00, 0x00, 0x00, 0x00, 
	0x00, 0x00, 0x00, 0x00, 0x00, 0x00, 0x00, 0x00, 
	0x00, 0x00, 0x00, 0x00, 0x00, 0x00, 0x00, 0x00, 
	0x00, 0x00, 0x00, 0x00, 0x00, 0x00, 0x00, 0x00, 
	0x00, 0x00, 0x00, 0x00, 0x00, 0x00, 0x00, 0x00, 
	0x00, 0x00, 0x00, 0x00, 0x00, 0x00, 0x00, 0x00, 
	0x00, 0x00, 0x00, 0x00, 0x00, 0x00, 0x00, 0x00, 
	0x00, 0x00, 0x00, 0x00, 0x00, 0x00, 0x00, 0x00, 
	0x00, 0x00, 0x00, 0x00, 0x00, 0x00, 0x00, 0x00, 
	0x00, 0x00, 0x00, 0x00, 0x00, 0x00, 0x00, 0x00, 
	0x00, 0x00, 0x00, 0x00, 0x00, 0x00, 0x00, 0x00, 
	0x00, 0x00, 0x00, 0x00, 0x00, 0x00, 0x00, 0x00, 
	0x00, 0x00, 0x00, 0x00, 0x00, 0x00, 0x00, 0x00, 
	0x00, 0x00, 0x00, 0x00, 0x00, 0x00, 0x00, 0x00, 
	0x00, 0x00, 0x00, 0x00, 0x00, 0x00, 0x00, 0x00, 
	0x00, 0x00, 0x00, 0x00, 0x00, 0x00, 0x00, 0x00, 
	0x00, 0x00, 0x00, 0x00, 0x00, 0x00, 0x00, 0x00, 
	0x00, 0x00, 0x00, 0x00, 0x00, 0x00, 0x00, 0x00, 
	0x00, 0x00, 0x00, 0x00, 0x00, 0x00, 0x00, 0x00, 
	0x00, 0x00, 0x00, 0x00, 0x00, 0x00, 0x00, 0x00, 
	0x00, 0x00, 0x00, 0x00, 0x00, 0x00, 0x00, 0x00, 
	0x00, 0x00, 0x00, 0x00, 0x00, 0x00, 0x00, 0x00, 
	0x00, 0x00, 0x00, 0x00, 0x00, 0x00, 0x00, 0x00, 
	0x00, 0x00, 0x00, 0x00, 0x00, 0x00, 0x00, 0x00, 
	0x00, 0x00, 0x00, 0x00, 0x00, 0x00, 0x00, 0x00, 
	0x00, 0x00, 0x00, 0x00, 0x00, 0x00, 0x00, 0x00, 
	0x00, 0x00, 0x00, 0x00, 0x00, 0x00, 0x00, 0x00, 
	0x00, 0x00, 0x00, 0x00, 0x00, 0x00, 0x00, 0x00, 
	0x00, 0x00, 0x00, 0x00, 0x00, 0x00, 0x00, 0x00, 
	0x00, 0x00, 0x00, 0x00, 0x00, 0x00, 0x00, 0x00, 
	0x00, 0x00, 0x00, 0x00, 0x00, 0x00, 0x00, 0x00, 
	0x00, 0x00, 0x00, 0x00, 0x00, 0x00, 0x00, 0x00, 
	0x00, 0x00, 0x00, 0x00, 0x00, 0x00, 0x00, 0x00, 
	0x00, 0x00, 0x00, 0x00, 0x00, 0x00, 0x00, 0x00, 
	0x00, 0x00, 0x00, 0x00, 0x00, 0x00, 0x00, 0x00, 
	0x00, 0x00, 0x00, 0x00, 0x00, 0x00, 0x00, 0x00, 
	0x00, 0x00, 0x00, 0x00, 0x00, 0x00, 0x00, 0x00, 
	0x00, 0x00, 0x00, 0x00, 0x00, 0x00, 0x00, 0x00, 
	0x00, 0x00, 0x00, 0x00, 0x00, 0x00, 0x00, 0x00, 
	0x00, 0x00, 0x00, 0x00, 0x00, 0x00, 0x00, 0x00, 
	0x00, 0x00, 0x00, 0x00, 0x00, 0x00, 0x00, 0x00, 
	0x00, 0x00, 0x00, 0x00, 0x00, 0x00, 0x00, 0x00, 
	0x00, 0x00, 0x00, 0x00, 0x00, 0x00, 0x00, 0x00, 
	0x00, 0x00, 0x00, 0x00, 0x00, 0x00, 0x00, 0x00, 
	0x00, 0x00, 0x00, 0x00, 0x00, 0x00, 0x00, 0x00, 
	0x00, 0x00, 0x00, 0x00, 0x00, 0x00, 0x00, 0x01, 
	0x00, 0x00, 0x00, 0x00, 0x00, 0x00, 0x00, 0x00, 
	0x00, 0x00, 0x00, 0x00, 0x00, 0x00, 0x00, 0x00, 
	0x00, 0x00, 0x00, 0x00, 0x00, 0x00, 0x00, 0x00, 
	0x00, 0x00, 0x00, 0x00, 0x00, 0x00, 0x01, 0x02, 
	0x00, 0x00, 0x00, 0x00, 0x00, 0x00, 0x00, 0x00, 
	0x00, 0x00, 0x00, 0x00, 0x00, 0x00, 0x00, 0x00, 
	0x00, 0x00, 0x00, 0x00, 0x00, 0x00, 0x00, 0x00, 
	0x00, 0x00, 0x00, 0x00, 0x00, 0x03, 0x02, 0x04, 
	0x00, 0x00, 0x00, 0x00, 0x00, 0x00, 0x00, 0x00, 
	0x00, 0x00, 0x00, 0x00, 0x00, 0x00, 0x00, 0x00, 
	0x00, 0x00, 0x00, 0x00, 0x00, 0x00, 0x00, 0x00, 
	0x00, 0x00, 0x00, 0x00, 0x03, 0x02, 0x04, 0x05, 
	0x00, 0x00, 0x00, 0x00, 0x00, 0x00, 0x00, 0x00, 
	0x00, 0x00, 0x00, 0x00, 0x00, 0x00, 0x00, 0x00, 
	0x00, 0x00, 0x00, 0x00, 0x00, 0x00, 0x00, 0x00, 
	0x00, 0x00, 0x00, 0x01, 0x02, 0x04, 0x05, 0x05, 
	0x00, 0x00, 0x00, 0x00, 0x00, 0x00, 0x00, 0x00, 
	0x00, 0x00, 0x00, 0x00, 0x00, 0x00, 0x00, 0x00, 
	0x00, 0x00, 0x00, 0x00, 0x00, 0x00, 0x00, 0x00, 
	0x00, 0x00, 0x06, 0x07, 0x04, 0x05, 0x05, 0x05, 
	0x00, 0x00, 0x00, 0x00, 0x00, 0x00, 0x00, 0x00, 
	0x00, 0x00, 0x00, 0x00, 0x00, 0x00, 0x00, 0x00, 
	0x00, 0x00, 0x00, 0x00, 0x00, 0x00, 0x00, 0x00, 
	0x00, 0x06, 0x08, 0x04, 0x05, 0x05, 0x05, 0x05, 
	0x00, 0x00, 0x00, 0x00, 0x00, 0x00, 0x00, 0x00, 
	0x00, 0x00, 0x00, 0x00, 0x00, 0x00, 0x00, 0x00, 
	0x00, 0x00, 0x00, 0x00, 0x00, 0x00, 0x00, 0x00, 
	0x09, 0x0a, 0x04, 0x05, 0x05, 0x05, 0x05, 0x05, 
	0x00, 0x00, 0x00, 0x00, 0x00, 0x00, 0x00, 0x00, 
	0x00, 0x00, 0x00, 0x00, 0x00, 0x00, 0x00, 0x00, 
	0x00, 0x00, 0x00, 0x00, 0x00, 0x00, 0x00, 0x0b, 
	0x0c, 0x0d, 0x05, 0x05, 0x05, 0x05, 0x05, 0x05, 
	0x00, 0x00, 0x00, 0x00, 0x00, 0x00, 0x00, 0x00, 
	0x00, 0x00, 0x00, 0x00, 0x00, 0x00, 0x00, 0x00, 
	0x00, 0x00, 0x00, 0x00, 0x00, 0x00, 0x0e, 0x0f, 
	0x10, 0x04, 0x05, 0x05, 0x05, 0x05, 0x05, 0x05, 
	0x00, 0x00, 0x00, 0x00, 0x00, 0x00, 0x00, 0x00, 
	0x00, 0x00, 0x00, 0x00, 0x00, 0x00, 0x00, 0x00, 
	0x00, 0x00, 0x00, 0x00, 0x00, 0x0e, 0x11, 0x12, 
	0x05, 0x05, 0x05, 0x05, 0x05, 0x05, 0x05, 0x05, 
	0x00, 0x00, 0x00, 0x00, 0x00, 0x00, 0x00, 0x00, 
	0x00, 0x00, 0x00, 0x00, 0x00, 0x00, 0x00, 0x00, 
	0x00, 0x00, 0x00, 0x00, 0x00, 0x13, 0x12, 0x05, 
	0x05, 0x05, 0x05, 0x05, 0x05, 0x05, 0x05, 0x05, 
	0x00, 0x00, 0x00, 0x00, 0x00, 0x00, 0x00, 0x00, 
	0x00, 0x00, 0x00, 0x00, 0x00, 0x00, 0x00, 0x00, 
	0x00, 0x00, 0x00, 0x00, 0x14, 0x15, 0x04, 0x05, 
	0x05, 0x05, 0x05, 0x05, 0x05, 0x05, 0x05, 0x05, 
	0x00, 0x00, 0x00, 0x00, 0x00, 0x00, 0x00, 0x00, 
	0x00, 0x00, 0x00, 0x00, 0x00, 0x00, 0x00, 0x00, 
	0x00, 0x00, 0x00, 0x16, 0x17, 0x05, 0x05, 0x05, 
	0x05, 0x05, 0x05, 0x05, 0x05, 0x05, 0x05, 0x05, 
	0x00, 0x00, 0x00, 0x00, 0x00, 0x00, 0x00, 0x00, 
	0x00, 0x00, 0x00, 0x00, 0x00, 0x00, 0x00, 0x00, 
	0x00, 0x00, 0x01, 0x18, 0x05, 0x05, 0x05, 0x05, 
	0x05, 0x05, 0x05, 0x05, 0x05, 0x05, 0x05, 0x05, 
	0x00, 0x00, 0x00, 0x00, 0x00, 0x00, 0x00, 0x00, 
	0x00, 0x00, 0x00, 0x00, 0x00, 0x00, 0x00, 0x00, 
	0x00, 0x19, 0x1a, 0x04, 0x05, 0x05, 0x05, 0x05, 
	0x05, 0x05, 0x05, 0x05, 0x05, 0x05, 0x1b, 0x1c, 
	0x00, 0x00, 0x00, 0x00, 0x00, 0x00, 0x00, 0x00, 
	0x00, 0x00, 0x00, 0x00, 0x00, 0x00, 0x00, 0x00, 
	0x1d, 0x1e, 0x04, 0x05, 0x05, 0x05, 0x05, 0x05, 
	0x05, 0x05, 0x05, 0x05, 0x05, 0x05, 0x1c, 0x1f, 
	0x00, 0x00, 0x00, 0x00, 0x00, 0x00, 0x00, 0x00, 
	0x00, 0x00, 0x00, 0x00, 0x00, 0x00, 0x00, 0x0b, 
	0x20, 0x10, 0x05, 0x05, 0x05, 0x05, 0x05, 0x05, 
	0x05, 0x05, 0x05, 0x05, 0x05, 0x1c, 0x1f, 0x21, 
	0x00, 0x00, 0x00, 0x00, 0x00, 0x00, 0x00, 0x00, 
	0x00, 0x00, 0x00, 0x00, 0x00, 0x00, 0x22, 0x23, 
	0x10, 0x05, 0x05, 0x05, 0x05, 0x05, 0x05, 0x05, 
	0x05, 0x05, 0x05, 0x05, 0x1c, 0x21, 0x24, 0x25, 
	
};

Gfx wf_dl_tile_1_4_pal_rgba16_aligner[] = {gsSPEndDisplayList()};
u8 wf_dl_tile_1_4_pal_rgba16[] = {
	0xff, 0xff, 0xf6, 0x71, 0xf2, 0xcf, 0xfe, 0x71, 
	0xf9, 0xc5, 0xf9, 0x85, 0xf6, 0xb3, 0xf2, 0xd1, 
	0xea, 0xd1, 0xff, 0x37, 0xeb, 0x13, 0xff, 0xbb, 
	0xf4, 0x1d, 0xf9, 0xc7, 0xff, 0xbd, 0xf4, 0xe1, 
	0xf1, 0xc7, 0xf4, 0xe3, 0xf2, 0x07, 0xed, 0x65, 
	0xf6, 0x6f, 0xf2, 0x4b, 0xf6, 0x2f, 0xea, 0x8b, 
	0xea, 0x8d, 0xfe, 0xf7, 0xea, 0xcf, 0xf9, 0x83, 
	0xf1, 0x83, 0xff, 0x7b, 0xf3, 0xd7, 0xe9, 0x83, 
	0xec, 0x1b, 0xe9, 0x43, 0xff, 0xfd, 0xec, 0xa1, 
	0xe1, 0x43, 0xd9, 0x43, 
};

Gfx wf_dl_tile_1_5_ci8_aligner[] = {gsSPEndDisplayList()};
u8 wf_dl_tile_1_5_ci8[] = {
	0x00, 0x00, 0x00, 0x00, 0x00, 0x00, 0x00, 0x00, 
	0x00, 0x00, 0x00, 0x00, 0x00, 0x00, 0x00, 0x01, 
	0x02, 0x03, 0x04, 0x04, 0x04, 0x04, 0x04, 0x04, 
	0x04, 0x04, 0x04, 0x04, 0x04, 0x05, 0x06, 0x07, 
	0x00, 0x00, 0x00, 0x00, 0x00, 0x00, 0x00, 0x00, 
	0x00, 0x00, 0x00, 0x00, 0x00, 0x00, 0x08, 0x09, 
	0x03, 0x04, 0x04, 0x04, 0x04, 0x04, 0x04, 0x04, 
	0x04, 0x04, 0x04, 0x04, 0x05, 0x07, 0x0a, 0x0b, 
	0x00, 0x00, 0x00, 0x00, 0x00, 0x00, 0x00, 0x00, 
	0x00, 0x00, 0x00, 0x00, 0x00, 0x00, 0x0c, 0x0d, 
	0x0e, 0x04, 0x04, 0x04, 0x04, 0x04, 0x04, 0x04, 
	0x04, 0x04, 0x04, 0x05, 0x07, 0x0a, 0x0b, 0x0f, 
	0x00, 0x00, 0x00, 0x00, 0x00, 0x00, 0x00, 0x00, 
	0x00, 0x00, 0x00, 0x00, 0x00, 0x10, 0x11, 0x04, 
	0x04, 0x04, 0x04, 0x04, 0x04, 0x04, 0x04, 0x04, 
	0x04, 0x04, 0x05, 0x07, 0x0a, 0x0b, 0x0f, 0x12, 
	0x00, 0x00, 0x00, 0x00, 0x00, 0x00, 0x00, 0x00, 
	0x00, 0x00, 0x00, 0x00, 0x13, 0x14, 0x04, 0x04, 
	0x04, 0x04, 0x04, 0x04, 0x04, 0x04, 0x04, 0x04, 
	0x04, 0x05, 0x07, 0x0a, 0x0b, 0x15, 0x15, 0x16, 
	0x00, 0x00, 0x00, 0x00, 0x00, 0x00, 0x00, 0x00, 
	0x00, 0x00, 0x00, 0x17, 0x18, 0x0e, 0x04, 0x04, 
	0x04, 0x04, 0x04, 0x04, 0x04, 0x04, 0x04, 0x04, 
	0x19, 0x07, 0x0a, 0x0b, 0x12, 0x1a, 0x16, 0x1b, 
	0x00, 0x00, 0x00, 0x00, 0x00, 0x00, 0x00, 0x00, 
	0x00, 0x00, 0x1c, 0x1d, 0x03, 0x04, 0x04, 0x04, 
	0x04, 0x04, 0x04, 0x04, 0x04, 0x04, 0x04, 0x05, 
	0x07, 0x0a, 0x0b, 0x0f, 0x12, 0x16, 0x1b, 0x1e, 
	0x00, 0x00, 0x00, 0x00, 0x00, 0x00, 0x00, 0x00, 
	0x00, 0x1c, 0x1f, 0x03, 0x04, 0x04, 0x04, 0x04, 
	0x04, 0x04, 0x04, 0x04, 0x04, 0x04, 0x05, 0x06, 
	0x0a, 0x0b, 0x0f, 0x12, 0x1a, 0x1b, 0x20, 0x21, 
	0x00, 0x00, 0x00, 0x00, 0x00, 0x00, 0x00, 0x00, 
	0x08, 0x22, 0x0d, 0x04, 0x04, 0x04, 0x04, 0x04, 
	0x04, 0x04, 0x04, 0x04, 0x04, 0x05, 0x07, 0x0a, 
	0x0f, 0x12, 0x23, 0x1a, 0x1b, 0x1e, 0x21, 0x24, 
	0x00, 0x00, 0x00, 0x00, 0x00, 0x00, 0x00, 0x00, 
	0x25, 0x14, 0x0e, 0x04, 0x04, 0x04, 0x04, 0x04, 
	0x04, 0x04, 0x04, 0x04, 0x05, 0x06, 0x0a, 0x0b, 
	0x0f, 0x12, 0x1a, 0x1b, 0x26, 0x21, 0x27, 0x28, 
	0x00, 0x00, 0x00, 0x00, 0x00, 0x00, 0x00, 0x29, 
	0x2a, 0x2b, 0x04, 0x04, 0x04, 0x04, 0x04, 0x04, 
	0x04, 0x04, 0x04, 0x05, 0x06, 0x0a, 0x0b, 0x0f, 
	0x15, 0x2c, 0x1b, 0x1e, 0x2d, 0x2e, 0x2f, 0x30, 
	0x00, 0x00, 0x00, 0x00, 0x00, 0x00, 0x31, 0x32, 
	0x03, 0x04, 0x04, 0x04, 0x04, 0x04, 0x04, 0x04, 
	0x04, 0x04, 0x33, 0x06, 0x07, 0x0b, 0x15, 0x1a, 
	0x1a, 0x34, 0x35, 0x2d, 0x2e, 0x36, 0x37, 0x38, 
	0x00, 0x00, 0x00, 0x00, 0x00, 0x39, 0x3a, 0x03, 
	0x04, 0x04, 0x04, 0x04, 0x04, 0x04, 0x04, 0x04, 
	0x04, 0x05, 0x06, 0x07, 0x0a, 0x0f, 0x1a, 0x16, 
	0x3b, 0x35, 0x21, 0x2e, 0x3c, 0x3d, 0x3e, 0x3f, 
	0x00, 0x00, 0x00, 0x00, 0x08, 0x40, 0x41, 0x0e, 
	0x04, 0x04, 0x04, 0x04, 0x04, 0x04, 0x04, 0x04, 
	0x33, 0x06, 0x07, 0x0a, 0x42, 0x12, 0x16, 0x1b, 
	0x1e, 0x2d, 0x27, 0x43, 0x44, 0x45, 0x46, 0x47, 
	0x00, 0x00, 0x00, 0x00, 0x48, 0x14, 0x04, 0x04, 
	0x04, 0x04, 0x04, 0x04, 0x04, 0x04, 0x04, 0x04, 
	0x05, 0x07, 0x0a, 0x15, 0x12, 0x2c, 0x2c, 0x1e, 
	0x21, 0x27, 0x43, 0x49, 0x4a, 0x4b, 0x47, 0x4c, 
	0x00, 0x00, 0x00, 0x17, 0x4d, 0x0e, 0x04, 0x04, 
	0x04, 0x04, 0x04, 0x04, 0x04, 0x04, 0x04, 0x05, 
	0x06, 0x0a, 0x0f, 0x12, 0x16, 0x1b, 0x1e, 0x21, 
	0x27, 0x43, 0x4e, 0x4f, 0x50, 0x46, 0x3f, 0x4c, 
	0x00, 0x00, 0x39, 0x51, 0x03, 0x04, 0x04, 0x04, 
	0x04, 0x04, 0x04, 0x04, 0x04, 0x04, 0x05, 0x07, 
	0x0a, 0x0b, 0x12, 0x16, 0x1b, 0x35, 0x21, 0x27, 
	0x43, 0x4e, 0x44, 0x52, 0x4b, 0x47, 0x3f, 0x4c, 
	0x00, 0x00, 0x22, 0x53, 0x04, 0x04, 0x04, 0x04, 
	0x04, 0x04, 0x04, 0x04, 0x04, 0x33, 0x07, 0x0a, 
	0x0b, 0x15, 0x1a, 0x2c, 0x1e, 0x21, 0x27, 0x43, 
	0x54, 0x44, 0x4a, 0x55, 0x47, 0x3f, 0x4c, 0x4c, 
	0x00, 0x48, 0x56, 0x04, 0x04, 0x04, 0x04, 0x04, 
	0x04, 0x04, 0x04, 0x04, 0x04, 0x06, 0x0a, 0x0a, 
	0x15, 0x1a, 0x1b, 0x3b, 0x21, 0x27, 0x43, 0x54, 
	0x44, 0x4f, 0x57, 0x58, 0x59, 0x47, 0x4c, 0x4c, 
	0x5a, 0x5b, 0x5c, 0x03, 0x04, 0x04, 0x04, 0x04, 
	0x04, 0x04, 0x04, 0x04, 0x04, 0x07, 0x0a, 0x0f, 
	0x1a, 0x2c, 0x1e, 0x5d, 0x2d, 0x2e, 0x3c, 0x44, 
	0x4f, 0x5e, 0x5f, 0x60, 0x47, 0x4c, 0x4c, 0x4c, 
	0x61, 0x1f, 0x51, 0x62, 0x63, 0x64, 0x65, 0x03, 
	0x04, 0x04, 0x04, 0x04, 0x66, 0x0a, 0x42, 0x1a, 
	0x2c, 0x1b, 0x5d, 0x2d, 0x2e, 0x2f, 0x49, 0x4f, 
	0x4a, 0x67, 0x58, 0x59, 0x3f, 0x3f, 0x4c, 0x4c, 
	0x01, 0x68, 0x68, 0x68, 0x69, 0x6a, 0x0c, 0x51, 
	0x6b, 0x03, 0x33, 0x33, 0x07, 0x42, 0x15, 0x1a, 
	0x1b, 0x26, 0x21, 0x27, 0x43, 0x4e, 0x44, 0x6c, 
	0x5e, 0x6d, 0x60, 0x59, 0x3f, 0x4c, 0x4c, 0x4c, 
	0x6e, 0x6f, 0x6e, 0x6f, 0x6f, 0x6e, 0x70, 0x71, 
	0x48, 0x72, 0x73, 0x74, 0x0a, 0x15, 0x1a, 0x1b, 
	0x1e, 0x21, 0x27, 0x43, 0x4e, 0x44, 0x75, 0x76, 
	0x77, 0x78, 0x60, 0x47, 0x3f, 0x3f, 0x4c, 0x4c, 
	0x6e, 0x6e, 0x6e, 0x6e, 0x6e, 0x6e, 0x79, 0x7a, 
	0x7b, 0x7c, 0x7d, 0x7e, 0x12, 0x1a, 0x1b, 0x1e, 
	0x21, 0x27, 0x2e, 0x3c, 0x44, 0x75, 0x6c, 0x77, 
	0x6d, 0x7f, 0x47, 0x3f, 0x3f, 0x4c, 0x4c, 0x4c, 
	0x80, 0x80, 0x81, 0x6e, 0x6e, 0x6e, 0x80, 0x82, 
	0x83, 0x84, 0x85, 0x86, 0x87, 0x3b, 0x1e, 0x5d, 
	0x2d, 0x2e, 0x3c, 0x44, 0x4f, 0x6c, 0x5e, 0x88, 
	0x89, 0x8a, 0x47, 0x3f, 0x3f, 0x3f, 0x4c, 0x4c, 
	0x83, 0x83, 0x7b, 0x82, 0x80, 0x80, 0x80, 0x82, 
	0x8b, 0x84, 0x8c, 0x8d, 0x8e, 0x8f, 0x21, 0x2d, 
	0x2e, 0x36, 0x49, 0x75, 0x6c, 0x5e, 0x90, 0x91, 
	0x7f, 0x7f, 0x47, 0x3f, 0x3f, 0x4c, 0x4c, 0x4c, 
	0x92, 0x92, 0x8c, 0x93, 0x84, 0x83, 0x83, 0x83, 
	0x84, 0x93, 0x8c, 0x94, 0x95, 0x96, 0x2d, 0x27, 
	0x43, 0x49, 0x44, 0x97, 0x76, 0x98, 0x99, 0x9a, 
	0x60, 0x7f, 0x3f, 0x3f, 0x4c, 0x4c, 0x4c, 0x4c, 
	0x9b, 0x9c, 0x9d, 0x9c, 0x94, 0x8c, 0x9e, 0x93, 
	0x93, 0x92, 0x9f, 0x9b, 0xa0, 0xa1, 0xa2, 0x43, 
	0x4e, 0x44, 0x4f, 0x6c, 0xa3, 0x88, 0xa4, 0x7f, 
	0x60, 0x7f, 0x59, 0x3f, 0x4c, 0x4c, 0x4c, 0x4c, 
	0xa5, 0x83, 0x84, 0x8c, 0xa6, 0xa7, 0x9c, 0xa8, 
	0x94, 0x94, 0x94, 0x9b, 0xa9, 0xaa, 0xab, 0x54, 
	0x49, 0x4f, 0x6c, 0x76, 0x90, 0xac, 0xad, 0x7f, 
	0x60, 0xae, 0x60, 0x3f, 0x4c, 0x4c, 0x4c, 0x4c, 
	0x6e, 0x6e, 0x80, 0x82, 0x83, 0x8c, 0xa9, 0xaf, 
	0xa9, 0x9c, 0xa8, 0x9c, 0xb0, 0xb1, 0xb2, 0x44, 
	0x4f, 0x6c, 0x5e, 0xb3, 0xb4, 0x9c, 0xb5, 0x60, 
	0x59, 0x59, 0x7f, 0x3f, 0x4c, 0x4c, 0x4c, 0x4c, 
	0x6e, 0x6e, 0xb6, 0x80, 0x82, 0x83, 0x8c, 0xb0, 
	0xb7, 0xb0, 0x9d, 0xa9, 0xb7, 0xb8, 0xb9, 0x75, 
	0x6c, 0x76, 0xb3, 0xba, 0xbb, 0xbc, 0xbd, 0x60, 
	0x59, 0x47, 0x8a, 0x60, 0x4c, 0x4c, 0x4c, 0x4c, 
	0x6e, 0x6e, 0x79, 0x80, 0x82, 0x83, 0x84, 0x94, 
	0xb7, 0xbe, 0xbf, 0xbf, 0xc0, 0xc1, 0xb4, 0x6c, 
	0x6c, 0x76, 0xc2, 0xc3, 0x83, 0xc4, 0xb5, 0x60, 
	0x59, 0x47, 0x3f, 0x7f, 0x4c, 0x4c, 0x4c, 0x4c, 
	
};

Gfx wf_dl_tile_1_5_pal_rgba16_aligner[] = {gsSPEndDisplayList()};
u8 wf_dl_tile_1_5_pal_rgba16[] = {
	0xff, 0xff, 0xff, 0xbb, 0xec, 0x1b, 0xf1, 0xc7, 
	0xf9, 0x85, 0xf1, 0x83, 0xe9, 0x83, 0xe9, 0x43, 
	0xff, 0xfd, 0xec, 0xa1, 0xe1, 0x43, 0xd9, 0x43, 
	0xf5, 0xeb, 0xf2, 0x09, 0xf9, 0xc5, 0xd9, 0x03, 
	0xf6, 0x2d, 0xf2, 0x4d, 0xd1, 0x03, 0xf6, 0xb3, 
	0xea, 0x8d, 0xd1, 0x01, 0xc1, 0x01, 0xff, 0x37, 
	0xf3, 0x97, 0xf1, 0x43, 0xc9, 0x01, 0xb8, 0xc1, 
	0xff, 0x7b, 0xf4, 0x5b, 0xb0, 0xc1, 0xec, 0x9f, 
	0xb0, 0x81, 0xa0, 0x81, 0xf5, 0x67, 0xc9, 0x03, 
	0x90, 0x83, 0xf6, 0x2f, 0xa8, 0xc1, 0x90, 0x81, 
	0x78, 0x85, 0xfe, 0xf5, 0xeb, 0x53, 0xf1, 0xc5, 
	0xc0, 0xc1, 0x98, 0x81, 0x88, 0x81, 0x78, 0x83, 
	0x61, 0x4b, 0xff, 0x39, 0xf3, 0xd9, 0xf1, 0x85, 
	0xc0, 0xc3, 0xb0, 0xc3, 0x78, 0x81, 0x60, 0xc5, 
	0x5a, 0xd5, 0xff, 0xbd, 0xf4, 0xa1, 0xb8, 0xc3, 
	0x78, 0x41, 0x60, 0x83, 0x5a, 0x0f, 0x5b, 0x59, 
	0xf5, 0xa9, 0xf2, 0x49, 0xd9, 0x01, 0x80, 0x81, 
	0x60, 0x41, 0x51, 0x07, 0x5b, 0x17, 0x5b, 0x57, 
	0xf6, 0x71, 0x68, 0x41, 0x50, 0x83, 0x5a, 0x93, 
	0x5b, 0x99, 0xeb, 0x55, 0x70, 0x41, 0x58, 0x41, 
	0x51, 0x49, 0xec, 0x5d, 0x50, 0x85, 0xf2, 0x07, 
	0x70, 0x81, 0x49, 0x8b, 0xea, 0x8f, 0x48, 0xc5, 
	0x52, 0xd5, 0x53, 0x57, 0xf7, 0x37, 0xe3, 0x97, 
	0xe9, 0xc7, 0xa8, 0x81, 0x48, 0x83, 0x49, 0xcd, 
	0x53, 0x17, 0xee, 0x71, 0xf4, 0x1b, 0xeb, 0x13, 
	0xf2, 0x8f, 0xf2, 0x4b, 0xe9, 0x85, 0x40, 0xc5, 
	0xff, 0x79, 0xfe, 0xf7, 0xfe, 0xb3, 0xea, 0xd1, 
	0x50, 0x81, 0x41, 0x8b, 0xf7, 0xbd, 0xf7, 0xfd, 
	0xf7, 0xbb, 0xf7, 0x39, 0xec, 0x5f, 0xe2, 0x4b, 
	0xe1, 0x85, 0x58, 0x81, 0x48, 0x81, 0x38, 0xc3, 
	0x4a, 0x95, 0xef, 0xbb, 0xef, 0x79, 0xe6, 0xf7, 
	0xe6, 0xb3, 0xe4, 0xe5, 0xd2, 0x4d, 0x4a, 0xd5, 
	0xef, 0x7b, 0xf7, 0x7d, 0xe7, 0x39, 0xde, 0xf7, 
	0xd6, 0xb5, 0xd6, 0x31, 0xd4, 0xa3, 0xc1, 0xc9, 
	0x38, 0xc5, 0x4a, 0x93, 0x4b, 0x15, 0xde, 0xb7, 
	0xc6, 0x31, 0xc5, 0xed, 0xc3, 0xdb, 0xa9, 0x03, 
	0x38, 0x83, 0x39, 0x8b, 0xc6, 0x33, 0xce, 0x73, 
	0xbd, 0xef, 0xbd, 0x29, 0x99, 0x89, 0x50, 0x41, 
	0x40, 0xc3, 0x30, 0xc5, 0x4a, 0x53, 0xb5, 0xaf, 
	0xb5, 0xad, 0xad, 0x6d, 0xc6, 0x73, 0xbd, 0xf1, 
	0xb5, 0x6b, 0x9b, 0x17, 0x88, 0x83, 0x40, 0x81, 
	0x52, 0x53, 0xdf, 0x39, 0xb5, 0xed, 0xad, 0xad, 
	0xb5, 0xef, 0xad, 0x6b, 0xa4, 0x21, 0x78, 0xc5, 
	0x83, 0x9b, 0x5b, 0x5b, 0x53, 0x15, 0xa5, 0x29, 
	0xa5, 0x6b, 0x9c, 0x63, 0x71, 0x8b, 0x40, 0x83, 
	0x6a, 0x93, 0x42, 0x95, 0xef, 0xbd, 0x9d, 0x29, 
	0x8c, 0x63, 0x6a, 0x0f, 0x41, 0x49, 0xce, 0x31, 
	0x7c, 0x21, 0x3a, 0x93, 0x9c, 0xe9, 0xa5, 0x2b, 
	0x94, 0xa7, 0x84, 0x23, 0x41, 0x07, 0xbd, 0x6b, 
	0x4a, 0xd7, 
};

Gfx wf_dl_tile_1_6_ci8_aligner[] = {gsSPEndDisplayList()};
u8 wf_dl_tile_1_6_ci8[] = {
	0x00, 0x00, 0x01, 0x02, 0x03, 0x04, 0x05, 0x06, 
	0x07, 0x06, 0x08, 0x09, 0x07, 0x0a, 0x0b, 0x0c, 
	0x0d, 0x0e, 0x0f, 0x10, 0x11, 0x12, 0x13, 0x14, 
	0x15, 0x16, 0x17, 0x14, 0x18, 0x18, 0x18, 0x18, 
	0x00, 0x00, 0x19, 0x02, 0x03, 0x04, 0x1a, 0x1b, 
	0x07, 0x1c, 0x1d, 0x1d, 0x1e, 0x1f, 0x20, 0x0d, 
	0x0d, 0x0e, 0x21, 0x22, 0x04, 0x23, 0x24, 0x14, 
	0x15, 0x16, 0x25, 0x26, 0x18, 0x18, 0x18, 0x18, 
	0x00, 0x00, 0x02, 0x02, 0x03, 0x04, 0x1a, 0x05, 
	0x09, 0x27, 0x1e, 0x27, 0x28, 0x29, 0x2a, 0x2b, 
	0x0e, 0x0f, 0x2c, 0x00, 0x08, 0x24, 0x2d, 0x17, 
	0x15, 0x16, 0x18, 0x14, 0x14, 0x18, 0x18, 0x18, 
	0x00, 0x00, 0x02, 0x02, 0x03, 0x04, 0x1a, 0x2e, 
	0x2f, 0x27, 0x0a, 0x0a, 0x12, 0x30, 0x2a, 0x31, 
	0x32, 0x20, 0x33, 0x34, 0x35, 0x26, 0x36, 0x17, 
	0x15, 0x16, 0x25, 0x25, 0x26, 0x37, 0x38, 0x18, 
	0x00, 0x00, 0x02, 0x02, 0x03, 0x04, 0x1a, 0x2e, 
	0x2f, 0x27, 0x12, 0x12, 0x29, 0x39, 0x2a, 0x3a, 
	0x3b, 0x3c, 0x3d, 0x3e, 0x3f, 0x26, 0x14, 0x26, 
	0x16, 0x25, 0x25, 0x18, 0x15, 0x26, 0x25, 0x18, 
	0x00, 0x00, 0x02, 0x02, 0x03, 0x04, 0x1a, 0x2e, 
	0x40, 0x41, 0x12, 0x42, 0x43, 0x44, 0x45, 0x10, 
	0x46, 0x47, 0x3d, 0x48, 0x49, 0x26, 0x14, 0x36, 
	0x14, 0x25, 0x25, 0x25, 0x18, 0x17, 0x26, 0x18, 
	0x00, 0x00, 0x02, 0x02, 0x03, 0x04, 0x1a, 0x4a, 
	0x40, 0x41, 0x29, 0x4b, 0x44, 0x4c, 0x4d, 0x4e, 
	0x00, 0x3d, 0x3d, 0x42, 0x4f, 0x26, 0x14, 0x14, 
	0x26, 0x25, 0x25, 0x25, 0x25, 0x25, 0x26, 0x14, 
	0x00, 0x00, 0x02, 0x03, 0x04, 0x04, 0x1a, 0x4a, 
	0x2f, 0x41, 0x29, 0x50, 0x51, 0x52, 0x51, 0x1a, 
	0x3d, 0x3d, 0x02, 0x23, 0x24, 0x26, 0x14, 0x15, 
	0x26, 0x15, 0x16, 0x25, 0x25, 0x18, 0x37, 0x26, 
	0x00, 0x00, 0x02, 0x03, 0x04, 0x1a, 0x53, 0x05, 
	0x2f, 0x41, 0x35, 0x52, 0x52, 0x52, 0x54, 0x34, 
	0x3d, 0x3d, 0x55, 0x56, 0x2d, 0x17, 0x14, 0x15, 
	0x14, 0x26, 0x25, 0x25, 0x25, 0x25, 0x18, 0x37, 
	0x00, 0x02, 0x03, 0x03, 0x04, 0x1a, 0x53, 0x05, 
	0x57, 0x27, 0x35, 0x24, 0x52, 0x52, 0x35, 0x58, 
	0x3d, 0x3d, 0x59, 0x5a, 0x2d, 0x26, 0x14, 0x14, 
	0x16, 0x26, 0x5b, 0x25, 0x25, 0x25, 0x25, 0x18, 
	0x02, 0x02, 0x03, 0x03, 0x04, 0x1a, 0x53, 0x5c, 
	0x09, 0x5d, 0x43, 0x52, 0x52, 0x52, 0x5e, 0x3d, 
	0x3d, 0x3d, 0x5f, 0x5a, 0x2d, 0x26, 0x17, 0x14, 
	0x14, 0x15, 0x60, 0x16, 0x25, 0x25, 0x25, 0x25, 
	0x02, 0x03, 0x03, 0x04, 0x1a, 0x1a, 0x53, 0x5c, 
	0x09, 0x61, 0x4b, 0x5a, 0x62, 0x52, 0x63, 0x3d, 
	0x3d, 0x01, 0x64, 0x62, 0x2d, 0x17, 0x17, 0x14, 
	0x14, 0x25, 0x14, 0x17, 0x25, 0x25, 0x25, 0x25, 
	0x02, 0x03, 0x04, 0x04, 0x04, 0x1a, 0x53, 0x5c, 
	0x06, 0x65, 0x4b, 0x52, 0x66, 0x51, 0x67, 0x3d, 
	0x3d, 0x68, 0x62, 0x13, 0x2d, 0x26, 0x26, 0x14, 
	0x15, 0x15, 0x25, 0x26, 0x14, 0x25, 0x25, 0x25, 
	0x03, 0x03, 0x04, 0x04, 0x1a, 0x1a, 0x53, 0x69, 
	0x09, 0x28, 0x54, 0x6a, 0x6b, 0x6c, 0x00, 0x3d, 
	0x3d, 0x55, 0x6b, 0x5a, 0x24, 0x26, 0x26, 0x14, 
	0x14, 0x14, 0x16, 0x25, 0x26, 0x25, 0x25, 0x25, 
	0x03, 0x04, 0x1a, 0x04, 0x1a, 0x53, 0x53, 0x63, 
	0x06, 0x1f, 0x44, 0x62, 0x62, 0x48, 0x3d, 0x3d, 
	0x3d, 0x40, 0x6b, 0x13, 0x2d, 0x26, 0x17, 0x5b, 
	0x14, 0x15, 0x16, 0x16, 0x14, 0x6d, 0x15, 0x25, 
	0x03, 0x04, 0x1a, 0x1a, 0x1a, 0x53, 0x4a, 0x05, 
	0x06, 0x6e, 0x50, 0x52, 0x6f, 0x34, 0x3d, 0x3d, 
	0x3d, 0x59, 0x6b, 0x5a, 0x2d, 0x26, 0x26, 0x17, 
	0x14, 0x15, 0x15, 0x15, 0x18, 0x17, 0x26, 0x25, 
	0x04, 0x1a, 0x1a, 0x1a, 0x1a, 0x53, 0x70, 0x5c, 
	0x06, 0x1f, 0x39, 0x4a, 0x01, 0x3d, 0x3d, 0x3d, 
	0x3d, 0x71, 0x56, 0x24, 0x26, 0x26, 0x36, 0x14, 
	0x14, 0x14, 0x16, 0x15, 0x25, 0x25, 0x26, 0x26, 
	0x1a, 0x1a, 0x53, 0x1a, 0x55, 0x53, 0x2e, 0x63, 
	0x1d, 0x72, 0x35, 0x02, 0x3d, 0x3d, 0x3d, 0x3d, 
	0x3d, 0x73, 0x6b, 0x4f, 0x26, 0x26, 0x26, 0x14, 
	0x14, 0x14, 0x14, 0x15, 0x16, 0x25, 0x25, 0x17, 
	0x53, 0x53, 0x53, 0x55, 0x74, 0x53, 0x70, 0x05, 
	0x09, 0x1f, 0x75, 0x58, 0x3d, 0x3d, 0x3d, 0x3d, 
	0x3d, 0x76, 0x56, 0x13, 0x2d, 0x26, 0x26, 0x36, 
	0x5b, 0x14, 0x14, 0x15, 0x15, 0x16, 0x25, 0x25, 
	0x05, 0x70, 0x2e, 0x53, 0x53, 0x53, 0x05, 0x05, 
	0x09, 0x72, 0x75, 0x3d, 0x3d, 0x3d, 0x3d, 0x3d, 
	0x00, 0x73, 0x56, 0x13, 0x24, 0x26, 0x26, 0x17, 
	0x14, 0x14, 0x14, 0x15, 0x15, 0x15, 0x15, 0x16, 
	0x1b, 0x5c, 0x2e, 0x53, 0x53, 0x53, 0x53, 0x05, 
	0x09, 0x72, 0x72, 0x3d, 0x3d, 0x3d, 0x3d, 0x3d, 
	0x00, 0x77, 0x6b, 0x24, 0x2d, 0x26, 0x26, 0x26, 
	0x36, 0x14, 0x14, 0x14, 0x15, 0x15, 0x15, 0x16, 
	0x78, 0x1b, 0x05, 0x53, 0x79, 0x53, 0x53, 0x05, 
	0x09, 0x6e, 0x5e, 0x3d, 0x3d, 0x3d, 0x3d, 0x3d, 
	0x00, 0x77, 0x6b, 0x13, 0x24, 0x26, 0x26, 0x23, 
	0x36, 0x17, 0x14, 0x14, 0x15, 0x15, 0x15, 0x15, 
	0x57, 0x78, 0x63, 0x53, 0x53, 0x53, 0x53, 0x05, 
	0x08, 0x1f, 0x72, 0x3d, 0x3d, 0x3d, 0x3d, 0x3d, 
	0x00, 0x3f, 0x6b, 0x5a, 0x24, 0x26, 0x26, 0x26, 
	0x26, 0x14, 0x14, 0x14, 0x15, 0x15, 0x15, 0x15, 
	0x09, 0x57, 0x5c, 0x4a, 0x53, 0x53, 0x53, 0x70, 
	0x09, 0x6e, 0x6e, 0x3d, 0x3d, 0x3d, 0x3d, 0x3d, 
	0x34, 0x3f, 0x6b, 0x5a, 0x4f, 0x2d, 0x26, 0x26, 
	0x26, 0x26, 0x17, 0x14, 0x15, 0x15, 0x15, 0x15, 
	0x1d, 0x57, 0x1b, 0x05, 0x53, 0x53, 0x53, 0x2e, 
	0x57, 0x6e, 0x61, 0x3d, 0x3d, 0x3d, 0x3d, 0x3d, 
	0x02, 0x7a, 0x6b, 0x62, 0x24, 0x26, 0x26, 0x26, 
	0x26, 0x17, 0x17, 0x14, 0x14, 0x14, 0x14, 0x14, 
	0x27, 0x06, 0x1b, 0x05, 0x53, 0x53, 0x74, 0x2e, 
	0x2f, 0x28, 0x5d, 0x3d, 0x3d, 0x3d, 0x3d, 0x3d, 
	0x00, 0x7a, 0x7b, 0x5a, 0x13, 0x24, 0x2d, 0x26, 
	0x26, 0x26, 0x26, 0x14, 0x14, 0x14, 0x14, 0x15, 
	0x5d, 0x1d, 0x40, 0x05, 0x53, 0x53, 0x1a, 0x53, 
	0x2f, 0x28, 0x0a, 0x3d, 0x3d, 0x3d, 0x3d, 0x3d, 
	0x58, 0x77, 0x7b, 0x56, 0x5a, 0x4f, 0x26, 0x26, 
	0x26, 0x26, 0x17, 0x5b, 0x5b, 0x14, 0x14, 0x14, 
	0x28, 0x07, 0x40, 0x05, 0x53, 0x1a, 0x1a, 0x53, 
	0x57, 0x61, 0x6e, 0x3d, 0x3d, 0x3d, 0x3d, 0x3d, 
	0x3d, 0x73, 0x7c, 0x56, 0x13, 0x4f, 0x2d, 0x26, 
	0x26, 0x26, 0x26, 0x5b, 0x14, 0x5b, 0x14, 0x14, 
	0x28, 0x1e, 0x2f, 0x53, 0x1a, 0x1a, 0x1a, 0x53, 
	0x57, 0x61, 0x6e, 0x3d, 0x3d, 0x3d, 0x3d, 0x3d, 
	0x3d, 0x7d, 0x7c, 0x6b, 0x5a, 0x13, 0x4f, 0x26, 
	0x26, 0x26, 0x26, 0x26, 0x36, 0x17, 0x14, 0x14, 
	0x5d, 0x5d, 0x1b, 0x53, 0x1a, 0x1a, 0x1a, 0x53, 
	0x08, 0x28, 0x28, 0x00, 0x3d, 0x3d, 0x3d, 0x3d, 
	0x3d, 0x7e, 0x7f, 0x7b, 0x56, 0x13, 0x4f, 0x24, 
	0x26, 0x26, 0x26, 0x36, 0x26, 0x17, 0x14, 0x14, 
	0x5d, 0x1e, 0x05, 0x1a, 0x1a, 0x1a, 0x1a, 0x53, 
	0x08, 0x61, 0x28, 0x00, 0x3d, 0x3d, 0x3d, 0x3d, 
	0x3d, 0x48, 0x80, 0x81, 0x56, 0x5a, 0x13, 0x4f, 
	0x26, 0x26, 0x26, 0x26, 0x26, 0x17, 0x17, 0x14, 
	0x1e, 0x27, 0x53, 0x1a, 0x1a, 0x1a, 0x53, 0x05, 
	0x09, 0x6e, 0x1f, 0x00, 0x3d, 0x3d, 0x3d, 0x3d, 
	0x3d, 0x82, 0x7f, 0x81, 0x6b, 0x5a, 0x13, 0x4f, 
	0x24, 0x26, 0x26, 0x26, 0x26, 0x17, 0x36, 0x17, 
	
};

Gfx wf_dl_tile_1_6_pal_rgba16_aligner[] = {gsSPEndDisplayList()};
u8 wf_dl_tile_1_6_pal_rgba16[] = {
	0xf7, 0xbd, 0xef, 0xbd, 0xef, 0x7b, 0xe7, 0x39, 
	0xde, 0xf7, 0xc6, 0x31, 0xa5, 0x6b, 0x9d, 0x29, 
	0xad, 0x6d, 0xad, 0x6b, 0x8c, 0x63, 0x6a, 0x0f, 
	0x58, 0x81, 0x50, 0x81, 0x48, 0x81, 0x40, 0x83, 
	0x41, 0x49, 0xce, 0x31, 0x7c, 0x21, 0x3a, 0x93, 
	0x53, 0x17, 0x53, 0x57, 0x5b, 0x57, 0x4b, 0x15, 
	0x5b, 0x99, 0xef, 0xbb, 0xd6, 0xb5, 0xbd, 0xef, 
	0x9c, 0xe9, 0xa5, 0x2b, 0x94, 0xa7, 0x84, 0x23, 
	0x6a, 0x93, 0x41, 0x07, 0xbd, 0x6b, 0x4a, 0xd7, 
	0x42, 0x95, 0x5b, 0x59, 0x4a, 0xd5, 0x94, 0xe7, 
	0x8c, 0x65, 0x73, 0xdf, 0x62, 0xd7, 0x48, 0x83, 
	0x9c, 0x1f, 0x42, 0xd5, 0xc6, 0x73, 0xb5, 0xad, 
	0x73, 0x9f, 0x40, 0xc3, 0x38, 0x81, 0xef, 0x79, 
	0xef, 0x7d, 0x6b, 0x9f, 0x4b, 0x17, 0x53, 0x59, 
	0x63, 0x99, 0x63, 0x5d, 0x38, 0xc3, 0x49, 0x89, 
	0xd6, 0x73, 0xff, 0xff, 0xd6, 0xf7, 0x42, 0x97, 
	0xb5, 0xaf, 0x9c, 0xe7, 0x6b, 0x9d, 0x6b, 0x5d, 
	0x5b, 0x1b, 0x5a, 0x95, 0xb5, 0x69, 0xff, 0xfd, 
	0xa5, 0x6d, 0x3a, 0x95, 0xc6, 0x33, 0x63, 0x5b, 
	0x52, 0x97, 0x4a, 0x95, 0x83, 0xdd, 0x42, 0x93, 
	0x52, 0xd9, 0x4a, 0x97, 0x42, 0x55, 0xce, 0x73, 
	0x63, 0x1b, 0xce, 0xb5, 0x32, 0x53, 0xad, 0xad, 
	0xf7, 0xbf, 0x94, 0xe9, 0x3a, 0x53, 0x53, 0x15, 
	0xbe, 0x31, 0x94, 0xa5, 0x84, 0x65, 0x53, 0x1b, 
	0x4a, 0xd3, 0x8c, 0xa5, 0x3a, 0x55, 0xbd, 0xf1, 
	0x4a, 0x99, 0x7c, 0x65, 0x3a, 0x15, 0xde, 0xf9, 
	0xdf, 0x39, 0xc5, 0xf1, 0x3a, 0x13, 0x32, 0x13, 
	0x5a, 0xdb, 0x42, 0xd3, 0x84, 0x63, 0x6b, 0xa1, 
	0xc6, 0x71, 0x73, 0xe3, 0x7c, 0x23, 0x4a, 0xd9, 
	0xce, 0xb3, 0x73, 0xe1, 0x4a, 0xdb, 0x42, 0x99, 
	0xb5, 0xef, 0xce, 0x75, 0x3a, 0x57, 0x2a, 0x13, 
	0x29, 0xd1, 0x5b, 0x1d, 0x7c, 0x25, 0x21, 0xd1, 
	0x21, 0x91, 0x29, 0xd3, 0xbe, 0x33, 
};

Gfx wf_dl_tile_1_7_ci8_aligner[] = {gsSPEndDisplayList()};
u8 wf_dl_tile_1_7_ci8[] = {
	0x00, 0x01, 0x02, 0x03, 0x03, 0x03, 0x03, 0x04, 
	0x05, 0x06, 0x07, 0x08, 0x09, 0x09, 0x09, 0x09, 
	0x09, 0x0a, 0x0b, 0x0c, 0x0d, 0x0e, 0x0f, 0x10, 
	0x11, 0x11, 0x11, 0x11, 0x11, 0x12, 0x12, 0x13, 
	0x01, 0x14, 0x04, 0x03, 0x03, 0x03, 0x04, 0x02, 
	0x15, 0x16, 0x17, 0x08, 0x09, 0x09, 0x09, 0x09, 
	0x09, 0x18, 0x19, 0x0c, 0x1a, 0x0e, 0x0f, 0x10, 
	0x1b, 0x11, 0x11, 0x11, 0x11, 0x12, 0x1c, 0x12, 
	0x06, 0x14, 0x03, 0x1d, 0x03, 0x03, 0x04, 0x1e, 
	0x1f, 0x20, 0x21, 0x22, 0x09, 0x09, 0x09, 0x09, 
	0x09, 0x23, 0x0c, 0x0c, 0x24, 0x0d, 0x0f, 0x1b, 
	0x1b, 0x1b, 0x11, 0x11, 0x11, 0x11, 0x11, 0x12, 
	0x00, 0x25, 0x1d, 0x26, 0x1d, 0x27, 0x28, 0x29, 
	0x1f, 0x20, 0x21, 0x22, 0x09, 0x09, 0x09, 0x09, 
	0x09, 0x22, 0x2a, 0x0c, 0x0c, 0x1a, 0x0e, 0x0e, 
	0x1b, 0x1b, 0x1b, 0x11, 0x11, 0x11, 0x11, 0x11, 
	0x07, 0x1f, 0x2b, 0x2b, 0x1d, 0x03, 0x28, 0x2c, 
	0x14, 0x2d, 0x20, 0x22, 0x09, 0x09, 0x09, 0x09, 
	0x09, 0x08, 0x2e, 0x0c, 0x24, 0x1a, 0x0d, 0x0e, 
	0x1b, 0x1b, 0x1b, 0x11, 0x11, 0x11, 0x11, 0x11, 
	0x16, 0x1f, 0x2b, 0x2b, 0x1d, 0x03, 0x28, 0x2f, 
	0x00, 0x30, 0x2d, 0x22, 0x09, 0x09, 0x09, 0x09, 
	0x09, 0x09, 0x31, 0x32, 0x24, 0x1a, 0x1a, 0x0e, 
	0x0e, 0x1b, 0x1b, 0x10, 0x11, 0x11, 0x11, 0x11, 
	0x33, 0x34, 0x2b, 0x2b, 0x1d, 0x03, 0x35, 0x15, 
	0x16, 0x36, 0x2d, 0x08, 0x09, 0x09, 0x09, 0x09, 
	0x09, 0x09, 0x37, 0x24, 0x24, 0x1a, 0x1a, 0x0e, 
	0x0e, 0x0f, 0x10, 0x10, 0x38, 0x38, 0x11, 0x11, 
	0x2d, 0x07, 0x1d, 0x2b, 0x1d, 0x03, 0x39, 0x3a, 
	0x17, 0x3b, 0x07, 0x09, 0x09, 0x09, 0x09, 0x09, 
	0x09, 0x09, 0x3c, 0x1a, 0x1a, 0x24, 0x1a, 0x1a, 
	0x0e, 0x0f, 0x10, 0x10, 0x38, 0x1b, 0x1b, 0x38, 
	0x3d, 0x3d, 0x03, 0x1d, 0x1d, 0x03, 0x1e, 0x3e, 
	0x21, 0x3f, 0x3e, 0x09, 0x09, 0x09, 0x09, 0x09, 
	0x09, 0x09, 0x40, 0x0d, 0x1a, 0x1a, 0x1a, 0x0d, 
	0x0d, 0x0e, 0x0f, 0x10, 0x10, 0x1b, 0x11, 0x38, 
	0x41, 0x41, 0x04, 0x03, 0x03, 0x04, 0x2f, 0x00, 
	0x42, 0x43, 0x05, 0x09, 0x09, 0x09, 0x09, 0x09, 
	0x09, 0x09, 0x0a, 0x44, 0x0e, 0x0e, 0x1a, 0x1a, 
	0x0d, 0x0e, 0x0e, 0x0f, 0x10, 0x1b, 0x38, 0x1b, 
	0x45, 0x46, 0x1e, 0x04, 0x04, 0x02, 0x15, 0x07, 
	0x36, 0x43, 0x39, 0x09, 0x09, 0x09, 0x09, 0x09, 
	0x09, 0x09, 0x47, 0x1b, 0x2a, 0x0e, 0x0e, 0x1a, 
	0x1a, 0x0e, 0x0e, 0x0f, 0x1b, 0x0f, 0x1b, 0x38, 
	0x48, 0x49, 0x3a, 0x1e, 0x1e, 0x2f, 0x34, 0x16, 
	0x36, 0x42, 0x4a, 0x09, 0x09, 0x09, 0x09, 0x09, 
	0x09, 0x09, 0x29, 0x1b, 0x0e, 0x1b, 0x0e, 0x0d, 
	0x0d, 0x1a, 0x0e, 0x0e, 0x0e, 0x0f, 0x1b, 0x10, 
	0x4b, 0x4c, 0x06, 0x15, 0x15, 0x4d, 0x00, 0x21, 
	0x36, 0x20, 0x4e, 0x09, 0x09, 0x09, 0x09, 0x09, 
	0x09, 0x09, 0x29, 0x1b, 0x1b, 0x1b, 0x0e, 0x0e, 
	0x0e, 0x0e, 0x0d, 0x0e, 0x0e, 0x0e, 0x0f, 0x10, 
	0x3f, 0x3f, 0x21, 0x14, 0x14, 0x01, 0x4f, 0x42, 
	0x36, 0x01, 0x08, 0x09, 0x09, 0x09, 0x09, 0x09, 
	0x09, 0x09, 0x28, 0x1b, 0x10, 0x10, 0x10, 0x0e, 
	0x0e, 0x0d, 0x1a, 0x0e, 0x0e, 0x0e, 0x0f, 0x10, 
	0x36, 0x36, 0x42, 0x16, 0x16, 0x16, 0x2d, 0x30, 
	0x36, 0x2f, 0x09, 0x09, 0x09, 0x09, 0x09, 0x09, 
	0x09, 0x09, 0x50, 0x1b, 0x10, 0x10, 0x10, 0x10, 
	0x0f, 0x0e, 0x0d, 0x0e, 0x0e, 0x0e, 0x0e, 0x0f, 
	0x3e, 0x21, 0x42, 0x2d, 0x2d, 0x42, 0x30, 0x51, 
	0x21, 0x03, 0x09, 0x09, 0x09, 0x09, 0x09, 0x09, 
	0x09, 0x09, 0x50, 0x52, 0x10, 0x10, 0x11, 0x1b, 
	0x0f, 0x0f, 0x0e, 0x0d, 0x0e, 0x0e, 0x0e, 0x0e, 
	0x08, 0x53, 0x21, 0x42, 0x2d, 0x42, 0x42, 0x54, 
	0x3a, 0x08, 0x09, 0x09, 0x09, 0x09, 0x09, 0x09, 
	0x09, 0x09, 0x55, 0x56, 0x10, 0x38, 0x1b, 0x1b, 
	0x1b, 0x1b, 0x0e, 0x0e, 0x0e, 0x0e, 0x0e, 0x0e, 
	0x09, 0x09, 0x1d, 0x15, 0x16, 0x33, 0x21, 0x3a, 
	0x57, 0x09, 0x09, 0x09, 0x09, 0x09, 0x09, 0x09, 
	0x09, 0x09, 0x2b, 0x58, 0x1b, 0x1b, 0x38, 0x11, 
	0x11, 0x1b, 0x10, 0x0e, 0x0e, 0x0d, 0x0d, 0x0d, 
	0x09, 0x09, 0x09, 0x09, 0x08, 0x2b, 0x22, 0x08, 
	0x09, 0x09, 0x09, 0x09, 0x09, 0x09, 0x09, 0x09, 
	0x09, 0x09, 0x22, 0x59, 0x38, 0x38, 0x38, 0x11, 
	0x38, 0x38, 0x1b, 0x0f, 0x0e, 0x0e, 0x0d, 0x0d, 
	0x09, 0x09, 0x09, 0x09, 0x09, 0x09, 0x09, 0x09, 
	0x09, 0x09, 0x09, 0x09, 0x09, 0x09, 0x09, 0x09, 
	0x09, 0x09, 0x08, 0x5a, 0x38, 0x11, 0x38, 0x11, 
	0x38, 0x11, 0x38, 0x1b, 0x0f, 0x0e, 0x0e, 0x0d, 
	0x09, 0x09, 0x09, 0x09, 0x09, 0x09, 0x09, 0x09, 
	0x09, 0x09, 0x09, 0x09, 0x09, 0x09, 0x09, 0x09, 
	0x09, 0x09, 0x08, 0x5b, 0x38, 0x38, 0x38, 0x11, 
	0x11, 0x11, 0x11, 0x11, 0x1b, 0x0f, 0x0e, 0x0d, 
	0x09, 0x09, 0x09, 0x09, 0x09, 0x09, 0x09, 0x09, 
	0x09, 0x09, 0x09, 0x09, 0x09, 0x09, 0x09, 0x09, 
	0x09, 0x09, 0x09, 0x5b, 0x38, 0x38, 0x38, 0x11, 
	0x11, 0x11, 0x11, 0x11, 0x38, 0x10, 0x0f, 0x0e, 
	0x09, 0x09, 0x09, 0x09, 0x09, 0x09, 0x09, 0x09, 
	0x09, 0x09, 0x09, 0x09, 0x09, 0x09, 0x09, 0x09, 
	0x09, 0x09, 0x09, 0x5c, 0x11, 0x11, 0x11, 0x11, 
	0x12, 0x11, 0x11, 0x11, 0x38, 0x38, 0x10, 0x0f, 
	0x09, 0x09, 0x09, 0x09, 0x09, 0x09, 0x09, 0x09, 
	0x09, 0x09, 0x09, 0x09, 0x09, 0x09, 0x09, 0x09, 
	0x09, 0x09, 0x09, 0x5d, 0x11, 0x11, 0x11, 0x11, 
	0x12, 0x11, 0x11, 0x11, 0x11, 0x38, 0x5e, 0x10, 
	0x09, 0x09, 0x09, 0x09, 0x09, 0x09, 0x09, 0x09, 
	0x09, 0x09, 0x09, 0x09, 0x09, 0x09, 0x09, 0x09, 
	0x09, 0x09, 0x09, 0x39, 0x1c, 0x11, 0x11, 0x11, 
	0x12, 0x1c, 0x12, 0x11, 0x11, 0x11, 0x38, 0x38, 
	0x09, 0x09, 0x09, 0x09, 0x09, 0x09, 0x09, 0x09, 
	0x09, 0x09, 0x09, 0x09, 0x09, 0x09, 0x09, 0x09, 
	0x09, 0x09, 0x09, 0x50, 0x13, 0x11, 0x11, 0x11, 
	0x11, 0x1c, 0x1c, 0x12, 0x12, 0x12, 0x11, 0x11, 
	0x09, 0x09, 0x09, 0x09, 0x09, 0x09, 0x09, 0x09, 
	0x09, 0x09, 0x09, 0x09, 0x09, 0x09, 0x09, 0x09, 
	0x09, 0x09, 0x09, 0x1d, 0x5f, 0x11, 0x11, 0x12, 
	0x12, 0x1c, 0x1c, 0x1c, 0x12, 0x12, 0x11, 0x11, 
	0x09, 0x09, 0x09, 0x09, 0x09, 0x09, 0x09, 0x09, 
	0x09, 0x09, 0x09, 0x09, 0x09, 0x09, 0x09, 0x09, 
	0x09, 0x09, 0x09, 0x2b, 0x59, 0x11, 0x11, 0x12, 
	0x12, 0x12, 0x13, 0x12, 0x13, 0x1c, 0x12, 0x11, 
	0x09, 0x09, 0x09, 0x09, 0x09, 0x09, 0x09, 0x09, 
	0x09, 0x09, 0x09, 0x09, 0x09, 0x09, 0x09, 0x09, 
	0x09, 0x09, 0x09, 0x60, 0x5a, 0x11, 0x11, 0x11, 
	0x12, 0x1c, 0x1c, 0x13, 0x13, 0x13, 0x13, 0x1c, 
	0x09, 0x09, 0x09, 0x09, 0x09, 0x09, 0x09, 0x09, 
	0x09, 0x09, 0x09, 0x09, 0x09, 0x09, 0x09, 0x09, 
	0x09, 0x09, 0x09, 0x08, 0x5b, 0x11, 0x11, 0x12, 
	0x12, 0x12, 0x13, 0x13, 0x13, 0x13, 0x13, 0x1c, 
	0x09, 0x09, 0x09, 0x09, 0x09, 0x09, 0x09, 0x09, 
	0x09, 0x09, 0x09, 0x09, 0x09, 0x09, 0x09, 0x09, 
	0x09, 0x09, 0x09, 0x09, 0x61, 0x11, 0x11, 0x12, 
	0x12, 0x1c, 0x13, 0x62, 0x62, 0x13, 0x13, 0x13, 
	0x09, 0x09, 0x09, 0x09, 0x09, 0x09, 0x09, 0x09, 
	0x09, 0x09, 0x09, 0x09, 0x09, 0x09, 0x09, 0x09, 
	0x09, 0x09, 0x09, 0x09, 0x63, 0x1c, 0x11, 0x11, 
	0x12, 0x12, 0x13, 0x13, 0x13, 0x62, 0x13, 0x13, 
	
};

Gfx wf_dl_tile_1_7_pal_rgba16_aligner[] = {gsSPEndDisplayList()};
u8 wf_dl_tile_1_7_pal_rgba16[] = {
	0x94, 0xa5, 0x94, 0xa7, 0xc6, 0x31, 0xd6, 0xb5, 
	0xce, 0x73, 0xad, 0x6d, 0x8c, 0xa5, 0x8c, 0x65, 
	0xf7, 0xbd, 0xff, 0xff, 0xa5, 0x6d, 0x21, 0x91, 
	0x29, 0xd3, 0x32, 0x53, 0x3a, 0x53, 0x3a, 0x93, 
	0x42, 0x93, 0x4a, 0xd5, 0x4b, 0x15, 0x53, 0x17, 
	0x94, 0xe7, 0xad, 0x6b, 0x84, 0x63, 0x84, 0x23, 
	0xbe, 0x33, 0x21, 0xd1, 0x32, 0x13, 0x42, 0x95, 
	0x4b, 0x17, 0xde, 0xf7, 0xbd, 0xef, 0xa5, 0x29, 
	0x7c, 0x23, 0x7c, 0x21, 0xef, 0x7b, 0xd6, 0xf7, 
	0x2a, 0x13, 0x9d, 0x29, 0xe6, 0xf7, 0xce, 0xb3, 
	0xc6, 0x73, 0xb5, 0xef, 0x3a, 0x55, 0xe7, 0x39, 
	0xb5, 0xed, 0x7b, 0xe1, 0x42, 0x99, 0xb5, 0xad, 
	0x73, 0x9f, 0x4a, 0xd9, 0x29, 0xd1, 0x84, 0x21, 
	0x9c, 0xe7, 0xc6, 0x71, 0x6b, 0x9d, 0x4a, 0xdb, 
	0x42, 0xd5, 0xbe, 0x31, 0xa5, 0x2b, 0x6b, 0x5d, 
	0x63, 0x9f, 0x73, 0x9d, 0x9c, 0xe9, 0x63, 0x5b, 
	0x84, 0xa7, 0x63, 0x19, 0x73, 0xdf, 0x63, 0x5d, 
	0x3a, 0x95, 0x4a, 0x95, 0x5a, 0xd9, 0xb5, 0xf1, 
	0x42, 0x53, 0x52, 0xd9, 0xd6, 0xb7, 0x52, 0xd7, 
	0x5b, 0x1b, 0xa5, 0x6b, 0xe7, 0x7b, 0x84, 0x65, 
	0xce, 0xb5, 0x6b, 0x9f, 0x4a, 0xd7, 0xad, 0xad, 
	0x73, 0xe1, 0xde, 0xf9, 0x4b, 0x19, 0xe7, 0x3b, 
	0x53, 0x19, 0x5b, 0x5b, 0x63, 0x9d, 0x74, 0x21, 
	0x94, 0xe9, 0x9d, 0x6b, 0x42, 0xd3, 0x53, 0x59, 
	0xef, 0x7d, 0x84, 0xa5, 0x53, 0x15, 0x9d, 0x2b, 
	
};

Gfx wf_dl_tile_1_8_ci8_aligner[] = {gsSPEndDisplayList()};
u8 wf_dl_tile_1_8_ci8[] = {
	0x00, 0x00, 0x00, 0x00, 0x00, 0x00, 0x00, 0x00, 
	0x00, 0x00, 0x00, 0x00, 0x00, 0x00, 0x00, 0x00, 
	0x00, 0x00, 0x00, 0x00, 0x01, 0x02, 0x02, 0x03, 
	0x03, 0x04, 0x05, 0x06, 0x06, 0x05, 0x05, 0x05, 
	0x00, 0x00, 0x00, 0x00, 0x00, 0x00, 0x00, 0x00, 
	0x00, 0x00, 0x00, 0x00, 0x00, 0x00, 0x00, 0x00, 
	0x00, 0x00, 0x00, 0x00, 0x07, 0x04, 0x02, 0x02, 
	0x03, 0x03, 0x05, 0x05, 0x05, 0x06, 0x05, 0x05, 
	0x00, 0x00, 0x00, 0x00, 0x00, 0x00, 0x00, 0x00, 
	0x00, 0x00, 0x00, 0x00, 0x00, 0x00, 0x00, 0x00, 
	0x00, 0x00, 0x00, 0x00, 0x08, 0x05, 0x03, 0x03, 
	0x03, 0x03, 0x05, 0x06, 0x06, 0x05, 0x05, 0x05, 
	0x00, 0x00, 0x00, 0x00, 0x00, 0x00, 0x00, 0x00, 
	0x00, 0x00, 0x00, 0x00, 0x00, 0x00, 0x00, 0x00, 
	0x00, 0x00, 0x00, 0x00, 0x09, 0x0a, 0x03, 0x03, 
	0x04, 0x05, 0x05, 0x06, 0x05, 0x05, 0x05, 0x05, 
	0x00, 0x00, 0x00, 0x00, 0x00, 0x00, 0x00, 0x00, 
	0x00, 0x00, 0x00, 0x00, 0x00, 0x00, 0x00, 0x00, 
	0x00, 0x00, 0x00, 0x00, 0x0b, 0x0c, 0x03, 0x03, 
	0x03, 0x05, 0x05, 0x06, 0x05, 0x05, 0x05, 0x05, 
	0x00, 0x00, 0x00, 0x00, 0x00, 0x00, 0x00, 0x00, 
	0x00, 0x00, 0x00, 0x00, 0x00, 0x00, 0x00, 0x00, 
	0x00, 0x00, 0x00, 0x00, 0x0d, 0x0e, 0x03, 0x03, 
	0x04, 0x05, 0x05, 0x06, 0x05, 0x05, 0x05, 0x05, 
	0x00, 0x00, 0x00, 0x00, 0x00, 0x00, 0x00, 0x00, 
	0x00, 0x00, 0x00, 0x00, 0x00, 0x00, 0x00, 0x00, 
	0x00, 0x00, 0x00, 0x00, 0x0f, 0x10, 0x04, 0x03, 
	0x03, 0x05, 0x05, 0x05, 0x05, 0x05, 0x05, 0x05, 
	0x00, 0x00, 0x00, 0x00, 0x00, 0x00, 0x00, 0x00, 
	0x00, 0x00, 0x00, 0x00, 0x00, 0x00, 0x00, 0x00, 
	0x00, 0x00, 0x00, 0x00, 0x11, 0x12, 0x05, 0x04, 
	0x05, 0x05, 0x05, 0x05, 0x05, 0x05, 0x05, 0x05, 
	0x00, 0x00, 0x00, 0x00, 0x00, 0x00, 0x00, 0x00, 
	0x00, 0x00, 0x00, 0x00, 0x00, 0x00, 0x00, 0x00, 
	0x00, 0x00, 0x00, 0x00, 0x00, 0x13, 0x05, 0x06, 
	0x05, 0x06, 0x05, 0x05, 0x05, 0x05, 0x05, 0x05, 
	0x00, 0x00, 0x00, 0x00, 0x00, 0x00, 0x00, 0x00, 
	0x00, 0x00, 0x00, 0x00, 0x00, 0x00, 0x00, 0x00, 
	0x00, 0x00, 0x00, 0x00, 0x00, 0x14, 0x15, 0x06, 
	0x05, 0x05, 0x05, 0x05, 0x05, 0x05, 0x05, 0x05, 
	0x00, 0x00, 0x00, 0x00, 0x00, 0x00, 0x00, 0x00, 
	0x00, 0x00, 0x00, 0x00, 0x00, 0x00, 0x00, 0x00, 
	0x00, 0x00, 0x00, 0x00, 0x00, 0x16, 0x17, 0x05, 
	0x05, 0x05, 0x05, 0x05, 0x05, 0x05, 0x05, 0x05, 
	0x00, 0x00, 0x00, 0x00, 0x00, 0x00, 0x00, 0x00, 
	0x00, 0x00, 0x00, 0x00, 0x00, 0x00, 0x00, 0x00, 
	0x00, 0x00, 0x00, 0x00, 0x00, 0x18, 0x0c, 0x05, 
	0x05, 0x05, 0x05, 0x05, 0x05, 0x05, 0x05, 0x05, 
	0x00, 0x00, 0x00, 0x00, 0x00, 0x00, 0x00, 0x00, 
	0x00, 0x00, 0x00, 0x00, 0x00, 0x00, 0x00, 0x00, 
	0x00, 0x00, 0x00, 0x00, 0x00, 0x19, 0x0e, 0x05, 
	0x05, 0x05, 0x06, 0x05, 0x05, 0x15, 0x15, 0x15, 
	0x00, 0x00, 0x00, 0x00, 0x00, 0x00, 0x00, 0x00, 
	0x00, 0x00, 0x00, 0x00, 0x00, 0x00, 0x00, 0x00, 
	0x00, 0x00, 0x00, 0x00, 0x00, 0x1a, 0x1b, 0x05, 
	0x05, 0x05, 0x05, 0x05, 0x15, 0x15, 0x15, 0x15, 
	0x00, 0x00, 0x00, 0x00, 0x00, 0x00, 0x00, 0x00, 
	0x00, 0x00, 0x00, 0x00, 0x00, 0x00, 0x00, 0x00, 
	0x00, 0x00, 0x00, 0x00, 0x00, 0x0f, 0x1c, 0x05, 
	0x05, 0x05, 0x05, 0x15, 0x15, 0x15, 0x15, 0x15, 
	0x00, 0x00, 0x00, 0x00, 0x00, 0x00, 0x00, 0x00, 
	0x00, 0x00, 0x00, 0x00, 0x00, 0x00, 0x00, 0x00, 
	0x00, 0x00, 0x00, 0x00, 0x00, 0x00, 0x1d, 0x05, 
	0x05, 0x05, 0x05, 0x15, 0x15, 0x15, 0x15, 0x15, 
	0x00, 0x00, 0x00, 0x00, 0x00, 0x00, 0x00, 0x00, 
	0x00, 0x00, 0x00, 0x00, 0x00, 0x00, 0x00, 0x00, 
	0x00, 0x00, 0x00, 0x00, 0x00, 0x00, 0x1e, 0x1f, 
	0x05, 0x05, 0x05, 0x05, 0x05, 0x15, 0x15, 0x15, 
	0x00, 0x00, 0x00, 0x00, 0x00, 0x00, 0x00, 0x00, 
	0x00, 0x00, 0x00, 0x00, 0x00, 0x00, 0x00, 0x00, 
	0x00, 0x00, 0x00, 0x00, 0x00, 0x00, 0x20, 0x1f, 
	0x05, 0x05, 0x05, 0x05, 0x05, 0x15, 0x15, 0x15, 
	0x00, 0x00, 0x00, 0x00, 0x00, 0x00, 0x00, 0x00, 
	0x00, 0x00, 0x00, 0x00, 0x00, 0x00, 0x00, 0x00, 
	0x00, 0x00, 0x00, 0x00, 0x00, 0x00, 0x16, 0x21, 
	0x05, 0x05, 0x05, 0x05, 0x05, 0x15, 0x05, 0x15, 
	0x00, 0x00, 0x00, 0x00, 0x00, 0x00, 0x00, 0x00, 
	0x00, 0x00, 0x00, 0x00, 0x00, 0x00, 0x00, 0x00, 
	0x00, 0x00, 0x00, 0x00, 0x00, 0x00, 0x18, 0x22, 
	0x05, 0x05, 0x05, 0x05, 0x05, 0x15, 0x05, 0x15, 
	0x00, 0x00, 0x00, 0x00, 0x00, 0x00, 0x00, 0x00, 
	0x00, 0x00, 0x00, 0x00, 0x00, 0x00, 0x00, 0x00, 
	0x00, 0x00, 0x00, 0x00, 0x00, 0x00, 0x0b, 0x22, 
	0x05, 0x05, 0x05, 0x05, 0x05, 0x05, 0x05, 0x15, 
	0x00, 0x00, 0x00, 0x00, 0x00, 0x00, 0x00, 0x00, 
	0x00, 0x00, 0x00, 0x00, 0x00, 0x00, 0x00, 0x00, 
	0x00, 0x00, 0x00, 0x00, 0x00, 0x00, 0x23, 0x24, 
	0x15, 0x05, 0x05, 0x05, 0x05, 0x05, 0x05, 0x05, 
	0x00, 0x00, 0x00, 0x00, 0x00, 0x00, 0x00, 0x00, 
	0x00, 0x00, 0x00, 0x00, 0x00, 0x00, 0x00, 0x00, 
	0x00, 0x00, 0x00, 0x00, 0x00, 0x00, 0x25, 0x24, 
	0x15, 0x05, 0x05, 0x05, 0x05, 0x05, 0x05, 0x05, 
	0x00, 0x00, 0x00, 0x00, 0x00, 0x00, 0x00, 0x00, 
	0x00, 0x00, 0x00, 0x00, 0x00, 0x00, 0x00, 0x00, 
	0x00, 0x00, 0x00, 0x00, 0x00, 0x00, 0x25, 0x24, 
	0x15, 0x05, 0x15, 0x15, 0x15, 0x05, 0x05, 0x05, 
	0x00, 0x00, 0x00, 0x00, 0x00, 0x00, 0x00, 0x00, 
	0x00, 0x00, 0x00, 0x00, 0x00, 0x00, 0x00, 0x00, 
	0x00, 0x00, 0x00, 0x00, 0x00, 0x00, 0x23, 0x24, 
	0x15, 0x15, 0x15, 0x15, 0x15, 0x15, 0x15, 0x15, 
	0x00, 0x00, 0x00, 0x00, 0x00, 0x00, 0x00, 0x00, 
	0x00, 0x00, 0x00, 0x00, 0x00, 0x00, 0x00, 0x00, 
	0x00, 0x00, 0x00, 0x00, 0x00, 0x00, 0x23, 0x24, 
	0x15, 0x15, 0x15, 0x26, 0x15, 0x15, 0x15, 0x15, 
	0x00, 0x00, 0x00, 0x00, 0x00, 0x00, 0x00, 0x00, 
	0x00, 0x00, 0x00, 0x00, 0x00, 0x00, 0x00, 0x00, 
	0x00, 0x00, 0x00, 0x00, 0x00, 0x00, 0x27, 0x24, 
	0x1f, 0x15, 0x26, 0x15, 0x15, 0x15, 0x15, 0x15, 
	0x00, 0x00, 0x00, 0x00, 0x00, 0x00, 0x00, 0x00, 
	0x00, 0x00, 0x00, 0x00, 0x00, 0x00, 0x00, 0x00, 
	0x00, 0x00, 0x00, 0x00, 0x00, 0x00, 0x18, 0x22, 
	0x17, 0x1f, 0x1f, 0x1f, 0x1f, 0x26, 0x26, 0x15, 
	0x00, 0x00, 0x00, 0x00, 0x00, 0x00, 0x00, 0x00, 
	0x00, 0x00, 0x00, 0x00, 0x00, 0x00, 0x00, 0x00, 
	0x00, 0x00, 0x00, 0x00, 0x00, 0x00, 0x20, 0x22, 
	0x1f, 0x1f, 0x1f, 0x26, 0x26, 0x26, 0x26, 0x26, 
	0x00, 0x00, 0x00, 0x00, 0x00, 0x00, 0x00, 0x00, 
	0x00, 0x00, 0x00, 0x00, 0x00, 0x00, 0x00, 0x00, 
	0x00, 0x00, 0x00, 0x00, 0x00, 0x11, 0x28, 0x22, 
	0x1f, 0x1f, 0x29, 0x29, 0x29, 0x29, 0x29, 0x1f, 
	0x00, 0x00, 0x00, 0x00, 0x00, 0x00, 0x00, 0x00, 
	0x00, 0x00, 0x00, 0x00, 0x00, 0x00, 0x00, 0x00, 
	0x00, 0x00, 0x00, 0x00, 0x00, 0x0b, 0x2a, 0x22, 
	0x29, 0x29, 0x29, 0x29, 0x29, 0x29, 0x29, 0x29, 
	0x00, 0x00, 0x00, 0x00, 0x00, 0x00, 0x00, 0x00, 
	0x00, 0x00, 0x00, 0x00, 0x00, 0x00, 0x00, 0x00, 
	0x00, 0x00, 0x00, 0x0b, 0x14, 0x2b, 0x22, 0x1f, 
	0x1f, 0x29, 0x22, 0x22, 0x2c, 0x2c, 0x2c, 0x2c, 
	
};

Gfx wf_dl_tile_1_8_pal_rgba16_aligner[] = {gsSPEndDisplayList()};
u8 wf_dl_tile_1_8_pal_rgba16[] = {
	0xff, 0xff, 0x84, 0xa5, 0x4a, 0xd5, 0x4b, 0x15, 
	0x4b, 0x17, 0x53, 0x17, 0x53, 0x15, 0x9d, 0x2b, 
	0xbe, 0x33, 0xce, 0xb5, 0x53, 0x19, 0xdf, 0x39, 
	0x5b, 0x5b, 0xef, 0x7b, 0x63, 0x9d, 0xf7, 0xbd, 
	0x74, 0x21, 0xf7, 0xff, 0x84, 0x65, 0x94, 0xe9, 
	0xad, 0xaf, 0x53, 0x57, 0xc6, 0x75, 0x53, 0x59, 
	0xd6, 0xf7, 0xe7, 0x3b, 0xef, 0xbd, 0x74, 0x1f, 
	0x84, 0x63, 0x94, 0xe7, 0xad, 0xad, 0x5b, 0x59, 
	0xbe, 0x31, 0x5b, 0x9b, 0x63, 0x9b, 0xe7, 0x39, 
	0x6b, 0xdd, 0xe7, 0x7b, 0x5b, 0x57, 0xde, 0xf7, 
	0xa5, 0x6b, 0x5b, 0x99, 0x7c, 0x63, 0x84, 0xa3, 
	0x63, 0x99, 
};

Gfx wf_dl_tile_1_9_ci8_aligner[] = {gsSPEndDisplayList()};
u8 wf_dl_tile_1_9_ci8[] = {
	0x00, 0x00, 0x00, 0x00, 0x00, 0x00, 0x00, 0x00, 
	0x00, 0x00, 0x00, 0x00, 0x00, 0x00, 0x00, 0x00, 
	0x00, 0x00, 0x00, 0x00, 0x00, 0x01, 0x02, 0x03, 
	0x04, 0x04, 0x04, 0x04, 0x04, 0x04, 0x04, 0x04, 
	0x00, 0x00, 0x00, 0x00, 0x00, 0x00, 0x00, 0x00, 
	0x00, 0x00, 0x00, 0x00, 0x00, 0x00, 0x00, 0x00, 
	0x00, 0x00, 0x00, 0x01, 0x05, 0x06, 0x03, 0x07, 
	0x07, 0x04, 0x03, 0x03, 0x08, 0x08, 0x08, 0x08, 
	0x00, 0x00, 0x00, 0x00, 0x00, 0x00, 0x00, 0x00, 
	0x00, 0x00, 0x00, 0x00, 0x00, 0x00, 0x00, 0x00, 
	0x00, 0x00, 0x09, 0x0a, 0x0b, 0x03, 0x0c, 0x04, 
	0x04, 0x04, 0x04, 0x04, 0x04, 0x03, 0x08, 0x03, 
	0x00, 0x00, 0x00, 0x00, 0x00, 0x00, 0x00, 0x00, 
	0x00, 0x00, 0x00, 0x00, 0x00, 0x00, 0x0d, 0x0e, 
	0x0f, 0x10, 0x11, 0x12, 0x13, 0x14, 0x14, 0x15, 
	0x16, 0x03, 0x03, 0x0c, 0x04, 0x04, 0x04, 0x04, 
	0x00, 0x00, 0x00, 0x00, 0x00, 0x00, 0x00, 0x00, 
	0x00, 0x00, 0x00, 0x17, 0x18, 0x19, 0x1a, 0x1b, 
	0x1b, 0x1c, 0x1d, 0x1c, 0x1e, 0x1e, 0x1f, 0x20, 
	0x21, 0x22, 0x15, 0x23, 0x03, 0x0c, 0x04, 0x04, 
	0x00, 0x00, 0x00, 0x00, 0x00, 0x00, 0x00, 0x00, 
	0x00, 0x00, 0x0d, 0x24, 0x25, 0x1b, 0x26, 0x26, 
	0x27, 0x28, 0x26, 0x26, 0x1b, 0x29, 0x29, 0x2a, 
	0x1e, 0x1f, 0x2b, 0x2c, 0x2d, 0x15, 0x08, 0x03, 
	0x00, 0x00, 0x00, 0x00, 0x00, 0x00, 0x00, 0x00, 
	0x00, 0x2e, 0x2f, 0x1b, 0x30, 0x31, 0x32, 0x33, 
	0x34, 0x35, 0x32, 0x36, 0x37, 0x30, 0x26, 0x29, 
	0x38, 0x2a, 0x39, 0x3a, 0x3b, 0x3c, 0x22, 0x3d, 
	0x00, 0x00, 0x00, 0x00, 0x00, 0x00, 0x00, 0x00, 
	0x3e, 0x3f, 0x1b, 0x30, 0x37, 0x35, 0x40, 0x41, 
	0x41, 0x41, 0x41, 0x42, 0x43, 0x35, 0x31, 0x27, 
	0x26, 0x1b, 0x38, 0x2a, 0x3a, 0x3b, 0x3b, 0x44, 
	0x00, 0x00, 0x00, 0x00, 0x00, 0x00, 0x00, 0x45, 
	0x46, 0x1d, 0x30, 0x37, 0x47, 0x48, 0x49, 0x4a, 
	0x4a, 0x4a, 0x4a, 0x4b, 0x4a, 0x41, 0x34, 0x32, 
	0x31, 0x26, 0x29, 0x4c, 0x38, 0x3a, 0x4d, 0x4e, 
	0x00, 0x00, 0x00, 0x00, 0x00, 0x00, 0x00, 0x4f, 
	0x50, 0x1b, 0x30, 0x33, 0x43, 0x41, 0x51, 0x4a, 
	0x52, 0x52, 0x52, 0x53, 0x4a, 0x4a, 0x41, 0x42, 
	0x35, 0x31, 0x26, 0x4c, 0x1c, 0x38, 0x2a, 0x3a, 
	0x00, 0x00, 0x00, 0x00, 0x00, 0x00, 0x0d, 0x54, 
	0x1d, 0x1b, 0x55, 0x33, 0x43, 0x4a, 0x4a, 0x56, 
	0x57, 0x57, 0x57, 0x57, 0x57, 0x58, 0x56, 0x41, 
	0x41, 0x34, 0x31, 0x28, 0x59, 0x29, 0x1c, 0x2a, 
	0x00, 0x00, 0x00, 0x00, 0x00, 0x00, 0x5a, 0x1f, 
	0x1d, 0x59, 0x27, 0x33, 0x43, 0x41, 0x56, 0x52, 
	0x57, 0x5b, 0x5c, 0x5c, 0x5c, 0x5d, 0x58, 0x56, 
	0x4a, 0x40, 0x5e, 0x37, 0x26, 0x5f, 0x1c, 0x38, 
	0x00, 0x00, 0x00, 0x00, 0x00, 0x17, 0x60, 0x61, 
	0x1d, 0x59, 0x27, 0x33, 0x43, 0x41, 0x56, 0x52, 
	0x62, 0x5c, 0x5c, 0x5c, 0x5c, 0x5c, 0x57, 0x52, 
	0x56, 0x41, 0x40, 0x33, 0x27, 0x63, 0x29, 0x38, 
	0x00, 0x00, 0x00, 0x00, 0x00, 0x64, 0x65, 0x61, 
	0x1d, 0x1b, 0x27, 0x33, 0x43, 0x41, 0x56, 0x4a, 
	0x5c, 0x58, 0x58, 0x58, 0x57, 0x57, 0x62, 0x62, 
	0x56, 0x66, 0x67, 0x33, 0x27, 0x26, 0x29, 0x38, 
	0x00, 0x00, 0x00, 0x00, 0x00, 0x68, 0x69, 0x6a, 
	0x1d, 0x1b, 0x30, 0x31, 0x33, 0x43, 0x41, 0x6b, 
	0x56, 0x56, 0x5c, 0x52, 0x52, 0x52, 0x62, 0x52, 
	0x56, 0x6b, 0x43, 0x33, 0x27, 0x26, 0x29, 0x1d, 
	0x00, 0x00, 0x00, 0x00, 0x00, 0x6c, 0x6d, 0x6e, 
	0x1d, 0x29, 0x1b, 0x27, 0x31, 0x35, 0x34, 0x43, 
	0x6f, 0x56, 0x56, 0x56, 0x56, 0x56, 0x70, 0x56, 
	0x6b, 0x41, 0x71, 0x33, 0x27, 0x59, 0x29, 0x1d, 
	0x00, 0x00, 0x00, 0x00, 0x00, 0x72, 0x6d, 0x6e, 
	0x61, 0x1d, 0x1d, 0x59, 0x27, 0x31, 0x5e, 0x34, 
	0x48, 0x48, 0x41, 0x41, 0x41, 0x6f, 0x41, 0x42, 
	0x43, 0x35, 0x33, 0x27, 0x30, 0x1b, 0x73, 0x1d, 
	0x00, 0x00, 0x00, 0x00, 0x09, 0x74, 0x6d, 0x6e, 
	0x6e, 0x2a, 0x1d, 0x29, 0x1b, 0x26, 0x31, 0x31, 
	0x35, 0x35, 0x35, 0x35, 0x34, 0x43, 0x34, 0x40, 
	0x35, 0x32, 0x31, 0x30, 0x59, 0x29, 0x1d, 0x61, 
	0x00, 0x00, 0x00, 0x00, 0x75, 0x20, 0x76, 0x44, 
	0x6e, 0x61, 0x2a, 0x1d, 0x73, 0x1b, 0x26, 0x26, 
	0x27, 0x32, 0x36, 0x5e, 0x33, 0x33, 0x5e, 0x31, 
	0x31, 0x77, 0x26, 0x1b, 0x29, 0x1d, 0x61, 0x61, 
	0x00, 0x00, 0x00, 0x00, 0x2e, 0x78, 0x79, 0x7a, 
	0x6e, 0x6e, 0x61, 0x2a, 0x1d, 0x1d, 0x29, 0x26, 
	0x30, 0x26, 0x7b, 0x28, 0x27, 0x31, 0x77, 0x30, 
	0x30, 0x59, 0x1b, 0x1d, 0x1d, 0x1e, 0x61, 0x6e, 
	0x00, 0x00, 0x00, 0x00, 0x2e, 0x78, 0x79, 0x6d, 
	0x7a, 0x6e, 0x6e, 0x7c, 0x61, 0x1d, 0x1d, 0x29, 
	0x1b, 0x1b, 0x1b, 0x59, 0x59, 0x59, 0x1b, 0x1b, 
	0x1b, 0x29, 0x1d, 0x1d, 0x61, 0x3b, 0x6e, 0x44, 
	0x00, 0x00, 0x00, 0x00, 0x3e, 0x3c, 0x79, 0x79, 
	0x6d, 0x6e, 0x6e, 0x6e, 0x61, 0x61, 0x1d, 0x1d, 
	0x1d, 0x1c, 0x1c, 0x1c, 0x29, 0x1d, 0x1d, 0x1d, 
	0x1d, 0x1d, 0x2a, 0x61, 0x6e, 0x6e, 0x7a, 0x6d, 
	0x00, 0x00, 0x00, 0x00, 0x7d, 0x7e, 0x7f, 0x79, 
	0x80, 0x81, 0x82, 0x6e, 0x6e, 0x6e, 0x3b, 0x7c, 
	0x61, 0x83, 0x1d, 0x1d, 0x1d, 0x1d, 0x1d, 0x2a, 
	0x61, 0x61, 0x7c, 0x6e, 0x44, 0x7a, 0x6d, 0x79, 
	0x00, 0x00, 0x00, 0x00, 0x84, 0x85, 0x86, 0x87, 
	0x79, 0x88, 0x6d, 0x7a, 0x6e, 0x6e, 0x6e, 0x6e, 
	0x7c, 0x6a, 0x7c, 0x7c, 0x7c, 0x7c, 0x61, 0x6e, 
	0x6e, 0x6e, 0x6e, 0x7a, 0x6d, 0x6d, 0x79, 0x79, 
	0x00, 0x00, 0x00, 0x00, 0x00, 0x89, 0x8a, 0x86, 
	0x87, 0x79, 0x79, 0x6d, 0x6d, 0x6d, 0x44, 0x44, 
	0x6e, 0x6e, 0x6e, 0x6e, 0x6e, 0x6e, 0x6e, 0x6e, 
	0x6e, 0x44, 0x7a, 0x6d, 0x79, 0x79, 0x79, 0x87, 
	0x00, 0x00, 0x00, 0x00, 0x00, 0x8b, 0x8c, 0x8a, 
	0x87, 0x7f, 0x79, 0x79, 0x79, 0x6d, 0x6d, 0x7a, 
	0x7a, 0x7a, 0x7a, 0x82, 0x82, 0x44, 0x7a, 0x6d, 
	0x6d, 0x81, 0x79, 0x79, 0x79, 0x8d, 0x86, 0x86, 
	0x00, 0x00, 0x00, 0x00, 0x00, 0x8e, 0x8f, 0x90, 
	0x90, 0x7f, 0x79, 0x79, 0x81, 0x79, 0x79, 0x81, 
	0x81, 0x88, 0x6d, 0x88, 0x6d, 0x79, 0x6d, 0x79, 
	0x81, 0x79, 0x79, 0x79, 0x87, 0x7f, 0x86, 0x91, 
	0x00, 0x00, 0x00, 0x00, 0x00, 0x00, 0x92, 0x93, 
	0x90, 0x8a, 0x86, 0x7f, 0x8d, 0x79, 0x79, 0x79, 
	0x79, 0x79, 0x79, 0x79, 0x79, 0x79, 0x79, 0x79, 
	0x79, 0x79, 0x87, 0x86, 0x86, 0x91, 0x91, 0x90, 
	0x00, 0x00, 0x00, 0x00, 0x00, 0x00, 0x94, 0x95, 
	0x96, 0x90, 0x90, 0x8a, 0x8a, 0x86, 0x86, 0x8d, 
	0x8d, 0x87, 0x8d, 0x8d, 0x79, 0x79, 0x8d, 0x8d, 
	0x7f, 0x86, 0x8a, 0x91, 0x90, 0x93, 0x93, 0x96, 
	0x00, 0x00, 0x00, 0x00, 0x00, 0x00, 0x00, 0x7d, 
	0x97, 0x98, 0x96, 0x91, 0x91, 0x93, 0x86, 0x90, 
	0x90, 0x86, 0x99, 0x9a, 0x8a, 0x86, 0x90, 0x91, 
	0x91, 0x91, 0x90, 0x91, 0x93, 0x96, 0x98, 0x9b, 
	0x00, 0x00, 0x00, 0x00, 0x00, 0x00, 0x00, 0x00, 
	0x00, 0x9c, 0x9d, 0x9e, 0x9f, 0x98, 0x98, 0x93, 
	0x93, 0xa0, 0xa0, 0x93, 0x91, 0x91, 0x93, 0x96, 
	0x96, 0x96, 0xa1, 0x98, 0x9f, 0x9f, 0x9f, 0xa2, 
	0x00, 0x00, 0x00, 0x00, 0x00, 0x00, 0x00, 0x00, 
	0x00, 0xa3, 0x3c, 0x91, 0xa4, 0x9d, 0x9d, 0x9e, 
	0x9e, 0x9d, 0x9d, 0x9d, 0x9d, 0x9d, 0xa5, 0xa6, 
	0xa5, 0xa2, 0xa5, 0xa5, 0xa5, 0xa5, 0x9d, 0xa7, 
	
};

Gfx wf_dl_tile_1_9_pal_rgba16_aligner[] = {gsSPEndDisplayList()};
u8 wf_dl_tile_1_9_pal_rgba16[] = {
	0xff, 0xff, 0xdf, 0x39, 0x7c, 0x63, 0x63, 0x9b, 
	0x5b, 0x99, 0xad, 0xaf, 0x84, 0xa3, 0x5b, 0x59, 
	0x63, 0x99, 0xf7, 0xbd, 0x94, 0xa5, 0x6b, 0xdd, 
	0x5b, 0x9b, 0xef, 0x39, 0xde, 0x6f, 0xcd, 0xeb, 
	0xc5, 0x25, 0xb4, 0xe3, 0x7b, 0x13, 0x72, 0xd3, 
	0x62, 0xd3, 0x63, 0x15, 0x63, 0x57, 0xff, 0xbd, 
	0xde, 0x71, 0xbc, 0xe1, 0xab, 0xd9, 0xa3, 0x53, 
	0x9b, 0x51, 0x9b, 0x11, 0x93, 0x0f, 0x8a, 0xcf, 
	0x82, 0xd1, 0x72, 0xd1, 0x6a, 0xd1, 0x5b, 0x17, 
	0xbc, 0xe3, 0xa3, 0x97, 0xab, 0x93, 0xb3, 0x95, 
	0xb3, 0xd3, 0xa3, 0x51, 0x9b, 0x0f, 0x82, 0xcf, 
	0x72, 0x8f, 0x6a, 0xd3, 0xe6, 0xf5, 0xb4, 0x5d, 
	0xab, 0x95, 0xb3, 0xd5, 0xbb, 0xd5, 0xbb, 0xd7, 
	0xc4, 0x17, 0xbc, 0x17, 0xb4, 0x15, 0xb3, 0xd7, 
	0x9b, 0x4f, 0x93, 0x0b, 0x93, 0x0d, 0x8a, 0xcd, 
	0x7a, 0x8f, 0x6b, 0x15, 0xef, 0x37, 0xac, 0x1b, 
	0xc4, 0x57, 0xcc, 0x59, 0xcc, 0x57, 0xc4, 0x19, 
	0x82, 0x8d, 0xf7, 0xbb, 0xb4, 0xe1, 0xbc, 0x19, 
	0xc4, 0x59, 0xcc, 0x97, 0xd4, 0x99, 0xcc, 0x99, 
	0xa3, 0x91, 0x92, 0xcb, 0x8a, 0xcb, 0xd5, 0xed, 
	0x9b, 0x13, 0xd4, 0x97, 0xdc, 0x9b, 0xdc, 0xd9, 
	0xa3, 0xd9, 0xb3, 0x97, 0xd4, 0x9b, 0xdc, 0xdd, 
	0xdc, 0x9d, 0xab, 0x53, 0xcd, 0xed, 0xe5, 0x1f, 
	0xe4, 0xdd, 0xe4, 0xdf, 0xbc, 0x15, 0xa3, 0x93, 
	0xac, 0x5d, 0x92, 0xcf, 0xdc, 0xdb, 0xab, 0x91, 
	0xe6, 0xf7, 0x8b, 0x13, 0xd4, 0x5b, 0xcc, 0x19, 
	0xd6, 0x2f, 0x7a, 0x4d, 0x92, 0x8d, 0xd4, 0x59, 
	0xbc, 0xe5, 0x7a, 0x4b, 0x8a, 0x8d, 0xcc, 0x5b, 
	0xdc, 0x99, 0xc3, 0xd9, 0xa4, 0x1d, 0xa3, 0x11, 
	0x93, 0x99, 0xef, 0x79, 0x72, 0x4b, 0xb3, 0x93, 
	0x6a, 0x0b, 0x72, 0x09, 0x82, 0x4b, 0xab, 0xd3, 
	0x92, 0xcd, 0xf7, 0x7b, 0x83, 0x55, 0x69, 0xc7, 
	0x7a, 0x0b, 0x7a, 0x09, 0x82, 0x8b, 0x9a, 0xcf, 
	0xff, 0xfd, 0x8b, 0x99, 0x61, 0xc7, 0x69, 0xc9, 
	0x7a, 0x49, 0xa4, 0x5d, 0x61, 0x87, 0xbd, 0xab, 
	0x49, 0x03, 0x6a, 0x09, 0xde, 0xf7, 0x5a, 0x0d, 
	0x59, 0x85, 0x59, 0x87, 0xa4, 0xa3, 0x51, 0x85, 
	0xef, 0x7b, 0x7b, 0x15, 0x51, 0x45, 0x8b, 0xdd, 
	0x49, 0x45, 0x59, 0xc7, 0x61, 0xc9, 0x49, 0x05, 
	0xb5, 0x27, 0x38, 0xc1, 0x40, 0xc1, 0x41, 0x03, 
	0x51, 0x87, 0x49, 0x43, 0x40, 0xc3, 0xde, 0xb5, 
	0x49, 0x01, 0x38, 0xc3, 0x41, 0x05, 0x30, 0xc3, 
	
};

Gfx wf_dl_tile_2_0_ci8_aligner[] = {gsSPEndDisplayList()};
u8 wf_dl_tile_2_0_ci8[] = {
	0x00, 0x00, 0x00, 0x00, 0x00, 0x00, 0x00, 0x00, 
	0x00, 0x00, 0x00, 0x00, 0x00, 0x00, 0x00, 0x00, 
	0x00, 0x00, 0x00, 0x00, 0x00, 0x00, 0x00, 0x00, 
	0x00, 0x00, 0x00, 0x00, 0x00, 0x00, 0x00, 0x00, 
	0x00, 0x00, 0x00, 0x00, 0x00, 0x00, 0x00, 0x00, 
	0x00, 0x00, 0x00, 0x00, 0x00, 0x00, 0x00, 0x00, 
	0x00, 0x00, 0x00, 0x00, 0x00, 0x00, 0x00, 0x00, 
	0x00, 0x00, 0x00, 0x00, 0x00, 0x00, 0x00, 0x00, 
	0x00, 0x00, 0x00, 0x00, 0x00, 0x00, 0x00, 0x00, 
	0x00, 0x00, 0x00, 0x00, 0x00, 0x00, 0x00, 0x00, 
	0x00, 0x00, 0x00, 0x00, 0x00, 0x00, 0x00, 0x00, 
	0x00, 0x00, 0x00, 0x00, 0x00, 0x00, 0x00, 0x00, 
	0x00, 0x00, 0x00, 0x00, 0x00, 0x00, 0x00, 0x00, 
	0x00, 0x00, 0x00, 0x00, 0x00, 0x00, 0x00, 0x00, 
	0x00, 0x00, 0x00, 0x00, 0x00, 0x00, 0x00, 0x00, 
	0x00, 0x00, 0x00, 0x00, 0x00, 0x00, 0x00, 0x00, 
	0x00, 0x00, 0x00, 0x00, 0x00, 0x00, 0x00, 0x00, 
	0x00, 0x00, 0x00, 0x00, 0x00, 0x00, 0x00, 0x00, 
	0x00, 0x00, 0x00, 0x00, 0x00, 0x00, 0x00, 0x00, 
	0x00, 0x00, 0x00, 0x00, 0x00, 0x00, 0x00, 0x00, 
	0x00, 0x00, 0x00, 0x00, 0x00, 0x00, 0x00, 0x00, 
	0x00, 0x00, 0x00, 0x00, 0x00, 0x00, 0x00, 0x00, 
	0x00, 0x00, 0x00, 0x00, 0x00, 0x00, 0x00, 0x00, 
	0x00, 0x00, 0x00, 0x00, 0x00, 0x00, 0x00, 0x00, 
	0x00, 0x00, 0x00, 0x00, 0x00, 0x00, 0x00, 0x00, 
	0x00, 0x00, 0x00, 0x00, 0x00, 0x00, 0x00, 0x00, 
	0x00, 0x00, 0x00, 0x00, 0x00, 0x00, 0x00, 0x00, 
	0x00, 0x00, 0x00, 0x00, 0x00, 0x00, 0x00, 0x00, 
	0x00, 0x00, 0x00, 0x00, 0x00, 0x00, 0x00, 0x00, 
	0x00, 0x00, 0x00, 0x00, 0x00, 0x00, 0x00, 0x00, 
	0x00, 0x00, 0x00, 0x00, 0x00, 0x00, 0x00, 0x00, 
	0x00, 0x00, 0x00, 0x00, 0x00, 0x00, 0x00, 0x00, 
	0x00, 0x00, 0x00, 0x00, 0x00, 0x00, 0x00, 0x00, 
	0x00, 0x00, 0x00, 0x00, 0x00, 0x00, 0x00, 0x00, 
	0x00, 0x00, 0x00, 0x00, 0x00, 0x00, 0x00, 0x00, 
	0x00, 0x00, 0x00, 0x00, 0x00, 0x00, 0x01, 0x02, 
	0x00, 0x00, 0x00, 0x00, 0x00, 0x00, 0x00, 0x00, 
	0x00, 0x00, 0x00, 0x00, 0x00, 0x00, 0x00, 0x00, 
	0x00, 0x00, 0x00, 0x00, 0x00, 0x00, 0x00, 0x00, 
	0x00, 0x00, 0x00, 0x00, 0x03, 0x04, 0x05, 0x06, 
	0x00, 0x00, 0x00, 0x00, 0x00, 0x00, 0x00, 0x00, 
	0x00, 0x00, 0x00, 0x00, 0x00, 0x00, 0x00, 0x00, 
	0x00, 0x00, 0x00, 0x00, 0x00, 0x00, 0x00, 0x00, 
	0x00, 0x00, 0x07, 0x08, 0x09, 0x0a, 0x0a, 0x0b, 
	0x00, 0x00, 0x00, 0x00, 0x00, 0x00, 0x00, 0x00, 
	0x00, 0x00, 0x00, 0x00, 0x00, 0x00, 0x00, 0x00, 
	0x00, 0x00, 0x00, 0x00, 0x00, 0x00, 0x00, 0x00, 
	0x0c, 0x0d, 0x05, 0x06, 0x0a, 0x0e, 0x0e, 0x0e, 
	0x00, 0x00, 0x00, 0x00, 0x00, 0x00, 0x00, 0x00, 
	0x00, 0x00, 0x00, 0x00, 0x00, 0x00, 0x00, 0x00, 
	0x00, 0x00, 0x00, 0x00, 0x00, 0x00, 0x00, 0x0f, 
	0x10, 0x06, 0x0a, 0x11, 0x0e, 0x0e, 0x0e, 0x0e, 
	0x00, 0x00, 0x00, 0x00, 0x00, 0x00, 0x00, 0x00, 
	0x00, 0x00, 0x00, 0x00, 0x00, 0x00, 0x00, 0x00, 
	0x00, 0x00, 0x00, 0x00, 0x00, 0x07, 0x12, 0x13, 
	0x0a, 0x0e, 0x0e, 0x0e, 0x0e, 0x0e, 0x0e, 0x0e, 
	0x00, 0x00, 0x00, 0x00, 0x00, 0x00, 0x00, 0x00, 
	0x00, 0x00, 0x00, 0x00, 0x00, 0x00, 0x00, 0x00, 
	0x00, 0x00, 0x00, 0x00, 0x14, 0x10, 0x0a, 0x0e, 
	0x0e, 0x0e, 0x0e, 0x0e, 0x0e, 0x0e, 0x0e, 0x0e, 
	0x00, 0x00, 0x00, 0x00, 0x00, 0x00, 0x00, 0x00, 
	0x00, 0x00, 0x00, 0x00, 0x00, 0x00, 0x00, 0x00, 
	0x00, 0x00, 0x0c, 0x0d, 0x09, 0x15, 0x11, 0x0e, 
	0x11, 0x0e, 0x0e, 0x0e, 0x0e, 0x0e, 0x0e, 0x0e, 
	0x00, 0x00, 0x00, 0x00, 0x00, 0x00, 0x00, 0x00, 
	0x00, 0x00, 0x00, 0x00, 0x00, 0x00, 0x00, 0x00, 
	0x00, 0x07, 0x16, 0x17, 0x15, 0x11, 0x0e, 0x0e, 
	0x0e, 0x0e, 0x0e, 0x0e, 0x0e, 0x0e, 0x0e, 0x0e, 
	0x00, 0x00, 0x00, 0x00, 0x00, 0x00, 0x00, 0x00, 
	0x00, 0x00, 0x00, 0x00, 0x00, 0x00, 0x00, 0x00, 
	0x18, 0x19, 0x06, 0x0a, 0x0e, 0x0e, 0x0e, 0x0e, 
	0x0e, 0x0e, 0x0e, 0x0e, 0x0e, 0x0e, 0x0e, 0x0e, 
	0x00, 0x00, 0x00, 0x00, 0x00, 0x00, 0x00, 0x00, 
	0x00, 0x00, 0x00, 0x00, 0x00, 0x00, 0x00, 0x1a, 
	0x10, 0x06, 0x0a, 0x0a, 0x0e, 0x0e, 0x0e, 0x0e, 
	0x0e, 0x0e, 0x0e, 0x0e, 0x0e, 0x0e, 0x0e, 0x0e, 
	0x00, 0x00, 0x00, 0x00, 0x00, 0x00, 0x00, 0x00, 
	0x00, 0x00, 0x00, 0x00, 0x00, 0x00, 0x1b, 0x1c, 
	0x1d, 0x0a, 0x0a, 0x0e, 0x0e, 0x0e, 0x0e, 0x0e, 
	0x0e, 0x0e, 0x0e, 0x0e, 0x0e, 0x0e, 0x0e, 0x0e, 
	0x00, 0x00, 0x00, 0x00, 0x00, 0x00, 0x00, 0x00, 
	0x00, 0x00, 0x00, 0x00, 0x00, 0x1e, 0x1f, 0x1d, 
	0x1d, 0x15, 0x0e, 0x0e, 0x0e, 0x0e, 0x0e, 0x0e, 
	0x0e, 0x0e, 0x0e, 0x0e, 0x0e, 0x0e, 0x0e, 0x0e, 
	0x00, 0x00, 0x00, 0x00, 0x00, 0x00, 0x00, 0x00, 
	0x00, 0x00, 0x00, 0x00, 0x20, 0x21, 0x1d, 0x15, 
	0x15, 0x0e, 0x0e, 0x0e, 0x0e, 0x0e, 0x0e, 0x0e, 
	0x0e, 0x0e, 0x0e, 0x0e, 0x0e, 0x0e, 0x0e, 0x22, 
	0x00, 0x00, 0x00, 0x00, 0x00, 0x00, 0x00, 0x00, 
	0x00, 0x00, 0x00, 0x20, 0x21, 0x1d, 0x1d, 0x15, 
	0x0e, 0x0e, 0x0e, 0x0e, 0x0e, 0x0e, 0x0e, 0x0e, 
	0x0e, 0x0e, 0x0e, 0x0e, 0x0e, 0x0e, 0x22, 0x23, 
	0x00, 0x00, 0x00, 0x00, 0x00, 0x00, 0x00, 0x00, 
	0x00, 0x00, 0x0f, 0x21, 0x24, 0x1d, 0x15, 0x15, 
	0x0e, 0x0e, 0x0e, 0x0e, 0x0e, 0x0e, 0x0e, 0x0e, 
	0x0e, 0x0e, 0x0e, 0x0e, 0x0e, 0x0e, 0x13, 0x25, 
	0x00, 0x00, 0x00, 0x00, 0x00, 0x00, 0x00, 0x00, 
	0x00, 0x26, 0x1c, 0x27, 0x28, 0x15, 0x15, 0x0e, 
	0x0e, 0x0e, 0x0e, 0x0e, 0x0e, 0x0e, 0x0e, 0x0e, 
	0x0e, 0x0e, 0x0e, 0x0e, 0x0e, 0x0e, 0x29, 0x2a, 
	0x00, 0x00, 0x00, 0x00, 0x00, 0x00, 0x00, 0x00, 
	0x1a, 0x10, 0x27, 0x28, 0x1d, 0x15, 0x0e, 0x0e, 
	0x0e, 0x0e, 0x0e, 0x0e, 0x0e, 0x0e, 0x0e, 0x0e, 
	0x0e, 0x0e, 0x0e, 0x0e, 0x0e, 0x13, 0x2b, 0x00, 
	0x00, 0x00, 0x00, 0x00, 0x00, 0x00, 0x00, 0x03, 
	0x2c, 0x2d, 0x28, 0x1d, 0x15, 0x15, 0x0e, 0x0e, 
	0x0e, 0x0e, 0x0e, 0x0e, 0x0e, 0x0e, 0x0e, 0x0e, 
	0x0e, 0x0e, 0x0e, 0x0e, 0x0e, 0x2e, 0x2f, 0x00, 
	0x00, 0x00, 0x00, 0x00, 0x00, 0x00, 0x07, 0x12, 
	0x2d, 0x28, 0x06, 0x0a, 0x15, 0x15, 0x0e, 0x0e, 
	0x0e, 0x0e, 0x0e, 0x0e, 0x0e, 0x0e, 0x0e, 0x0e, 
	0x0e, 0x0e, 0x0e, 0x0e, 0x0e, 0x12, 0x0c, 0x00, 
	0x00, 0x00, 0x00, 0x00, 0x00, 0x00, 0x30, 0x09, 
	0x28, 0x28, 0x0a, 0x15, 0x0a, 0x0e, 0x0e, 0x0e, 
	0x0e, 0x0e, 0x0e, 0x0e, 0x0e, 0x0e, 0x0e, 0x0e, 
	0x0e, 0x0e, 0x0e, 0x0e, 0x22, 0x31, 0x0c, 0x00, 
	0x00, 0x00, 0x00, 0x00, 0x00, 0x26, 0x1f, 0x28, 
	0x28, 0x15, 0x15, 0x0e, 0x0e, 0x0e, 0x0e, 0x0e, 
	0x0e, 0x0e, 0x0e, 0x0e, 0x0e, 0x0e, 0x0e, 0x0e, 
	0x0e, 0x0e, 0x0e, 0x0e, 0x09, 0x32, 0x33, 0x00, 
	0x00, 0x00, 0x00, 0x00, 0x34, 0x19, 0x2d, 0x1d, 
	0x28, 0x15, 0x15, 0x15, 0x0e, 0x0e, 0x0e, 0x0e, 
	0x0e, 0x0e, 0x0e, 0x0e, 0x0e, 0x0e, 0x0e, 0x0e, 
	0x0e, 0x0e, 0x0e, 0x0e, 0x35, 0x36, 0x37, 0x38, 
	0x00, 0x00, 0x00, 0x0c, 0x12, 0x2d, 0x28, 0x1d, 
	0x15, 0x15, 0x15, 0x11, 0x0e, 0x0e, 0x0e, 0x0e, 
	0x0e, 0x0e, 0x0e, 0x0e, 0x0e, 0x0e, 0x0e, 0x0e, 
	0x0e, 0x0e, 0x0e, 0x0e, 0x09, 0x39, 0x37, 0x33, 
	
};

Gfx wf_dl_tile_2_0_pal_rgba16_aligner[] = {gsSPEndDisplayList()};
u8 wf_dl_tile_2_0_pal_rgba16[] = {
	0xff, 0xff, 0xff, 0xfd, 0xed, 0xed, 0xff, 0x79, 
	0xec, 0x5f, 0xe2, 0x09, 0xe9, 0x85, 0xff, 0x7b, 
	0xe4, 0x5d, 0xe1, 0xc7, 0xf1, 0x85, 0xf9, 0xc5, 
	0xff, 0xbd, 0xec, 0xa1, 0xf9, 0x85, 0xf6, 0x2d, 
	0xe2, 0x8f, 0xf9, 0x83, 0xe4, 0x1b, 0xe9, 0xc7, 
	0xf5, 0xed, 0xf1, 0x83, 0xec, 0x1b, 0xe9, 0xc5, 
	0xf6, 0xf5, 0xe2, 0xd1, 0xf6, 0xb3, 0xf6, 0x71, 
	0xe2, 0x8d, 0xe9, 0x83, 0xf6, 0x6f, 0xe2, 0x4d, 
	0xf5, 0xeb, 0xe2, 0x4b, 0xf1, 0xc5, 0xda, 0x8d, 
	0xe1, 0x43, 0xf5, 0xa9, 0xf6, 0x2f, 0xe1, 0x83, 
	0xe9, 0x43, 0xe3, 0x13, 0xff, 0xbb, 0xf5, 0xe9, 
	0xe3, 0x97, 0xe1, 0x85, 0xe2, 0xcf, 0xff, 0xb9, 
	0xed, 0x25, 0xf5, 0x23, 0xfe, 0x2b, 0xf7, 0xbd, 
	0xff, 0x37, 0xe2, 0x07, 0xfe, 0x6f, 0xef, 0x7b, 
	0xf7, 0xff, 0xfe, 0x2d, 
};

Gfx wf_dl_tile_2_1_ci8_aligner[] = {gsSPEndDisplayList()};
u8 wf_dl_tile_2_1_ci8[] = {
	0x00, 0x00, 0x00, 0x00, 0x01, 0x02, 0x03, 0x04, 
	0x05, 0x06, 0x06, 0x06, 0x07, 0x07, 0x07, 0x07, 
	0x07, 0x07, 0x07, 0x07, 0x07, 0x07, 0x07, 0x07, 
	0x07, 0x07, 0x07, 0x07, 0x08, 0x09, 0x0a, 0x0b, 
	0x00, 0x00, 0x00, 0x0c, 0x0d, 0x03, 0x05, 0x04, 
	0x06, 0x06, 0x06, 0x0e, 0x07, 0x07, 0x07, 0x07, 
	0x07, 0x07, 0x07, 0x07, 0x07, 0x07, 0x07, 0x07, 
	0x07, 0x07, 0x07, 0x07, 0x0f, 0x10, 0x0a, 0x11, 
	0x00, 0x00, 0x00, 0x12, 0x0f, 0x05, 0x04, 0x04, 
	0x06, 0x06, 0x13, 0x07, 0x07, 0x07, 0x07, 0x07, 
	0x07, 0x07, 0x07, 0x07, 0x07, 0x07, 0x07, 0x07, 
	0x07, 0x07, 0x07, 0x07, 0x14, 0x15, 0x0a, 0x16, 
	0x00, 0x00, 0x17, 0x18, 0x04, 0x05, 0x05, 0x06, 
	0x06, 0x06, 0x06, 0x07, 0x07, 0x07, 0x07, 0x07, 
	0x07, 0x07, 0x07, 0x07, 0x07, 0x07, 0x07, 0x07, 
	0x07, 0x07, 0x07, 0x07, 0x19, 0x1a, 0x0a, 0x1b, 
	0x00, 0x00, 0x1c, 0x03, 0x05, 0x05, 0x04, 0x06, 
	0x06, 0x13, 0x07, 0x07, 0x07, 0x07, 0x07, 0x07, 
	0x07, 0x07, 0x07, 0x07, 0x07, 0x07, 0x07, 0x07, 
	0x07, 0x07, 0x07, 0x07, 0x07, 0x1d, 0x1e, 0x1b, 
	0x00, 0x1f, 0x20, 0x04, 0x05, 0x04, 0x06, 0x06, 
	0x06, 0x13, 0x07, 0x07, 0x07, 0x07, 0x07, 0x07, 
	0x07, 0x07, 0x07, 0x07, 0x07, 0x07, 0x07, 0x07, 
	0x07, 0x07, 0x07, 0x07, 0x07, 0x21, 0x22, 0x1b, 
	0x23, 0x24, 0x03, 0x05, 0x05, 0x04, 0x06, 0x06, 
	0x13, 0x07, 0x07, 0x07, 0x07, 0x07, 0x07, 0x07, 
	0x07, 0x07, 0x07, 0x07, 0x07, 0x07, 0x07, 0x07, 
	0x07, 0x07, 0x07, 0x07, 0x07, 0x14, 0x25, 0x26, 
	0x27, 0x28, 0x05, 0x05, 0x04, 0x06, 0x06, 0x06, 
	0x07, 0x07, 0x07, 0x07, 0x07, 0x07, 0x07, 0x07, 
	0x07, 0x07, 0x07, 0x07, 0x07, 0x07, 0x07, 0x07, 
	0x07, 0x07, 0x07, 0x07, 0x07, 0x07, 0x29, 0x1f, 
	0x29, 0x2a, 0x05, 0x05, 0x04, 0x13, 0x06, 0x07, 
	0x07, 0x07, 0x07, 0x07, 0x07, 0x07, 0x07, 0x07, 
	0x07, 0x07, 0x07, 0x07, 0x07, 0x07, 0x07, 0x07, 
	0x07, 0x07, 0x07, 0x07, 0x07, 0x07, 0x19, 0x2b, 
	0x03, 0x2a, 0x05, 0x05, 0x04, 0x06, 0x06, 0x13, 
	0x07, 0x07, 0x07, 0x07, 0x07, 0x07, 0x07, 0x07, 
	0x07, 0x07, 0x07, 0x07, 0x07, 0x07, 0x07, 0x07, 
	0x07, 0x07, 0x07, 0x07, 0x07, 0x07, 0x07, 0x08, 
	0x2a, 0x2a, 0x05, 0x05, 0x04, 0x06, 0x06, 0x06, 
	0x07, 0x07, 0x07, 0x07, 0x07, 0x07, 0x07, 0x07, 
	0x07, 0x07, 0x07, 0x07, 0x07, 0x07, 0x07, 0x07, 
	0x07, 0x07, 0x07, 0x07, 0x07, 0x07, 0x13, 0x04, 
	0x2a, 0x2a, 0x05, 0x05, 0x04, 0x06, 0x06, 0x06, 
	0x07, 0x07, 0x07, 0x07, 0x07, 0x07, 0x07, 0x07, 
	0x07, 0x07, 0x07, 0x07, 0x07, 0x07, 0x07, 0x07, 
	0x07, 0x07, 0x06, 0x13, 0x06, 0x05, 0x2a, 0x2a, 
	0x2c, 0x2a, 0x05, 0x05, 0x05, 0x04, 0x06, 0x06, 
	0x06, 0x07, 0x07, 0x07, 0x07, 0x07, 0x07, 0x07, 
	0x07, 0x07, 0x07, 0x07, 0x07, 0x07, 0x07, 0x06, 
	0x06, 0x04, 0x05, 0x05, 0x05, 0x2a, 0x05, 0x05, 
	0x2a, 0x2a, 0x05, 0x05, 0x05, 0x04, 0x05, 0x06, 
	0x06, 0x06, 0x06, 0x07, 0x13, 0x07, 0x07, 0x07, 
	0x07, 0x07, 0x06, 0x13, 0x13, 0x13, 0x04, 0x05, 
	0x05, 0x05, 0x05, 0x05, 0x05, 0x06, 0x05, 0x06, 
	0x2c, 0x2a, 0x05, 0x05, 0x05, 0x05, 0x05, 0x06, 
	0x06, 0x06, 0x13, 0x06, 0x06, 0x13, 0x06, 0x13, 
	0x06, 0x06, 0x06, 0x06, 0x04, 0x05, 0x05, 0x05, 
	0x05, 0x05, 0x05, 0x06, 0x13, 0x13, 0x13, 0x19, 
	0x2a, 0x2a, 0x2a, 0x05, 0x05, 0x05, 0x05, 0x04, 
	0x04, 0x13, 0x06, 0x06, 0x13, 0x13, 0x06, 0x06, 
	0x06, 0x04, 0x05, 0x05, 0x05, 0x04, 0x05, 0x05, 
	0x13, 0x13, 0x13, 0x03, 0x2d, 0x2e, 0x2f, 0x30, 
	0x31, 0x2c, 0x2a, 0x2a, 0x05, 0x05, 0x05, 0x05, 
	0x04, 0x05, 0x06, 0x06, 0x06, 0x06, 0x06, 0x06, 
	0x04, 0x05, 0x05, 0x32, 0x04, 0x04, 0x13, 0x33, 
	0x34, 0x2f, 0x35, 0x36, 0x37, 0x37, 0x38, 0x39, 
	0x31, 0x2c, 0x2a, 0x2a, 0x2a, 0x2a, 0x05, 0x05, 
	0x04, 0x04, 0x04, 0x04, 0x04, 0x04, 0x04, 0x04, 
	0x05, 0x06, 0x06, 0x13, 0x3a, 0x2d, 0x3b, 0x3c, 
	0x3d, 0x3e, 0x39, 0x3f, 0x37, 0x37, 0x37, 0x39, 
	0x2c, 0x2c, 0x40, 0x41, 0x2a, 0x2a, 0x2a, 0x2a, 
	0x05, 0x05, 0x04, 0x05, 0x04, 0x04, 0x05, 0x05, 
	0x04, 0x13, 0x03, 0x2f, 0x3c, 0x37, 0x38, 0x38, 
	0x39, 0x3f, 0x42, 0x39, 0x39, 0x39, 0x39, 0x39, 
	0x31, 0x40, 0x2c, 0x40, 0x2c, 0x2c, 0x2a, 0x2a, 
	0x2a, 0x2a, 0x05, 0x05, 0x2a, 0x05, 0x05, 0x13, 
	0x43, 0x30, 0x44, 0x38, 0x45, 0x46, 0x46, 0x45, 
	0x39, 0x46, 0x46, 0x45, 0x46, 0x45, 0x39, 0x45, 
	0x40, 0x31, 0x31, 0x31, 0x2c, 0x2c, 0x2c, 0x2c, 
	0x2a, 0x47, 0x2a, 0x2a, 0x05, 0x32, 0x03, 0x30, 
	0x37, 0x45, 0x46, 0x45, 0x45, 0x45, 0x46, 0x45, 
	0x45, 0x46, 0x46, 0x46, 0x46, 0x46, 0x48, 0x49, 
	0x4a, 0x31, 0x31, 0x31, 0x31, 0x40, 0x31, 0x2c, 
	0x2a, 0x2a, 0x2a, 0x04, 0x32, 0x4b, 0x44, 0x45, 
	0x46, 0x46, 0x46, 0x46, 0x45, 0x45, 0x45, 0x45, 
	0x46, 0x48, 0x48, 0x48, 0x48, 0x4c, 0x4d, 0x4e, 
	0x4a, 0x4a, 0x4a, 0x4a, 0x4a, 0x40, 0x40, 0x40, 
	0x40, 0x2a, 0x4f, 0x50, 0x35, 0x38, 0x45, 0x46, 
	0x45, 0x46, 0x46, 0x46, 0x48, 0x48, 0x51, 0x51, 
	0x52, 0x53, 0x54, 0x55, 0x55, 0x56, 0x57, 0x57, 
	0x2e, 0x2e, 0x4a, 0x2e, 0x4a, 0x4a, 0x4a, 0x4a, 
	0x2c, 0x34, 0x58, 0x37, 0x46, 0x46, 0x48, 0x46, 
	0x45, 0x49, 0x51, 0x4c, 0x59, 0x4c, 0x4e, 0x56, 
	0x5a, 0x5b, 0x5c, 0x5d, 0x5c, 0x5e, 0x5f, 0x60, 
	0x2e, 0x2e, 0x2e, 0x61, 0x2e, 0x4a, 0x4a, 0x2c, 
	0x34, 0x30, 0x3e, 0x45, 0x46, 0x51, 0x51, 0x48, 
	0x51, 0x49, 0x4c, 0x4d, 0x62, 0x54, 0x63, 0x64, 
	0x5d, 0x5d, 0x5d, 0x5d, 0x5d, 0x5d, 0x5d, 0x65, 
	0x2f, 0x2f, 0x2f, 0x2f, 0x2f, 0x2f, 0x4a, 0x2c, 
	0x30, 0x38, 0x46, 0x51, 0x51, 0x66, 0x4c, 0x59, 
	0x4d, 0x4d, 0x62, 0x67, 0x68, 0x69, 0x5c, 0x5d, 
	0x5d, 0x5d, 0x5d, 0x5d, 0x5d, 0x5d, 0x5d, 0x5d, 
	0x2f, 0x2f, 0x2f, 0x2f, 0x2f, 0x2e, 0x2c, 0x30, 
	0x39, 0x48, 0x51, 0x48, 0x51, 0x52, 0x4c, 0x4d, 
	0x62, 0x62, 0x6a, 0x6b, 0x6c, 0x5c, 0x5d, 0x6d, 
	0x5d, 0x5d, 0x5d, 0x5d, 0x6d, 0x5d, 0x5d, 0x5d, 
	0x61, 0x6e, 0x2f, 0x3b, 0x6f, 0x50, 0x30, 0x39, 
	0x48, 0x51, 0x51, 0x48, 0x4c, 0x4d, 0x62, 0x62, 
	0x6a, 0x56, 0x70, 0x71, 0x5c, 0x5d, 0x5d, 0x5d, 
	0x5d, 0x5d, 0x72, 0x5d, 0x5d, 0x5d, 0x5d, 0x5d, 
	0x6f, 0x6f, 0x6e, 0x6e, 0x2f, 0x3b, 0x39, 0x4c, 
	0x48, 0x51, 0x59, 0x4e, 0x4e, 0x62, 0x62, 0x6a, 
	0x57, 0x73, 0x74, 0x65, 0x5d, 0x5d, 0x5d, 0x5d, 
	0x72, 0x5c, 0x5d, 0x75, 0x5d, 0x5d, 0x5d, 0x5d, 
	0x6e, 0x6e, 0x6e, 0x76, 0x3b, 0x77, 0x4c, 0x49, 
	0x48, 0x59, 0x4e, 0x4d, 0x62, 0x67, 0x56, 0x78, 
	0x79, 0x79, 0x7a, 0x7b, 0x5d, 0x5d, 0x5d, 0x5d, 
	0x5d, 0x5d, 0x5d, 0x5d, 0x75, 0x5d, 0x5d, 0x5d, 
	0x6f, 0x76, 0x76, 0x7c, 0x7d, 0x4c, 0x51, 0x51, 
	0x4c, 0x4e, 0x62, 0x62, 0x6a, 0x57, 0x7e, 0x79, 
	0x79, 0x60, 0x7f, 0x5d, 0x5d, 0x5d, 0x5d, 0x5d, 
	0x5d, 0x5d, 0x5d, 0x5d, 0x5d, 0x5d, 0x5d, 0x5d, 
	0x76, 0x76, 0x76, 0x80, 0x39, 0x4c, 0x46, 0x4c, 
	0x53, 0x62, 0x62, 0x56, 0x81, 0x82, 0x79, 0x79, 
	0x83, 0x84, 0x65, 0x5d, 0x5d, 0x5d, 0x5c, 0x85, 
	0x86, 0x87, 0x88, 0x89, 0x8a, 0x65, 0x5c, 0x5d, 
	
};

Gfx wf_dl_tile_2_1_pal_rgba16_aligner[] = {gsSPEndDisplayList()};
u8 wf_dl_tile_2_1_pal_rgba16[] = {
	0xff, 0xff, 0xff, 0x37, 0xe2, 0xd1, 0xe1, 0x85, 
	0xe9, 0x83, 0xe9, 0x43, 0xf1, 0x83, 0xf9, 0x85, 
	0xe2, 0x07, 0xfe, 0x6f, 0xef, 0x7b, 0xf7, 0xff, 
	0xff, 0xbd, 0xe4, 0x1b, 0xf9, 0x83, 0xe1, 0xc7, 
	0xfe, 0x2d, 0xf7, 0xbd, 0xf5, 0xed, 0xf1, 0x85, 
	0xe9, 0xc7, 0xfd, 0xe9, 0xef, 0x3b, 0xf7, 0x37, 
	0xe2, 0x8f, 0xf1, 0xc5, 0xec, 0xa1, 0xde, 0xf7, 
	0xe4, 0x9f, 0xe3, 0xd7, 0xf7, 0x7b, 0xf6, 0xb3, 
	0xe2, 0x09, 0xda, 0x8d, 0xfe, 0xf5, 0xff, 0xbb, 
	0xdb, 0x55, 0xed, 0x25, 0xe7, 0x39, 0xed, 0xeb, 
	0xe1, 0x87, 0xda, 0xd1, 0xe1, 0x43, 0xec, 0x1b, 
	0xd9, 0x43, 0xd9, 0x45, 0xd1, 0x03, 0xc9, 0x03, 
	0xb9, 0x03, 0xd9, 0x03, 0xe9, 0x85, 0xf1, 0x87, 
	0xe1, 0x45, 0xb0, 0xc1, 0xa0, 0x81, 0x90, 0x81, 
	0x88, 0x41, 0x88, 0x81, 0xe9, 0x87, 0xc1, 0x03, 
	0xa8, 0x81, 0x98, 0x41, 0x90, 0x41, 0x90, 0x83, 
	0xd9, 0x01, 0xd9, 0x41, 0x88, 0x83, 0xd9, 0x85, 
	0x98, 0x81, 0x80, 0x41, 0x80, 0x81, 0xe1, 0x41, 
	0x78, 0x81, 0x78, 0x83, 0xd1, 0x01, 0xd1, 0x45, 
	0x70, 0x41, 0x68, 0x41, 0x68, 0x81, 0xe1, 0x83, 
	0xd1, 0x43, 0x78, 0x41, 0x70, 0x83, 0x68, 0x83, 
	0x60, 0x83, 0x58, 0x83, 0x58, 0x81, 0x60, 0xc3, 
	0xc9, 0x43, 0x70, 0x81, 0x38, 0x41, 0x20, 0x01, 
	0x10, 0x01, 0x08, 0x01, 0x18, 0x41, 0x49, 0x07, 
	0x72, 0x4b, 0xc9, 0x01, 0x60, 0x41, 0x40, 0x41, 
	0x18, 0x01, 0x28, 0x83, 0x78, 0x43, 0x60, 0x81, 
	0x50, 0x81, 0x28, 0x41, 0x58, 0x41, 0x50, 0x83, 
	0x30, 0x43, 0x00, 0x01, 0xc0, 0xc1, 0xc1, 0x01, 
	0x61, 0x05, 0x49, 0x47, 0x08, 0x41, 0x69, 0x87, 
	0x6a, 0x0b, 0x10, 0x43, 0xb8, 0xc1, 0x98, 0x83, 
	0x69, 0x47, 0x72, 0x09, 0x59, 0xc9, 0x10, 0x41, 
	0xb9, 0x01, 0xa0, 0xc3, 0x69, 0xc7, 0x41, 0x05, 
	0xb0, 0xc3, 0x69, 0x45, 0x71, 0xc9, 0x7a, 0x49, 
	0x7a, 0x4b, 0x20, 0x83, 0x41, 0x47, 0x62, 0x0d, 
	0x6a, 0x4f, 0x62, 0x0b, 0x49, 0x89, 
};

Gfx wf_dl_tile_2_2_rgba16_aligner[] = {gsSPEndDisplayList()};
u8 wf_dl_tile_2_2_rgba16[] = {
	0xc1, 0x01, 0xb8, 0xc1, 0xb8, 0xc1, 0xb9, 0x01, 
	0xa0, 0xc3, 0x70, 0x41, 0x78, 0x41, 0x78, 0x41, 
	0x70, 0x41, 0x68, 0x81, 0x60, 0x41, 0x60, 0x41, 
	0x58, 0x41, 0x60, 0xc3, 0x69, 0xc7, 0x72, 0x09, 
	0x72, 0x09, 0x72, 0x4b, 0x41, 0x05, 0x08, 0x01, 
	0x08, 0x01, 0x08, 0x01, 0x08, 0x01, 0x08, 0x01, 
	0x08, 0x01, 0x08, 0x01, 0x08, 0x01, 0x08, 0x01, 
	0x08, 0x01, 0x08, 0x01, 0x08, 0x01, 0x08, 0x01, 
	0xb8, 0xc1, 0xb8, 0xc1, 0xb8, 0xc1, 0xb0, 0xc3, 
	0x88, 0x81, 0x70, 0x41, 0x80, 0x81, 0x70, 0x41, 
	0x68, 0x83, 0x60, 0x41, 0x60, 0x41, 0x58, 0x81, 
	0x69, 0x45, 0x71, 0xc9, 0x72, 0x09, 0x72, 0x09, 
	0x7a, 0x49, 0x7a, 0x4b, 0x28, 0x83, 0x08, 0x01, 
	0x08, 0x01, 0x08, 0x01, 0x10, 0x01, 0x20, 0x83, 
	0x41, 0x47, 0x62, 0x0d, 0x6a, 0x4f, 0x62, 0x0b, 
	0x49, 0x89, 0x28, 0x83, 0x10, 0x01, 0x08, 0x01, 
	0xb8, 0xc1, 0xb8, 0xc1, 0xb0, 0xc1, 0xa8, 0xc3, 
	0x80, 0x41, 0x78, 0x81, 0x80, 0x81, 0x70, 0x41, 
	0x60, 0x41, 0x58, 0x81, 0x60, 0xc3, 0x71, 0x87, 
	0x7a, 0x0b, 0x72, 0x09, 0x72, 0x09, 0x7a, 0x4b, 
	0x7a, 0x4b, 0x72, 0x4d, 0x18, 0x43, 0x08, 0x01, 
	0x08, 0x01, 0x31, 0x05, 0x72, 0x4d, 0x8a, 0xcf, 
	0x93, 0x11, 0x92, 0xcf, 0x92, 0xcf, 0x9b, 0x11, 
	0x9b, 0x11, 0x9b, 0x11, 0x82, 0xd1, 0x49, 0x89, 
	0xb8, 0xc1, 0xb8, 0xc1, 0xb8, 0xc1, 0xb0, 0xc3, 
	0x88, 0x41, 0x70, 0x41, 0x78, 0x81, 0x70, 0x81, 
	0x50, 0x83, 0x40, 0x81, 0x71, 0xc9, 0x7a, 0x0b, 
	0x7a, 0x4b, 0x7a, 0x4b, 0x7a, 0x4b, 0x7a, 0x4b, 
	0x82, 0x4b, 0x61, 0xcb, 0x10, 0x01, 0x20, 0x83, 
	0x62, 0x0d, 0x8a, 0xd1, 0x92, 0xcf, 0x9b, 0x0f, 
	0x9b, 0x11, 0x9b, 0x11, 0x9b, 0x11, 0x9b, 0x11, 
	0xa3, 0x53, 0xa3, 0x53, 0x9b, 0x53, 0x93, 0x53, 
	0xb8, 0xc1, 0xb8, 0xc1, 0xb8, 0xc1, 0xb0, 0xc3, 
	0x90, 0x81, 0x78, 0x41, 0x68, 0x81, 0x48, 0x41, 
	0x20, 0x41, 0x30, 0xc3, 0x7a, 0x4b, 0x7a, 0x4b, 
	0x7a, 0x4b, 0x82, 0x4b, 0x82, 0x8b, 0x82, 0x8d, 
	0x8a, 0x8d, 0x59, 0x89, 0x28, 0x85, 0x72, 0x4f, 
	0x92, 0xcf, 0x92, 0xcf, 0x9b, 0x11, 0x9b, 0x11, 
	0x9b, 0x11, 0xa3, 0x53, 0xa3, 0x53, 0xa3, 0x53, 
	0xa3, 0x55, 0x7a, 0x8f, 0x49, 0x49, 0x28, 0xc5, 
	0xb0, 0xc1, 0xb8, 0xc3, 0xb0, 0xc3, 0xb0, 0xc3, 
	0x98, 0xc3, 0x78, 0xc3, 0x38, 0x41, 0x18, 0x43, 
	0x10, 0x43, 0x39, 0x05, 0x82, 0x8d, 0x82, 0x8b, 
	0x82, 0x8d, 0x82, 0x8d, 0x82, 0x8d, 0x8a, 0x8d, 
	0x8a, 0xcf, 0x7a, 0x4d, 0x7a, 0x8f, 0x93, 0x0f, 
	0x92, 0xcf, 0x9b, 0x11, 0x9b, 0x11, 0x9b, 0x11, 
	0xa3, 0x53, 0xa3, 0x53, 0xa3, 0x53, 0x93, 0x55, 
	0x51, 0x89, 0x10, 0x43, 0x00, 0x01, 0x00, 0x01, 
	0xb0, 0xc1, 0xb0, 0xc3, 0xb0, 0xc3, 0xa0, 0xc1, 
	0x78, 0xc3, 0x38, 0x41, 0x18, 0x01, 0x20, 0x43, 
	0x10, 0x43, 0x41, 0x47, 0x92, 0xcf, 0x8a, 0x8d, 
	0x8a, 0xcf, 0x8a, 0xcf, 0x8a, 0xcf, 0x92, 0xcf, 
	0x92, 0xcf, 0x92, 0xcf, 0x9b, 0x0f, 0x93, 0x0f, 
	0x9b, 0x11, 0x9b, 0x11, 0xa3, 0x51, 0xa3, 0x53, 
	0xa3, 0x53, 0x9b, 0x13, 0x6a, 0x4d, 0x31, 0x07, 
	0x08, 0x01, 0x00, 0x01, 0x00, 0x01, 0x00, 0x01, 
	0xb0, 0xc1, 0xa8, 0xc3, 0xa8, 0xc3, 0x88, 0xc3, 
	0x40, 0x43, 0x38, 0x83, 0x48, 0xc5, 0x40, 0x83, 
	0x30, 0x83, 0x51, 0x49, 0x9b, 0x11, 0x92, 0xcf, 
	0x92, 0xcf, 0x92, 0xcf, 0x92, 0xcf, 0x92, 0xcf, 
	0x92, 0xcf, 0x93, 0x11, 0x9b, 0x0f, 0x9b, 0x11, 
	0x9b, 0x11, 0xa3, 0x51, 0xa3, 0x53, 0xa3, 0x53, 
	0x9b, 0x13, 0x49, 0x89, 0x10, 0x43, 0x00, 0x01, 
	0x00, 0x01, 0x00, 0x01, 0x00, 0x01, 0x00, 0x01, 
	0xa8, 0xc1, 0xa0, 0x81, 0x98, 0xc3, 0x68, 0x83, 
	0x51, 0x03, 0x59, 0x03, 0x61, 0x03, 0x60, 0xc3, 
	0x58, 0xc3, 0x82, 0x4d, 0xbc, 0x19, 0xab, 0x93, 
	0xab, 0x53, 0xa3, 0x51, 0xa3, 0x11, 0xa3, 0x11, 
	0x9b, 0x11, 0x9b, 0x11, 0xa3, 0x51, 0xa3, 0x53, 
	0xa3, 0x53, 0xa3, 0x53, 0xa3, 0x53, 0xa3, 0x53, 
	0x59, 0xcb, 0x08, 0x01, 0x00, 0x01, 0x00, 0x01, 
	0x08, 0x01, 0x39, 0xcf, 0x52, 0x93, 0x52, 0x53, 
	0xa8, 0xc1, 0xa8, 0x83, 0x88, 0x81, 0x58, 0xc3, 
	0x58, 0xc3, 0x61, 0x03, 0x61, 0x03, 0x69, 0x03, 
	0x60, 0xc3, 0xa3, 0x13, 0xf5, 0xa3, 0xed, 0x61, 
	0xed, 0x21, 0xe5, 0x21, 0xdc, 0xdf, 0xd4, 0xdd, 
	0xd4, 0xdf, 0xd4, 0xdd, 0xd5, 0x1f, 0xd5, 0x21, 
	0xdd, 0x61, 0xd4, 0xdd, 0xd4, 0xdd, 0x9b, 0x97, 
	0x18, 0x83, 0x00, 0x01, 0x10, 0x85, 0x63, 0x19, 
	0xad, 0x6b, 0xe6, 0xf7, 0xef, 0x7b, 0xef, 0x39, 
	0xa8, 0xc1, 0xa0, 0x83, 0x78, 0x81, 0x50, 0xc3, 
	0x60, 0xc3, 0x61, 0x03, 0x61, 0x03, 0x69, 0x03, 
	0x68, 0xc3, 0xab, 0x53, 0xfd, 0xe5, 0xfd, 0xa5, 
	0xf5, 0xe5, 0xf5, 0xe5, 0xf6, 0x27, 0xf6, 0x27, 
	0xf6, 0x69, 0xf6, 0x69, 0xfe, 0xab, 0xfe, 0xa9, 
	0xfe, 0xeb, 0xfe, 0xa9, 0xee, 0x27, 0x5a, 0x0d, 
	0x08, 0x01, 0x39, 0xcf, 0xbd, 0xad, 0xf7, 0x7b, 
	0xff, 0xbd, 0xff, 0xfd, 0xff, 0xfd, 0xff, 0xbd, 
	0xb0, 0xc1, 0xa0, 0x81, 0x70, 0x83, 0x58, 0xc3, 
	0x61, 0x03, 0x61, 0x03, 0x61, 0x03, 0x69, 0x03, 
	0x71, 0x03, 0xab, 0x11, 0xfd, 0xe5, 0xfd, 0xe5, 
	0xf6, 0x25, 0xf6, 0x25, 0xfe, 0x67, 0xfe, 0xa9, 
	0xfe, 0xeb, 0xfe, 0xeb, 0xff, 0x2b, 0xff, 0x2b, 
	0xff, 0x2d, 0xfe, 0xeb, 0xb4, 0xdf, 0x18, 0x83, 
	0x4a, 0x11, 0xde, 0xf5, 0xf7, 0xbd, 0xff, 0xbd, 
	0xff, 0xbd, 0xff, 0xbd, 0xff, 0xfd, 0xff, 0xfd, 
	0xb0, 0xc1, 0xa0, 0xc1, 0x78, 0x83, 0x58, 0xc3, 
	0x61, 0x03, 0x61, 0x03, 0x61, 0x03, 0x71, 0x05, 
	0x71, 0x03, 0xab, 0x11, 0xfd, 0xe5, 0xfd, 0xe5, 
	0xfe, 0x25, 0xf6, 0x27, 0xfe, 0x67, 0xfe, 0xa9, 
	0xfe, 0xeb, 0xff, 0x2b, 0xf7, 0x2b, 0xff, 0x2d, 
	0xff, 0x2d, 0xf6, 0xed, 0x7b, 0x13, 0x31, 0x4b, 
	0xc5, 0xef, 0xf7, 0xbd, 0xff, 0xbd, 0xff, 0xbd, 
	0xf7, 0xfd, 0xe7, 0x7b, 0xce, 0xf7, 0xce, 0xf5, 
	0xd3, 0xd5, 0xa9, 0x85, 0x70, 0x81, 0x58, 0xc1, 
	0x60, 0xc3, 0x61, 0x03, 0x69, 0x03, 0x71, 0x05, 
	0x71, 0x03, 0xaa, 0xd1, 0xfd, 0xe5, 0xfd, 0xe5, 
	0xf5, 0xe5, 0xf6, 0x27, 0xfe, 0xa9, 0xfe, 0xa9, 
	0xfe, 0xeb, 0xff, 0x2d, 0xff, 0x6d, 0xff, 0x6d, 
	0xff, 0x6d, 0xee, 0xab, 0x62, 0x4f, 0xad, 0x29, 
	0xf7, 0x7b, 0xf7, 0xbd, 0xf7, 0xbd, 0xf7, 0xfd, 
	0xce, 0xf7, 0xae, 0x31, 0xa6, 0x2f, 0xae, 0x71, 
	0xfe, 0xeb, 0xed, 0xa1, 0x92, 0x4d, 0x50, 0x81, 
	0x58, 0xc3, 0x61, 0x03, 0x69, 0x05, 0x71, 0x05, 
	0x79, 0x05, 0xa2, 0x8f, 0xf5, 0xe5, 0xf5, 0xe5, 
	0xfe, 0x27, 0xf6, 0x67, 0xfe, 0xa9, 0xfe, 0xe9, 
	0xff, 0x2b, 0xff, 0x2d, 0xff, 0x6d, 0xff, 0x6d, 
	0xff, 0x2d, 0xe6, 0x29, 0x93, 0xdb, 0xe6, 0xf5, 
	0xf7, 0x7b, 0xf7, 0x7b, 0xf7, 0xbd, 0xc6, 0xf7, 
	0x9e, 0x31, 0xb6, 0xb5, 0xbe, 0x73, 0xc6, 0x73, 
	0xff, 0x6f, 0xfe, 0xeb, 0xc4, 0x5b, 0x50, 0xc3, 
	0x59, 0x03, 0x61, 0x03, 0x69, 0x03, 0x71, 0x05, 
	0x81, 0x05, 0x9a, 0x4d, 0xf5, 0xe5, 0xfd, 0xe5, 
	0xfe, 0x27, 0xf6, 0x67, 0xfe, 0xa9, 0xfe, 0xeb, 
	0xff, 0x2b, 0xff, 0x2d, 0xff, 0x6d, 0xff, 0x6d, 
	0xff, 0x6d, 0xde, 0x27, 0xc5, 0x67, 0xef, 0x37, 
	0xf7, 0x79, 0xf7, 0x7b, 0xdf, 0x7b, 0x85, 0xf3, 
	0x75, 0xb1, 0x9d, 0xef, 0x8c, 0xa5, 0xa5, 0x6d, 
	0xff, 0xb1, 0xff, 0x6f, 0xdd, 0xa3, 0x50, 0xc1, 
	0x58, 0xc3, 0x61, 0x03, 0x61, 0x03, 0x71, 0x05, 
	0x79, 0x05, 0x91, 0xc9, 0xed, 0xa3, 0xfd, 0xe5, 
	0xf6, 0x27, 0xf6, 0x67, 0xfe, 0xa9, 0xfe, 0xeb, 
	0xff, 0x2d, 0xff, 0x2d, 0xff, 0x6d, 0xff, 0x6d, 
	0xff, 0x6d, 0xe6, 0x69, 0xde, 0x6f, 0xef, 0x37, 
	0xef, 0x79, 0xef, 0x79, 0xae, 0xb5, 0x3d, 0x2f, 
	0x55, 0x71, 0x43, 0x1b, 0x29, 0x8b, 0x31, 0x8d, 
	0xff, 0x6f, 0xff, 0x71, 0xe6, 0x6b, 0x51, 0x03, 
	0x58, 0xc3, 0x61, 0x03, 0x69, 0x03, 0x71, 0x03, 
	0x79, 0x05, 0x79, 0x05, 0xe5, 0x21, 0xfe, 0x25, 
	0xf6, 0x27, 0xfe, 0x69, 0xfe, 0xa9, 0xfe, 0xeb, 
	0xf7, 0x2b, 0xff, 0x6d, 0xff, 0x6d, 0xff, 0x6d, 
	0xff, 0x2d, 0xc5, 0x65, 0xd6, 0x71, 0xe6, 0xf7, 
	0xe7, 0x37, 0xe7, 0x37, 0x8d, 0xf3, 0x14, 0x6b, 
	0x2c, 0xef, 0x09, 0xd1, 0x08, 0x43, 0x08, 0x43, 
	0xff, 0x2d, 0xff, 0x71, 0xee, 0xf1, 0x59, 0x45, 
	0x58, 0xc3, 0x60, 0xc3, 0x61, 0x03, 0x69, 0x03, 
	0x71, 0x03, 0x78, 0xc3, 0xdc, 0x9d, 0xf6, 0x27, 
	0xf6, 0x27, 0xfe, 0x67, 0xfe, 0xa9, 0xfe, 0xeb, 
	0xff, 0x2d, 0xff, 0x6d, 0xff, 0x6d, 0xff, 0x6f, 
	0xde, 0xa9, 0x73, 0x55, 0xc5, 0xef, 0xde, 0xf7, 
	0xde, 0xf7, 0xde, 0xf7, 0x9e, 0x33, 0x0b, 0xa3, 
	0x1c, 0xab, 0x1b, 0x61, 0x00, 0xc9, 0x00, 0x85, 
	0xfe, 0xa9, 0xfe, 0xed, 0xee, 0xef, 0x61, 0x47, 
	0x58, 0xc3, 0x59, 0x03, 0x61, 0x03, 0x69, 0x03, 
	0x79, 0x05, 0x79, 0x03, 0xc4, 0x19, 0xf6, 0x27, 
	0xf6, 0x27, 0xfe, 0xa9, 0xfe, 0xa9, 0xfe, 0xeb, 
	0xf7, 0x2b, 0xff, 0x6d, 0xff, 0x6d, 0xff, 0x6f, 
	0xad, 0x1f, 0x39, 0x8b, 0xbd, 0xad, 0xd6, 0xb5, 
	0xd6, 0xb5, 0xde, 0xf5, 0xc6, 0xf7, 0x33, 0xa1, 
	0x0b, 0xe5, 0x1c, 0x69, 0x23, 0xe3, 0x1b, 0x1b, 
	0xf5, 0xe5, 0xfe, 0xa9, 0xf6, 0xeb, 0x61, 0x87, 
	0x58, 0xc3, 0x58, 0xc3, 0x59, 0x05, 0x69, 0x05, 
	0x71, 0x45, 0x71, 0x03, 0xab, 0x11, 0xf6, 0x25, 
	0xf6, 0x27, 0xfe, 0xa9, 0xfe, 0xa9, 0xfe, 0xeb, 
	0xf7, 0x2b, 0xff, 0x6d, 0xff, 0x6d, 0xff, 0x6f, 
	0x83, 0xd7, 0x10, 0x83, 0x9c, 0xe5, 0xd6, 0x71, 
	0xd6, 0xb3, 0xd6, 0xb3, 0xce, 0xb3, 0x9d, 0xef, 
	0x2b, 0x5f, 0x0b, 0x5f, 0x13, 0xa1, 0x13, 0xa1, 
	0xed, 0x21, 0xf6, 0x27, 0xee, 0xa9, 0x61, 0x47, 
	0x58, 0xc3, 0x61, 0x47, 0x51, 0x07, 0x51, 0x07, 
	0x69, 0x47, 0x79, 0x05, 0x9a, 0x4d, 0xed, 0xe5, 
	0xf6, 0x67, 0xfe, 0xa9, 0xfe, 0xa9, 0xfe, 0xeb, 
	0xff, 0x2d, 0xff, 0x2d, 0xff, 0x6d, 0xff, 0x6f, 
	0x7b, 0x97, 0x08, 0x41, 0x6b, 0x19, 0xc5, 0xed, 
	0xce, 0x71, 0xce, 0x71, 0xce, 0x71, 0xce, 0x73, 
	0xa5, 0xef, 0x64, 0x63, 0x3b, 0x9d, 0x3b, 0x5b, 
	0xe5, 0x1f, 0xed, 0xa3, 0xee, 0x69, 0x61, 0x47, 
	0x61, 0x05, 0x71, 0xcd, 0x41, 0x09, 0x40, 0xc7, 
	0x61, 0x07, 0x79, 0x05, 0x81, 0xc9, 0xe5, 0xa3, 
	0xf6, 0x67, 0xfe, 0xa9, 0xfe, 0xa9, 0xfe, 0xeb, 
	0xf7, 0x2b, 0xff, 0x6d, 0xff, 0x6d, 0xff, 0x6f, 
	0x94, 0x1b, 0x08, 0x43, 0x29, 0x49, 0xad, 0x27, 
	0xcd, 0xed, 0xc5, 0xed, 0xc6, 0x2f, 0xce, 0x71, 
	0xc6, 0x6f, 0xc6, 0x71, 0xbd, 0xef, 0xb5, 0xed, 
	0xc4, 0x17, 0xc4, 0x59, 0xe5, 0xe5, 0x59, 0x45, 
	0x58, 0xc3, 0x72, 0x0f, 0x41, 0x09, 0x30, 0xc7, 
	0x59, 0x07, 0x71, 0x05, 0x79, 0x47, 0xe5, 0xa5, 
	0xf6, 0x67, 0xfe, 0xa9, 0xfe, 0xe9, 0xff, 0x2b, 
	0xf7, 0x2b, 0xff, 0x6d, 0xff, 0x6d, 0xff, 0x6d, 
	0xc5, 0xa5, 0x21, 0x05, 0x00, 0x01, 0x63, 0x17, 
	0xb5, 0xa9, 0xbd, 0xab, 0xc6, 0x2f, 0xc6, 0x2f, 
	0xc6, 0x2d, 0xc6, 0x2f, 0xc6, 0x2f, 0xc6, 0x2f, 
	0xcc, 0x59, 0xbb, 0xd5, 0xd4, 0xdd, 0x61, 0x45, 
	0x59, 0x03, 0x82, 0xd5, 0x41, 0x4b, 0x28, 0x85, 
	0x51, 0x09, 0x71, 0x47, 0x81, 0x89, 0xed, 0xa3, 
	0xfe, 0xa9, 0xfe, 0xa9, 0xfe, 0xa9, 0xff, 0x2b, 
	0xf7, 0x2b, 0xff, 0x6d, 0xff, 0x6d, 0xff, 0x6d, 
	0xf7, 0x2d, 0x73, 0x13, 0x08, 0x01, 0x08, 0x43, 
	0x73, 0x5b, 0xad, 0x67, 0xbd, 0xeb, 0xc5, 0xed, 
	0xc6, 0x2d, 0xc6, 0x2d, 0xc6, 0x2f, 0xc6, 0x2f, 
	0xec, 0xdf, 0xe4, 0xdf, 0xd4, 0x9d, 0x59, 0x05, 
	0x69, 0x89, 0xb4, 0xa3, 0x49, 0x8f, 0x20, 0x87, 
	0x41, 0x09, 0x69, 0x49, 0x92, 0x4d, 0xf6, 0x25, 
	0xfe, 0xa9, 0xfe, 0xa9, 0xfe, 0xeb, 0xff, 0x2b, 
	0xf7, 0x2b, 0xff, 0x6d, 0xff, 0x6d, 0xff, 0x6f, 
	0xff, 0x6f, 0xde, 0x29, 0x31, 0x49, 0x00, 0x01, 
	0x10, 0x43, 0x6b, 0x17, 0x9c, 0xa3, 0xad, 0x67, 
	0xad, 0x67, 0xb5, 0xa9, 0xbd, 0xeb, 0xbd, 0xeb, 
	0xed, 0x1f, 0xed, 0x1f, 0xdc, 0xdd, 0x61, 0x05, 
	0x71, 0x8b, 0xcd, 0x6b, 0x5a, 0x13, 0x20, 0x87, 
	0x38, 0xc9, 0x61, 0x49, 0xbc, 0x5b, 0xfe, 0xa9, 
	0xfe, 0xa9, 0xfe, 0xeb, 0xfe, 0xeb, 0xf7, 0x2b, 
	0xff, 0x6d, 0xff, 0x6d, 0xff, 0x6d, 0xff, 0x6f, 
	0xff, 0x6f, 0xf6, 0xed, 0x73, 0x13, 0x00, 0x01, 
	0x00, 0x01, 0x00, 0x01, 0x39, 0xcd, 0x73, 0x99, 
	0x84, 0x1d, 0x8c, 0x5f, 0x8c, 0x5f, 0x8c, 0x1d, 
	0xfd, 0xe3, 0xfd, 0xa3, 0xe5, 0xa3, 0x59, 0x05, 
	0x71, 0xcb, 0xbc, 0xe5, 0x49, 0x8f, 0x20, 0x87, 
	0x38, 0xc9, 0x51, 0x49, 0xcc, 0xe1, 0xfe, 0xeb, 
	0xff, 0x2b, 0xff, 0x2d, 0xff, 0x2d, 0xff, 0x6d, 
	0xff, 0x6d, 0xff, 0x6d, 0xff, 0x6d, 0xff, 0x6f, 
	0xff, 0x6f, 0xff, 0x6f, 0xa4, 0x9d, 0x10, 0x83, 
	0x00, 0x01, 0x00, 0x01, 0x00, 0x01, 0x00, 0x01, 
	0x21, 0x09, 0x31, 0x8b, 0x52, 0x51, 0xc5, 0xa5, 
	0xf6, 0x25, 0xf6, 0x25, 0xed, 0xe5, 0x61, 0x45, 
	0x69, 0x89, 0x8b, 0x59, 0x39, 0x0b, 0x28, 0x87, 
	0x30, 0xc7, 0x49, 0x09, 0xb4, 0x1d, 0xff, 0x2d, 
	0xff, 0x6d, 0xff, 0x6f, 0xff, 0x6f, 0xff, 0x6f, 
	0xff, 0x6d, 0xff, 0x6d, 0xff, 0x6d, 0xff, 0x6f, 
	0xff, 0xaf, 0xff, 0x6f, 0xe6, 0xab, 0x39, 0x8b, 
	0x00, 0x01, 0x00, 0x01, 0x00, 0x01, 0x00, 0x01, 
	0x00, 0x01, 0x08, 0x01, 0x73, 0x15, 0xee, 0x69, 
	0xfe, 0xa9, 0xfe, 0xa9, 0xf6, 0xa9, 0x69, 0x87, 
	0x69, 0xcb, 0x93, 0x9b, 0x41, 0x4b, 0x20, 0x87, 
	0x28, 0x87, 0x38, 0xc9, 0x82, 0xd3, 0xdd, 0xe5, 
	0xff, 0x6d, 0xff, 0x6f, 0xff, 0x6f, 0xff, 0x6d, 
	0xff, 0x6d, 0xff, 0x6f, 0xff, 0x6f, 0xff, 0x6f, 
	0xff, 0x6f, 0xff, 0x6d, 0xff, 0x6f, 0x94, 0x5b, 
	0x10, 0x43, 0x00, 0x01, 0x00, 0x01, 0x00, 0x01, 
	0x00, 0x01, 0x52, 0x4f, 0xdd, 0xe7, 0xfe, 0xa9, 
	0xff, 0x2d, 0xfe, 0xeb, 0xfe, 0xed, 0x69, 0xc9, 
	0x61, 0x47, 0x7a, 0xd5, 0x41, 0x4d, 0x28, 0x89, 
	0x20, 0x87, 0x30, 0xc7, 0x61, 0x8d, 0x9b, 0x55, 
	0xee, 0x69, 0xff, 0x6f, 0xff, 0x6f, 0xff, 0x6f, 
	0xff, 0x6f, 0xff, 0x6f, 0xff, 0x6f, 0xff, 0x6f, 
	0xff, 0x6f, 0xff, 0x6f, 0xff, 0x6f, 0xef, 0x2f, 
	0x63, 0x13, 0x00, 0x01, 0x00, 0x01, 0x00, 0x01, 
	0x18, 0x83, 0xac, 0x9d, 0xf6, 0x69, 0xfe, 0xeb, 
	0xff, 0x6d, 0xff, 0x2d, 0xff, 0x2d, 0x82, 0x8f, 
	0x59, 0x05, 0xa4, 0x1b, 0x51, 0xcd, 0x28, 0x87, 
	0x20, 0x87, 0x20, 0x85, 0x40, 0xc9, 0x69, 0x8b, 
	0xab, 0xd7, 0xee, 0x69, 0xee, 0xa9, 0xff, 0x2d, 
	0xff, 0x6f, 0xff, 0x6f, 0xff, 0x6f, 0xff, 0x6f, 
	0xff, 0x6f, 0xff, 0x6f, 0xff, 0x6f, 0xff, 0x6f, 
	0xee, 0xed, 0x5a, 0x91, 0x08, 0x01, 0x00, 0x01, 
	0x4a, 0x0d, 0xe5, 0xe7, 0xfe, 0xa9, 0xfe, 0xeb, 
	
};

Gfx wf_dl_tile_2_3_rgba16_aligner[] = {gsSPEndDisplayList()};
u8 wf_dl_tile_2_3_rgba16[] = {
	0xff, 0x2d, 0xfe, 0xeb, 0xfe, 0xed, 0x69, 0xc9, 
	0x61, 0x47, 0x7a, 0xd5, 0x41, 0x4d, 0x28, 0x89, 
	0x20, 0x87, 0x30, 0xc7, 0x61, 0x8d, 0x9b, 0x55, 
	0xee, 0x69, 0xff, 0x6f, 0xff, 0x6f, 0xff, 0x6f, 
	0xff, 0x6f, 0xff, 0x6f, 0xff, 0x6f, 0xff, 0x6f, 
	0xff, 0x6f, 0xff, 0x6f, 0xff, 0x6f, 0xef, 0x2f, 
	0x63, 0x13, 0x00, 0x01, 0x00, 0x01, 0x00, 0x01, 
	0x18, 0x83, 0xac, 0x9d, 0xf6, 0x69, 0xfe, 0xeb, 
	0xff, 0x6d, 0xff, 0x2d, 0xff, 0x2d, 0x82, 0x8f, 
	0x59, 0x05, 0xa4, 0x1b, 0x51, 0xcd, 0x28, 0x87, 
	0x20, 0x87, 0x20, 0x85, 0x40, 0xc9, 0x69, 0x8b, 
	0xab, 0xd7, 0xee, 0x69, 0xee, 0xa9, 0xff, 0x2d, 
	0xff, 0x6f, 0xff, 0x6f, 0xff, 0x6f, 0xff, 0x6f, 
	0xff, 0x6f, 0xff, 0x6f, 0xff, 0x6f, 0xff, 0x6f, 
	0xee, 0xed, 0x5a, 0x91, 0x08, 0x01, 0x00, 0x01, 
	0x4a, 0x0d, 0xe5, 0xe7, 0xfe, 0xa9, 0xfe, 0xeb, 
	0xff, 0x6d, 0xff, 0x6d, 0xff, 0x6f, 0xb4, 0x9d, 
	0x61, 0xc7, 0xc5, 0x65, 0x5a, 0x51, 0x20, 0x87, 
	0x18, 0x45, 0x20, 0x45, 0x38, 0xc7, 0x69, 0x8d, 
	0x92, 0x91, 0xbb, 0xd9, 0xbc, 0x19, 0xe5, 0xe5, 
	0xff, 0x6f, 0xff, 0x6f, 0xff, 0x6f, 0xff, 0x6f, 
	0xff, 0x6f, 0xff, 0x6f, 0xff, 0x6f, 0xff, 0x6d, 
	0xff, 0x6f, 0xf7, 0x6f, 0x9c, 0x5d, 0x31, 0x47, 
	0x6a, 0x8f, 0xed, 0xe5, 0xfe, 0xa9, 0xfe, 0xeb, 
	0xff, 0x6f, 0xff, 0x6f, 0xff, 0x6d, 0xe6, 0x69, 
	0x72, 0x4b, 0xb4, 0xe1, 0x6a, 0x95, 0x31, 0x09, 
	0x18, 0x85, 0x20, 0x85, 0x30, 0xc7, 0x51, 0x4b, 
	0x71, 0xcd, 0xa2, 0xd3, 0xb3, 0x57, 0xe5, 0xa3, 
	0xff, 0x6d, 0xff, 0x6f, 0xff, 0x6f, 0xff, 0x6f, 
	0xff, 0x6f, 0xff, 0x6f, 0xff, 0x6f, 0xff, 0x6f, 
	0xff, 0x6f, 0xff, 0x6f, 0xff, 0x6f, 0xf7, 0x2d, 
	0xde, 0x25, 0xf6, 0x67, 0xfe, 0xa9, 0xfe, 0xeb, 
	0xff, 0x6f, 0xff, 0x6f, 0xff, 0x6f, 0xff, 0x6f, 
	0x9b, 0xd5, 0xcd, 0xa5, 0xb5, 0x27, 0x39, 0x4b, 
	0x20, 0x85, 0x20, 0x85, 0x28, 0x85, 0x38, 0xc7, 
	0x59, 0x49, 0x81, 0xcf, 0x9a, 0x91, 0xbc, 0x19, 
	0xd5, 0x1f, 0xf6, 0xab, 0xff, 0x6f, 0xff, 0x6f, 
	0xff, 0x6f, 0xff, 0x6f, 0xff, 0x6f, 0xff, 0x6f, 
	0xff, 0x6f, 0xff, 0x6f, 0xff, 0x6f, 0xff, 0x6d, 
	0xf6, 0xa9, 0xfe, 0x67, 0xfe, 0xa9, 0xfe, 0xa9, 
	0xff, 0x6f, 0xff, 0x6f, 0xff, 0x6f, 0xff, 0x2d, 
	0xee, 0xa9, 0xe6, 0x6b, 0x93, 0xdd, 0x28, 0xc7, 
	0x20, 0x85, 0x18, 0x85, 0x20, 0x85, 0x28, 0x85, 
	0x40, 0xc7, 0x69, 0xcd, 0x82, 0x0f, 0x92, 0x4f, 
	0xab, 0x13, 0xcc, 0x9b, 0xf6, 0xeb, 0xff, 0x6f, 
	0xff, 0x6f, 0xff, 0x6f, 0xff, 0x6f, 0xff, 0x6f, 
	0xff, 0x6d, 0xff, 0x6f, 0xff, 0x6f, 0xff, 0x6f, 
	0xe6, 0x25, 0xf6, 0x25, 0xfe, 0xa9, 0xfe, 0xa9, 
	0xff, 0x6d, 0xff, 0x6d, 0xff, 0x6d, 0xfe, 0xed, 
	0xf6, 0x69, 0xd5, 0xa7, 0x62, 0x53, 0x28, 0xc7, 
	0x18, 0x85, 0x18, 0x45, 0x18, 0x85, 0x20, 0x85, 
	0x30, 0x85, 0x61, 0xcd, 0x71, 0xcd, 0x79, 0xcd, 
	0x92, 0x4f, 0xb3, 0x55, 0xe6, 0x25, 0xff, 0x6f, 
	0xff, 0x6f, 0xff, 0x6f, 0xff, 0x6f, 0xff, 0x6f, 
	0xff, 0x6f, 0xff, 0x6f, 0xff, 0x6f, 0xff, 0x6f, 
	0xee, 0x67, 0xed, 0xe5, 0xfe, 0x27, 0xfe, 0xa9, 
	0xff, 0x6d, 0xff, 0x6d, 0xff, 0x6d, 0xfe, 0xeb, 
	0xf6, 0x69, 0xa4, 0x1d, 0x49, 0x8d, 0x28, 0x87, 
	0x18, 0x85, 0x18, 0x45, 0x20, 0x85, 0x20, 0x85, 
	0x28, 0x87, 0x41, 0x09, 0x49, 0x09, 0x59, 0x4b, 
	0x82, 0x0d, 0xa2, 0xd1, 0xe5, 0xe5, 0xff, 0x6d, 
	0xff, 0x6f, 0xff, 0x6f, 0xff, 0x6f, 0xff, 0x6f, 
	0xff, 0x6f, 0xff, 0x6f, 0xff, 0x6f, 0xff, 0x6f, 
	0xe6, 0x67, 0xf5, 0xe5, 0xf5, 0xe5, 0xf6, 0x25, 
	0xff, 0x6d, 0xff, 0x6d, 0xff, 0x2d, 0xfe, 0xeb, 
	0xfe, 0xab, 0xcd, 0x65, 0x59, 0xcf, 0x28, 0xc9, 
	0x18, 0x45, 0x18, 0x45, 0x20, 0x85, 0x20, 0x85, 
	0x28, 0x85, 0x38, 0xc9, 0x38, 0xc7, 0x48, 0xc7, 
	0x69, 0x8b, 0xab, 0x13, 0xdd, 0x61, 0xff, 0x2d, 
	0xff, 0x6f, 0xff, 0x6f, 0xff, 0x6f, 0xff, 0x6f, 
	0xff, 0x6f, 0xff, 0x6f, 0xff, 0x6d, 0xff, 0x6f, 
	0xee, 0x67, 0xf5, 0xe5, 0xf5, 0xe5, 0xf5, 0xe5, 
	0xff, 0x6d, 0xff, 0x6d, 0xfe, 0xeb, 0xfe, 0xeb, 
	0xfe, 0xa9, 0xf6, 0xa9, 0x9b, 0xdb, 0x51, 0xd1, 
	0x18, 0x85, 0x18, 0x85, 0x18, 0x85, 0x20, 0x45, 
	0x20, 0x85, 0x30, 0xc7, 0x38, 0xc9, 0x38, 0x87, 
	0x61, 0x49, 0xa2, 0xd3, 0xc4, 0x5b, 0xf6, 0xeb, 
	0xff, 0x6d, 0xff, 0x6d, 0xff, 0x6d, 0xff, 0x6d, 
	0xff, 0x6d, 0xff, 0x6d, 0xff, 0x6f, 0xff, 0x6f, 
	0xee, 0x67, 0xed, 0xa3, 0xf5, 0x61, 0xf5, 0xa3, 
	0xfe, 0xa9, 0xfe, 0xeb, 0xfe, 0xe9, 0xfe, 0xeb, 
	0xfe, 0xa9, 0xfe, 0xa9, 0xcd, 0x65, 0x62, 0x53, 
	0x18, 0x85, 0x18, 0x45, 0x18, 0x85, 0x20, 0x85, 
	0x20, 0x87, 0x28, 0xc7, 0x30, 0xc7, 0x40, 0xc9, 
	0x59, 0x49, 0x81, 0xcb, 0xb3, 0xd7, 0xf6, 0xeb, 
	0xff, 0x6f, 0xff, 0x6f, 0xff, 0x6d, 0xff, 0x6d, 
	0xff, 0x2b, 0xee, 0x25, 0xee, 0x25, 0xff, 0x2d, 
	0xf6, 0xeb, 0xe5, 0x61, 0xed, 0x1f, 0xed, 0x21, 
	0xfe, 0x67, 0xfe, 0x69, 0xfe, 0xa9, 0xfe, 0xa9, 
	0xfe, 0x67, 0xf6, 0x25, 0xd5, 0x23, 0x49, 0x8d, 
	0x10, 0x43, 0x18, 0x45, 0x18, 0x85, 0x20, 0x85, 
	0x20, 0x87, 0x28, 0x87, 0x28, 0xc7, 0x41, 0x09, 
	0x51, 0x4b, 0x71, 0x8b, 0xa2, 0xd3, 0xd4, 0xdf, 
	0xf6, 0xab, 0xff, 0x6d, 0xff, 0x2d, 0xee, 0x27, 
	0xc4, 0x19, 0xbb, 0x55, 0xc3, 0x95, 0xcc, 0x5b, 
	0xed, 0xa5, 0xc4, 0x19, 0xed, 0x21, 0xed, 0x1f, 
	0xf5, 0xe5, 0xfd, 0xa5, 0xf5, 0xe3, 0xf5, 0xe3, 
	0xfd, 0xe5, 0xf5, 0xa3, 0xb4, 0x1b, 0x28, 0xc7, 
	0x18, 0x45, 0x18, 0x85, 0x18, 0x85, 0x18, 0x45, 
	0x20, 0x85, 0x28, 0x87, 0x28, 0x87, 0x28, 0x85, 
	0x40, 0xc7, 0x61, 0x4b, 0x92, 0x4f, 0xb3, 0x55, 
	0xcc, 0x5b, 0xcc, 0x9d, 0xc4, 0x5b, 0xb3, 0x55, 
	0xaa, 0x91, 0xa2, 0x4f, 0xa2, 0x4f, 0xaa, 0x91, 
	0xaa, 0x91, 0xa2, 0x8f, 0xcc, 0x1b, 0xdc, 0xdd, 
	0xee, 0x71, 0xe5, 0x65, 0xed, 0x63, 0xe5, 0x61, 
	0xe4, 0xdf, 0xd4, 0x9b, 0xa3, 0x99, 0x28, 0x85, 
	0x18, 0x45, 0x10, 0x45, 0x18, 0x43, 0x18, 0x45, 
	0x20, 0x85, 0x28, 0x87, 0x28, 0x87, 0x20, 0x85, 
	0x28, 0x85, 0x51, 0x09, 0x82, 0x0f, 0xa2, 0x91, 
	0xaa, 0xd3, 0x9a, 0x4f, 0x92, 0x0d, 0x9a, 0x4f, 
	0x9a, 0x4f, 0x92, 0x0d, 0x92, 0x0f, 0xaa, 0x93, 
	0x92, 0x0d, 0x92, 0x4f, 0x81, 0xcb, 0xdc, 0xdf, 
	0xff, 0xff, 0xf7, 0x79, 0xde, 0x2d, 0xd5, 0x23, 
	0xc4, 0x9d, 0xb4, 0x1b, 0x9b, 0x9b, 0x28, 0xc9, 
	0x18, 0x45, 0x18, 0x45, 0x18, 0x45, 0x18, 0x45, 
	0x20, 0x85, 0x30, 0xc9, 0x41, 0x4b, 0x38, 0xc7, 
	0x41, 0x09, 0x69, 0xcd, 0x8a, 0x51, 0x9a, 0xd3, 
	0x8a, 0x4f, 0x81, 0xcd, 0x89, 0xcd, 0x89, 0xcd, 
	0x92, 0x51, 0x89, 0xcd, 0x81, 0x8b, 0x92, 0x4f, 
	0x71, 0x89, 0x81, 0xcd, 0x69, 0x49, 0x61, 0x47, 
	0xff, 0xff, 0xff, 0xff, 0xff, 0xff, 0xff, 0xff, 
	0xff, 0xff, 0xff, 0xff, 0xbd, 0x6b, 0x31, 0x09, 
	0x18, 0x45, 0x18, 0x45, 0x18, 0x45, 0x20, 0x85, 
	0x20, 0x87, 0x28, 0xc7, 0x30, 0x87, 0x49, 0x09, 
	0x59, 0x8d, 0x72, 0x0f, 0x82, 0x11, 0x7a, 0x0f, 
	0x79, 0xcd, 0x71, 0x8b, 0x69, 0x4b, 0x71, 0x8b, 
	0x69, 0x4b, 0x71, 0x8b, 0x81, 0xcd, 0x79, 0x8d, 
	0x61, 0x09, 0x61, 0x4b, 0x51, 0x07, 0x59, 0x09, 
	0xff, 0xff, 0xff, 0xff, 0xff, 0xff, 0xff, 0xff, 
	0xff, 0xff, 0xff, 0xff, 0xad, 0x29, 0x31, 0x09, 
	0x18, 0x85, 0x18, 0x45, 0x18, 0x85, 0x20, 0x85, 
	0x20, 0x85, 0x20, 0x85, 0x30, 0x87, 0x51, 0x4b, 
	0x49, 0x09, 0x69, 0xcd, 0x61, 0x4b, 0x61, 0x4b, 
	0x69, 0x8d, 0x69, 0xcd, 0x61, 0x4b, 0x61, 0x09, 
	0x69, 0x4b, 0x79, 0xcd, 0x79, 0x8b, 0x79, 0xcf, 
	0x50, 0xc7, 0x59, 0x09, 0x51, 0x09, 0x71, 0xcf, 
	0xff, 0xff, 0xff, 0xff, 0xff, 0xff, 0xff, 0xff, 
	0xff, 0xff, 0xf7, 0xbd, 0x6b, 0x19, 0x28, 0xc7, 
	0x18, 0x85, 0x18, 0x45, 0x18, 0x45, 0x20, 0x85, 
	0x20, 0x85, 0x20, 0x85, 0x30, 0x87, 0x49, 0x09, 
	0x59, 0x8b, 0x59, 0x4b, 0x59, 0x4b, 0x69, 0xcd, 
	0x69, 0x8d, 0x61, 0x4b, 0x59, 0x09, 0x69, 0x4b, 
	0x69, 0x8b, 0x71, 0x8b, 0x9a, 0x93, 0x71, 0xcd, 
	0x59, 0x09, 0x51, 0x09, 0x61, 0x4b, 0x82, 0x51, 
	0xff, 0xff, 0xff, 0xff, 0xff, 0xff, 0xff, 0xff, 
	0xff, 0xff, 0xff, 0xbd, 0x83, 0x9d, 0x31, 0x09, 
	0x18, 0x45, 0x18, 0x45, 0x18, 0x85, 0x20, 0x87, 
	0x20, 0x85, 0x28, 0x87, 0x38, 0xc9, 0x61, 0xd1, 
	0x51, 0x09, 0x49, 0x09, 0x59, 0x4b, 0x61, 0x8d, 
	0x61, 0x49, 0x71, 0xcd, 0x82, 0x0f, 0x79, 0xcd, 
	0x79, 0xcd, 0x8a, 0x51, 0x92, 0x91, 0x61, 0x49, 
	0x59, 0x4b, 0x51, 0x09, 0x71, 0xcf, 0x59, 0x49, 
	0xff, 0xff, 0xff, 0xff, 0xff, 0xff, 0xff, 0xff, 
	0xff, 0xff, 0xe6, 0xf7, 0x7b, 0x5b, 0x39, 0x0b, 
	0x18, 0x45, 0x18, 0x45, 0x18, 0x45, 0x20, 0x85, 
	0x20, 0x85, 0x20, 0x85, 0x39, 0x09, 0x49, 0x4b, 
	0x41, 0x07, 0x51, 0x09, 0x59, 0x4b, 0x61, 0x8d, 
	0x71, 0xcf, 0x82, 0x0f, 0x79, 0xcd, 0x71, 0xcb, 
	0x79, 0xcd, 0x92, 0x93, 0x71, 0x8b, 0x61, 0x49, 
	0x51, 0x09, 0x48, 0xc7, 0x51, 0x09, 0x59, 0x4b, 
	0xff, 0xff, 0xff, 0xff, 0xff, 0xff, 0xff, 0xff, 
	0xff, 0xff, 0xc6, 0x2f, 0x62, 0x95, 0x30, 0xc9, 
	0x20, 0x87, 0x18, 0x85, 0x20, 0x45, 0x20, 0x87, 
	0x20, 0x85, 0x20, 0x45, 0x30, 0xc9, 0x41, 0x09, 
	0x41, 0x09, 0x51, 0x49, 0x51, 0x49, 0x59, 0x49, 
	0x61, 0x49, 0x69, 0x89, 0x7a, 0x0d, 0x71, 0xcb, 
	0x79, 0xcd, 0x71, 0x8b, 0x82, 0x4f, 0x59, 0x07, 
	0x50, 0xc7, 0x61, 0x49, 0x69, 0x8b, 0x61, 0x09, 
	0xff, 0xff, 0xff, 0xff, 0xff, 0xff, 0xff, 0xff, 
	0xff, 0xff, 0xef, 0x7b, 0x8c, 0x21, 0x20, 0x87, 
	0x18, 0x87, 0x18, 0x87, 0x20, 0x85, 0x20, 0x85, 
	0x20, 0x87, 0x28, 0xc7, 0x30, 0xc7, 0x38, 0xc7, 
	0x40, 0xc7, 0x59, 0x4b, 0x61, 0x4b, 0x69, 0x8b, 
	0x71, 0xcd, 0x69, 0x8b, 0x69, 0x49, 0x8a, 0x0f, 
	0x82, 0x0d, 0x82, 0x0f, 0x82, 0x0d, 0x82, 0x51, 
	0x71, 0x8b, 0x81, 0xcf, 0x8a, 0x0f, 0x92, 0x4f, 
	0xff, 0xff, 0xff, 0xff, 0xff, 0xff, 0xff, 0xff, 
	0xff, 0xff, 0xd6, 0xb3, 0x62, 0x95, 0x31, 0x09, 
	0x18, 0x87, 0x18, 0x45, 0x28, 0xc9, 0x28, 0x87, 
	0x28, 0x85, 0x39, 0x09, 0x30, 0x87, 0x41, 0x09, 
	0x59, 0x4b, 0x61, 0x8d, 0x72, 0x0f, 0x69, 0xcd, 
	0x61, 0x4b, 0x59, 0x49, 0x7a, 0x0f, 0x92, 0x91, 
	0x81, 0xcd, 0x92, 0x51, 0x8a, 0x4f, 0x8a, 0x4f, 
	0x92, 0x4f, 0x9a, 0x51, 0xa2, 0xd3, 0xb3, 0x13, 
	0xff, 0xff, 0xff, 0xff, 0xff, 0xff, 0xff, 0xff, 
	0xff, 0xff, 0xef, 0x7b, 0x94, 0x63, 0x31, 0x4b, 
	0x18, 0x85, 0x10, 0x43, 0x28, 0xc9, 0x30, 0xc9, 
	0x38, 0xc9, 0x39, 0x09, 0x30, 0xc7, 0x38, 0xc7, 
	0x51, 0x4b, 0x59, 0x49, 0x61, 0x8b, 0x61, 0x8b, 
	0x61, 0x8d, 0x69, 0xcd, 0x7a, 0x0f, 0x82, 0x0f, 
	0x8a, 0x4f, 0x92, 0x51, 0x9a, 0x91, 0x9a, 0x91, 
	0x9a, 0x4f, 0xa2, 0xd1, 0xb3, 0x53, 0xc3, 0x95, 
	0xff, 0xff, 0xff, 0xff, 0xff, 0xff, 0xff, 0xff, 
	0xff, 0xff, 0xff, 0xff, 0xa4, 0xe7, 0x31, 0x0b, 
	0x20, 0x87, 0x20, 0x87, 0x20, 0x87, 0x28, 0x87, 
	0x30, 0xc7, 0x41, 0x09, 0x38, 0xc9, 0x38, 0xc9, 
	0x49, 0x4b, 0x51, 0x4b, 0x51, 0x09, 0x59, 0x4b, 
	0x59, 0x49, 0x59, 0x49, 0x69, 0x8b, 0x72, 0x0f, 
	0x79, 0xcd, 0x8a, 0x0f, 0x8a, 0x0f, 0xa2, 0x91, 
	0xbb, 0x53, 0xc3, 0x95, 0xcb, 0xd7, 0xdc, 0x9b, 
	0xff, 0xff, 0xff, 0xff, 0xff, 0xff, 0xff, 0xff, 
	0xff, 0xff, 0xf7, 0x7b, 0x73, 0x5b, 0x18, 0x85, 
	0x20, 0x87, 0x20, 0x87, 0x18, 0x45, 0x20, 0x85, 
	0x20, 0x85, 0x39, 0x0b, 0x38, 0xc9, 0x39, 0x09, 
	0x41, 0x09, 0x49, 0x49, 0x40, 0xc7, 0x51, 0x49, 
	0x51, 0x4b, 0x59, 0x4b, 0x69, 0xcd, 0x59, 0x49, 
	0x59, 0x09, 0x61, 0x49, 0x81, 0xcd, 0xb3, 0x13, 
	0xcb, 0xd7, 0xd4, 0x19, 0xe4, 0x9d, 0xe5, 0x1f, 
	0xff, 0xff, 0xff, 0xff, 0xff, 0xff, 0xff, 0xff, 
	0xff, 0xff, 0xf7, 0xbd, 0x7b, 0x9d, 0x20, 0xc7, 
	0x18, 0x85, 0x18, 0x87, 0x18, 0x85, 0x18, 0x85, 
	0x20, 0x85, 0x28, 0xc7, 0x30, 0xc7, 0x30, 0xc7, 
	0x30, 0xc7, 0x38, 0xc7, 0x38, 0xc7, 0x41, 0x09, 
	0x40, 0xc7, 0x49, 0x09, 0x51, 0x09, 0x40, 0xc7, 
	0x48, 0xc7, 0x61, 0x49, 0x92, 0x91, 0xcb, 0xd9, 
	0xc3, 0x97, 0xd4, 0x19, 0xe5, 0x1d, 0xed, 0x61, 
	0xff, 0xff, 0xff, 0xff, 0xff, 0xff, 0xff, 0xff, 
	0xff, 0xff, 0xe7, 0x39, 0x7b, 0x5b, 0x29, 0x09, 
	0x18, 0x45, 0x18, 0x45, 0x18, 0x85, 0x18, 0x45, 
	0x18, 0x45, 0x20, 0x85, 0x28, 0x87, 0x28, 0x85, 
	0x30, 0xc7, 0x28, 0xc7, 0x30, 0x87, 0x38, 0xc9, 
	0x38, 0xc7, 0x38, 0xc7, 0x49, 0x4b, 0x51, 0x4d, 
	0x51, 0x4d, 0x51, 0x09, 0x82, 0x0f, 0xab, 0x13, 
	0xbb, 0x55, 0xd4, 0x59, 0xe5, 0x1f, 0xe5, 0x1d, 
	0xff, 0xff, 0xff, 0xff, 0xff, 0xff, 0xff, 0xff, 
	0xff, 0xff, 0xf7, 0xbd, 0x5a, 0x95, 0x20, 0x85, 
	0x10, 0x45, 0x18, 0x85, 0x18, 0x85, 0x18, 0x45, 
	0x18, 0x85, 0x18, 0x85, 0x28, 0xc9, 0x20, 0x87, 
	0x28, 0x87, 0x28, 0x87, 0x28, 0x87, 0x39, 0x09, 
	0x30, 0xc7, 0x30, 0xc7, 0x39, 0x09, 0x49, 0x4b, 
	0x38, 0x87, 0x49, 0x07, 0x7a, 0x0d, 0xab, 0x13, 
	0xc3, 0x95, 0xdc, 0x5b, 0xdc, 0x9b, 0xdc, 0x9b, 
	0xff, 0xff, 0xff, 0xff, 0xff, 0xff, 0xff, 0xff, 
	0xff, 0xff, 0xff, 0xff, 0xc6, 0x31, 0x52, 0x53, 
	0x18, 0x45, 0x18, 0x85, 0x18, 0x45, 0x18, 0x45, 
	0x18, 0x87, 0x18, 0x45, 0x18, 0x85, 0x20, 0x87, 
	0x20, 0x87, 0x28, 0xc9, 0x28, 0x87, 0x39, 0x0b, 
	0x30, 0xc9, 0x31, 0x09, 0x30, 0xc7, 0x28, 0x87, 
	0x28, 0x85, 0x61, 0xcf, 0x82, 0x51, 0xa3, 0x13, 
	0xc3, 0x97, 0xd4, 0x59, 0xd4, 0x59, 0xd4, 0x59, 
	0xff, 0xff, 0xff, 0xff, 0xff, 0xff, 0xff, 0xff, 
	0xff, 0xff, 0xff, 0xff, 0xff, 0xff, 0xad, 0x29, 
	0x28, 0xc9, 0x20, 0xc7, 0x18, 0x85, 0x18, 0x45, 
	0x10, 0x45, 0x10, 0x45, 0x10, 0x45, 0x10, 0x45, 
	0x18, 0x45, 0x18, 0x45, 0x20, 0x87, 0x39, 0x0b, 
	0x28, 0x87, 0x39, 0x09, 0x38, 0xc9, 0x30, 0xc7, 
	0x38, 0xc9, 0x61, 0xcf, 0x61, 0x49, 0x71, 0xcb, 
	0xb3, 0x97, 0xcc, 0x19, 0xc3, 0x95, 0xbb, 0x53, 
	0xff, 0xff, 0xff, 0xff, 0xff, 0xff, 0xff, 0xff, 
	0xff, 0xff, 0xff, 0xff, 0xff, 0xff, 0xce, 0x31, 
	0x31, 0x4b, 0x18, 0x85, 0x20, 0x87, 0x18, 0x87, 
	0x10, 0x45, 0x10, 0x45, 0x10, 0x45, 0x10, 0x45, 
	0x10, 0x45, 0x18, 0x45, 0x18, 0x45, 0x20, 0x85, 
	0x39, 0x09, 0x49, 0x4d, 0x39, 0x09, 0x30, 0xc7, 
	0x38, 0xc9, 0x41, 0x09, 0x51, 0x49, 0x71, 0xcd, 
	0xa3, 0x15, 0xa2, 0x91, 0xaa, 0xd3, 0xb3, 0x13, 
	
};

Gfx wf_dl_tile_2_4_ci8_aligner[] = {gsSPEndDisplayList()};
u8 wf_dl_tile_2_4_ci8[] = {
	0x00, 0x00, 0x00, 0x00, 0x00, 0x00, 0x00, 0x01, 
	0x02, 0x03, 0x04, 0x05, 0x06, 0x06, 0x06, 0x06, 
	0x05, 0x05, 0x07, 0x08, 0x09, 0x0a, 0x0b, 0x0c, 
	0x0b, 0x0d, 0x0e, 0x0f, 0x10, 0x11, 0x12, 0x13, 
	0x00, 0x00, 0x00, 0x00, 0x00, 0x00, 0x00, 0x14, 
	0x15, 0x04, 0x07, 0x16, 0x06, 0x06, 0x06, 0x06, 
	0x06, 0x05, 0x05, 0x17, 0x0a, 0x18, 0x0a, 0x0c, 
	0x0b, 0x19, 0x1a, 0x1b, 0x1c, 0x1d, 0x1e, 0x1f, 
	0x00, 0x00, 0x00, 0x00, 0x00, 0x00, 0x00, 0x20, 
	0x02, 0x05, 0x16, 0x07, 0x06, 0x06, 0x06, 0x06, 
	0x06, 0x04, 0x07, 0x17, 0x09, 0x21, 0x21, 0x0a, 
	0x0a, 0x22, 0x0d, 0x23, 0x24, 0x25, 0x26, 0x27, 
	0x00, 0x00, 0x00, 0x00, 0x00, 0x00, 0x00, 0x20, 
	0x28, 0x04, 0x16, 0x07, 0x06, 0x06, 0x06, 0x06, 
	0x06, 0x05, 0x04, 0x17, 0x09, 0x0c, 0x0a, 0x21, 
	0x0c, 0x29, 0x2a, 0x2b, 0x2c, 0x2d, 0x2e, 0x2f, 
	0x00, 0x00, 0x00, 0x00, 0x00, 0x00, 0x00, 0x30, 
	0x31, 0x04, 0x05, 0x04, 0x06, 0x06, 0x06, 0x06, 
	0x06, 0x05, 0x17, 0x09, 0x32, 0x33, 0x34, 0x21, 
	0x17, 0x35, 0x29, 0x36, 0x37, 0x38, 0x39, 0x3a, 
	0x00, 0x00, 0x00, 0x00, 0x00, 0x00, 0x00, 0x00, 
	0x3b, 0x3c, 0x07, 0x04, 0x06, 0x06, 0x06, 0x06, 
	0x06, 0x06, 0x17, 0x07, 0x32, 0x32, 0x21, 0x09, 
	0x09, 0x0b, 0x29, 0x19, 0x19, 0x3d, 0x3e, 0x3f, 
	0x00, 0x00, 0x00, 0x00, 0x00, 0x00, 0x00, 0x00, 
	0x30, 0x40, 0x41, 0x16, 0x06, 0x06, 0x06, 0x06, 
	0x42, 0x05, 0x07, 0x04, 0x04, 0x07, 0x07, 0x07, 
	0x32, 0x34, 0x09, 0x0c, 0x0b, 0x19, 0x3d, 0x43, 
	0x00, 0x00, 0x00, 0x00, 0x00, 0x00, 0x00, 0x00, 
	0x44, 0x45, 0x07, 0x07, 0x04, 0x06, 0x06, 0x04, 
	0x16, 0x06, 0x04, 0x05, 0x05, 0x04, 0x04, 0x04, 
	0x17, 0x17, 0x17, 0x0c, 0x46, 0x47, 0x29, 0x3d, 
	0x00, 0x00, 0x00, 0x00, 0x00, 0x00, 0x00, 0x48, 
	0x49, 0x4a, 0x46, 0x07, 0x07, 0x05, 0x06, 0x16, 
	0x16, 0x06, 0x06, 0x06, 0x06, 0x05, 0x05, 0x05, 
	0x05, 0x07, 0x02, 0x09, 0x0c, 0x0c, 0x21, 0x0c, 
	0x00, 0x00, 0x00, 0x00, 0x00, 0x4b, 0x4c, 0x4d, 
	0x4e, 0x4f, 0x50, 0x34, 0x07, 0x05, 0x06, 0x16, 
	0x16, 0x06, 0x06, 0x06, 0x06, 0x06, 0x06, 0x04, 
	0x04, 0x07, 0x09, 0x09, 0x07, 0x09, 0x0c, 0x0a, 
	0x00, 0x00, 0x00, 0x00, 0x51, 0x52, 0x53, 0x54, 
	0x55, 0x4e, 0x56, 0x0c, 0x17, 0x06, 0x06, 0x16, 
	0x04, 0x06, 0x06, 0x06, 0x06, 0x06, 0x06, 0x16, 
	0x04, 0x05, 0x07, 0x07, 0x07, 0x08, 0x47, 0x0b, 
	0x00, 0x00, 0x00, 0x57, 0x58, 0x4e, 0x55, 0x59, 
	0x55, 0x5a, 0x5b, 0x0e, 0x5c, 0x04, 0x06, 0x06, 
	0x06, 0x5d, 0x5d, 0x06, 0x06, 0x42, 0x04, 0x04, 
	0x05, 0x05, 0x07, 0x04, 0x07, 0x08, 0x0b, 0x0c, 
	0x00, 0x00, 0x5e, 0x5f, 0x4e, 0x55, 0x55, 0x55, 
	0x55, 0x5a, 0x60, 0x61, 0x2e, 0x17, 0x06, 0x06, 
	0x06, 0x06, 0x06, 0x06, 0x06, 0x42, 0x06, 0x06, 
	0x06, 0x06, 0x04, 0x04, 0x07, 0x32, 0x0c, 0x34, 
	0x00, 0x62, 0x63, 0x54, 0x55, 0x55, 0x55, 0x55, 
	0x55, 0x5a, 0x64, 0x65, 0x66, 0x67, 0x05, 0x06, 
	0x06, 0x06, 0x06, 0x06, 0x06, 0x06, 0x06, 0x06, 
	0x04, 0x06, 0x06, 0x05, 0x17, 0x07, 0x09, 0x46, 
	0x62, 0x68, 0x54, 0x55, 0x55, 0x55, 0x55, 0x55, 
	0x55, 0x5a, 0x64, 0x69, 0x6a, 0x6b, 0x0c, 0x06, 
	0x06, 0x06, 0x06, 0x06, 0x06, 0x06, 0x06, 0x06, 
	0x16, 0x06, 0x06, 0x16, 0x04, 0x05, 0x07, 0x32, 
	0x68, 0x54, 0x55, 0x55, 0x55, 0x55, 0x55, 0x55, 
	0x5a, 0x5a, 0x6c, 0x69, 0x6d, 0x6e, 0x6f, 0x17, 
	0x06, 0x5d, 0x06, 0x06, 0x06, 0x06, 0x06, 0x06, 
	0x06, 0x06, 0x06, 0x07, 0x05, 0x05, 0x17, 0x32, 
	0x54, 0x55, 0x55, 0x55, 0x55, 0x55, 0x55, 0x55, 
	0x64, 0x64, 0x69, 0x6c, 0x70, 0x71, 0x72, 0x73, 
	0x74, 0x04, 0x06, 0x06, 0x06, 0x06, 0x06, 0x42, 
	0x06, 0x06, 0x05, 0x16, 0x06, 0x05, 0x16, 0x04, 
	0x55, 0x55, 0x55, 0x55, 0x55, 0x55, 0x55, 0x5a, 
	0x64, 0x64, 0x6c, 0x70, 0x70, 0x70, 0x75, 0x76, 
	0x77, 0x07, 0x16, 0x06, 0x06, 0x04, 0x06, 0x04, 
	0x42, 0x06, 0x16, 0x16, 0x05, 0x04, 0x05, 0x06, 
	0x55, 0x55, 0x55, 0x55, 0x55, 0x55, 0x55, 0x64, 
	0x64, 0x69, 0x6c, 0x70, 0x70, 0x70, 0x78, 0x79, 
	0x7a, 0x15, 0x07, 0x05, 0x16, 0x04, 0x06, 0x06, 
	0x42, 0x06, 0x07, 0x05, 0x05, 0x04, 0x06, 0x06, 
	0x55, 0x55, 0x55, 0x55, 0x55, 0x55, 0x55, 0x64, 
	0x64, 0x6c, 0x6c, 0x70, 0x70, 0x70, 0x7b, 0x7c, 
	0x7d, 0x7e, 0x32, 0x07, 0x16, 0x06, 0x06, 0x06, 
	0x06, 0x06, 0x16, 0x05, 0x05, 0x05, 0x06, 0x05, 
	0x55, 0x55, 0x55, 0x55, 0x55, 0x55, 0x55, 0x5a, 
	0x5a, 0x6c, 0x70, 0x70, 0x7f, 0x70, 0x80, 0x81, 
	0x82, 0x83, 0x84, 0x33, 0x07, 0x04, 0x5d, 0x06, 
	0x05, 0x04, 0x04, 0x04, 0x04, 0x05, 0x04, 0x04, 
	0x55, 0x55, 0x55, 0x55, 0x55, 0x55, 0x5a, 0x5a, 
	0x69, 0x6c, 0x70, 0x7f, 0x85, 0x70, 0x86, 0x87, 
	0x88, 0x82, 0x7a, 0x89, 0x32, 0x17, 0x06, 0x05, 
	0x04, 0x04, 0x05, 0x04, 0x04, 0x05, 0x16, 0x06, 
	0x55, 0x55, 0x55, 0x55, 0x55, 0x55, 0x5a, 0x69, 
	0x6c, 0x70, 0x71, 0x8a, 0x70, 0x65, 0x8b, 0x8c, 
	0x88, 0x8d, 0x88, 0x8e, 0x0c, 0x32, 0x04, 0x04, 
	0x16, 0x05, 0x06, 0x04, 0x04, 0x05, 0x04, 0x06, 
	0x55, 0x55, 0x55, 0x55, 0x55, 0x5a, 0x64, 0x6c, 
	0x70, 0x71, 0x8a, 0x70, 0x6c, 0x8f, 0x90, 0x7d, 
	0x91, 0x91, 0x92, 0x93, 0x94, 0x95, 0x96, 0x17, 
	0x07, 0x04, 0x06, 0x04, 0x04, 0x04, 0x04, 0x06, 
	0x55, 0x55, 0x55, 0x55, 0x64, 0x64, 0x6c, 0x70, 
	0x71, 0x7f, 0x8a, 0x70, 0x64, 0x97, 0x98, 0x91, 
	0x99, 0x9a, 0x9b, 0x9c, 0x9d, 0x9e, 0x9f, 0xa0, 
	0x17, 0x04, 0x04, 0x04, 0x04, 0x07, 0x07, 0x06, 
	0x55, 0x55, 0x55, 0x55, 0x64, 0x69, 0x70, 0x71, 
	0xa1, 0xa1, 0x71, 0x64, 0xa2, 0xa3, 0xa4, 0xa5, 
	0xa6, 0xa7, 0xa8, 0xa8, 0xa8, 0xa9, 0xaa, 0xab, 
	0xac, 0xad, 0x17, 0x04, 0x04, 0x32, 0x07, 0x05, 
	0x55, 0x55, 0x55, 0x5a, 0x6c, 0x70, 0x71, 0xa1, 
	0xae, 0xa1, 0xaf, 0xa2, 0x8b, 0xb0, 0x92, 0xb1, 
	0xb2, 0xa8, 0xb3, 0xb4, 0xa8, 0xa8, 0xb5, 0xb6, 
	0xb7, 0xb8, 0xb9, 0x32, 0x07, 0x08, 0x32, 0x04, 
	0x55, 0x55, 0x5a, 0x6c, 0x70, 0x71, 0xba, 0xae, 
	0xae, 0x71, 0x65, 0xbb, 0xbc, 0xbd, 0xbe, 0xa7, 
	0xa8, 0xa8, 0xa8, 0xa8, 0xb3, 0xa8, 0xb5, 0xbf, 
	0xc0, 0xc1, 0xc2, 0xc3, 0xc4, 0xc5, 0x03, 0x04, 
	0x59, 0x64, 0x69, 0x6c, 0x7f, 0x7f, 0xae, 0xc6, 
	0xa1, 0xaf, 0xc7, 0xc8, 0xc9, 0xca, 0xcb, 0xa8, 
	0xa8, 0xa8, 0xa8, 0xa8, 0xb3, 0xcc, 0xcd, 0xce, 
	0xcf, 0xd0, 0x8d, 0xd1, 0xd2, 0xd3, 0xd4, 0x28, 
	0x64, 0x69, 0x70, 0x70, 0xba, 0xae, 0xc6, 0xc6, 
	0x71, 0xd5, 0xd6, 0xc2, 0xd7, 0xb1, 0xd8, 0xb4, 
	0xa8, 0xa8, 0xb3, 0xb3, 0xa8, 0xb5, 0xbf, 0xd9, 
	0xda, 0xdb, 0xdc, 0xdd, 0xd3, 0x88, 0x88, 0x7d, 
	0x69, 0x6c, 0x71, 0xa1, 0xde, 0xdf, 0xe0, 0xe1, 
	0xe2, 0xe3, 0xe4, 0xd2, 0xe5, 0x9d, 0xe6, 0xe7, 
	0xa8, 0xb3, 0xb3, 0xa8, 0xe8, 0xe9, 0xea, 0xeb, 
	0xec, 0xed, 0xee, 0xc3, 0x91, 0x88, 0x88, 0x88, 
	0x70, 0x71, 0xba, 0xae, 0xef, 0xe0, 0xe0, 0xe2, 
	0xf0, 0xf1, 0xd2, 0xf2, 0xf3, 0xa9, 0xa8, 0xb3, 
	0xb3, 0xb3, 0xa8, 0xb5, 0xf4, 0xce, 0xf5, 0xf6, 
	0xf7, 0x8d, 0xf8, 0xdc, 0xf9, 0x91, 0x91, 0x88, 
	
};

Gfx wf_dl_tile_2_4_pal_rgba16_aligner[] = {gsSPEndDisplayList()};
u8 wf_dl_tile_2_4_pal_rgba16[] = {
	0xff, 0xff, 0xad, 0x29, 0x28, 0xc9, 0x20, 0xc7, 
	0x18, 0x85, 0x18, 0x45, 0x10, 0x45, 0x20, 0x87, 
	0x39, 0x0b, 0x28, 0x87, 0x39, 0x09, 0x38, 0xc9, 
	0x30, 0xc7, 0x61, 0xcf, 0x61, 0x49, 0x71, 0xcb, 
	0xb3, 0x97, 0xcc, 0x19, 0xc3, 0x95, 0xbb, 0x53, 
	0xce, 0x31, 0x31, 0x4b, 0x18, 0x87, 0x20, 0x85, 
	0x49, 0x4d, 0x41, 0x09, 0x51, 0x49, 0x71, 0xcd, 
	0xa3, 0x15, 0xa2, 0x91, 0xaa, 0xd3, 0xb3, 0x13, 
	0xa4, 0xe7, 0x28, 0x85, 0x40, 0xc9, 0x72, 0x0f, 
	0x69, 0x49, 0x92, 0x93, 0x79, 0x89, 0x9a, 0x91, 
	0x29, 0x09, 0x38, 0xc7, 0x51, 0x4d, 0x51, 0x09, 
	0x71, 0xcf, 0x71, 0x8d, 0x79, 0xcd, 0x92, 0x91, 
	0xef, 0x7b, 0x5a, 0x95, 0x28, 0xc7, 0x31, 0x09, 
	0x30, 0xc9, 0x28, 0x45, 0x61, 0x8f, 0x72, 0x53, 
	0x61, 0x4b, 0x69, 0x8b, 0x82, 0x0d, 0xb5, 0xad, 
	0x31, 0x4d, 0x49, 0x09, 0x59, 0x4b, 0x61, 0x8b, 
	0x6b, 0x1b, 0x20, 0xc9, 0x10, 0x85, 0x61, 0x8d, 
	0xff, 0xbd, 0x93, 0x9b, 0x30, 0x87, 0x41, 0x0b, 
	0xfe, 0xf5, 0xe4, 0x5d, 0x9a, 0x0d, 0xff, 0xbb, 
	0xf5, 0xab, 0xea, 0xcf, 0xf1, 0xc7, 0xda, 0x0b, 
	0x79, 0x8b, 0xff, 0x79, 0xec, 0x5f, 0xf2, 0x09, 
	0xf9, 0xc5, 0xf9, 0x85, 0xaa, 0x0b, 0xff, 0x37, 
	0xf3, 0xd9, 0xf9, 0x83, 0xf1, 0x85, 0xb9, 0xc9, 
	0x41, 0x4b, 0x10, 0x43, 0xf6, 0xb3, 0xeb, 0x13, 
	0xe1, 0xc7, 0xc2, 0x0b, 0xf6, 0x71, 0xea, 0xd1, 
	0xf1, 0x83, 0xe9, 0x85, 0xba, 0x0b, 0x40, 0xc7, 
	0xf2, 0xcf, 0xe9, 0x83, 0xd9, 0xc7, 0x92, 0x0d, 
	0xe9, 0x43, 0xe1, 0x83, 0xca, 0x0b, 0x79, 0xcb, 
	0xe1, 0x43, 0xd9, 0x43, 0xba, 0x09, 0x7a, 0x0f, 
	0x31, 0x0b, 0xd9, 0x45, 0xb2, 0xd1, 0x62, 0x95, 
	0xe1, 0x85, 0xa2, 0x4d, 0x6b, 0x59, 0xd1, 0xc7, 
	0x92, 0xd1, 0x63, 0x59, 0x39, 0x4d, 0xd9, 0x03, 
	0xc1, 0xc9, 0x82, 0xd3, 0x6b, 0x9b, 0x52, 0x93, 
	0x39, 0x4b, 0xe1, 0x03, 0xb9, 0x89, 0x7a, 0xd7, 
	0x63, 0x9b, 0x41, 0x8b, 0xd9, 0x01, 0xb2, 0x0d, 
	0x73, 0x19, 0x5b, 0x9b, 0x4a, 0x0f, 0xe1, 0xc9, 
	0x9a, 0x51, 0x63, 0x99, 0x6c, 0x15, 0x84, 0x11, 
	0x5a, 0x47, 0x51, 0xc9, 0x31, 0x07, 0xd2, 0x0b, 
	0x82, 0xd5, 0x6b, 0xd5, 0x94, 0xd1, 0xce, 0x8f, 
	0xef, 0x4d, 0xe6, 0xcb, 0xb5, 0x07, 0x72, 0xc5, 
	0x39, 0x05, 0xd1, 0x03, 0xe9, 0xc7, 0xaa, 0x4f, 
	0x6b, 0x57, 0x6b, 0xd3, 0xb5, 0xcd, 0xef, 0x49, 
	0xf7, 0x83, 0xf7, 0x45, 0xe6, 0xc9, 0xa4, 0x87, 
	0x5a, 0x43, 0x28, 0xc3, 0xc9, 0x01, 0xe1, 0x45, 
	0x73, 0x57, 0xbe, 0x11, 0xf7, 0x47, 0xf7, 0x81, 
	0xff, 0x83, 0xef, 0x03, 0xde, 0x85, 0xc5, 0x87, 
	0x8c, 0x0d, 0x4a, 0x4f, 0xd1, 0x01, 0xb9, 0xcb, 
	0x72, 0xd5, 0x63, 0x95, 0xad, 0x91, 0xd6, 0x43, 
	0xbd, 0x83, 0x9d, 0x0f, 0x63, 0x57, 0x42, 0x93, 
	0x39, 0xcf, 0x41, 0x8f, 0xc0, 0xc1, 0xc9, 0xc9, 
	0x8a, 0xd3, 0x5b, 0x57, 0x84, 0x91, 0xe7, 0x0b, 
	0xef, 0x43, 0xde, 0x81, 0xce, 0x03, 0xad, 0x43, 
	0x7c, 0x0f, 0x3a, 0x93, 0x53, 0x17, 0x5b, 0x59, 
	0x4a, 0x53, 0xd1, 0xc9, 0x92, 0x4f, 0x5b, 0x53, 
	0xf7, 0x85, 0xb5, 0x83, 0x9c, 0x87, 0x6b, 0x91, 
	0x53, 0x59, 0x32, 0x0f, 0xc9, 0x03, 0xb9, 0x01, 
	0xb0, 0xc1, 0xc1, 0x01, 0xd1, 0x87, 0xa2, 0x4f, 
	0x6b, 0x17, 0x7c, 0x11, 0xf7, 0x43, 0xff, 0x81, 
	0xe7, 0x03, 0xd6, 0x83, 0xc5, 0xc3, 0xad, 0x03, 
	0x84, 0x4b, 0x63, 0x97, 0x4a, 0xd5, 0xb8, 0xc1, 
	0xaa, 0x0d, 0x6b, 0x15, 0x5b, 0x55, 0xad, 0x4d, 
	0xde, 0x83, 0xb5, 0x43, 0x9c, 0x85, 0x73, 0xcf, 
	0x32, 0x51, 0x5b, 0x99, 
};

Gfx wf_dl_tile_2_5_ci8_aligner[] = {gsSPEndDisplayList()};
u8 wf_dl_tile_2_5_ci8[] = {
	0x00, 0x01, 0x02, 0x03, 0x04, 0x05, 0x06, 0x07, 
	0x08, 0x09, 0x0a, 0x0b, 0x0c, 0x0d, 0x0e, 0x0f, 
	0x10, 0x11, 0x11, 0x10, 0x12, 0x13, 0x14, 0x15, 
	0x16, 0x17, 0x18, 0x19, 0x1a, 0x1b, 0x1b, 0x1b, 
	0x1c, 0x02, 0x1d, 0x1e, 0x1f, 0x06, 0x06, 0x08, 
	0x20, 0x21, 0x0b, 0x22, 0x23, 0x24, 0x10, 0x11, 
	0x11, 0x11, 0x10, 0x25, 0x26, 0x27, 0x28, 0x29, 
	0x2a, 0x2b, 0x2c, 0x2d, 0x2e, 0x1a, 0x1a, 0x1b, 
	0x02, 0x2f, 0x03, 0x30, 0x1f, 0x31, 0x32, 0x33, 
	0x34, 0x0b, 0x35, 0x36, 0x37, 0x38, 0x10, 0x10, 
	0x10, 0x10, 0x25, 0x39, 0x27, 0x3a, 0x3b, 0x3c, 
	0x17, 0x2d, 0x3d, 0x2e, 0x1a, 0x2b, 0x2b, 0x2b, 
	0x2f, 0x03, 0x04, 0x3e, 0x31, 0x3f, 0x40, 0x41, 
	0x42, 0x35, 0x43, 0x44, 0x45, 0x46, 0x0e, 0x0e, 
	0x47, 0x25, 0x39, 0x27, 0x48, 0x49, 0x4a, 0x4b, 
	0x1b, 0x4c, 0x4d, 0x1a, 0x1a, 0x2b, 0x2b, 0x2b, 
	0x1d, 0x07, 0x1f, 0x4e, 0x4f, 0x50, 0x51, 0x42, 
	0x52, 0x43, 0x2e, 0x53, 0x54, 0x26, 0x55, 0x56, 
	0x39, 0x57, 0x27, 0x28, 0x58, 0x59, 0x5a, 0x1a, 
	0x43, 0x5b, 0x43, 0x1a, 0x1a, 0x5c, 0x5c, 0x2b, 
	0x07, 0x1f, 0x4e, 0x4f, 0x5d, 0x5e, 0x5f, 0x35, 
	0x2e, 0x2e, 0x1a, 0x60, 0x54, 0x61, 0x61, 0x27, 
	0x27, 0x62, 0x63, 0x58, 0x64, 0x65, 0x17, 0x1a, 
	0x18, 0x4c, 0x1b, 0x1a, 0x1b, 0x5c, 0x5c, 0x2b, 
	0x1f, 0x06, 0x66, 0x67, 0x68, 0x69, 0x0b, 0x43, 
	0x43, 0x2e, 0x1b, 0x60, 0x6a, 0x6b, 0x62, 0x3a, 
	0x63, 0x6c, 0x3b, 0x6d, 0x6e, 0x17, 0x1b, 0x43, 
	0x5b, 0x2d, 0x2e, 0x1b, 0x1b, 0x1b, 0x1b, 0x1b, 
	0x6f, 0x4f, 0x67, 0x70, 0x71, 0x52, 0x43, 0x43, 
	0x43, 0x1a, 0x1b, 0x72, 0x73, 0x15, 0x6c, 0x74, 
	0x3b, 0x75, 0x3c, 0x76, 0x1a, 0x1a, 0x2b, 0x77, 
	0x78, 0x2e, 0x2e, 0x1b, 0x1b, 0x1b, 0x1b, 0x1b, 
	0x4f, 0x79, 0x7a, 0x7b, 0x0b, 0x43, 0x43, 0x43, 
	0x2e, 0x1b, 0x1b, 0x7c, 0x7d, 0x7e, 0x7f, 0x80, 
	0x81, 0x65, 0x82, 0x1a, 0x1a, 0x2d, 0x78, 0x83, 
	0x4d, 0x2e, 0x1b, 0x1b, 0x1b, 0x1b, 0x1b, 0x1b, 
	0x84, 0x85, 0x86, 0x42, 0x52, 0x2e, 0x43, 0x35, 
	0x0b, 0x2e, 0x1b, 0x1a, 0x7c, 0x36, 0x6e, 0x87, 
	0x82, 0x1a, 0x1b, 0x2e, 0x77, 0x88, 0x89, 0x4c, 
	0x2e, 0x1b, 0x1b, 0x1b, 0x1b, 0x1b, 0x1b, 0x1b, 
	0x8a, 0x8b, 0x42, 0x43, 0x2e, 0x2e, 0x2e, 0x4d, 
	0x83, 0x0b, 0x2e, 0x1a, 0x1b, 0x2b, 0x2e, 0x1b, 
	0x1b, 0x1b, 0x0b, 0x5b, 0x89, 0x88, 0x4d, 0x2e, 
	0x2e, 0x1b, 0x1b, 0x1b, 0x1b, 0x1b, 0x1b, 0x2e, 
	0x8c, 0x8d, 0x43, 0x2e, 0x2e, 0x2e, 0x2e, 0x43, 
	0x5b, 0x5b, 0x2d, 0x2e, 0x1b, 0x1a, 0x1a, 0x1b, 
	0x2e, 0x18, 0x83, 0x8e, 0x77, 0x43, 0x2e, 0x1b, 
	0x1b, 0x1b, 0x1b, 0x1b, 0x1b, 0x5c, 0x1b, 0x2e, 
	0x8f, 0x43, 0x43, 0x2e, 0x2e, 0x2b, 0x2e, 0x2e, 
	0x0b, 0x88, 0x90, 0x43, 0x1b, 0x1b, 0x2b, 0x91, 
	0x5b, 0x8e, 0x78, 0x2d, 0x2e, 0x2e, 0x1a, 0x1a, 
	0x1a, 0x1b, 0x1b, 0x1b, 0x1b, 0x1b, 0x1b, 0x2e, 
	0x42, 0x52, 0x2e, 0x2e, 0x2e, 0x1a, 0x2e, 0x2e, 
	0x43, 0x4d, 0x2c, 0x77, 0x2e, 0x2d, 0x4c, 0x8e, 
	0x83, 0x4d, 0x2e, 0x2e, 0x2e, 0x1b, 0x1b, 0x1b, 
	0x1a, 0x1b, 0x1b, 0x1b, 0x1b, 0x2e, 0x2e, 0x2e, 
	0x52, 0x2e, 0x2e, 0x2e, 0x2e, 0x2e, 0x2e, 0x2e, 
	0x2e, 0x43, 0x77, 0x5b, 0x5b, 0x83, 0x8e, 0x4c, 
	0x2d, 0x2e, 0x2e, 0x1b, 0x1a, 0x1b, 0x1b, 0x1b, 
	0x1b, 0x1b, 0x1b, 0x1b, 0x1b, 0x2e, 0x2e, 0x2e, 
	0x43, 0x2e, 0x2e, 0x2e, 0x2e, 0x2e, 0x2e, 0x2e, 
	0x2e, 0x43, 0x43, 0x4c, 0x89, 0x5b, 0x4d, 0x2e, 
	0x2e, 0x2e, 0x2e, 0x1b, 0x1b, 0x1b, 0x1b, 0x1b, 
	0x1b, 0x1b, 0x1b, 0x1b, 0x1b, 0x2e, 0x2e, 0x2e, 
	0x43, 0x2e, 0x2e, 0x2e, 0x2e, 0x2e, 0x2e, 0x2e, 
	0x2e, 0x2e, 0x43, 0x0b, 0x4d, 0x2d, 0x2e, 0x2e, 
	0x2e, 0x1b, 0x1b, 0x1b, 0x1b, 0x1b, 0x1b, 0x1b, 
	0x1b, 0x5c, 0x1b, 0x1b, 0x1b, 0x2e, 0x2e, 0x2e, 
	0x2e, 0x2e, 0x2e, 0x2e, 0x2e, 0x2e, 0x2e, 0x2e, 
	0x2e, 0x2e, 0x2e, 0x2e, 0x2e, 0x2e, 0x2b, 0x2b, 
	0x1b, 0x1b, 0x1b, 0x1b, 0x1b, 0x1b, 0x1b, 0x1b, 
	0x1b, 0x1b, 0x2b, 0x2b, 0x2b, 0x2e, 0x2e, 0x2e, 
	0x2e, 0x2e, 0x2e, 0x2e, 0x2e, 0x2e, 0x2e, 0x2e, 
	0x2e, 0x2e, 0x2e, 0x2e, 0x2b, 0x1b, 0x1b, 0x1b, 
	0x1b, 0x1b, 0x1b, 0x1b, 0x1b, 0x1b, 0x1b, 0x1b, 
	0x1b, 0x1b, 0x2b, 0x2b, 0x2e, 0x1a, 0x1a, 0x2e, 
	0x2e, 0x2e, 0x2e, 0x2e, 0x2e, 0x2e, 0x2e, 0x2e, 
	0x2e, 0x2e, 0x2e, 0x2e, 0x1b, 0x1b, 0x1b, 0x1b, 
	0x1b, 0x1b, 0x1b, 0x1b, 0x1b, 0x1b, 0x1b, 0x1b, 
	0x2e, 0x2e, 0x2b, 0x2e, 0x5c, 0x1a, 0x2e, 0x2e, 
	0x2e, 0x2e, 0x2e, 0x2e, 0x2e, 0x2e, 0x2e, 0x1b, 
	0x2e, 0x2e, 0x2e, 0x2b, 0x2e, 0x1b, 0x1b, 0x1b, 
	0x1b, 0x1b, 0x1b, 0x1b, 0x1b, 0x1b, 0x2e, 0x2e, 
	0x2e, 0x2e, 0x2e, 0x2e, 0x1a, 0x1a, 0x2e, 0x1a, 
	0x2e, 0x2e, 0x2e, 0x2e, 0x2e, 0x2e, 0x2e, 0x1b, 
	0x1b, 0x2e, 0x1b, 0x1b, 0x1b, 0x1b, 0x1b, 0x1b, 
	0x1b, 0x1b, 0x1b, 0x1b, 0x1b, 0x1b, 0x2e, 0x2e, 
	0x2e, 0x2b, 0x2e, 0x2b, 0x1b, 0x2e, 0x2e, 0x2e, 
	0x2e, 0x2e, 0x2e, 0x2e, 0x2e, 0x2e, 0x1b, 0x2e, 
	0x1b, 0x1b, 0x2e, 0x1b, 0x1b, 0x1b, 0x1b, 0x1b, 
	0x1b, 0x1b, 0x1b, 0x1b, 0x2e, 0x1b, 0x2e, 0x1b, 
	0x2e, 0x1b, 0x1b, 0x2e, 0x2e, 0x2e, 0x2e, 0x2e, 
	0x2e, 0x2e, 0x2e, 0x2e, 0x2b, 0x2e, 0x2e, 0x1b, 
	0x2e, 0x2b, 0x2b, 0x1b, 0x1b, 0x1b, 0x1b, 0x1b, 
	0x1b, 0x1b, 0x1b, 0x1b, 0x2e, 0x1b, 0x2e, 0x1b, 
	0x2e, 0x2e, 0x2e, 0x2e, 0x2e, 0x2e, 0x2e, 0x2e, 
	0x2e, 0x2e, 0x2e, 0x2e, 0x2e, 0x2e, 0x2e, 0x2e, 
	0x2e, 0x1b, 0x1b, 0x1b, 0x1b, 0x1b, 0x1b, 0x1b, 
	0x1b, 0x1b, 0x1b, 0x1b, 0x1b, 0x1b, 0x1b, 0x2e, 
	0x2e, 0x2e, 0x2e, 0x2e, 0x2e, 0x1a, 0x2e, 0x1a, 
	0x2e, 0x2e, 0x2e, 0x2e, 0x2e, 0x1b, 0x2e, 0x2e, 
	0x2e, 0x2e, 0x1b, 0x1b, 0x1b, 0x1b, 0x1b, 0x1b, 
	0x2e, 0x2e, 0x1b, 0x1b, 0x1b, 0x2e, 0x2e, 0x1b, 
	0x2e, 0x1b, 0x2e, 0x2e, 0x2e, 0x2e, 0x2e, 0x2e, 
	0x2e, 0x2e, 0x2e, 0x1a, 0x2e, 0x2e, 0x2e, 0x2b, 
	0x2e, 0x2e, 0x2e, 0x1b, 0x1b, 0x1b, 0x2e, 0x1b, 
	0x1b, 0x1b, 0x2e, 0x2e, 0x5c, 0x2e, 0x1b, 0x1b, 
	0x2e, 0x1b, 0x2e, 0x1b, 0x2e, 0x2e, 0x2e, 0x2e, 
	0x2e, 0x2e, 0x2e, 0x2e, 0x2e, 0x2e, 0x2e, 0x2e, 
	0x1b, 0x1b, 0x2e, 0x2e, 0x2e, 0x1b, 0x2e, 0x1b, 
	0x1b, 0x1b, 0x1b, 0x2e, 0x1b, 0x2e, 0x2e, 0x2e, 
	0x2e, 0x1b, 0x2e, 0x2e, 0x2e, 0x2e, 0x2e, 0x2e, 
	0x2e, 0x2e, 0x2e, 0x2e, 0x2e, 0x2e, 0x2e, 0x1b, 
	0x2e, 0x2e, 0x2e, 0x2b, 0x2e, 0x1b, 0x2e, 0x2e, 
	0x2e, 0x2e, 0x1b, 0x1b, 0x1b, 0x2e, 0x1b, 0x2e, 
	0x2e, 0x2e, 0x2e, 0x2e, 0x2e, 0x2e, 0x2e, 0x2e, 
	0x2e, 0x2e, 0x2e, 0x2e, 0x2e, 0x2e, 0x2e, 0x2e, 
	0x2e, 0x2e, 0x2e, 0x2b, 0x2e, 0x2e, 0x2e, 0x1b, 
	0x2e, 0x2e, 0x2e, 0x2e, 0x2e, 0x2e, 0x2e, 0x2e, 
	0x2e, 0x2e, 0x2e, 0x2e, 0x2e, 0x2e, 0x2e, 0x2e, 
	0x2e, 0x2e, 0x2e, 0x2e, 0x2e, 0x2e, 0x2e, 0x2e, 
	0x2e, 0x2e, 0x2e, 0x2e, 0x2e, 0x2e, 0x2e, 0x2e, 
	0x2e, 0x2e, 0x2e, 0x2e, 0x2e, 0x2e, 0x2e, 0x2e, 
	0x2e, 0x1b, 0x2e, 0x2e, 0x2e, 0x2e, 0x2e, 0x2e, 
	0x2e, 0x2e, 0x2e, 0x2e, 0x2e, 0x2e, 0x2e, 0x1a, 
	0x2e, 0x2e, 0x2e, 0x1a, 0x2e, 0x2e, 0x2e, 0x2e, 
	0x2e, 0x2e, 0x2e, 0x2e, 0x2e, 0x2e, 0x2b, 0x2e, 
	0x1b, 0x2e, 0x2e, 0x2e, 0x2e, 0x2e, 0x2e, 0x2e, 
	
};

Gfx wf_dl_tile_2_5_pal_rgba16_aligner[] = {gsSPEndDisplayList()};
u8 wf_dl_tile_2_5_pal_rgba16[] = {
	0xe9, 0x83, 0xe9, 0x43, 0xd9, 0x43, 0xd1, 0x03, 
	0xc9, 0x03, 0xb9, 0x01, 0xb0, 0xc1, 0xc1, 0x01, 
	0xd1, 0x87, 0xa2, 0x4f, 0x6b, 0x17, 0x53, 0x17, 
	0x7c, 0x11, 0xe6, 0xcb, 0xf7, 0x43, 0xff, 0x81, 
	0xf7, 0x83, 0xf7, 0x81, 0xe7, 0x03, 0xd6, 0x83, 
	0xc5, 0xc3, 0xad, 0x03, 0x84, 0x4b, 0x63, 0x97, 
	0x4a, 0xd5, 0x42, 0x93, 0x63, 0x99, 0x63, 0x9b, 
	0xe1, 0x43, 0xd1, 0x01, 0xc9, 0x01, 0xb8, 0xc1, 
	0xaa, 0x0d, 0x6b, 0x15, 0x5b, 0x55, 0xad, 0x4d, 
	0xf7, 0x45, 0xef, 0x03, 0xde, 0x83, 0xce, 0x03, 
	0xb5, 0x43, 0x9c, 0x85, 0x73, 0xcf, 0x5b, 0x9b, 
	0x32, 0x51, 0x53, 0x59, 0x5b, 0x99, 0xd9, 0x03, 
	0xc0, 0xc1, 0xa8, 0x81, 0xb9, 0x05, 0xb1, 0xcd, 
	0x7a, 0xd7, 0x53, 0x57, 0x63, 0x93, 0xbe, 0x0f, 
	0xf7, 0x85, 0xde, 0x81, 0xb5, 0x83, 0x9c, 0xc3, 
	0x84, 0x0b, 0x3a, 0x51, 0xb8, 0xc3, 0xa8, 0xc3, 
	0xb1, 0xcb, 0x7a, 0xd5, 0x5b, 0x17, 0x5b, 0x59, 
	0x74, 0x13, 0xce, 0x4d, 0xef, 0x45, 0xef, 0x43, 
	0xbd, 0x81, 0xa5, 0x03, 0x84, 0x47, 0x63, 0x51, 
	0x42, 0x95, 0x4b, 0x17, 0xa8, 0xc1, 0xa0, 0x81, 
	0xa1, 0x89, 0x82, 0x93, 0x5b, 0x57, 0x84, 0x93, 
	0xce, 0x07, 0xde, 0xc3, 0xde, 0xc1, 0xd6, 0x41, 
	0xa4, 0xc3, 0x94, 0x47, 0x63, 0x4f, 0x3a, 0x53, 
	0x63, 0xdb, 0x99, 0x05, 0x8a, 0x51, 0x63, 0x17, 
	0x84, 0x51, 0xce, 0x43, 0xbd, 0x83, 0xad, 0x43, 
	0x94, 0x89, 0x6b, 0x8f, 0x98, 0x81, 0x88, 0x81, 
	0x89, 0xcd, 0x62, 0xd5, 0xc5, 0xc7, 0xc6, 0x03, 
	0xa4, 0xc1, 0x8c, 0x49, 0x63, 0x8f, 0xb0, 0x81, 
	0x71, 0x09, 0x63, 0x15, 0x6b, 0xd3, 0xa5, 0x0b, 
	0x9c, 0xc1, 0x94, 0xc5, 0x63, 0x53, 0x42, 0xd5, 
	0x3a, 0x93, 0x90, 0x83, 0x78, 0xc5, 0x6a, 0xd3, 
	0x5b, 0x97, 0x74, 0x0f, 0x94, 0x87, 0x94, 0x83, 
	0x94, 0x85, 0x8c, 0x4b, 0x5b, 0x53, 0x32, 0x11, 
	0x90, 0x81, 0x78, 0x85, 0x6a, 0x11, 0x5b, 0x0f, 
	0x32, 0x53, 0x29, 0xd1, 0x78, 0x83, 0x61, 0x4b, 
	0x60, 0xc5, 0x5a, 0xd5, 0x2a, 0x11, 0x5a, 0x0f, 
	0x3a, 0x95, 0x53, 0x19, 
};

Gfx wf_dl_tile_2_6_ci8_aligner[] = {gsSPEndDisplayList()};
u8 wf_dl_tile_2_6_ci8[] = {
	0x00, 0x00, 0x00, 0x00, 0x00, 0x00, 0x00, 0x00, 
	0x00, 0x00, 0x00, 0x00, 0x00, 0x00, 0x00, 0x00, 
	0x00, 0x00, 0x00, 0x00, 0x00, 0x00, 0x00, 0x00, 
	0x00, 0x01, 0x00, 0x00, 0x00, 0x00, 0x00, 0x00, 
	0x00, 0x00, 0x00, 0x00, 0x00, 0x00, 0x00, 0x02, 
	0x00, 0x00, 0x00, 0x02, 0x00, 0x00, 0x00, 0x00, 
	0x00, 0x00, 0x00, 0x00, 0x00, 0x00, 0x03, 0x00, 
	0x01, 0x00, 0x00, 0x00, 0x00, 0x00, 0x00, 0x00, 
	0x00, 0x00, 0x00, 0x00, 0x00, 0x00, 0x00, 0x00, 
	0x00, 0x02, 0x00, 0x02, 0x00, 0x00, 0x00, 0x00, 
	0x00, 0x00, 0x03, 0x01, 0x00, 0x00, 0x00, 0x00, 
	0x01, 0x00, 0x00, 0x00, 0x00, 0x00, 0x00, 0x00, 
	0x02, 0x00, 0x00, 0x00, 0x00, 0x00, 0x00, 0x00, 
	0x00, 0x00, 0x00, 0x00, 0x00, 0x00, 0x00, 0x00, 
	0x00, 0x00, 0x00, 0x01, 0x00, 0x00, 0x00, 0x00, 
	0x00, 0x00, 0x00, 0x00, 0x00, 0x00, 0x00, 0x00, 
	0x04, 0x00, 0x00, 0x00, 0x00, 0x00, 0x00, 0x00, 
	0x00, 0x00, 0x00, 0x00, 0x00, 0x00, 0x00, 0x00, 
	0x00, 0x02, 0x00, 0x02, 0x00, 0x00, 0x00, 0x00, 
	0x00, 0x00, 0x00, 0x00, 0x00, 0x00, 0x00, 0x04, 
	0x05, 0x00, 0x04, 0x00, 0x00, 0x00, 0x00, 0x00, 
	0x00, 0x00, 0x00, 0x00, 0x00, 0x00, 0x00, 0x00, 
	0x00, 0x00, 0x00, 0x02, 0x00, 0x00, 0x00, 0x00, 
	0x00, 0x00, 0x00, 0x00, 0x00, 0x04, 0x04, 0x04, 
	0x05, 0x06, 0x00, 0x00, 0x00, 0x00, 0x00, 0x00, 
	0x00, 0x00, 0x00, 0x00, 0x00, 0x00, 0x00, 0x00, 
	0x00, 0x00, 0x02, 0x00, 0x00, 0x00, 0x00, 0x00, 
	0x00, 0x00, 0x00, 0x02, 0x00, 0x00, 0x04, 0x00, 
	0x07, 0x05, 0x08, 0x00, 0x00, 0x00, 0x00, 0x00, 
	0x00, 0x00, 0x04, 0x00, 0x00, 0x00, 0x00, 0x00, 
	0x00, 0x00, 0x00, 0x00, 0x00, 0x00, 0x00, 0x00, 
	0x00, 0x00, 0x00, 0x02, 0x00, 0x00, 0x04, 0x00, 
	0x00, 0x07, 0x09, 0x0a, 0x00, 0x00, 0x00, 0x00, 
	0x00, 0x00, 0x00, 0x00, 0x00, 0x04, 0x04, 0x00, 
	0x00, 0x00, 0x00, 0x00, 0x00, 0x00, 0x00, 0x00, 
	0x00, 0x00, 0x00, 0x00, 0x04, 0x00, 0x04, 0x00, 
	0x04, 0x00, 0x04, 0x09, 0x06, 0x00, 0x03, 0x04, 
	0x00, 0x04, 0x04, 0x00, 0x00, 0x00, 0x00, 0x00, 
	0x00, 0x00, 0x00, 0x00, 0x00, 0x04, 0x00, 0x00, 
	0x00, 0x00, 0x00, 0x00, 0x04, 0x00, 0x04, 0x04, 
	0x04, 0x04, 0x00, 0x08, 0x0b, 0x0c, 0x04, 0x00, 
	0x00, 0x00, 0x04, 0x04, 0x04, 0x00, 0x00, 0x04, 
	0x00, 0x04, 0x00, 0x00, 0x00, 0x00, 0x00, 0x00, 
	0x00, 0x00, 0x04, 0x00, 0x04, 0x04, 0x04, 0x00, 
	0x04, 0x04, 0x00, 0x00, 0x04, 0x0d, 0x05, 0x04, 
	0x00, 0x00, 0x00, 0x00, 0x00, 0x00, 0x00, 0x04, 
	0x04, 0x00, 0x00, 0x00, 0x00, 0x04, 0x00, 0x00, 
	0x04, 0x04, 0x04, 0x04, 0x04, 0x00, 0x04, 0x04, 
	0x04, 0x04, 0x04, 0x04, 0x00, 0x04, 0x05, 0x05, 
	0x06, 0x00, 0x04, 0x04, 0x04, 0x04, 0x04, 0x04, 
	0x04, 0x04, 0x04, 0x04, 0x04, 0x00, 0x00, 0x04, 
	0x00, 0x00, 0x00, 0x00, 0x04, 0x04, 0x04, 0x04, 
	0x04, 0x04, 0x04, 0x04, 0x04, 0x00, 0x00, 0x06, 
	0x0d, 0x06, 0x04, 0x00, 0x00, 0x00, 0x04, 0x04, 
	0x04, 0x04, 0x04, 0x00, 0x00, 0x04, 0x00, 0x04, 
	0x04, 0x04, 0x04, 0x04, 0x04, 0x04, 0x04, 0x04, 
	0x08, 0x04, 0x00, 0x04, 0x04, 0x04, 0x00, 0x00, 
	0x08, 0x05, 0x0b, 0x06, 0x04, 0x04, 0x04, 0x04, 
	0x04, 0x04, 0x00, 0x04, 0x04, 0x04, 0x04, 0x04, 
	0x04, 0x04, 0x04, 0x04, 0x04, 0x04, 0x04, 0x04, 
	0x05, 0x04, 0x04, 0x04, 0x04, 0x0e, 0x0e, 0x00, 
	0x00, 0x00, 0x06, 0x05, 0x05, 0x06, 0x04, 0x00, 
	0x04, 0x04, 0x04, 0x04, 0x04, 0x04, 0x04, 0x04, 
	0x04, 0x00, 0x04, 0x04, 0x04, 0x04, 0x04, 0x04, 
	0x05, 0x05, 0x04, 0x04, 0x04, 0x04, 0x04, 0x04, 
	0x04, 0x04, 0x00, 0x04, 0x0a, 0x09, 0x05, 0x0a, 
	0x08, 0x04, 0x04, 0x04, 0x04, 0x04, 0x04, 0x04, 
	0x04, 0x04, 0x04, 0x04, 0x04, 0x04, 0x04, 0x04, 
	0x04, 0x0c, 0x0c, 0x04, 0x04, 0x04, 0x04, 0x04, 
	0x04, 0x04, 0x04, 0x00, 0x00, 0x04, 0x0a, 0x05, 
	0x05, 0x0a, 0x04, 0x04, 0x00, 0x00, 0x00, 0x0e, 
	0x04, 0x04, 0x04, 0x04, 0x04, 0x04, 0x04, 0x04, 
	0x04, 0x04, 0x0c, 0x0d, 0x08, 0x04, 0x04, 0x04, 
	0x04, 0x04, 0x04, 0x04, 0x04, 0x00, 0x00, 0x04, 
	0x06, 0x05, 0x0f, 0x05, 0x06, 0x0e, 0x04, 0x04, 
	0x04, 0x04, 0x04, 0x04, 0x04, 0x04, 0x0e, 0x08, 
	0x08, 0x0e, 0x04, 0x06, 0x05, 0x08, 0x04, 0x04, 
	0x04, 0x04, 0x04, 0x04, 0x04, 0x04, 0x00, 0x00, 
	0x00, 0x00, 0x08, 0x06, 0x05, 0x09, 0x05, 0x06, 
	0x08, 0x0e, 0x04, 0x04, 0x04, 0x0e, 0x0e, 0x04, 
	0x08, 0x0e, 0x0e, 0x00, 0x06, 0x09, 0x0a, 0x04, 
	0x04, 0x04, 0x07, 0x04, 0x04, 0x04, 0x04, 0x08, 
	0x04, 0x04, 0x00, 0x04, 0x04, 0x06, 0x0c, 0x0b, 
	0x0f, 0x0b, 0x05, 0x0a, 0x0a, 0x08, 0x08, 0x07, 
	0x08, 0x08, 0x08, 0x08, 0x04, 0x06, 0x0f, 0x0a, 
	0x04, 0x04, 0x04, 0x04, 0x04, 0x0e, 0x08, 0x0e, 
	0x04, 0x0e, 0x04, 0x04, 0x04, 0x00, 0x00, 0x04, 
	0x08, 0x0c, 0x05, 0x05, 0x05, 0x09, 0x09, 0x05, 
	0x08, 0x08, 0x08, 0x08, 0x0e, 0x00, 0x08, 0x05, 
	0x0b, 0x06, 0x04, 0x04, 0x04, 0x0e, 0x04, 0x04, 
	0x0e, 0x04, 0x08, 0x0e, 0x0e, 0x08, 0x04, 0x04, 
	0x04, 0x04, 0x07, 0x04, 0x08, 0x0a, 0x0c, 0x05, 
	0x08, 0x08, 0x08, 0x08, 0x08, 0x08, 0x0e, 0x04, 
	0x06, 0x0b, 0x0c, 0x04, 0x04, 0x08, 0x08, 0x08, 
	0x08, 0x08, 0x08, 0x0e, 0x08, 0x0e, 0x0e, 0x08, 
	0x0e, 0x04, 0x08, 0x04, 0x08, 0x04, 0x04, 0x08, 
	0x06, 0x06, 0x08, 0x08, 0x08, 0x08, 0x08, 0x08, 
	0x04, 0x07, 0x05, 0x0b, 0x05, 0x08, 0x0e, 0x0e, 
	0x0e, 0x08, 0x08, 0x08, 0x08, 0x08, 0x0e, 0x08, 
	0x08, 0x08, 0x0e, 0x08, 0x08, 0x08, 0x08, 0x08, 
	0x06, 0x08, 0x08, 0x08, 0x08, 0x08, 0x08, 0x08, 
	0x08, 0x08, 0x04, 0x10, 0x0b, 0x09, 0x06, 0x07, 
	0x04, 0x0e, 0x08, 0x08, 0x08, 0x08, 0x08, 0x08, 
	0x08, 0x08, 0x08, 0x06, 0x0e, 0x08, 0x06, 0x08, 
	0x06, 0x06, 0x06, 0x06, 0x08, 0x08, 0x08, 0x08, 
	0x08, 0x08, 0x0e, 0x04, 0x0e, 0x0c, 0x0b, 0x09, 
	0x0a, 0x08, 0x04, 0x08, 0x08, 0x08, 0x08, 0x08, 
	0x08, 0x08, 0x08, 0x08, 0x08, 0x08, 0x08, 0x08, 
	0x06, 0x06, 0x06, 0x06, 0x06, 0x08, 0x08, 0x06, 
	0x08, 0x08, 0x08, 0x08, 0x08, 0x0e, 0x04, 0x0c, 
	0x05, 0x05, 0x0c, 0x0a, 0x08, 0x04, 0x08, 0x08, 
	0x0e, 0x08, 0x08, 0x08, 0x08, 0x08, 0x08, 0x08, 
	0x06, 0x06, 0x06, 0x06, 0x06, 0x06, 0x06, 0x06, 
	0x06, 0x08, 0x08, 0x06, 0x08, 0x08, 0x08, 0x0e, 
	0x04, 0x06, 0x05, 0x09, 0x0f, 0x05, 0x0a, 0x08, 
	0x08, 0x08, 0x0e, 0x08, 0x06, 0x06, 0x06, 0x08, 
	0x06, 0x06, 0x06, 0x06, 0x06, 0x06, 0x06, 0x06, 
	0x06, 0x06, 0x08, 0x06, 0x06, 0x06, 0x06, 0x06, 
	0x06, 0x08, 0x08, 0x08, 0x06, 0x0c, 0x0b, 0x09, 
	0x05, 0x0a, 0x06, 0x08, 0x08, 0x08, 0x08, 0x08, 
	0x0c, 0x06, 0x0c, 0x06, 0x06, 0x06, 0x06, 0x06, 
	0x06, 0x06, 0x06, 0x06, 0x06, 0x06, 0x06, 0x06, 
	0x06, 0x08, 0x08, 0x08, 0x0e, 0x04, 0x08, 0x0a, 
	0x05, 0x11, 0x0f, 0x0f, 0x0b, 0x0c, 0x0c, 0x06, 
	0x0a, 0x0c, 0x0c, 0x0c, 0x0c, 0x10, 0x06, 0x06, 
	0x06, 0x06, 0x06, 0x06, 0x06, 0x06, 0x06, 0x06, 
	0x06, 0x06, 0x06, 0x06, 0x06, 0x08, 0x08, 0x08, 
	0x08, 0x08, 0x06, 0x06, 0x09, 0x0f, 0x12, 0x13, 
	
};

Gfx wf_dl_tile_2_6_pal_rgba16_aligner[] = {gsSPEndDisplayList()};
u8 wf_dl_tile_2_6_pal_rgba16[] = {
	0x5b, 0x99, 0x63, 0x9b, 0x63, 0x99, 0x5b, 0x9b, 
	0x5b, 0x59, 0x4a, 0xd5, 0x53, 0x17, 0x53, 0x59, 
	0x53, 0x57, 0x42, 0xd5, 0x4b, 0x17, 0x42, 0xd3, 
	0x4b, 0x15, 0x4a, 0xd3, 0x5b, 0x57, 0x42, 0x93, 
	0x53, 0x15, 0x42, 0x95, 0x3a, 0x93, 0x3a, 0x53, 
	
};

Gfx wf_dl_tile_2_7_ci8_aligner[] = {gsSPEndDisplayList()};
u8 wf_dl_tile_2_7_ci8[] = {
	0x00, 0x01, 0x00, 0x01, 0x01, 0x01, 0x01, 0x01, 
	0x01, 0x01, 0x01, 0x01, 0x01, 0x01, 0x01, 0x01, 
	0x01, 0x02, 0x02, 0x02, 0x03, 0x04, 0x02, 0x05, 
	0x06, 0x07, 0x08, 0x08, 0x09, 0x00, 0x00, 0x01, 
	0x05, 0x00, 0x00, 0x00, 0x00, 0x0a, 0x01, 0x01, 
	0x01, 0x01, 0x01, 0x01, 0x01, 0x01, 0x01, 0x01, 
	0x01, 0x01, 0x01, 0x01, 0x01, 0x02, 0x02, 0x02, 
	0x02, 0x02, 0x01, 0x01, 0x0b, 0x08, 0x0c, 0x0d, 
	0x06, 0x00, 0x05, 0x00, 0x01, 0x00, 0x05, 0x01, 
	0x01, 0x01, 0x01, 0x01, 0x01, 0x01, 0x01, 0x01, 
	0x01, 0x01, 0x01, 0x01, 0x01, 0x01, 0x01, 0x01, 
	0x01, 0x02, 0x02, 0x03, 0x02, 0x02, 0x01, 0x00, 
	0x06, 0x06, 0x06, 0x00, 0x06, 0x00, 0x01, 0x05, 
	0x00, 0x05, 0x01, 0x00, 0x01, 0x01, 0x01, 0x01, 
	0x01, 0x01, 0x01, 0x01, 0x01, 0x01, 0x01, 0x01, 
	0x01, 0x01, 0x01, 0x01, 0x00, 0x01, 0x02, 0x01, 
	0x06, 0x06, 0x00, 0x00, 0x00, 0x00, 0x00, 0x06, 
	0x01, 0x01, 0x00, 0x01, 0x01, 0x00, 0x00, 0x0a, 
	0x01, 0x0a, 0x01, 0x01, 0x00, 0x01, 0x01, 0x01, 
	0x0a, 0x0a, 0x0a, 0x01, 0x01, 0x01, 0x01, 0x00, 
	0x06, 0x06, 0x06, 0x06, 0x06, 0x00, 0x00, 0x05, 
	0x00, 0x00, 0x00, 0x00, 0x00, 0x00, 0x0a, 0x00, 
	0x00, 0x00, 0x00, 0x00, 0x00, 0x01, 0x00, 0x00, 
	0x00, 0x01, 0x0a, 0x00, 0x01, 0x00, 0x01, 0x01, 
	0x06, 0x06, 0x06, 0x06, 0x06, 0x00, 0x06, 0x06, 
	0x00, 0x00, 0x00, 0x00, 0x00, 0x00, 0x00, 0x01, 
	0x00, 0x01, 0x05, 0x01, 0x05, 0x01, 0x00, 0x05, 
	0x05, 0x00, 0x01, 0x00, 0x05, 0x01, 0x00, 0x05, 
	0x07, 0x0b, 0x06, 0x06, 0x06, 0x06, 0x06, 0x06, 
	0x00, 0x00, 0x06, 0x06, 0x00, 0x06, 0x00, 0x00, 
	0x00, 0x05, 0x05, 0x00, 0x00, 0x00, 0x00, 0x00, 
	0x00, 0x00, 0x05, 0x00, 0x00, 0x00, 0x05, 0x06, 
	0x06, 0x0b, 0x06, 0x06, 0x06, 0x06, 0x06, 0x06, 
	0x06, 0x06, 0x06, 0x00, 0x06, 0x06, 0x06, 0x06, 
	0x00, 0x05, 0x06, 0x06, 0x00, 0x00, 0x06, 0x00, 
	0x06, 0x05, 0x06, 0x00, 0x00, 0x00, 0x00, 0x06, 
	0x0b, 0x07, 0x08, 0x0b, 0x06, 0x06, 0x06, 0x06, 
	0x06, 0x06, 0x06, 0x06, 0x06, 0x00, 0x06, 0x00, 
	0x06, 0x06, 0x06, 0x00, 0x06, 0x00, 0x06, 0x00, 
	0x06, 0x01, 0x06, 0x06, 0x00, 0x00, 0x06, 0x06, 
	0x07, 0x0b, 0x0b, 0x0b, 0x06, 0x0b, 0x06, 0x06, 
	0x06, 0x06, 0x06, 0x06, 0x06, 0x06, 0x06, 0x06, 
	0x06, 0x06, 0x00, 0x00, 0x06, 0x06, 0x00, 0x06, 
	0x06, 0x05, 0x06, 0x00, 0x06, 0x06, 0x06, 0x00, 
	0x07, 0x08, 0x07, 0x08, 0x0b, 0x0b, 0x07, 0x06, 
	0x06, 0x06, 0x06, 0x06, 0x06, 0x06, 0x06, 0x06, 
	0x06, 0x06, 0x06, 0x05, 0x06, 0x06, 0x06, 0x06, 
	0x06, 0x06, 0x06, 0x06, 0x06, 0x00, 0x06, 0x06, 
	0x0c, 0x08, 0x08, 0x08, 0x07, 0x07, 0x0b, 0x07, 
	0x0b, 0x06, 0x06, 0x06, 0x06, 0x06, 0x06, 0x06, 
	0x06, 0x06, 0x06, 0x06, 0x06, 0x06, 0x06, 0x06, 
	0x06, 0x06, 0x06, 0x05, 0x06, 0x06, 0x06, 0x06, 
	0x0c, 0x08, 0x08, 0x08, 0x07, 0x07, 0x07, 0x08, 
	0x08, 0x08, 0x08, 0x06, 0x06, 0x06, 0x06, 0x06, 
	0x06, 0x06, 0x06, 0x06, 0x06, 0x06, 0x06, 0x06, 
	0x06, 0x06, 0x06, 0x06, 0x06, 0x06, 0x06, 0x06, 
	0x0d, 0x0c, 0x08, 0x08, 0x08, 0x07, 0x08, 0x07, 
	0x07, 0x08, 0x07, 0x07, 0x07, 0x07, 0x06, 0x06, 
	0x06, 0x06, 0x06, 0x06, 0x06, 0x06, 0x06, 0x06, 
	0x06, 0x06, 0x06, 0x06, 0x06, 0x06, 0x06, 0x06, 
	0x0d, 0x0d, 0x0d, 0x0c, 0x0c, 0x07, 0x0c, 0x07, 
	0x08, 0x08, 0x08, 0x07, 0x07, 0x0b, 0x08, 0x07, 
	0x0b, 0x06, 0x0b, 0x06, 0x06, 0x06, 0x06, 0x06, 
	0x06, 0x06, 0x06, 0x06, 0x06, 0x06, 0x06, 0x06, 
	0x0d, 0x0d, 0x0d, 0x0d, 0x0c, 0x0c, 0x0c, 0x0c, 
	0x08, 0x08, 0x08, 0x08, 0x08, 0x08, 0x07, 0x07, 
	0x08, 0x08, 0x09, 0x0b, 0x06, 0x06, 0x0b, 0x0b, 
	0x0b, 0x07, 0x0b, 0x0b, 0x06, 0x0b, 0x07, 0x07, 
	0x0e, 0x0e, 0x0d, 0x0d, 0x0c, 0x0c, 0x0c, 0x07, 
	0x08, 0x08, 0x07, 0x07, 0x08, 0x08, 0x08, 0x08, 
	0x08, 0x08, 0x0b, 0x08, 0x08, 0x07, 0x0b, 0x0b, 
	0x08, 0x0b, 0x08, 0x07, 0x0b, 0x07, 0x0b, 0x08, 
	0x0e, 0x0e, 0x0d, 0x0d, 0x0d, 0x0d, 0x0d, 0x0d, 
	0x0d, 0x0d, 0x0c, 0x0c, 0x08, 0x08, 0x07, 0x08, 
	0x07, 0x0c, 0x08, 0x07, 0x07, 0x07, 0x07, 0x07, 
	0x07, 0x07, 0x07, 0x07, 0x08, 0x07, 0x07, 0x08, 
	0x0d, 0x0e, 0x0e, 0x0e, 0x0d, 0x0d, 0x0d, 0x0d, 
	0x0d, 0x0d, 0x0d, 0x0d, 0x0c, 0x08, 0x08, 0x08, 
	0x07, 0x07, 0x08, 0x08, 0x07, 0x08, 0x08, 0x08, 
	0x08, 0x07, 0x08, 0x08, 0x07, 0x08, 0x07, 0x0c, 
	0x0d, 0x0e, 0x0e, 0x0e, 0x0e, 0x0d, 0x0d, 0x0d, 
	0x0d, 0x0d, 0x0d, 0x0d, 0x0c, 0x0c, 0x0c, 0x08, 
	0x0c, 0x0c, 0x0c, 0x08, 0x08, 0x08, 0x08, 0x08, 
	0x08, 0x08, 0x08, 0x08, 0x08, 0x08, 0x0d, 0x0d, 
	0x0c, 0x0d, 0x0d, 0x0e, 0x0e, 0x0e, 0x0d, 0x0d, 
	0x0d, 0x0d, 0x0d, 0x0d, 0x0d, 0x0d, 0x0d, 0x0d, 
	0x0d, 0x0c, 0x0c, 0x0c, 0x0d, 0x0c, 0x08, 0x0c, 
	0x0d, 0x0c, 0x07, 0x0c, 0x0c, 0x08, 0x0d, 0x0d, 
	0x08, 0x0c, 0x0d, 0x0d, 0x0e, 0x0e, 0x0e, 0x0e, 
	0x0e, 0x0d, 0x0e, 0x0d, 0x0d, 0x0d, 0x0d, 0x0d, 
	0x0d, 0x0d, 0x0d, 0x0d, 0x0d, 0x0d, 0x0c, 0x0d, 
	0x0d, 0x0d, 0x0d, 0x0d, 0x0d, 0x0d, 0x0d, 0x0d, 
	0x09, 0x08, 0x0d, 0x0d, 0x0e, 0x0e, 0x0e, 0x0e, 
	0x0e, 0x0e, 0x0e, 0x0d, 0x0e, 0x0d, 0x0d, 0x0d, 
	0x0d, 0x0d, 0x0d, 0x0d, 0x0d, 0x0d, 0x0d, 0x0d, 
	0x0d, 0x0d, 0x0d, 0x0d, 0x0d, 0x0d, 0x0d, 0x0d, 
	0x0b, 0x0b, 0x08, 0x0d, 0x0d, 0x0e, 0x0f, 0x0e, 
	0x0f, 0x0f, 0x0e, 0x0e, 0x0d, 0x0d, 0x0d, 0x0d, 
	0x0d, 0x0d, 0x0d, 0x0d, 0x0d, 0x0d, 0x0d, 0x0d, 
	0x0d, 0x0d, 0x0d, 0x0d, 0x0d, 0x0d, 0x0d, 0x0d, 
	0x06, 0x06, 0x0b, 0x08, 0x0d, 0x0e, 0x0e, 0x0f, 
	0x0f, 0x0f, 0x0e, 0x0f, 0x0e, 0x0e, 0x0e, 0x0d, 
	0x0e, 0x0d, 0x0e, 0x0e, 0x0e, 0x0d, 0x0d, 0x0d, 
	0x0d, 0x0d, 0x0e, 0x0d, 0x0d, 0x0e, 0x0e, 0x0e, 
	0x06, 0x06, 0x06, 0x0b, 0x08, 0x0d, 0x0d, 0x0e, 
	0x0f, 0x0f, 0x10, 0x10, 0x0f, 0x0f, 0x0f, 0x0f, 
	0x0f, 0x0e, 0x0f, 0x0e, 0x0e, 0x0e, 0x0e, 0x0e, 
	0x0e, 0x0d, 0x0e, 0x0e, 0x0e, 0x0e, 0x0e, 0x0e, 
	0x00, 0x06, 0x06, 0x06, 0x0b, 0x07, 0x0c, 0x0d, 
	0x0e, 0x0f, 0x10, 0x10, 0x10, 0x10, 0x10, 0x0f, 
	0x0f, 0x0f, 0x0f, 0x0f, 0x0f, 0x0f, 0x0f, 0x0f, 
	0x0f, 0x0e, 0x0e, 0x0e, 0x0e, 0x0e, 0x0f, 0x0f, 
	0x01, 0x05, 0x06, 0x06, 0x06, 0x0b, 0x07, 0x0d, 
	0x0d, 0x0e, 0x0f, 0x10, 0x10, 0x10, 0x10, 0x10, 
	0x10, 0x11, 0x0f, 0x0f, 0x0f, 0x0f, 0x0f, 0x0f, 
	0x0f, 0x0f, 0x0f, 0x0f, 0x0f, 0x0f, 0x11, 0x11, 
	0x01, 0x05, 0x00, 0x06, 0x06, 0x0b, 0x0b, 0x08, 
	0x0c, 0x0d, 0x0e, 0x0f, 0x10, 0x10, 0x10, 0x10, 
	0x10, 0x10, 0x10, 0x10, 0x10, 0x10, 0x10, 0x10, 
	0x10, 0x0f, 0x10, 0x10, 0x0f, 0x10, 0x10, 0x10, 
	0x01, 0x01, 0x01, 0x00, 0x00, 0x06, 0x06, 0x0b, 
	0x07, 0x0c, 0x0d, 0x0d, 0x0f, 0x10, 0x10, 0x11, 
	0x12, 0x12, 0x13, 0x12, 0x12, 0x11, 0x10, 0x10, 
	0x11, 0x10, 0x10, 0x11, 0x10, 0x10, 0x10, 0x10, 
	0x01, 0x01, 0x01, 0x01, 0x00, 0x00, 0x06, 0x06, 
	0x0b, 0x07, 0x08, 0x0d, 0x0d, 0x0f, 0x0f, 0x10, 
	0x10, 0x12, 0x10, 0x12, 0x12, 0x13, 0x14, 0x14, 
	0x12, 0x12, 0x13, 0x12, 0x12, 0x13, 0x14, 0x13, 
	
};

Gfx wf_dl_tile_2_7_pal_rgba16_aligner[] = {gsSPEndDisplayList()};
u8 wf_dl_tile_2_7_pal_rgba16[] = {
	0x4b, 0x15, 0x53, 0x17, 0x53, 0x57, 0x5b, 0x57, 
	0x5b, 0x59, 0x4b, 0x17, 0x4a, 0xd5, 0x42, 0x95, 
	0x42, 0x93, 0x42, 0xd3, 0x53, 0x15, 0x42, 0xd5, 
	0x3a, 0x93, 0x3a, 0x53, 0x32, 0x53, 0x32, 0x13, 
	0x2a, 0x13, 0x2a, 0x11, 0x29, 0xd1, 0x29, 0xd3, 
	0x21, 0xd1, 
};

Gfx wf_dl_tile_2_8_ci8_aligner[] = {gsSPEndDisplayList()};
u8 wf_dl_tile_2_8_ci8[] = {
	0x00, 0x00, 0x00, 0x01, 0x01, 0x02, 0x02, 0x03, 
	0x04, 0x05, 0x06, 0x06, 0x07, 0x08, 0x08, 0x09, 
	0x0a, 0x0a, 0x0b, 0x0a, 0x0a, 0x09, 0x08, 0x08, 
	0x09, 0x08, 0x08, 0x09, 0x08, 0x08, 0x08, 0x08, 
	0x00, 0x00, 0x00, 0x00, 0x01, 0x01, 0x02, 0x02, 
	0x03, 0x04, 0x0c, 0x06, 0x06, 0x07, 0x07, 0x08, 
	0x08, 0x0a, 0x08, 0x0a, 0x0a, 0x0b, 0x0d, 0x0d, 
	0x0a, 0x0a, 0x0b, 0x0a, 0x0a, 0x0b, 0x0d, 0x0b, 
	0x00, 0x00, 0x0e, 0x00, 0x01, 0x01, 0x01, 0x02, 
	0x02, 0x02, 0x03, 0x04, 0x06, 0x06, 0x0f, 0x07, 
	0x08, 0x08, 0x0a, 0x0d, 0x0d, 0x0d, 0x0d, 0x0d, 
	0x0d, 0x0d, 0x0a, 0x0d, 0x0b, 0x0d, 0x10, 0x0d, 
	0x00, 0x00, 0x00, 0x01, 0x01, 0x01, 0x01, 0x02, 
	0x02, 0x02, 0x03, 0x03, 0x04, 0x05, 0x05, 0x0f, 
	0x07, 0x08, 0x08, 0x0a, 0x0a, 0x0d, 0x0d, 0x0d, 
	0x11, 0x0d, 0x11, 0x11, 0x11, 0x11, 0x11, 0x11, 
	0x00, 0x00, 0x00, 0x00, 0x12, 0x00, 0x01, 0x01, 
	0x01, 0x02, 0x02, 0x02, 0x03, 0x04, 0x05, 0x06, 
	0x06, 0x07, 0x07, 0x08, 0x0a, 0x0a, 0x0d, 0x11, 
	0x11, 0x11, 0x11, 0x11, 0x11, 0x11, 0x11, 0x11, 
	0x00, 0x00, 0x00, 0x00, 0x00, 0x0e, 0x0e, 0x01, 
	0x01, 0x01, 0x02, 0x02, 0x02, 0x03, 0x04, 0x05, 
	0x06, 0x06, 0x0f, 0x07, 0x08, 0x0a, 0x0d, 0x11, 
	0x11, 0x11, 0x11, 0x11, 0x11, 0x13, 0x14, 0x11, 
	0x00, 0x00, 0x00, 0x00, 0x00, 0x00, 0x00, 0x01, 
	0x01, 0x0e, 0x01, 0x02, 0x02, 0x02, 0x04, 0x04, 
	0x05, 0x05, 0x0f, 0x0f, 0x07, 0x08, 0x0a, 0x0a, 
	0x11, 0x11, 0x13, 0x15, 0x13, 0x15, 0x13, 0x14, 
	0x00, 0x00, 0x00, 0x00, 0x00, 0x00, 0x01, 0x01, 
	0x0e, 0x01, 0x02, 0x02, 0x02, 0x02, 0x03, 0x03, 
	0x0c, 0x05, 0x06, 0x06, 0x0f, 0x07, 0x08, 0x0a, 
	0x0d, 0x11, 0x11, 0x11, 0x14, 0x15, 0x14, 0x15, 
	0x00, 0x00, 0x00, 0x00, 0x00, 0x00, 0x00, 0x12, 
	0x12, 0x01, 0x01, 0x02, 0x02, 0x02, 0x02, 0x03, 
	0x03, 0x04, 0x05, 0x06, 0x06, 0x0f, 0x07, 0x08, 
	0x0b, 0x0d, 0x11, 0x11, 0x14, 0x15, 0x14, 0x15, 
	0x00, 0x00, 0x00, 0x00, 0x00, 0x00, 0x00, 0x00, 
	0x00, 0x01, 0x01, 0x01, 0x02, 0x02, 0x02, 0x03, 
	0x03, 0x04, 0x0c, 0x06, 0x06, 0x0f, 0x0f, 0x07, 
	0x08, 0x0d, 0x0d, 0x11, 0x11, 0x14, 0x14, 0x15, 
	0x00, 0x00, 0x00, 0x00, 0x00, 0x00, 0x00, 0x00, 
	0x00, 0x01, 0x01, 0x01, 0x01, 0x02, 0x02, 0x02, 
	0x02, 0x04, 0x0c, 0x06, 0x06, 0x06, 0x0f, 0x07, 
	0x08, 0x08, 0x0d, 0x0d, 0x11, 0x13, 0x14, 0x15, 
	0x00, 0x00, 0x00, 0x00, 0x00, 0x00, 0x00, 0x00, 
	0x12, 0x0e, 0x0e, 0x01, 0x01, 0x02, 0x02, 0x02, 
	0x02, 0x03, 0x04, 0x0c, 0x06, 0x06, 0x0f, 0x07, 
	0x08, 0x09, 0x0a, 0x0d, 0x11, 0x11, 0x11, 0x15, 
	0x16, 0x16, 0x16, 0x00, 0x00, 0x00, 0x00, 0x00, 
	0x00, 0x00, 0x00, 0x01, 0x01, 0x02, 0x02, 0x02, 
	0x02, 0x04, 0x0c, 0x04, 0x05, 0x06, 0x06, 0x0f, 
	0x07, 0x08, 0x08, 0x0a, 0x0b, 0x11, 0x11, 0x13, 
	0x16, 0x16, 0x16, 0x16, 0x00, 0x00, 0x00, 0x00, 
	0x00, 0x00, 0x00, 0x00, 0x01, 0x02, 0x02, 0x02, 
	0x02, 0x03, 0x04, 0x0c, 0x05, 0x06, 0x06, 0x0f, 
	0x07, 0x08, 0x08, 0x0a, 0x10, 0x10, 0x11, 0x11, 
	0x16, 0x16, 0x16, 0x16, 0x16, 0x00, 0x00, 0x00, 
	0x00, 0x00, 0x00, 0x00, 0x0e, 0x0e, 0x01, 0x02, 
	0x02, 0x02, 0x04, 0x04, 0x05, 0x06, 0x06, 0x0f, 
	0x07, 0x08, 0x08, 0x0a, 0x0b, 0x11, 0x11, 0x11, 
	0x16, 0x16, 0x16, 0x16, 0x16, 0x16, 0x16, 0x00, 
	0x00, 0x00, 0x00, 0x00, 0x00, 0x01, 0x02, 0x02, 
	0x02, 0x02, 0x04, 0x04, 0x0c, 0x06, 0x06, 0x0f, 
	0x07, 0x08, 0x08, 0x0b, 0x0d, 0x11, 0x11, 0x11, 
	0x16, 0x16, 0x16, 0x16, 0x16, 0x16, 0x16, 0x16, 
	0x00, 0x00, 0x00, 0x12, 0x12, 0x01, 0x01, 0x02, 
	0x02, 0x02, 0x03, 0x04, 0x05, 0x06, 0x06, 0x0f, 
	0x07, 0x08, 0x09, 0x0b, 0x0d, 0x11, 0x11, 0x11, 
	0x16, 0x16, 0x16, 0x16, 0x16, 0x16, 0x16, 0x16, 
	0x00, 0x00, 0x00, 0x00, 0x12, 0x00, 0x01, 0x02, 
	0x02, 0x02, 0x0c, 0x0c, 0x05, 0x06, 0x06, 0x0f, 
	0x07, 0x08, 0x08, 0x0a, 0x0d, 0x11, 0x11, 0x11, 
	0x00, 0x16, 0x16, 0x16, 0x16, 0x16, 0x16, 0x16, 
	0x16, 0x00, 0x00, 0x00, 0x00, 0x00, 0x01, 0x01, 
	0x02, 0x02, 0x02, 0x04, 0x05, 0x06, 0x06, 0x0f, 
	0x07, 0x08, 0x08, 0x0b, 0x0d, 0x11, 0x11, 0x11, 
	0x00, 0x16, 0x16, 0x16, 0x16, 0x16, 0x16, 0x16, 
	0x16, 0x00, 0x00, 0x00, 0x00, 0x01, 0x01, 0x02, 
	0x02, 0x02, 0x03, 0x04, 0x05, 0x06, 0x06, 0x0f, 
	0x07, 0x08, 0x08, 0x0a, 0x0d, 0x11, 0x11, 0x13, 
	0x00, 0x16, 0x16, 0x16, 0x16, 0x16, 0x16, 0x16, 
	0x16, 0x16, 0x00, 0x00, 0x00, 0x00, 0x0e, 0x02, 
	0x02, 0x02, 0x03, 0x04, 0x0c, 0x06, 0x06, 0x0f, 
	0x07, 0x08, 0x08, 0x0a, 0x0d, 0x11, 0x11, 0x13, 
	0x00, 0x00, 0x16, 0x16, 0x16, 0x16, 0x16, 0x16, 
	0x16, 0x16, 0x00, 0x00, 0x00, 0x00, 0x01, 0x02, 
	0x02, 0x02, 0x03, 0x04, 0x04, 0x06, 0x06, 0x06, 
	0x07, 0x08, 0x0a, 0x0a, 0x10, 0x11, 0x11, 0x13, 
	0x00, 0x00, 0x00, 0x00, 0x00, 0x16, 0x16, 0x16, 
	0x16, 0x16, 0x00, 0x00, 0x00, 0x00, 0x01, 0x02, 
	0x02, 0x02, 0x02, 0x04, 0x05, 0x06, 0x06, 0x0f, 
	0x07, 0x08, 0x08, 0x0a, 0x11, 0x11, 0x11, 0x13, 
	0x00, 0x00, 0x00, 0x00, 0x00, 0x16, 0x16, 0x00, 
	0x00, 0x16, 0x00, 0x00, 0x00, 0x00, 0x01, 0x01, 
	0x02, 0x02, 0x03, 0x04, 0x0c, 0x06, 0x06, 0x0f, 
	0x07, 0x08, 0x0a, 0x0d, 0x11, 0x11, 0x11, 0x13, 
	0x16, 0x16, 0x16, 0x16, 0x00, 0x00, 0x00, 0x00, 
	0x00, 0x00, 0x00, 0x00, 0x00, 0x0e, 0x0e, 0x01, 
	0x02, 0x02, 0x03, 0x04, 0x04, 0x06, 0x06, 0x0f, 
	0x08, 0x08, 0x0a, 0x0d, 0x0d, 0x11, 0x11, 0x13, 
	0x16, 0x16, 0x16, 0x16, 0x00, 0x00, 0x00, 0x00, 
	0x00, 0x00, 0x00, 0x12, 0x12, 0x01, 0x01, 0x02, 
	0x02, 0x02, 0x03, 0x04, 0x05, 0x06, 0x06, 0x07, 
	0x07, 0x08, 0x0a, 0x0d, 0x0d, 0x11, 0x11, 0x13, 
	0x16, 0x16, 0x16, 0x16, 0x16, 0x00, 0x00, 0x00, 
	0x00, 0x00, 0x00, 0x12, 0x00, 0x01, 0x01, 0x02, 
	0x02, 0x02, 0x03, 0x04, 0x05, 0x06, 0x06, 0x07, 
	0x07, 0x08, 0x0a, 0x0a, 0x11, 0x11, 0x11, 0x13, 
	0x17, 0x16, 0x16, 0x16, 0x16, 0x00, 0x00, 0x00, 
	0x00, 0x00, 0x12, 0x00, 0x00, 0x01, 0x02, 0x02, 
	0x02, 0x02, 0x04, 0x04, 0x06, 0x06, 0x06, 0x07, 
	0x08, 0x08, 0x0a, 0x0b, 0x11, 0x11, 0x11, 0x13, 
	0x17, 0x17, 0x17, 0x16, 0x16, 0x16, 0x16, 0x00, 
	0x00, 0x00, 0x00, 0x00, 0x00, 0x0e, 0x02, 0x02, 
	0x02, 0x03, 0x04, 0x0c, 0x06, 0x06, 0x0f, 0x0f, 
	0x08, 0x08, 0x0b, 0x0d, 0x0d, 0x11, 0x11, 0x15, 
	0x18, 0x19, 0x19, 0x16, 0x16, 0x16, 0x16, 0x00, 
	0x00, 0x00, 0x00, 0x00, 0x01, 0x0e, 0x02, 0x02, 
	0x02, 0x02, 0x04, 0x04, 0x05, 0x06, 0x06, 0x07, 
	0x08, 0x08, 0x0b, 0x0b, 0x11, 0x11, 0x11, 0x15, 
	0x18, 0x18, 0x18, 0x19, 0x17, 0x16, 0x16, 0x16, 
	0x16, 0x00, 0x00, 0x00, 0x0e, 0x0e, 0x02, 0x02, 
	0x02, 0x03, 0x0c, 0x0c, 0x06, 0x06, 0x0f, 0x0f, 
	0x08, 0x08, 0x0b, 0x0d, 0x11, 0x11, 0x13, 0x14, 
	0x1a, 0x1a, 0x18, 0x18, 0x18, 0x19, 0x16, 0x16, 
	0x16, 0x00, 0x00, 0x00, 0x00, 0x0e, 0x02, 0x02, 
	0x02, 0x03, 0x04, 0x0c, 0x06, 0x06, 0x0f, 0x07, 
	0x08, 0x08, 0x0a, 0x10, 0x11, 0x11, 0x13, 0x11, 
	
};

Gfx wf_dl_tile_2_8_pal_rgba16_aligner[] = {gsSPEndDisplayList()};
u8 wf_dl_tile_2_8_pal_rgba16[] = {
	0x53, 0x17, 0x4b, 0x15, 0x4a, 0xd5, 0x42, 0xd5, 
	0x42, 0x95, 0x3a, 0x93, 0x3a, 0x53, 0x32, 0x13, 
	0x2a, 0x13, 0x2a, 0x11, 0x29, 0xd1, 0x29, 0xd3, 
	0x42, 0x93, 0x21, 0xd1, 0x4b, 0x17, 0x32, 0x53, 
	0x21, 0xd3, 0x21, 0x91, 0x53, 0x15, 0x19, 0x91, 
	0x19, 0x51, 0x19, 0x4f, 0x53, 0x57, 0x5b, 0x57, 
	0x5b, 0x99, 0x5b, 0x59, 0x63, 0x99, 
};

Gfx wf_dl_tile_2_9_ci8_aligner[] = {gsSPEndDisplayList()};
u8 wf_dl_tile_2_9_ci8[] = {
	0x00, 0x00, 0x00, 0x01, 0x02, 0x03, 0x03, 0x03, 
	0x03, 0x04, 0x04, 0x04, 0x05, 0x05, 0x06, 0x06, 
	0x06, 0x07, 0x08, 0x08, 0x09, 0x09, 0x0a, 0x0a, 
	0x0b, 0x0b, 0x0c, 0x0d, 0x0e, 0x0e, 0x0f, 0x10, 
	0x11, 0x11, 0x00, 0x00, 0x00, 0x01, 0x03, 0x03, 
	0x03, 0x04, 0x04, 0x04, 0x04, 0x05, 0x06, 0x06, 
	0x06, 0x07, 0x12, 0x08, 0x09, 0x09, 0x0a, 0x13, 
	0x0b, 0x0b, 0x14, 0x15, 0x0e, 0x0e, 0x0f, 0x0e, 
	0x11, 0x16, 0x16, 0x00, 0x00, 0x00, 0x01, 0x03, 
	0x03, 0x03, 0x04, 0x04, 0x04, 0x05, 0x17, 0x06, 
	0x06, 0x07, 0x12, 0x18, 0x09, 0x09, 0x0a, 0x13, 
	0x0b, 0x19, 0x14, 0x14, 0x0d, 0x0e, 0x10, 0x0e, 
	0x00, 0x00, 0x16, 0x16, 0x16, 0x00, 0x00, 0x00, 
	0x01, 0x03, 0x03, 0x04, 0x04, 0x05, 0x17, 0x06, 
	0x06, 0x07, 0x12, 0x18, 0x09, 0x09, 0x0a, 0x13, 
	0x0b, 0x0b, 0x14, 0x14, 0x0e, 0x0e, 0x0f, 0x0e, 
	0x00, 0x00, 0x00, 0x00, 0x16, 0x16, 0x00, 0x00, 
	0x00, 0x01, 0x03, 0x03, 0x03, 0x04, 0x17, 0x06, 
	0x06, 0x06, 0x12, 0x08, 0x09, 0x09, 0x0a, 0x0a, 
	0x0b, 0x0b, 0x14, 0x0d, 0x0d, 0x10, 0x0e, 0x0e, 
	0x11, 0x16, 0x00, 0x00, 0x00, 0x00, 0x00, 0x00, 
	0x00, 0x01, 0x01, 0x03, 0x03, 0x04, 0x17, 0x06, 
	0x06, 0x07, 0x12, 0x08, 0x09, 0x09, 0x0a, 0x13, 
	0x0b, 0x0b, 0x14, 0x0d, 0x0e, 0x1a, 0x0d, 0x0e, 
	0x1b, 0x1c, 0x1d, 0x16, 0x00, 0x00, 0x01, 0x00, 
	0x00, 0x01, 0x01, 0x02, 0x03, 0x04, 0x1e, 0x06, 
	0x06, 0x06, 0x08, 0x08, 0x09, 0x09, 0x0a, 0x13, 
	0x0b, 0x0c, 0x0d, 0x0d, 0x0e, 0x0e, 0x0e, 0x0e, 
	0x1f, 0x20, 0x21, 0x1c, 0x11, 0x16, 0x01, 0x01, 
	0x01, 0x02, 0x01, 0x02, 0x03, 0x04, 0x04, 0x17, 
	0x06, 0x06, 0x08, 0x08, 0x09, 0x09, 0x0a, 0x13, 
	0x0b, 0x0c, 0x14, 0x0e, 0x22, 0x0c, 0x0e, 0x0e, 
	0x23, 0x24, 0x25, 0x26, 0x1b, 0x27, 0x1d, 0x00, 
	0x01, 0x03, 0x03, 0x03, 0x03, 0x03, 0x04, 0x17, 
	0x06, 0x06, 0x07, 0x08, 0x18, 0x09, 0x0a, 0x13, 
	0x0b, 0x0c, 0x14, 0x0e, 0x0e, 0x0d, 0x0e, 0x0e, 
	0x28, 0x29, 0x1f, 0x1f, 0x20, 0x2a, 0x2b, 0x2c, 
	0x2d, 0x01, 0x03, 0x03, 0x1e, 0x1e, 0x04, 0x05, 
	0x06, 0x06, 0x07, 0x12, 0x18, 0x09, 0x09, 0x13, 
	0x0b, 0x0c, 0x0c, 0x0e, 0x0d, 0x0e, 0x0e, 0x0e, 
	0x2e, 0x28, 0x2f, 0x30, 0x1f, 0x25, 0x20, 0x31, 
	0x2b, 0x32, 0x02, 0x03, 0x04, 0x1e, 0x17, 0x17, 
	0x05, 0x06, 0x06, 0x07, 0x08, 0x18, 0x09, 0x0a, 
	0x13, 0x0b, 0x0c, 0x0e, 0x0c, 0x0e, 0x0e, 0x0e, 
	0x2e, 0x33, 0x2f, 0x29, 0x24, 0x24, 0x34, 0x35, 
	0x36, 0x31, 0x37, 0x38, 0x39, 0x04, 0x04, 0x17, 
	0x06, 0x06, 0x06, 0x06, 0x07, 0x08, 0x09, 0x0a, 
	0x13, 0x0b, 0x0e, 0x14, 0x0e, 0x0e, 0x0e, 0x0e, 
	0x3a, 0x33, 0x28, 0x30, 0x1f, 0x24, 0x34, 0x3b, 
	0x35, 0x36, 0x36, 0x3c, 0x3d, 0x3e, 0x06, 0x06, 
	0x06, 0x06, 0x07, 0x07, 0x07, 0x08, 0x18, 0x0a, 
	0x13, 0x0b, 0x0e, 0x0c, 0x0e, 0x0e, 0x0e, 0x0e, 
	0x3a, 0x33, 0x28, 0x3f, 0x1f, 0x3b, 0x3b, 0x3b, 
	0x35, 0x35, 0x36, 0x36, 0x40, 0x41, 0x42, 0x43, 
	0x44, 0x45, 0x07, 0x06, 0x07, 0x08, 0x18, 0x09, 
	0x09, 0x14, 0x0b, 0x14, 0x0e, 0x0e, 0x0e, 0x0e, 
	0x3a, 0x46, 0x28, 0x2f, 0x3b, 0x3b, 0x20, 0x35, 
	0x36, 0x36, 0x36, 0x40, 0x40, 0x40, 0x40, 0x47, 
	0x48, 0x49, 0x4a, 0x09, 0x4b, 0x12, 0x08, 0x18, 
	0x09, 0x0b, 0x0a, 0x0c, 0x14, 0x0d, 0x0e, 0x0e, 
	0x3a, 0x46, 0x46, 0x1f, 0x3b, 0x3b, 0x4c, 0x36, 
	0x36, 0x40, 0x40, 0x40, 0x40, 0x40, 0x40, 0x47, 
	0x4d, 0x4e, 0x4f, 0x50, 0x51, 0x52, 0x13, 0x09, 
	0x09, 0x0a, 0x0a, 0x19, 0x14, 0x0c, 0x14, 0x14, 
	0x53, 0x46, 0x2f, 0x3b, 0x3b, 0x20, 0x36, 0x36, 
	0x40, 0x40, 0x40, 0x47, 0x47, 0x54, 0x55, 0x55, 
	0x55, 0x55, 0x55, 0x55, 0x4f, 0x56, 0x57, 0x58, 
	0x59, 0x0b, 0x0b, 0x0b, 0x19, 0x14, 0x0c, 0x14, 
	0x46, 0x2f, 0x30, 0x3b, 0x25, 0x36, 0x5a, 0x40, 
	0x40, 0x40, 0x4d, 0x55, 0x55, 0x55, 0x55, 0x55, 
	0x55, 0x5b, 0x5c, 0x5c, 0x5b, 0x5b, 0x5d, 0x5e, 
	0x5f, 0x58, 0x60, 0x14, 0x0d, 0x14, 0x0c, 0x0c, 
	0x2f, 0x2f, 0x3b, 0x25, 0x36, 0x61, 0x40, 0x47, 
	0x47, 0x4d, 0x55, 0x55, 0x5b, 0x5b, 0x62, 0x5b, 
	0x5b, 0x5b, 0x5b, 0x5b, 0x62, 0x62, 0x62, 0x63, 
	0x5d, 0x5e, 0x64, 0x65, 0x58, 0x66, 0x66, 0x67, 
	0x2f, 0x3b, 0x20, 0x36, 0x5a, 0x40, 0x40, 0x47, 
	0x54, 0x55, 0x55, 0x62, 0x62, 0x68, 0x62, 0x62, 
	0x62, 0x68, 0x68, 0x68, 0x69, 0x69, 0x69, 0x69, 
	0x69, 0x69, 0x69, 0x6a, 0x6b, 0x6c, 0x6d, 0x65, 
	0x3b, 0x20, 0x36, 0x61, 0x40, 0x40, 0x54, 0x55, 
	0x55, 0x5c, 0x62, 0x63, 0x62, 0x68, 0x68, 0x68, 
	0x69, 0x69, 0x69, 0x69, 0x69, 0x69, 0x69, 0x69, 
	0x69, 0x6e, 0x6a, 0x69, 0x6a, 0x6f, 0x70, 0x70, 
	0x35, 0x36, 0x40, 0x40, 0x47, 0x54, 0x55, 0x71, 
	0x62, 0x62, 0x62, 0x63, 0x69, 0x69, 0x69, 0x72, 
	0x73, 0x73, 0x6a, 0x6a, 0x6f, 0x73, 0x6f, 0x6f, 
	0x73, 0x73, 0x6a, 0x6f, 0x6e, 0x6a, 0x73, 0x74, 
	0x36, 0x40, 0x40, 0x40, 0x54, 0x55, 0x62, 0x62, 
	0x62, 0x62, 0x69, 0x6e, 0x69, 0x6a, 0x6f, 0x73, 
	0x73, 0x73, 0x74, 0x74, 0x74, 0x74, 0x6f, 0x74, 
	0x73, 0x73, 0x73, 0x74, 0x73, 0x73, 0x74, 0x73, 
	0x40, 0x40, 0x4d, 0x55, 0x55, 0x5b, 0x62, 0x62, 
	0x69, 0x69, 0x6a, 0x6a, 0x6a, 0x6f, 0x73, 0x73, 
	0x74, 0x74, 0x74, 0x74, 0x74, 0x74, 0x74, 0x74, 
	0x74, 0x6f, 0x75, 0x74, 0x75, 0x74, 0x75, 0x76, 
	0x40, 0x4d, 0x55, 0x77, 0x62, 0x62, 0x69, 0x69, 
	0x69, 0x6e, 0x73, 0x74, 0x74, 0x6f, 0x74, 0x74, 
	0x74, 0x74, 0x74, 0x74, 0x74, 0x75, 0x76, 0x76, 
	0x70, 0x74, 0x74, 0x74, 0x75, 0x75, 0x70, 0x74, 
	0x55, 0x55, 0x77, 0x62, 0x62, 0x63, 0x69, 0x6e, 
	0x73, 0x73, 0x74, 0x74, 0x74, 0x74, 0x75, 0x74, 
	0x70, 0x70, 0x75, 0x70, 0x74, 0x76, 0x74, 0x75, 
	0x70, 0x74, 0x70, 0x70, 0x74, 0x70, 0x70, 0x70, 
	0x55, 0x5b, 0x5b, 0x63, 0x69, 0x6e, 0x73, 0x73, 
	0x73, 0x74, 0x74, 0x74, 0x74, 0x75, 0x75, 0x75, 
	0x70, 0x70, 0x70, 0x70, 0x76, 0x70, 0x70, 0x76, 
	0x70, 0x70, 0x76, 0x76, 0x70, 0x75, 0x76, 0x70, 
	0x5b, 0x62, 0x62, 0x69, 0x69, 0x73, 0x73, 0x74, 
	0x74, 0x74, 0x75, 0x75, 0x76, 0x70, 0x70, 0x70, 
	0x70, 0x70, 0x70, 0x70, 0x70, 0x70, 0x76, 0x70, 
	0x70, 0x70, 0x74, 0x70, 0x70, 0x70, 0x70, 0x76, 
	0x63, 0x69, 0x73, 0x6a, 0x73, 0x74, 0x74, 0x74, 
	0x74, 0x74, 0x70, 0x76, 0x76, 0x70, 0x70, 0x70, 
	0x70, 0x70, 0x70, 0x70, 0x70, 0x70, 0x70, 0x70, 
	0x70, 0x70, 0x76, 0x78, 0x78, 0x70, 0x75, 0x79, 
	0x6a, 0x6f, 0x6f, 0x74, 0x74, 0x76, 0x76, 0x76, 
	0x76, 0x76, 0x76, 0x76, 0x76, 0x70, 0x70, 0x70, 
	0x70, 0x70, 0x70, 0x70, 0x70, 0x76, 0x76, 0x76, 
	0x70, 0x74, 0x7a, 0x7a, 0x4f, 0x7b, 0x4e, 0x4e, 
	0x74, 0x75, 0x76, 0x76, 0x76, 0x70, 0x70, 0x70, 
	0x70, 0x70, 0x70, 0x70, 0x70, 0x7c, 0x7c, 0x7c, 
	0x7c, 0x70, 0x70, 0x70, 0x6a, 0x5b, 0x5d, 0x74, 
	0x63, 0x77, 0x5b, 0x7b, 0x77, 0x55, 0x77, 0x4f, 
	0x76, 0x7c, 0x7c, 0x70, 0x7c, 0x7c, 0x7c, 0x7d, 
	0x7e, 0x78, 0x78, 0x78, 0x78, 0x78, 0x70, 0x74, 
	0x6a, 0x7f, 0x4f, 0x55, 0x4e, 0x5d, 0x80, 0x7c, 
	0x5d, 0x81, 0x4f, 0x81, 0x82, 0x83, 0x84, 0x85, 
	
};

Gfx wf_dl_tile_2_9_pal_rgba16_aligner[] = {gsSPEndDisplayList()};
u8 wf_dl_tile_2_9_pal_rgba16[] = {
	0x5b, 0x99, 0x5b, 0x59, 0x5b, 0x57, 0x53, 0x57, 
	0x53, 0x17, 0x4b, 0x17, 0x4a, 0xd5, 0x42, 0xd5, 
	0x42, 0x93, 0x3a, 0x53, 0x32, 0x53, 0x2a, 0x13, 
	0x29, 0xd3, 0x21, 0xd1, 0x21, 0x91, 0x19, 0x91, 
	0x19, 0x51, 0x63, 0x99, 0x42, 0x95, 0x32, 0x13, 
	0x29, 0xd1, 0x21, 0xd3, 0x63, 0x9b, 0x4b, 0x15, 
	0x3a, 0x93, 0x2a, 0x11, 0x19, 0x4f, 0x6a, 0xd1, 
	0x6b, 0x15, 0x63, 0x59, 0x53, 0x15, 0x8a, 0xcd, 
	0x82, 0x8d, 0x72, 0x91, 0x19, 0x8f, 0x92, 0xcb, 
	0x8a, 0xcb, 0x82, 0x8b, 0x7a, 0x8d, 0x63, 0x17, 
	0x9b, 0x0f, 0x93, 0x0d, 0x7a, 0x8f, 0x6a, 0x91, 
	0x63, 0x15, 0x63, 0x57, 0x9b, 0x51, 0x92, 0xcf, 
	0x92, 0xcd, 0x72, 0x4d, 0x5a, 0xd5, 0x9b, 0x4f, 
	0x8a, 0x8b, 0x82, 0x4b, 0x7a, 0x4b, 0x62, 0x91, 
	0x5a, 0x93, 0x52, 0xd5, 0xa3, 0x51, 0x8a, 0x8d, 
	0x6a, 0x4d, 0x5a, 0x4f, 0x52, 0x51, 0x93, 0x0f, 
	0x72, 0x09, 0x6a, 0x0b, 0x5a, 0x0f, 0x4a, 0x4f, 
	0x4a, 0x51, 0x4a, 0x95, 0x9b, 0x11, 0x6a, 0x09, 
	0x5a, 0x0d, 0x49, 0xcd, 0x42, 0x0f, 0x42, 0x55, 
	0x82, 0x4d, 0x69, 0xc9, 0x61, 0xc9, 0x59, 0xc9, 
	0x49, 0xcb, 0x39, 0xcd, 0x31, 0xcf, 0xa3, 0x11, 
	0x69, 0xc7, 0x61, 0xc7, 0x41, 0x89, 0x31, 0x4b, 
	0x29, 0x4b, 0x29, 0x8f, 0x7a, 0x49, 0x59, 0x87, 
	0x61, 0x87, 0x51, 0x87, 0x49, 0x47, 0x31, 0x09, 
	0x21, 0x8d, 0x7a, 0x09, 0x59, 0x85, 0x51, 0x85, 
	0x31, 0x07, 0x29, 0x09, 0x21, 0x4d, 0x29, 0x91, 
	0x59, 0x45, 0x51, 0x45, 0x49, 0x45, 0x39, 0x03, 
	0x28, 0xc5, 0x29, 0x07, 0x49, 0x43, 0x49, 0x05, 
	0x38, 0xc3, 0x61, 0x85, 0x51, 0x05, 0x49, 0x03, 
	0x41, 0x03, 0x40, 0xc3, 0x38, 0xc1, 0x59, 0xc7, 
	0x30, 0x81, 0x41, 0x05, 0x49, 0x87, 0x62, 0x09, 
	0x30, 0xc3, 0x30, 0x83, 0x30, 0xc1, 0x51, 0x89, 
	0x28, 0xc3, 0x51, 0x47, 0x6a, 0x4f, 0x83, 0x99, 
	0x9c, 0xa1, 0xde, 0xb5, 
};

Gfx wf_dl_tile_3_0_ci8_aligner[] = {gsSPEndDisplayList()};
u8 wf_dl_tile_3_0_ci8[] = {
	0x00, 0x00, 0x00, 0x00, 0x00, 0x00, 0x00, 0x00, 
	0x00, 0x00, 0x00, 0x00, 0x00, 0x00, 0x00, 0x00, 
	0x00, 0x00, 0x00, 0x00, 0x00, 0x00, 0x00, 0x00, 
	0x00, 0x00, 0x00, 0x00, 0x00, 0x00, 0x00, 0x00, 
	0x00, 0x00, 0x00, 0x00, 0x00, 0x00, 0x00, 0x00, 
	0x00, 0x00, 0x00, 0x00, 0x00, 0x00, 0x00, 0x00, 
	0x00, 0x00, 0x00, 0x00, 0x00, 0x00, 0x00, 0x00, 
	0x00, 0x00, 0x00, 0x00, 0x00, 0x00, 0x00, 0x00, 
	0x00, 0x00, 0x00, 0x00, 0x00, 0x00, 0x00, 0x00, 
	0x00, 0x00, 0x00, 0x00, 0x00, 0x00, 0x00, 0x00, 
	0x00, 0x00, 0x00, 0x00, 0x00, 0x00, 0x00, 0x00, 
	0x00, 0x00, 0x00, 0x00, 0x00, 0x00, 0x00, 0x00, 
	0x00, 0x00, 0x00, 0x00, 0x00, 0x00, 0x00, 0x00, 
	0x00, 0x00, 0x00, 0x00, 0x00, 0x00, 0x00, 0x00, 
	0x00, 0x00, 0x00, 0x00, 0x00, 0x00, 0x00, 0x00, 
	0x00, 0x00, 0x00, 0x00, 0x00, 0x00, 0x00, 0x00, 
	0x00, 0x00, 0x00, 0x00, 0x00, 0x00, 0x00, 0x00, 
	0x00, 0x00, 0x00, 0x00, 0x00, 0x00, 0x00, 0x00, 
	0x00, 0x00, 0x00, 0x00, 0x00, 0x00, 0x00, 0x00, 
	0x00, 0x00, 0x00, 0x00, 0x00, 0x00, 0x00, 0x00, 
	0x00, 0x00, 0x00, 0x00, 0x00, 0x00, 0x00, 0x00, 
	0x00, 0x00, 0x00, 0x00, 0x00, 0x00, 0x00, 0x00, 
	0x00, 0x00, 0x00, 0x00, 0x00, 0x00, 0x00, 0x00, 
	0x00, 0x00, 0x00, 0x00, 0x00, 0x00, 0x00, 0x00, 
	0x00, 0x00, 0x00, 0x00, 0x00, 0x00, 0x00, 0x00, 
	0x00, 0x01, 0x02, 0x03, 0x04, 0x05, 0x06, 0x07, 
	0x07, 0x07, 0x08, 0x09, 0x0a, 0x0b, 0x00, 0x00, 
	0x00, 0x00, 0x00, 0x00, 0x00, 0x00, 0x00, 0x00, 
	0x00, 0x00, 0x00, 0x00, 0x0c, 0x0d, 0x06, 0x0e, 
	0x0f, 0x10, 0x10, 0x11, 0x11, 0x12, 0x12, 0x13, 
	0x13, 0x12, 0x11, 0x14, 0x14, 0x15, 0x15, 0x16, 
	0x17, 0x18, 0x19, 0x1a, 0x00, 0x00, 0x00, 0x00, 
	0x1b, 0x1c, 0x1d, 0x1e, 0x1f, 0x12, 0x20, 0x21, 
	0x22, 0x23, 0x21, 0x22, 0x22, 0x24, 0x23, 0x21, 
	0x25, 0x21, 0x25, 0x25, 0x25, 0x13, 0x13, 0x13, 
	0x26, 0x26, 0x27, 0x28, 0x29, 0x2a, 0x2b, 0x1b, 
	0x2c, 0x12, 0x22, 0x22, 0x23, 0x23, 0x2d, 0x2e, 
	0x2e, 0x2e, 0x2e, 0x2e, 0x2f, 0x2e, 0x2e, 0x23, 
	0x22, 0x23, 0x23, 0x21, 0x25, 0x25, 0x25, 0x13, 
	0x13, 0x13, 0x26, 0x30, 0x31, 0x31, 0x32, 0x33, 
	0x22, 0x2d, 0x2e, 0x2e, 0x2e, 0x2e, 0x2e, 0x2e, 
	0x2e, 0x2e, 0x2e, 0x2e, 0x2e, 0x2e, 0x2e, 0x2e, 
	0x23, 0x2e, 0x2e, 0x22, 0x23, 0x22, 0x21, 0x25, 
	0x25, 0x13, 0x34, 0x13, 0x26, 0x35, 0x31, 0x32, 
	0x2e, 0x2e, 0x2e, 0x2e, 0x2e, 0x2e, 0x2e, 0x2e, 
	0x2e, 0x2e, 0x2e, 0x2e, 0x2e, 0x2e, 0x2e, 0x2e, 
	0x2e, 0x2e, 0x2e, 0x2e, 0x22, 0x23, 0x23, 0x21, 
	0x21, 0x25, 0x25, 0x13, 0x13, 0x26, 0x30, 0x31, 
	0x2e, 0x2e, 0x2e, 0x2e, 0x2e, 0x2e, 0x2e, 0x2e, 
	0x2e, 0x2e, 0x2e, 0x2e, 0x2e, 0x2e, 0x2e, 0x2e, 
	0x2e, 0x2e, 0x2e, 0x2e, 0x2e, 0x23, 0x22, 0x23, 
	0x21, 0x21, 0x25, 0x25, 0x13, 0x13, 0x26, 0x30, 
	0x2e, 0x2e, 0x2e, 0x2e, 0x2e, 0x2e, 0x2e, 0x2e, 
	0x2e, 0x2e, 0x2e, 0x2e, 0x2e, 0x2e, 0x2e, 0x2e, 
	0x2e, 0x2e, 0x2e, 0x2e, 0x2e, 0x2d, 0x2e, 0x22, 
	0x23, 0x23, 0x21, 0x25, 0x36, 0x13, 0x13, 0x26, 
	0x2e, 0x2e, 0x2e, 0x2e, 0x2e, 0x2e, 0x2e, 0x2e, 
	0x2e, 0x2e, 0x2e, 0x2e, 0x2e, 0x2e, 0x2e, 0x2e, 
	0x2e, 0x2e, 0x2e, 0x2e, 0x2e, 0x2e, 0x22, 0x22, 
	0x22, 0x23, 0x21, 0x21, 0x25, 0x25, 0x13, 0x26, 
	0x2e, 0x2e, 0x2e, 0x2e, 0x2e, 0x2e, 0x2e, 0x2e, 
	0x2e, 0x2e, 0x2e, 0x37, 0x38, 0x38, 0x38, 0x1f, 
	0x38, 0x38, 0x38, 0x37, 0x39, 0x2e, 0x2e, 0x22, 
	0x22, 0x23, 0x23, 0x21, 0x25, 0x25, 0x25, 0x13, 
	0x2e, 0x2e, 0x2e, 0x2e, 0x2e, 0x2e, 0x2e, 0x2e, 
	0x39, 0x38, 0x3a, 0x3b, 0x3c, 0x09, 0x0a, 0x3d, 
	0x3e, 0x3f, 0x40, 0x41, 0x42, 0x0f, 0x38, 0x22, 
	0x22, 0x22, 0x22, 0x22, 0x21, 0x25, 0x25, 0x25, 
	0x2e, 0x2e, 0x2e, 0x2e, 0x2e, 0x2d, 0x39, 0x1f, 
	0x3b, 0x43, 0x44, 0x1b, 0x00, 0x1b, 0x00, 0x00, 
	0x00, 0x00, 0x00, 0x1b, 0x1b, 0x44, 0x45, 0x1d, 
	0x10, 0x20, 0x21, 0x24, 0x21, 0x25, 0x25, 0x13, 
	0x2e, 0x2e, 0x2e, 0x2e, 0x2e, 0x1f, 0x46, 0x02, 
	0x01, 0x00, 0x00, 0x00, 0x00, 0x00, 0x00, 0x00, 
	0x00, 0x00, 0x00, 0x00, 0x1b, 0x00, 0x47, 0x47, 
	0x48, 0x49, 0x4a, 0x12, 0x25, 0x25, 0x25, 0x13, 
	0x2e, 0x2e, 0x2e, 0x39, 0x4b, 0x2b, 0x1b, 0x00, 
	0x00, 0x1b, 0x44, 0x00, 0x00, 0x00, 0x00, 0x00, 
	0x00, 0x00, 0x00, 0x00, 0x1b, 0x4c, 0x01, 0x47, 
	0x47, 0x44, 0x4d, 0x4e, 0x34, 0x25, 0x25, 0x13, 
	0x2e, 0x2e, 0x39, 0x4f, 0x50, 0x00, 0x00, 0x00, 
	0x00, 0x51, 0x52, 0x53, 0x00, 0x00, 0x00, 0x00, 
	0x00, 0x00, 0x00, 0x01, 0x54, 0x55, 0x54, 0x47, 
	0x56, 0x47, 0x57, 0x43, 0x58, 0x11, 0x25, 0x21, 
	0x2e, 0x39, 0x59, 0x3d, 0x00, 0x00, 0x00, 0x00, 
	0x3e, 0x5a, 0x22, 0x1e, 0x54, 0x1b, 0x00, 0x00, 
	0x00, 0x00, 0x01, 0x51, 0x5b, 0x11, 0x5c, 0x3d, 
	0x5d, 0x5d, 0x5d, 0x57, 0x5e, 0x58, 0x13, 0x13, 
	0x39, 0x5f, 0x0a, 0x00, 0x00, 0x00, 0x00, 0x1b, 
	0x60, 0x11, 0x22, 0x12, 0x5f, 0x43, 0x1b, 0x00, 
	0x00, 0x1b, 0x61, 0x1e, 0x34, 0x36, 0x62, 0x63, 
	0x4c, 0x5d, 0x64, 0x65, 0x5d, 0x66, 0x67, 0x26, 
	0x38, 0x68, 0x1b, 0x00, 0x00, 0x00, 0x00, 0x02, 
	0x5f, 0x23, 0x22, 0x22, 0x12, 0x29, 0x48, 0x01, 
	0x1b, 0x40, 0x1e, 0x34, 0x13, 0x25, 0x13, 0x69, 
	0x02, 0x5d, 0x5d, 0x65, 0x65, 0x4c, 0x6a, 0x6b, 
	0x6c, 0x44, 0x00, 0x00, 0x00, 0x00, 0x00, 0x6d, 
	0x20, 0x23, 0x23, 0x23, 0x23, 0x21, 0x29, 0x6e, 
	0x54, 0x6f, 0x34, 0x25, 0x13, 0x13, 0x26, 0x27, 
	0x4d, 0x4c, 0x65, 0x65, 0x70, 0x65, 0x71, 0x72, 
	0x73, 0x00, 0x00, 0x00, 0x00, 0x00, 0x02, 0x74, 
	0x22, 0x23, 0x12, 0x75, 0x21, 0x21, 0x12, 0x76, 
	0x1e, 0x34, 0x25, 0x13, 0x1f, 0x26, 0x13, 0x26, 
	0x77, 0x02, 0x65, 0x70, 0x70, 0x78, 0x79, 0x7a, 
	0x7b, 0x00, 0x00, 0x00, 0x00, 0x1b, 0x7c, 0x7d, 
	0x23, 0x23, 0x5f, 0x7e, 0x4a, 0x21, 0x21, 0x12, 
	0x13, 0x25, 0x13, 0x5b, 0x7f, 0x80, 0x13, 0x13, 
	0x28, 0x6d, 0x79, 0x70, 0x78, 0x81, 0x78, 0x82, 
	0x01, 0x00, 0x00, 0x00, 0x00, 0x83, 0x5b, 0x12, 
	0x23, 0x21, 0x84, 0x44, 0x85, 0x11, 0x21, 0x21, 
	0x25, 0x25, 0x86, 0x87, 0x44, 0x88, 0x26, 0x26, 
	0x26, 0x89, 0x6e, 0x70, 0x78, 0x8a, 0x8a, 0x8b, 
	0x01, 0x00, 0x00, 0x00, 0x01, 0x8c, 0x12, 0x22, 
	0x23, 0x62, 0x8d, 0x47, 0x44, 0x8e, 0x14, 0x21, 
	0x25, 0x62, 0x8f, 0x44, 0x47, 0x4d, 0x27, 0x26, 
	0x90, 0x28, 0x91, 0x70, 0x81, 0x92, 0x93, 0x78, 
	0x47, 0x00, 0x94, 0x47, 0x3f, 0x95, 0x22, 0x22, 
	0x22, 0x52, 0x7b, 0x47, 0x47, 0x02, 0x96, 0x34, 
	0x14, 0x49, 0x3e, 0x47, 0x5d, 0x3f, 0x67, 0x26, 
	0x30, 0x31, 0x97, 0x5e, 0x8a, 0x93, 0x98, 0x81, 
	0x5d, 0x94, 0x47, 0x01, 0x08, 0x11, 0x22, 0x12, 
	0x12, 0x8e, 0x57, 0x47, 0x47, 0x47, 0x43, 0x74, 
	0x99, 0x02, 0x47, 0x4c, 0x5d, 0x9a, 0x9b, 0x27, 
	0x30, 0x31, 0x32, 0x9c, 0x9d, 0x9e, 0x9f, 0xa0, 
	0x5d, 0x47, 0x5d, 0x02, 0x6f, 0x21, 0x21, 0x21, 
	0x11, 0xa1, 0x5d, 0xa2, 0x5d, 0x5d, 0x4c, 0xa3, 
	0x71, 0x5d, 0x5d, 0x5d, 0x64, 0xa4, 0xa5, 0x28, 
	0x30, 0x30, 0xa6, 0xa7, 0xa8, 0x9f, 0x9f, 0x92, 
	
};

Gfx wf_dl_tile_3_0_pal_rgba16_aligner[] = {gsSPEndDisplayList()};
u8 wf_dl_tile_3_0_pal_rgba16[] = {
	0xff, 0xff, 0xff, 0xbd, 0xff, 0x37, 0xf6, 0x71, 
	0xf6, 0x2d, 0xe4, 0x9f, 0xec, 0x1d, 0xf4, 0x5d, 
	0xec, 0xe3, 0xfe, 0x6f, 0xfe, 0xf3, 0xff, 0x7b, 
	0xff, 0x39, 0xf5, 0x25, 0xeb, 0x53, 0xda, 0x09, 
	0xd9, 0xc7, 0xe1, 0x85, 0xe9, 0x85, 0xe1, 0x43, 
	0xd9, 0x83, 0xd1, 0x85, 0xd2, 0x0b, 0xdb, 0x53, 
	0xe3, 0xdb, 0xe5, 0x25, 0xf6, 0xf7, 0xff, 0xfd, 
	0xed, 0xed, 0xeb, 0xd9, 0xda, 0x4b, 0xe1, 0xc7, 
	0xe9, 0xc5, 0xe9, 0x83, 0xf1, 0x85, 0xf1, 0x83, 
	0xf1, 0x43, 0xe9, 0x43, 0xd9, 0x43, 0xd1, 0x43, 
	0xc9, 0x43, 0xd2, 0x8f, 0xd3, 0x99, 0xee, 0x2d, 
	0xe2, 0x09, 0xf9, 0xc5, 0xf9, 0x85, 0xf9, 0x83, 
	0xd1, 0x01, 0xd1, 0x03, 0xc9, 0x03, 0xc2, 0x0d, 
	0xe1, 0x83, 0xd9, 0x01, 0xe9, 0x45, 0xf1, 0xc7, 
	0xe9, 0xc7, 0xf1, 0xc5, 0xe2, 0x8d, 0xec, 0x5d, 
	0xe5, 0x67, 0xff, 0x77, 0xff, 0x79, 0xff, 0x35, 
	0xf6, 0x6d, 0xe5, 0x65, 0xec, 0x1b, 0xf6, 0xb1, 
	0xff, 0xbb, 0xed, 0xeb, 0xec, 0x5b, 0xf7, 0xbd, 
	0xf6, 0xb3, 0xdb, 0x97, 0xd9, 0xc5, 0xea, 0x8d, 
	0xf7, 0x7b, 0xed, 0x65, 0xc9, 0xc7, 0xe3, 0x11, 
	0xff, 0x33, 0xf5, 0xeb, 0xd2, 0x8d, 0xfe, 0xf1, 
	0xf6, 0x6f, 0xb2, 0x8d, 0xf7, 0x7d, 0xf7, 0xbb, 
	0xca, 0x4b, 0xe3, 0x55, 0xda, 0xcf, 0xd2, 0x09, 
	0xd2, 0xd1, 0xef, 0x7b, 0xee, 0xb1, 0xda, 0x8d, 
	0xf5, 0x67, 0xf6, 0x2b, 0xd9, 0x85, 0xed, 0xa7, 
	0xef, 0x79, 0xe7, 0x39, 0xe5, 0x69, 0xc1, 0x87, 
	0xf5, 0xa9, 0xca, 0x8f, 0xbb, 0x99, 0xc9, 0x45, 
	0xe3, 0x13, 0xed, 0x25, 0xf6, 0xf3, 0xd2, 0x4b, 
	0xe6, 0xf7, 0xee, 0xb3, 0xa9, 0xc9, 0xf5, 0xe9, 
	0xd2, 0x4d, 0xea, 0x09, 0xda, 0x8f, 0xca, 0x4d, 
	0xde, 0xf7, 0xef, 0x39, 0xb3, 0x57, 0xff, 0xb9, 
	0xe4, 0xe1, 0xe1, 0xc5, 0xf5, 0xa5, 0xf5, 0xe7, 
	0xc9, 0xc9, 0xde, 0xb5, 0xdd, 0xed, 0xfe, 0xf5, 
	0xe4, 0x5d, 0xdc, 0x9f, 0xd9, 0x87, 0xed, 0x67, 
	0xd3, 0x55, 0xc2, 0x4d, 0xd6, 0xb5, 0xe6, 0xf5, 
	0xe4, 0x5f, 0xfe, 0x6d, 0xdb, 0xd9, 0xdc, 0x5d, 
	0xd9, 0x03, 0xe4, 0xe3, 0xd6, 0x73, 0xce, 0x31, 
	0xf7, 0xff, 0xd1, 0xc9, 0xd3, 0x11, 0xc2, 0x0b, 
	0xce, 0x2f, 0xd3, 0x13, 0xf7, 0xb9, 0xcb, 0x13, 
	0xe4, 0xa3, 0xde, 0x73, 0xcd, 0xef, 0xcd, 0xed, 
	0xd6, 0xb3, 0xed, 0xa9, 0xef, 0xbb, 0xee, 0x6f, 
	0xe7, 0x37, 0xdc, 0xe1, 0xc9, 0x01, 0xba, 0x0b, 
	0xee, 0x2f, 
};

Gfx wf_dl_tile_3_1_rgba16_aligner[] = {gsSPEndDisplayList()};
u8 wf_dl_tile_3_1_rgba16[] = {
	0xef, 0x7b, 0xf7, 0xff, 0xf7, 0xbd, 0xff, 0xbd, 
	0xec, 0xe3, 0xe1, 0x85, 0xf1, 0x85, 0xe9, 0x85, 
	0xe9, 0x85, 0xdb, 0xd9, 0xf7, 0xbb, 0xf7, 0xbd, 
	0xf7, 0xbd, 0xf7, 0xbd, 0xf6, 0xb1, 0xd2, 0x4d, 
	0xd3, 0x13, 0xff, 0x37, 0xf7, 0xbd, 0xf7, 0x7b, 
	0xef, 0x7b, 0xf7, 0xb9, 0xcb, 0x13, 0xd1, 0x43, 
	0xd1, 0x01, 0xd1, 0x03, 0xc9, 0x03, 0xe4, 0xa3, 
	0xde, 0x73, 0xcd, 0xef, 0xcd, 0xed, 0xd6, 0xb3, 
	0xef, 0x7b, 0xf7, 0xbd, 0xef, 0x7b, 0xff, 0x37, 
	0xd2, 0x4b, 0xe9, 0x83, 0xe9, 0x83, 0xe9, 0x83, 
	0xe1, 0x85, 0xed, 0xa9, 0xef, 0x7b, 0xef, 0xbb, 
	0xef, 0x7b, 0xef, 0x7b, 0xf7, 0x7b, 0xee, 0x6f, 
	0xee, 0xb3, 0xef, 0x7b, 0xef, 0x7b, 0xef, 0x7b, 
	0xef, 0x79, 0xe7, 0x37, 0xdc, 0xe1, 0xc9, 0x43, 
	0xd1, 0x01, 0xd1, 0x01, 0xc9, 0x01, 0xba, 0x0b, 
	0xee, 0x2f, 0xcd, 0xed, 0xcd, 0xed, 0xd6, 0x73, 
	0xef, 0x7b, 0xef, 0x3b, 0xf7, 0x7b, 0xe5, 0x25, 
	0xd9, 0x85, 0xe9, 0x83, 0xe9, 0x43, 0xe9, 0x43, 
	0xd2, 0x09, 0xff, 0x37, 0xef, 0x79, 0xef, 0x79, 
	0xef, 0x7b, 0xef, 0x7b, 0xef, 0x79, 0xf7, 0x79, 
	0xef, 0x79, 0xef, 0x39, 0xef, 0x79, 0xef, 0x37, 
	0xe7, 0x37, 0xe6, 0xf7, 0xfe, 0x6f, 0xb9, 0x85, 
	0xd1, 0x01, 0xd1, 0x01, 0xc9, 0x01, 0xc1, 0x03, 
	0xdc, 0xa1, 0xcd, 0xed, 0xc5, 0xad, 0xd6, 0x73, 
	0xef, 0x7b, 0xde, 0xf7, 0xfe, 0xf5, 0xca, 0x4d, 
	0xe9, 0x43, 0xe9, 0x43, 0xe9, 0x43, 0xe1, 0x43, 
	0xdb, 0x57, 0xf7, 0x79, 0xef, 0x39, 0xef, 0x77, 
	0xef, 0x37, 0xef, 0x77, 0xef, 0x39, 0xe7, 0x37, 
	0xef, 0x37, 0xe7, 0x37, 0xe6, 0xf5, 0xe6, 0xf5, 
	0xe6, 0xf5, 0xee, 0xf5, 0xf6, 0xf3, 0xca, 0x8f, 
	0xd1, 0x03, 0xd1, 0x01, 0xc9, 0x03, 0xc9, 0x03, 
	0xb2, 0x0b, 0xd5, 0xab, 0xc5, 0xad, 0xd6, 0x73, 
	0xf7, 0x7b, 0xde, 0xf7, 0xed, 0xa9, 0xd1, 0x85, 
	0xe9, 0x43, 0xe9, 0x43, 0xe9, 0x43, 0xd9, 0x83, 
	0xed, 0x23, 0xe6, 0xf7, 0xe7, 0x37, 0xe7, 0x37, 
	0xe7, 0x37, 0xe7, 0x37, 0xef, 0x37, 0xe6, 0xf7, 
	0xe6, 0xf3, 0xe6, 0xf5, 0xe6, 0xf5, 0xe6, 0xf3, 
	0xe6, 0xb3, 0xde, 0x71, 0xde, 0x73, 0xd3, 0xdb, 
	0xc9, 0x03, 0xd1, 0x03, 0xc8, 0xc3, 0xc9, 0x03, 
	0xa9, 0x45, 0xcc, 0xe3, 0xcd, 0xef, 0xcd, 0xed, 
	0xfe, 0xf5, 0xde, 0xf7, 0xee, 0x71, 0xdb, 0x55, 
	0xd9, 0x85, 0xe1, 0x85, 0xe9, 0x43, 0xca, 0x09, 
	0xfe, 0xaf, 0xe6, 0xf5, 0xe6, 0xf5, 0xde, 0xf5, 
	0xe6, 0xf5, 0xe6, 0xf5, 0xe6, 0xf5, 0xe6, 0xf5, 
	0xe6, 0xf5, 0xe6, 0xb3, 0xe6, 0xb3, 0xde, 0xb3, 
	0xde, 0x73, 0xde, 0x31, 0xd6, 0x2f, 0xf5, 0xa7, 
	0xb9, 0x45, 0xd1, 0x03, 0xc1, 0x03, 0xb9, 0x45, 
	0xbb, 0x13, 0xd5, 0x69, 0xd6, 0x2f, 0xbc, 0xe5, 
	0xed, 0x25, 0xe7, 0x39, 0xde, 0xb5, 0xee, 0xb1, 
	0xdc, 0x5d, 0xda, 0x0b, 0xe1, 0x83, 0xd3, 0x13, 
	0xee, 0xf5, 0xde, 0xb3, 0xe6, 0xf3, 0xe6, 0xf5, 
	0xe6, 0xf5, 0xee, 0xf3, 0xe6, 0xf3, 0xe6, 0xb5, 
	0xe6, 0xf3, 0xd6, 0x71, 0xde, 0x2f, 0xde, 0x31, 
	0xde, 0x31, 0xd5, 0xef, 0xd5, 0xed, 0xe5, 0xeb, 
	0xba, 0x0b, 0xc9, 0x03, 0xb9, 0xc9, 0xc4, 0x1b, 
	0xcd, 0xab, 0xc5, 0xab, 0xcd, 0xef, 0x92, 0x93, 
	0xda, 0xd1, 0xf6, 0xb3, 0xde, 0xf5, 0xde, 0x73, 
	0xe6, 0x71, 0xed, 0x67, 0xdb, 0x13, 0xdc, 0x5f, 
	0xde, 0xb3, 0xde, 0x71, 0xe6, 0xb3, 0xe6, 0xb3, 
	0xde, 0xb1, 0xe6, 0xb3, 0xe6, 0xf3, 0xde, 0x71, 
	0xe6, 0xb3, 0xde, 0x71, 0xde, 0x2f, 0xde, 0x31, 
	0xd5, 0xef, 0xd5, 0xed, 0xd5, 0xad, 0xd5, 0xab, 
	0xc3, 0x57, 0xca, 0xd1, 0xc4, 0xa3, 0xb5, 0x69, 
	0xbd, 0x6b, 0xcd, 0xed, 0xc5, 0x27, 0x79, 0x05, 
	0xf1, 0xc5, 0xec, 0x1b, 0xee, 0xf5, 0xde, 0x73, 
	0xd6, 0x31, 0xde, 0x2f, 0xee, 0x2f, 0xe6, 0x2f, 
	0xee, 0x71, 0xee, 0x6f, 0xf6, 0x71, 0xe6, 0x2f, 
	0xe6, 0x2d, 0xe5, 0xab, 0xed, 0xad, 0xe5, 0xa9, 
	0xe5, 0xa9, 0xe5, 0xa9, 0xe5, 0xa9, 0xdd, 0xab, 
	0xe5, 0xab, 0xdd, 0xa9, 0xdd, 0xa9, 0xd5, 0x69, 
	0xcd, 0x27, 0xcd, 0x69, 0xbd, 0x6b, 0xbd, 0xab, 
	0xc5, 0xab, 0xc5, 0xab, 0x82, 0x0f, 0xa1, 0x03, 
	0xf9, 0x85, 0xe2, 0x07, 0xec, 0xe1, 0xf6, 0x71, 
	0xe5, 0xab, 0xe5, 0x67, 0xec, 0xe1, 0xdb, 0xd9, 
	0xdb, 0x95, 0xdb, 0x13, 0xe2, 0xd1, 0xda, 0x8d, 
	0xda, 0x4b, 0xd1, 0x87, 0xd1, 0x45, 0xc9, 0x43, 
	0xc9, 0x45, 0xc9, 0x45, 0xd1, 0xc9, 0xc2, 0x09, 
	0xca, 0x4b, 0xca, 0x8d, 0xca, 0x8f, 0xc2, 0xd1, 
	0xbb, 0x57, 0xb4, 0x1d, 0xbc, 0x61, 0xc4, 0xe5, 
	0xd5, 0x29, 0x9a, 0x93, 0x90, 0xc3, 0xc9, 0x43, 
	0xf1, 0x85, 0xe9, 0x83, 0xd9, 0x87, 0xea, 0xcf, 
	0xd9, 0xc7, 0xd9, 0x85, 0xd9, 0x83, 0xe1, 0x43, 
	0xe1, 0x83, 0xd9, 0x43, 0xd9, 0x43, 0xd9, 0x43, 
	0xd9, 0x43, 0xd1, 0x01, 0xd9, 0x03, 0xd1, 0x01, 
	0xd1, 0x03, 0xd1, 0x01, 0xd1, 0x01, 0xd1, 0x03, 
	0xc9, 0x03, 0xc9, 0x03, 0xc1, 0x03, 0xc1, 0x03, 
	0xb9, 0x03, 0xb9, 0x03, 0xb1, 0x03, 0xb1, 0x05, 
	0xb9, 0xcb, 0xa0, 0xc3, 0xc9, 0x43, 0xc9, 0x03, 
	0xe1, 0x43, 0xe1, 0x43, 0xe1, 0x43, 0xe1, 0x43, 
	0xe1, 0x43, 0xe9, 0x43, 0xe1, 0x43, 0xe1, 0x43, 
	0xe1, 0x43, 0xe1, 0x43, 0xe1, 0x43, 0xe1, 0x43, 
	0xe1, 0x43, 0xd9, 0x43, 0xd9, 0x03, 0xd9, 0x03, 
	0xd9, 0x03, 0xd1, 0x01, 0xd1, 0x01, 0xd1, 0x03, 
	0xc9, 0x03, 0xc9, 0x01, 0xc9, 0x03, 0xc9, 0x03, 
	0xc8, 0xc1, 0xc9, 0x03, 0xc0, 0xc1, 0xb8, 0xc3, 
	0xb8, 0xc1, 0xb8, 0xc1, 0xb8, 0xc1, 0xb8, 0xc1, 
	0xe9, 0x43, 0xe9, 0x43, 0xe9, 0x43, 0xe9, 0x43, 
	0xe9, 0x43, 0xe9, 0x43, 0xe9, 0x43, 0xe9, 0x43, 
	0xe9, 0x83, 0xe9, 0x83, 0xe9, 0x43, 0xe9, 0x43, 
	0xe9, 0x43, 0xe9, 0x43, 0xe9, 0x43, 0xe9, 0x43, 
	0xe9, 0x43, 0xe1, 0x43, 0xe1, 0x43, 0xe1, 0x43, 
	0xd9, 0x03, 0xd9, 0x03, 0xd9, 0x03, 0xd9, 0x03, 
	0xd1, 0x03, 0xd1, 0x03, 0xc9, 0x03, 0xc8, 0xc1, 
	0xc0, 0xc1, 0xc0, 0xc1, 0xb8, 0xc1, 0xb8, 0xc1, 
	0xe9, 0x43, 0xf1, 0x83, 0xf1, 0x43, 0xf1, 0x83, 
	0xf1, 0x83, 0xf1, 0x85, 0xf1, 0x85, 0xf1, 0xc5, 
	0xf9, 0xc5, 0xf9, 0x85, 0xf1, 0x85, 0xf1, 0x85, 
	0xf1, 0x85, 0xf1, 0x85, 0xf1, 0x85, 0xf1, 0x87, 
	0xf1, 0x85, 0xe9, 0x85, 0xe9, 0x85, 0xe9, 0x85, 
	0xf1, 0x85, 0xe9, 0x85, 0xe9, 0x85, 0xe9, 0x85, 
	0xe9, 0x85, 0xe1, 0x45, 0xe1, 0x45, 0xd9, 0x43, 
	0xd9, 0x03, 0xd1, 0x03, 0xc9, 0x01, 0xc0, 0xc1, 
	0xf1, 0x85, 0xf1, 0xc5, 0xe9, 0x85, 0xe9, 0x85, 
	0xe1, 0x43, 0xd9, 0x45, 0xd1, 0x43, 0xc9, 0x03, 
	0xc0, 0xc3, 0xb8, 0xc1, 0xb8, 0xc1, 0xb0, 0x81, 
	0xb0, 0x81, 0xa8, 0x81, 0xa8, 0x81, 0xb0, 0x83, 
	0xa8, 0x81, 0xa8, 0x81, 0xa8, 0x81, 0xb0, 0xc1, 
	0xb0, 0xc1, 0xb8, 0xc1, 0xb8, 0xc1, 0xc1, 0x03, 
	0xc1, 0x03, 0xc9, 0x03, 0xc9, 0x03, 0xd1, 0x03, 
	0xd1, 0x03, 0xd9, 0x45, 0xd9, 0x43, 0xd9, 0x43, 
	0xc9, 0x03, 0xb9, 0x03, 0xa8, 0x81, 0xa8, 0x81, 
	0x98, 0x81, 0x90, 0x41, 0x90, 0x81, 0x90, 0x81, 
	0x90, 0x81, 0x90, 0x83, 0x90, 0x81, 0x90, 0x83, 
	0x90, 0x83, 0x90, 0x81, 0x90, 0x83, 0x88, 0x41, 
	0x88, 0x81, 0x90, 0x83, 0x88, 0x81, 0x88, 0x83, 
	0x88, 0x81, 0x88, 0x81, 0x88, 0x81, 0x88, 0x41, 
	0x88, 0x81, 0x90, 0x41, 0x90, 0x41, 0x98, 0x81, 
	0xa0, 0x81, 0xa0, 0x81, 0xb0, 0xc1, 0xb8, 0xc1, 
	0x88, 0x41, 0x88, 0x81, 0x90, 0x83, 0x90, 0x83, 
	0x90, 0x81, 0x90, 0x81, 0x90, 0x81, 0x90, 0x81, 
	0x90, 0x81, 0x90, 0x83, 0x90, 0x83, 0x90, 0x81, 
	0x88, 0x81, 0x88, 0x81, 0x90, 0x81, 0x90, 0x81, 
	0x90, 0x81, 0x88, 0x81, 0x88, 0x81, 0x88, 0x81, 
	0x88, 0x81, 0x88, 0x81, 0x88, 0x81, 0x90, 0x81, 
	0x88, 0x81, 0x88, 0x81, 0x88, 0x81, 0x88, 0x81, 
	0x88, 0x83, 0x80, 0x41, 0x80, 0x41, 0x88, 0x81, 
	0x90, 0x81, 0x88, 0x81, 0x88, 0x81, 0x88, 0x41, 
	0x90, 0x83, 0x88, 0x81, 0x88, 0x41, 0x88, 0x81, 
	0x88, 0x83, 0x88, 0x41, 0x88, 0x81, 0x88, 0x83, 
	0x88, 0x41, 0x88, 0x81, 0x88, 0x81, 0x88, 0x81, 
	0x88, 0x41, 0x88, 0x81, 0x80, 0x41, 0x88, 0x81, 
	0x88, 0x81, 0x88, 0x81, 0x88, 0x41, 0x88, 0x81, 
	0x80, 0x81, 0x80, 0x81, 0x80, 0x81, 0x80, 0x81, 
	0x80, 0x81, 0x80, 0x41, 0x80, 0x81, 0x80, 0x81, 
	0x88, 0x81, 0x88, 0x81, 0x80, 0x81, 0x88, 0x83, 
	0x80, 0x41, 0x88, 0x41, 0x80, 0x81, 0x88, 0x83, 
	0x80, 0x81, 0x80, 0x81, 0x80, 0x81, 0x80, 0x81, 
	0x80, 0x83, 0x80, 0x41, 0x80, 0x81, 0x80, 0x81, 
	0x80, 0x81, 0x80, 0x41, 0x80, 0x81, 0x80, 0x81, 
	0x80, 0x81, 0x80, 0x81, 0x80, 0x81, 0x80, 0x81, 
	0x80, 0x81, 0x78, 0x81, 0x78, 0x81, 0x80, 0x81, 
	0x80, 0x81, 0x80, 0x81, 0x80, 0x81, 0x78, 0x41, 
	0x88, 0x81, 0x80, 0x41, 0x80, 0x41, 0x80, 0x81, 
	0x80, 0x81, 0x80, 0x81, 0x80, 0x81, 0x78, 0x43, 
	0x78, 0x83, 0x78, 0x83, 0x78, 0x81, 0x78, 0x41, 
	0x78, 0x81, 0x78, 0x81, 0x78, 0x81, 0x78, 0x81, 
	0x78, 0x83, 0x78, 0x41, 0x78, 0x81, 0x78, 0x81, 
	0x78, 0x81, 0x78, 0x41, 0x78, 0x81, 0x70, 0x41, 
	0x78, 0x81, 0x70, 0x41, 0x70, 0x41, 0x78, 0x41, 
	0x78, 0x81, 0x78, 0x41, 0x78, 0x41, 0x70, 0x81, 
	0x78, 0x81, 0x78, 0x83, 0x78, 0x41, 0x70, 0x83, 
	0x70, 0x41, 0x70, 0x41, 0x68, 0x41, 0x68, 0x41, 
	0x68, 0x81, 0x68, 0x81, 0x60, 0x41, 0x60, 0x81, 
	0x60, 0x81, 0x60, 0x81, 0x60, 0x81, 0x60, 0x81, 
	0x60, 0x41, 0x68, 0x81, 0x60, 0x41, 0x68, 0x41, 
	0x68, 0x81, 0x68, 0x81, 0x68, 0x81, 0x60, 0x41, 
	0x68, 0x81, 0x68, 0x41, 0x68, 0x41, 0x68, 0x83, 
	0x68, 0x41, 0x68, 0x41, 0x68, 0x41, 0x68, 0x81, 
	0x68, 0x41, 0x68, 0x81, 0x60, 0x41, 0x60, 0x81, 
	0x60, 0x81, 0x60, 0x81, 0x60, 0xc3, 0x60, 0xc3, 
	0x61, 0x05, 0x71, 0x89, 0x71, 0x89, 0x71, 0xc9, 
	0x71, 0x87, 0x7a, 0x09, 0x71, 0xc9, 0x71, 0xc9, 
	0x71, 0xc9, 0x79, 0xcb, 0x79, 0xc9, 0x79, 0x89, 
	0x71, 0x87, 0x71, 0x87, 0x69, 0x05, 0x69, 0x05, 
	0x60, 0xc3, 0x60, 0xc3, 0x60, 0x81, 0x60, 0x41, 
	0x60, 0x81, 0x60, 0x41, 0x60, 0x41, 0x60, 0x41, 
	0x60, 0xc3, 0x60, 0xc3, 0x69, 0x05, 0x71, 0x87, 
	0x71, 0x87, 0x79, 0xc9, 0x72, 0x09, 0x72, 0x09, 
	0x72, 0x09, 0x72, 0x09, 0x72, 0x09, 0x72, 0x09, 
	0x72, 0x09, 0x7a, 0x4b, 0x7a, 0x4b, 0x72, 0x09, 
	0x7a, 0x4b, 0x72, 0x09, 0x7a, 0x4b, 0x7a, 0x4b, 
	0x7a, 0x09, 0x7a, 0x09, 0x7a, 0x09, 0x7a, 0x09, 
	0x7a, 0x09, 0x7a, 0x09, 0x71, 0xc9, 0x82, 0x0b, 
	0x71, 0x87, 0x69, 0x45, 0x60, 0xc3, 0x58, 0xc3, 
	0x49, 0x07, 0x72, 0x4b, 0x72, 0x09, 0x72, 0x09, 
	0x72, 0x09, 0x72, 0x09, 0x7a, 0x09, 0x7a, 0x09, 
	0x7a, 0x49, 0x7a, 0x09, 0x7a, 0x4b, 0x7a, 0x09, 
	0x82, 0x4b, 0x7a, 0x4b, 0x7a, 0x4b, 0x7a, 0x4b, 
	0x7a, 0x4b, 0x7a, 0x4b, 0x7a, 0x4b, 0x72, 0x49, 
	0x7a, 0x4b, 0x7a, 0x4b, 0x7a, 0x4b, 0x7a, 0x4b, 
	0x7a, 0x4b, 0x7a, 0x49, 0x7a, 0x4b, 0x72, 0x09, 
	0x7a, 0x09, 0x72, 0x09, 0x72, 0x4b, 0x49, 0x07, 
	0x08, 0x01, 0x28, 0x83, 0x6a, 0x4d, 0x72, 0x4b, 
	0x72, 0x09, 0x7a, 0x4b, 0x7a, 0x49, 0x7a, 0x49, 
	0x7a, 0x4b, 0x7a, 0x4b, 0x82, 0x4b, 0x7a, 0x4b, 
	0x7a, 0x4b, 0x82, 0x8d, 0x7a, 0x4b, 0x7a, 0x4b, 
	0x7a, 0x4b, 0x82, 0x4b, 0x82, 0x8b, 0x7a, 0x4b, 
	0x82, 0x8b, 0x7a, 0x4b, 0x82, 0x8b, 0x82, 0x4b, 
	0x82, 0x4b, 0x7a, 0x49, 0x7a, 0x49, 0x7a, 0x4b, 
	0x7a, 0x4b, 0x6a, 0x0b, 0x20, 0x43, 0x08, 0x01, 
	0x08, 0x01, 0x08, 0x01, 0x18, 0x43, 0x72, 0x4d, 
	0x7a, 0x4b, 0x7a, 0x4b, 0x7a, 0x49, 0x82, 0x4b, 
	0x82, 0x8b, 0x82, 0x4b, 0x82, 0x8d, 0x82, 0x4d, 
	0x82, 0x8d, 0x82, 0x8d, 0x82, 0x4b, 0x82, 0x8d, 
	0x82, 0x8d, 0x82, 0x8d, 0x82, 0x8d, 0x82, 0x8d, 
	0x82, 0x8d, 0x82, 0x4b, 0x82, 0x8d, 0x82, 0x4b, 
	0x82, 0x4b, 0x82, 0x4b, 0x82, 0x4b, 0x82, 0x4b, 
	0x6a, 0x0b, 0x18, 0x41, 0x08, 0x01, 0x08, 0x01, 
	0x08, 0x01, 0x08, 0x01, 0x08, 0x01, 0x28, 0xc3, 
	0x7a, 0x4d, 0x82, 0x4b, 0x82, 0x8b, 0x82, 0x4b, 
	0x82, 0x8b, 0x8a, 0x8d, 0x82, 0x8d, 0x82, 0x8d, 
	0x82, 0x8d, 0x8a, 0x8d, 0x82, 0x4b, 0x8a, 0x8d, 
	0x82, 0x8d, 0x8a, 0x8d, 0x8a, 0x8d, 0x8a, 0x8d, 
	0x82, 0x4b, 0x8a, 0x8d, 0x8a, 0x8d, 0x82, 0x8d, 
	0x82, 0x8b, 0x82, 0x4b, 0x82, 0x4b, 0x7a, 0x8d, 
	0x20, 0x83, 0x08, 0x01, 0x08, 0x01, 0x08, 0x01, 
	0x08, 0x01, 0x08, 0x01, 0x08, 0x01, 0x08, 0x01, 
	0x49, 0x49, 0x82, 0x4d, 0x82, 0x4b, 0x8a, 0x8d, 
	0x8a, 0x8d, 0x8a, 0x8d, 0x82, 0x8b, 0x8a, 0x8d, 
	0x8a, 0x8d, 0x8a, 0x8d, 0x8a, 0x8d, 0x8a, 0x8d, 
	0x8a, 0x8d, 0x8a, 0x8d, 0x8a, 0x8d, 0x8a, 0x8d, 
	0x8a, 0x8d, 0x8a, 0x8d, 0x8a, 0x8d, 0x82, 0x8d, 
	0x8a, 0x8d, 0x82, 0x8b, 0x82, 0x8d, 0x41, 0x07, 
	0x08, 0x01, 0x08, 0x01, 0x08, 0x01, 0x08, 0x01, 
	0x08, 0x01, 0x08, 0x01, 0x08, 0x01, 0x08, 0x01, 
	0x18, 0x41, 0x82, 0xd1, 0x8a, 0x8d, 0x8a, 0x8d, 
	0x8a, 0x8d, 0x8a, 0x8d, 0x8a, 0x8d, 0x8a, 0x8d, 
	0x8a, 0x8d, 0x8a, 0x8d, 0x8a, 0x8d, 0x8a, 0x8d, 
	0x8a, 0x8d, 0x8a, 0x8d, 0x8a, 0x8d, 0x8a, 0x8d, 
	0x8a, 0x8d, 0x8a, 0x8d, 0x8a, 0x8d, 0x8a, 0x8d, 
	0x8a, 0x8d, 0x8a, 0x8d, 0x7a, 0x4d, 0x18, 0x01, 
	0x08, 0x01, 0x08, 0x01, 0x08, 0x01, 0x08, 0x01, 
	0x08, 0x01, 0x08, 0x01, 0x08, 0x01, 0x08, 0x01, 
	0x08, 0x01, 0x51, 0x89, 0x8a, 0x8d, 0x8a, 0x8d, 
	0x8a, 0x8d, 0x8a, 0x8d, 0x8a, 0x8d, 0x8a, 0x8d, 
	0x8a, 0x8d, 0x8a, 0x8d, 0x8a, 0x8d, 0x8a, 0x8d, 
	0x8a, 0x8d, 0x8a, 0x8d, 0x8a, 0x8d, 0x8a, 0x8d, 
	0x8a, 0x8d, 0x8a, 0x8d, 0x8a, 0x8d, 0x8a, 0x8d, 
	0x8a, 0x8d, 0x82, 0x8d, 0x41, 0x07, 0x08, 0x01, 
	0x08, 0x01, 0x08, 0x01, 0x08, 0x01, 0x08, 0x01, 
	0x08, 0x01, 0x08, 0x01, 0x08, 0x01, 0x08, 0x01, 
	0x08, 0x01, 0x28, 0x83, 0x8a, 0xd1, 0x8a, 0x8d, 
	0x92, 0xcf, 0x8a, 0x8d, 0x8a, 0x8d, 0x92, 0xcd, 
	0x8a, 0x8d, 0x8a, 0x8d, 0x92, 0xcf, 0x8a, 0x8d, 
	0x8a, 0x8d, 0x92, 0xcf, 0x8a, 0x8d, 0x8a, 0x8d, 
	0x8a, 0x8d, 0x8a, 0x8d, 0x8a, 0xcd, 0x8a, 0x8d, 
	0x8a, 0x8d, 0x8b, 0x11, 0x10, 0x41, 0x08, 0x01, 
	0x08, 0x01, 0x08, 0x01, 0x08, 0x01, 0x08, 0x01, 
	0x10, 0x01, 0x08, 0x01, 0x08, 0x01, 0x08, 0x01, 
	0x08, 0x01, 0x10, 0x01, 0x72, 0x4f, 0x8a, 0x8d, 
	0x92, 0xcf, 0x92, 0xcf, 0x92, 0xcf, 0x8a, 0x8d, 
	0x92, 0xcf, 0x92, 0xcf, 0x92, 0xcf, 0x92, 0xcf, 
	0x92, 0xcf, 0x92, 0xcf, 0x92, 0xcf, 0x92, 0xcf, 
	0x92, 0xcf, 0x92, 0xcf, 0x92, 0xcf, 0x92, 0xcf, 
	0x92, 0xcd, 0x6a, 0x0d, 0x08, 0x01, 0x08, 0x01, 
	0x08, 0x01, 0x08, 0x01, 0x08, 0x01, 0x18, 0x41, 
	
};

Gfx wf_dl_tile_3_2_rgba16_aligner[] = {gsSPEndDisplayList()};
u8 wf_dl_tile_3_2_rgba16[] = {
	0x08, 0x01, 0x08, 0x01, 0x08, 0x01, 0x08, 0x01, 
	0x08, 0x01, 0x28, 0x83, 0x8a, 0xd1, 0x8a, 0x8d, 
	0x92, 0xcf, 0x8a, 0x8d, 0x8a, 0x8d, 0x92, 0xcd, 
	0x8a, 0x8d, 0x8a, 0x8d, 0x92, 0xcf, 0x8a, 0x8d, 
	0x8a, 0x8d, 0x92, 0xcf, 0x8a, 0x8d, 0x8a, 0x8d, 
	0x8a, 0x8d, 0x8a, 0x8d, 0x8a, 0xcd, 0x8a, 0x8d, 
	0x8a, 0x8d, 0x8b, 0x11, 0x10, 0x41, 0x08, 0x01, 
	0x08, 0x01, 0x08, 0x01, 0x08, 0x01, 0x08, 0x01, 
	0x10, 0x01, 0x08, 0x01, 0x08, 0x01, 0x08, 0x01, 
	0x08, 0x01, 0x10, 0x01, 0x72, 0x4f, 0x8a, 0x8d, 
	0x92, 0xcf, 0x92, 0xcf, 0x92, 0xcf, 0x8a, 0x8d, 
	0x92, 0xcf, 0x92, 0xcf, 0x92, 0xcf, 0x92, 0xcf, 
	0x92, 0xcf, 0x92, 0xcf, 0x92, 0xcf, 0x92, 0xcf, 
	0x92, 0xcf, 0x92, 0xcf, 0x92, 0xcf, 0x92, 0xcf, 
	0x92, 0xcd, 0x6a, 0x0d, 0x08, 0x01, 0x08, 0x01, 
	0x08, 0x01, 0x08, 0x01, 0x08, 0x01, 0x18, 0x41, 
	0x82, 0xd1, 0x49, 0x89, 0x10, 0x41, 0x08, 0x01, 
	0x08, 0x01, 0x08, 0x01, 0x49, 0x49, 0x92, 0xcf, 
	0x92, 0xcf, 0x92, 0xcf, 0x92, 0xcf, 0x92, 0xcf, 
	0x92, 0xcf, 0x92, 0xcf, 0x92, 0xcf, 0x93, 0x0f, 
	0x92, 0xcf, 0x92, 0xcf, 0x92, 0xcf, 0x92, 0xcf, 
	0x92, 0xcf, 0x92, 0xcf, 0x92, 0xcf, 0x92, 0xcf, 
	0x93, 0x0f, 0x39, 0x07, 0x08, 0x01, 0x08, 0x01, 
	0x08, 0x01, 0x18, 0x43, 0x51, 0x89, 0x8b, 0x13, 
	0x9b, 0x53, 0x93, 0x53, 0x7a, 0xd3, 0x31, 0x09, 
	0x08, 0x01, 0x08, 0x01, 0x20, 0x83, 0x9b, 0x53, 
	0x92, 0xcf, 0x9b, 0x0f, 0x92, 0xcf, 0x92, 0xcf, 
	0x92, 0xcf, 0x9b, 0x11, 0x93, 0x0f, 0x92, 0xcf, 
	0x93, 0x0f, 0x93, 0x0f, 0x92, 0xcf, 0x93, 0x0f, 
	0x92, 0xcf, 0x92, 0xcf, 0x92, 0xcf, 0x92, 0xcf, 
	0x93, 0x13, 0x18, 0x01, 0x08, 0x01, 0x08, 0x01, 
	0x49, 0x89, 0x8b, 0x11, 0xa3, 0x53, 0xa3, 0x51, 
	0x49, 0x49, 0x28, 0xc5, 0x20, 0xc5, 0x20, 0xc5, 
	0x10, 0x43, 0x00, 0x01, 0x10, 0x01, 0x8b, 0x13, 
	0x92, 0xcf, 0x92, 0xcf, 0x93, 0x0f, 0x9b, 0x11, 
	0x92, 0xcf, 0x9b, 0x11, 0x9b, 0x11, 0x9b, 0x11, 
	0x9b, 0x11, 0x93, 0x0f, 0x93, 0x0f, 0x92, 0xcf, 
	0x92, 0xcf, 0x92, 0xcd, 0x92, 0xcf, 0x92, 0xcf, 
	0x72, 0x4f, 0x10, 0x01, 0x18, 0x41, 0x72, 0x4f, 
	0xa3, 0x55, 0xa3, 0x53, 0xa3, 0x53, 0xa3, 0x53, 
	0x00, 0x01, 0x00, 0x01, 0x00, 0x01, 0x00, 0x01, 
	0x00, 0x01, 0x00, 0x01, 0x08, 0x01, 0x59, 0xcb, 
	0xa3, 0x51, 0x9b, 0x11, 0x9b, 0x11, 0x9b, 0x11, 
	0x9b, 0x11, 0x9b, 0x11, 0x9b, 0x11, 0x9b, 0x11, 
	0x9b, 0x11, 0x92, 0xcf, 0x9b, 0x11, 0x9b, 0x0f, 
	0x9a, 0xcf, 0x9a, 0xcf, 0x9b, 0x0f, 0x9b, 0x11, 
	0x49, 0x49, 0x20, 0x41, 0x82, 0xd1, 0xab, 0x97, 
	0xa3, 0x55, 0x9b, 0x55, 0x93, 0x13, 0x9b, 0x53, 
	0x00, 0x01, 0x00, 0x01, 0x00, 0x01, 0x00, 0x01, 
	0x00, 0x01, 0x00, 0x01, 0x00, 0x01, 0x30, 0xc5, 
	0xa3, 0x95, 0xa3, 0x51, 0xa3, 0x51, 0xa3, 0x11, 
	0x9b, 0x11, 0xa3, 0x53, 0xa3, 0x11, 0x9b, 0x11, 
	0x9b, 0x11, 0x9b, 0x11, 0x9b, 0x11, 0x9b, 0x0f, 
	0x9b, 0x11, 0x9b, 0x11, 0xa3, 0x51, 0xab, 0x97, 
	0x38, 0x83, 0x8a, 0xd1, 0xa3, 0x55, 0x82, 0xd1, 
	0x51, 0x89, 0x39, 0x07, 0x28, 0xc5, 0x28, 0xc5, 
	0x00, 0x01, 0x00, 0x01, 0x00, 0x01, 0x00, 0x01, 
	0x00, 0x01, 0x00, 0x01, 0x00, 0x01, 0x20, 0x43, 
	0xab, 0xd9, 0xbb, 0xd7, 0xbb, 0xd7, 0xbb, 0xd7, 
	0xbb, 0xd7, 0xbb, 0xd7, 0xbc, 0x19, 0xbc, 0x19, 
	0xbb, 0xd9, 0xbb, 0xd7, 0xb3, 0x95, 0xb3, 0x95, 
	0xab, 0x93, 0xb3, 0x95, 0xb3, 0x95, 0xab, 0xd7, 
	0x92, 0xd1, 0xa3, 0x95, 0x51, 0xcb, 0x18, 0x83, 
	0x08, 0x01, 0x00, 0x01, 0x00, 0x01, 0x00, 0x01, 
	0x52, 0x93, 0x52, 0x53, 0x41, 0xcf, 0x10, 0x85, 
	0x00, 0x01, 0x00, 0x01, 0x00, 0x01, 0x08, 0x01, 
	0x9b, 0x99, 0xed, 0xa3, 0xed, 0xa3, 0xed, 0xe5, 
	0xed, 0xe5, 0xed, 0xe5, 0xed, 0xe5, 0xed, 0xa5, 
	0xed, 0xa3, 0xed, 0x61, 0xe5, 0x21, 0xdc, 0xdd, 
	0xd4, 0x9b, 0xd4, 0x5b, 0xcc, 0x19, 0xc4, 0x19, 
	0xb3, 0xd7, 0x51, 0x8b, 0x08, 0x01, 0x00, 0x01, 
	0x00, 0x01, 0x00, 0x01, 0x00, 0x01, 0x00, 0x01, 
	0xef, 0x7b, 0xef, 0x39, 0xe7, 0x37, 0xc6, 0x2f, 
	0x7b, 0xdd, 0x31, 0x8d, 0x00, 0x01, 0x00, 0x01, 
	0x7b, 0x13, 0xfe, 0xa9, 0xfe, 0xa9, 0xfe, 0xa9, 
	0xfe, 0xa9, 0xfe, 0xa9, 0xfe, 0xa9, 0xf6, 0x67, 
	0xfe, 0x67, 0xf6, 0x25, 0xfd, 0xe5, 0xf5, 0xa3, 
	0xf5, 0x63, 0xed, 0x61, 0xe4, 0xdd, 0xd4, 0x9d, 
	0x82, 0x91, 0x08, 0x41, 0x00, 0x01, 0x00, 0x01, 
	0x08, 0x43, 0x39, 0xcf, 0x52, 0x95, 0x4a, 0x53, 
	0xff, 0xfd, 0xff, 0xbd, 0xf7, 0xbd, 0xff, 0xbd, 
	0xf7, 0xbd, 0xde, 0xf5, 0x73, 0x9d, 0x10, 0x43, 
	0x62, 0x8f, 0xfe, 0xa9, 0xfe, 0xa9, 0xfe, 0xab, 
	0xfe, 0xa9, 0xfe, 0xa9, 0xfe, 0xa9, 0xfe, 0xa9, 
	0xfe, 0x69, 0xf6, 0x27, 0xfd, 0xe5, 0xfd, 0xe5, 
	0xf5, 0xa3, 0xed, 0x61, 0xed, 0x1f, 0xbc, 0x1b, 
	0x28, 0x85, 0x00, 0x01, 0x18, 0xc7, 0x6b, 0x5b, 
	0xb5, 0xad, 0xe7, 0x39, 0xef, 0x7b, 0xef, 0x39, 
	0xff, 0xfd, 0xff, 0xfd, 0xff, 0xfd, 0xff, 0xfd, 
	0xff, 0xfd, 0xff, 0xbd, 0xf7, 0x7b, 0xa4, 0xe7, 
	0x72, 0xd3, 0xfe, 0xab, 0xfe, 0xeb, 0xfe, 0xeb, 
	0xfe, 0xeb, 0xfe, 0xeb, 0xfe, 0xa9, 0xfe, 0xa9, 
	0xfe, 0xa9, 0xf6, 0x27, 0xfe, 0x27, 0xfd, 0xe5, 
	0xf5, 0xa3, 0xed, 0x21, 0xdc, 0xdf, 0x51, 0xcb, 
	0x08, 0x01, 0x4a, 0x13, 0xc6, 0x31, 0xf7, 0xbb, 
	0xff, 0xfd, 0xff, 0xfd, 0xff, 0xfd, 0xf7, 0xbb, 
	0xce, 0xf7, 0xce, 0xf5, 0xd7, 0x37, 0xef, 0xbd, 
	0xff, 0xbd, 0xf7, 0xbb, 0xf7, 0x7b, 0xf7, 0x39, 
	0xcd, 0xe9, 0xf6, 0xeb, 0xfe, 0xeb, 0xf6, 0xeb, 
	0xfe, 0xeb, 0xf6, 0xeb, 0xfe, 0xeb, 0xfe, 0xa9, 
	0xf6, 0x67, 0xf6, 0x67, 0xf5, 0xe5, 0xfd, 0xa3, 
	0xf5, 0x63, 0xed, 0x1f, 0x9b, 0x97, 0x10, 0x41, 
	0x63, 0x19, 0xe6, 0xf7, 0xf7, 0xbd, 0xff, 0xfd, 
	0xff, 0xfd, 0xff, 0xfd, 0xff, 0xfd, 0xf7, 0xfd, 
	0xa6, 0x2f, 0xae, 0x71, 0x9d, 0xef, 0x9d, 0xf1, 
	0xdf, 0x39, 0xf7, 0x79, 0xf7, 0x79, 0xef, 0x37, 
	0xee, 0xf5, 0xee, 0xad, 0xff, 0x2d, 0xff, 0x2d, 
	0xff, 0x2d, 0xff, 0x2d, 0xfe, 0xeb, 0xfe, 0xa9, 
	0xfe, 0xa9, 0xf6, 0x67, 0xf6, 0x27, 0xfd, 0xe3, 
	0xf5, 0xa1, 0xdd, 0x21, 0x39, 0x07, 0x4a, 0x11, 
	0xde, 0xf7, 0xff, 0xbd, 0xf7, 0xbd, 0xff, 0xff, 
	0xf7, 0xfd, 0xe7, 0x7b, 0xce, 0xf7, 0xce, 0xf7, 
	0xbe, 0x73, 0xc6, 0x73, 0xbe, 0xb7, 0x8d, 0xaf, 
	0x95, 0xaf, 0xdf, 0x39, 0xef, 0x79, 0xef, 0x79, 
	0xef, 0x37, 0xee, 0xf1, 0xf7, 0x2d, 0xff, 0x2d, 
	0xff, 0x2d, 0xff, 0x2d, 0xf7, 0x2b, 0xfe, 0xeb, 
	0xfe, 0xa9, 0xf6, 0x67, 0xf6, 0x25, 0xfd, 0xe5, 
	0xfd, 0xa3, 0xab, 0xd9, 0x20, 0xc5, 0xd6, 0x73, 
	0xf7, 0xbb, 0xff, 0xbb, 0xf7, 0xbd, 0xf7, 0xbd, 
	0xc6, 0xb5, 0xae, 0x31, 0xae, 0x2f, 0xb6, 0x71, 
	0x8c, 0xa5, 0xa5, 0x6d, 0xa5, 0xad, 0xa6, 0x73, 
	0x6d, 0x6f, 0x85, 0x6d, 0xe7, 0x79, 0xe7, 0x39, 
	0xe7, 0x37, 0xe6, 0xf3, 0xf7, 0x2f, 0xff, 0x6d, 
	0xff, 0x6d, 0xff, 0x6d, 0xff, 0x2d, 0xfe, 0xeb, 
	0xfe, 0xa9, 0xfe, 0xa9, 0xfe, 0x67, 0xf5, 0xe5, 
	0xf5, 0xa3, 0x62, 0x0d, 0x7b, 0x9d, 0xf7, 0x39, 
	0xf7, 0x79, 0xf7, 0xbb, 0xf7, 0xbd, 0xbe, 0xb7, 
	0xa6, 0x33, 0xbe, 0xb5, 0xbe, 0xb3, 0xc6, 0xb3, 
	0x29, 0x8b, 0x31, 0x8d, 0x29, 0x4b, 0x64, 0x63, 
	0x4d, 0x2d, 0x44, 0x67, 0xdf, 0x39, 0xe7, 0x37, 
	0xe7, 0x37, 0xe6, 0xf5, 0xe6, 0xef, 0xff, 0x6f, 
	0xff, 0x6d, 0xff, 0x6d, 0xff, 0x6d, 0xff, 0x2b, 
	0xfe, 0xeb, 0xfe, 0xa9, 0xf6, 0x67, 0xf5, 0xe5, 
	0xed, 0xa3, 0x39, 0x07, 0xc5, 0xed, 0xf7, 0x39, 
	0xf7, 0x79, 0xef, 0x7b, 0xcf, 0x39, 0x7d, 0xf3, 
	0x7d, 0xf3, 0x95, 0xad, 0x8c, 0xe7, 0xa5, 0x6b, 
	0x08, 0x43, 0x08, 0x43, 0x08, 0x83, 0x4b, 0x9b, 
	0x4d, 0x2b, 0x33, 0xe3, 0xd7, 0x39, 0xe7, 0x37, 
	0xe6, 0xf7, 0xde, 0xf5, 0xe6, 0xaf, 0xff, 0x6f, 
	0xff, 0x6d, 0xff, 0x6d, 0xff, 0x6d, 0xff, 0x2d, 
	0xfe, 0xeb, 0xfe, 0xa9, 0xfe, 0xa9, 0xf5, 0xe5, 
	0xdd, 0x63, 0x39, 0x07, 0xde, 0xf5, 0xef, 0x39, 
	0xef, 0x39, 0xef, 0x79, 0x96, 0x33, 0x3d, 0x2f, 
	0x55, 0x71, 0x32, 0x97, 0x31, 0x8d, 0x29, 0x8b, 
	0x00, 0xc9, 0x00, 0x85, 0x09, 0x8d, 0x4c, 0x65, 
	0x34, 0x65, 0x3b, 0xe1, 0xd6, 0xf7, 0xde, 0xf5, 
	0xde, 0xb5, 0xde, 0x73, 0xde, 0xaf, 0xff, 0x6f, 
	0xff, 0x6f, 0xff, 0x6d, 0xff, 0x6d, 0xff, 0x6d, 
	0xf7, 0x2b, 0xfe, 0xe9, 0xfe, 0xa9, 0xf5, 0xe5, 
	0xcd, 0x21, 0x49, 0xcf, 0xde, 0xf7, 0xe7, 0x37, 
	0xe7, 0x37, 0xe7, 0x37, 0x75, 0x6d, 0x14, 0x6d, 
	0x34, 0xef, 0x09, 0x4d, 0x08, 0x43, 0x08, 0x41, 
	0x23, 0xe3, 0x1b, 0x1b, 0x13, 0x5d, 0x24, 0x67, 
	0x13, 0x1d, 0x7c, 0xe9, 0xd6, 0xb5, 0xd6, 0xb3, 
	0xd6, 0xb3, 0xd6, 0x71, 0xde, 0x6d, 0xff, 0x6f, 
	0xff, 0x6f, 0xff, 0x6f, 0xff, 0x6f, 0xff, 0x6d, 
	0xff, 0x6d, 0xfe, 0xeb, 0xfe, 0xa9, 0xf6, 0x25, 
	0xbc, 0x9d, 0x4a, 0x11, 0xd6, 0xb5, 0xde, 0xf5, 
	0xde, 0xf7, 0xde, 0xf7, 0x85, 0xaf, 0x0b, 0xa5, 
	0x1c, 0xad, 0x1b, 0x1d, 0x00, 0xc7, 0x00, 0x85, 
	0x13, 0xa1, 0x13, 0xa1, 0x0b, 0x5d, 0x13, 0x1b, 
	0x5c, 0x23, 0xc6, 0x73, 0xd6, 0x73, 0xce, 0x71, 
	0xce, 0x2f, 0xc5, 0xed, 0xde, 0xef, 0xff, 0x71, 
	0xf7, 0x73, 0xff, 0xb1, 0xff, 0x6f, 0xff, 0x6f, 
	0xff, 0x6d, 0xff, 0x2d, 0xfe, 0xa9, 0xfe, 0x25, 
	0x93, 0x95, 0x39, 0x8d, 0xd6, 0x73, 0xd6, 0xb3, 
	0xde, 0xb5, 0xde, 0xf5, 0xbe, 0xb5, 0x23, 0x5f, 
	0x0b, 0xe5, 0x1c, 0x69, 0x2b, 0xe3, 0x1b, 0x1b, 
	0x3b, 0x9d, 0x3b, 0x5b, 0x53, 0xdf, 0x8d, 0x29, 
	0xbe, 0x31, 0xce, 0x73, 0xce, 0x71, 0xc6, 0x2f, 
	0xc5, 0xed, 0xc5, 0xa7, 0xf7, 0x71, 0xff, 0x2f, 
	0xf6, 0xed, 0xf6, 0xeb, 0xf6, 0xeb, 0xf6, 0xab, 
	0xf6, 0x69, 0xfe, 0x67, 0xf6, 0x27, 0xf5, 0xe5, 
	0xb4, 0x19, 0x6a, 0x0d, 0xcd, 0xad, 0xd6, 0x71, 
	0xd6, 0xb3, 0xd6, 0xb5, 0xd6, 0xb5, 0x95, 0xad, 
	0x23, 0x5f, 0x0b, 0x5f, 0x13, 0xe1, 0x0b, 0x9f, 
	0xbd, 0xef, 0xb5, 0xed, 0xbe, 0x2f, 0xc6, 0x2f, 
	0xc6, 0x31, 0xce, 0x71, 0xce, 0x2f, 0xbd, 0xab, 
	0xcd, 0xa9, 0xe5, 0xe7, 0xee, 0x27, 0xf5, 0xe7, 
	0xf5, 0xe5, 0xf5, 0xe5, 0xf5, 0xa3, 0xf5, 0xa3, 
	0xf5, 0xa3, 0xfd, 0xe5, 0xf5, 0xa3, 0xf5, 0xa3, 
	0xed, 0x61, 0xdd, 0x21, 0xd5, 0x23, 0xd5, 0xe9, 
	0xcd, 0xeb, 0xd6, 0x71, 0xce, 0x71, 0xce, 0x73, 
	0x9d, 0xad, 0x5c, 0x23, 0x3b, 0x9d, 0x3b, 0x5d, 
	0xc6, 0x2f, 0xc6, 0x2f, 0xc6, 0x2f, 0xc6, 0x2f, 
	0xce, 0x2f, 0xc5, 0xa9, 0xd5, 0xe9, 0xe6, 0x29, 
	0xf6, 0x29, 0xf6, 0x67, 0xf6, 0x67, 0xf6, 0x27, 
	0xfe, 0x27, 0xf6, 0x27, 0xfe, 0x67, 0xf6, 0x25, 
	0xfe, 0x27, 0xf5, 0xe5, 0xf5, 0xe5, 0xf5, 0xe5, 
	0xfd, 0xe3, 0xf5, 0xa3, 0xf5, 0xa3, 0xed, 0xa3, 
	0xdd, 0x65, 0xcd, 0x65, 0xbd, 0x67, 0xce, 0x2f, 
	0xc6, 0x2f, 0xc6, 0x31, 0xb5, 0xed, 0xb5, 0xed, 
	0xc6, 0x2f, 0xc6, 0x2f, 0xc6, 0x2d, 0xbd, 0xa9, 
	0xcd, 0xa9, 0xf6, 0x6b, 0xf6, 0x69, 0xfe, 0xa9, 
	0xfe, 0xa9, 0xfe, 0xa9, 0xfe, 0xe9, 0xfe, 0xab, 
	0xfe, 0xa9, 0xfe, 0xeb, 0xfe, 0xa9, 0xfe, 0xa9, 
	0xfe, 0xa9, 0xfe, 0xa9, 0xfe, 0xa9, 0xfe, 0x69, 
	0xfe, 0x67, 0xf5, 0xe5, 0xf5, 0xe5, 0xfd, 0xa5, 
	0xf5, 0x63, 0xed, 0x21, 0xe5, 0x63, 0xbc, 0xe3, 
	0xbd, 0xab, 0xce, 0x2f, 0xc6, 0x2f, 0xc6, 0x2f, 
	0xbd, 0xeb, 0xbd, 0xeb, 0xb5, 0x25, 0xde, 0x29, 
	0xee, 0x69, 0xfe, 0xa9, 0xfe, 0xeb, 0xfe, 0xeb, 
	0xff, 0x2b, 0xff, 0x2d, 0xff, 0x2d, 0xff, 0x2d, 
	0xff, 0x6d, 0xff, 0x2b, 0xf7, 0x2b, 0xff, 0x2b, 
	0xfe, 0xeb, 0xfe, 0xeb, 0xfe, 0xa9, 0xfe, 0xa9, 
	0xf6, 0x67, 0xfe, 0x69, 0xfe, 0x67, 0xf5, 0xe5, 
	0xfd, 0xa5, 0xfd, 0xa5, 0xed, 0x1f, 0xed, 0x63, 
	0xcc, 0xe1, 0xb5, 0x25, 0xce, 0x2f, 0xce, 0x6f, 
	0x8c, 0x5f, 0x8c, 0x1d, 0xe6, 0x29, 0xfe, 0xab, 
	0xfe, 0xa9, 0xfe, 0xeb, 0xff, 0x2d, 0xff, 0x6f, 
	0xff, 0x6d, 0xff, 0x6d, 0xff, 0x6d, 0xff, 0x6f, 
	0xff, 0x6d, 0xf7, 0x6d, 0xff, 0x6d, 0xff, 0x6d, 
	0xff, 0x2d, 0xff, 0x2b, 0xff, 0x2b, 0xfe, 0xeb, 
	0xfe, 0xeb, 0xfe, 0xa9, 0xfe, 0xa9, 0xf6, 0x27, 
	0xfd, 0xe5, 0xfd, 0xa3, 0xf5, 0xa3, 0xec, 0xdf, 
	0xdc, 0x9d, 0xcc, 0xe1, 0xb5, 0x25, 0xbd, 0xeb, 
	0x52, 0x51, 0xc5, 0xa5, 0xf6, 0xa9, 0xfe, 0xeb, 
	0xff, 0x2d, 0xff, 0x6f, 0xff, 0x6f, 0xff, 0x6f, 
	0xff, 0x6f, 0xff, 0xb1, 0xff, 0xaf, 0xff, 0x6f, 
	0xff, 0x6f, 0xff, 0x6f, 0xff, 0x6d, 0xff, 0x6d, 
	0xff, 0x6d, 0xff, 0x2d, 0xff, 0x2d, 0xff, 0x2d, 
	0xfe, 0xeb, 0xfe, 0xa9, 0xfe, 0xa9, 0xf6, 0x67, 
	0xf6, 0x27, 0xf5, 0xe5, 0xfd, 0xa5, 0xf5, 0x63, 
	0xed, 0x21, 0xd4, 0x9b, 0xbc, 0x9f, 0x8c, 0x1d, 
	0x73, 0x15, 0xee, 0x69, 0xfe, 0xe9, 0xff, 0x2d, 
	0xf7, 0x6d, 0xff, 0x6f, 0xff, 0x6f, 0xff, 0x71, 
	0xff, 0xb1, 0xff, 0xb3, 0xff, 0x71, 0xff, 0x71, 
	0xf7, 0x71, 0xff, 0xb1, 0xff, 0xaf, 0xff, 0x6f, 
	0xff, 0x6d, 0xff, 0x6d, 0xff, 0x2d, 0xff, 0x6d, 
	0xfe, 0xeb, 0xfe, 0xa9, 0xfe, 0xa9, 0xfe, 0xa9, 
	0xfe, 0x67, 0xfd, 0xe5, 0xfd, 0xa5, 0xf5, 0x61, 
	0xec, 0xdf, 0xdc, 0x9d, 0xd4, 0x9d, 0x83, 0x57, 
	0xdd, 0xe7, 0xfe, 0xa9, 0xff, 0x2d, 0xff, 0x2d, 
	0xff, 0x6f, 0xff, 0xaf, 0xff, 0x71, 0xff, 0xb1, 
	0xff, 0xb1, 0xff, 0xb1, 0xff, 0xb3, 0xff, 0x71, 
	0xff, 0xb1, 0xff, 0x6f, 0xff, 0xb1, 0xff, 0x6f, 
	0xff, 0x6f, 0xff, 0x6d, 0xf7, 0x2d, 0xf6, 0xeb, 
	0xfe, 0xeb, 0xfe, 0xe9, 0xfe, 0xa9, 0xfe, 0x67, 
	0xfe, 0x67, 0xfe, 0x27, 0xfd, 0xa3, 0xf5, 0x63, 
	0xed, 0x21, 0xdc, 0x9d, 0xd4, 0x5b, 0xab, 0x99, 
	0xf6, 0x69, 0xfe, 0xeb, 0xff, 0x2d, 0xff, 0x6f, 
	0xff, 0x6f, 0xff, 0x71, 0xff, 0x71, 0xff, 0x71, 
	0xff, 0xb1, 0xff, 0xb1, 0xff, 0x73, 0xff, 0x71, 
	0xff, 0x6f, 0xff, 0x71, 0xff, 0x6f, 0xff, 0x6f, 
	0xff, 0x6f, 0xf7, 0x2d, 0xff, 0x2d, 0xfe, 0xeb, 
	0xfe, 0xeb, 0xfe, 0xa9, 0xfe, 0xa9, 0xfe, 0x69, 
	0xfe, 0x27, 0xf5, 0xe5, 0xfd, 0xa5, 0xf5, 0x63, 
	0xed, 0x1f, 0xdc, 0x9d, 0xd4, 0x9b, 0xc4, 0x19, 
	0xfe, 0xa9, 0xfe, 0xeb, 0xff, 0x2d, 0xff, 0x6d, 
	0xff, 0x6f, 0xff, 0x6f, 0xff, 0x71, 0xff, 0x71, 
	0xff, 0xaf, 0xff, 0x6f, 0xff, 0x6f, 0xff, 0x6f, 
	0xff, 0x6f, 0xff, 0x6f, 0xff, 0x6d, 0xff, 0x6d, 
	0xf7, 0x2d, 0xf7, 0x2b, 0xfe, 0xeb, 0xfe, 0xed, 
	0xfe, 0xa9, 0xfe, 0xa9, 0xfe, 0xa9, 0xf6, 0x27, 
	0xf6, 0x25, 0xfd, 0xa5, 0xf5, 0xa3, 0xf5, 0x63, 
	0xed, 0x1f, 0xdc, 0x9d, 0xcc, 0x5b, 0xc4, 0x19, 
	
};

Gfx wf_dl_tile_3_3_ci8_aligner[] = {gsSPEndDisplayList()};
u8 wf_dl_tile_3_3_ci8[] = {
	0x00, 0x01, 0x02, 0x03, 0x03, 0x04, 0x04, 0x04, 
	0x05, 0x05, 0x06, 0x04, 0x03, 0x04, 0x03, 0x03, 
	0x03, 0x07, 0x02, 0x01, 0x01, 0x08, 0x08, 0x09, 
	0x0a, 0x0b, 0x0c, 0x0d, 0x0e, 0x0f, 0x10, 0x11, 
	0x08, 0x01, 0x02, 0x12, 0x03, 0x03, 0x04, 0x04, 
	0x13, 0x03, 0x03, 0x03, 0x03, 0x03, 0x12, 0x12, 
	0x07, 0x14, 0x01, 0x15, 0x08, 0x08, 0x08, 0x16, 
	0x17, 0x0c, 0x18, 0x0d, 0x0e, 0x0f, 0x19, 0x11, 
	0x08, 0x01, 0x12, 0x03, 0x03, 0x12, 0x03, 0x13, 
	0x12, 0x03, 0x12, 0x03, 0x03, 0x12, 0x02, 0x14, 
	0x1a, 0x1b, 0x01, 0x08, 0x08, 0x09, 0x16, 0x0b, 
	0x1c, 0x1d, 0x0d, 0x1e, 0x1f, 0x20, 0x20, 0x21, 
	0x08, 0x01, 0x14, 0x03, 0x03, 0x03, 0x03, 0x03, 
	0x03, 0x03, 0x03, 0x12, 0x12, 0x1a, 0x1a, 0x1a, 
	0x01, 0x08, 0x08, 0x08, 0x22, 0x16, 0x23, 0x0b, 
	0x0c, 0x24, 0x25, 0x26, 0x27, 0x28, 0x29, 0x2a, 
	0x08, 0x08, 0x01, 0x01, 0x01, 0x02, 0x02, 0x02, 
	0x02, 0x02, 0x2b, 0x01, 0x1b, 0x01, 0x08, 0x08, 
	0x08, 0x08, 0x09, 0x16, 0x16, 0x16, 0x2c, 0x2c, 
	0x2d, 0x25, 0x0e, 0x0f, 0x20, 0x29, 0x11, 0x2a, 
	0x08, 0x08, 0x08, 0x01, 0x01, 0x2e, 0x01, 0x08, 
	0x01, 0x01, 0x08, 0x08, 0x08, 0x08, 0x08, 0x08, 
	0x09, 0x16, 0x16, 0x16, 0x16, 0x0c, 0x18, 0x0d, 
	0x2f, 0x1f, 0x0f, 0x0f, 0x20, 0x19, 0x30, 0x30, 
	0x0a, 0x08, 0x08, 0x08, 0x08, 0x08, 0x08, 0x08, 
	0x31, 0x31, 0x22, 0x08, 0x09, 0x00, 0x22, 0x16, 
	0x0b, 0x16, 0x0b, 0x2c, 0x18, 0x18, 0x25, 0x32, 
	0x1f, 0x1f, 0x20, 0x10, 0x11, 0x11, 0x30, 0x2a, 
	0x0b, 0x17, 0x33, 0x09, 0x33, 0x22, 0x33, 0x22, 
	0x34, 0x35, 0x09, 0x16, 0x36, 0x16, 0x0a, 0x0b, 
	0x0b, 0x0b, 0x0c, 0x2c, 0x2d, 0x37, 0x26, 0x38, 
	0x0f, 0x0f, 0x39, 0x29, 0x11, 0x2a, 0x2a, 0x2a, 
	0x0b, 0x0b, 0x0b, 0x16, 0x0a, 0x0b, 0x0b, 0x0a, 
	0x16, 0x0b, 0x16, 0x16, 0x3a, 0x2c, 0x2c, 0x2c, 
	0x2c, 0x2c, 0x0d, 0x1e, 0x25, 0x1f, 0x38, 0x0f, 
	0x20, 0x20, 0x11, 0x19, 0x2a, 0x2a, 0x30, 0x2a, 
	0x24, 0x18, 0x0c, 0x2c, 0x2c, 0x2c, 0x2c, 0x2c, 
	0x2c, 0x2c, 0x0b, 0x0b, 0x2c, 0x0c, 0x2c, 0x2c, 
	0x37, 0x37, 0x26, 0x26, 0x38, 0x1f, 0x20, 0x20, 
	0x20, 0x3b, 0x11, 0x2a, 0x3c, 0x2a, 0x2a, 0x3c, 
	0x0e, 0x25, 0x25, 0x0d, 0x0d, 0x2c, 0x18, 0x18, 
	0x18, 0x2c, 0x18, 0x37, 0x37, 0x2d, 0x2d, 0x25, 
	0x26, 0x1f, 0x27, 0x38, 0x0f, 0x20, 0x20, 0x19, 
	0x11, 0x11, 0x30, 0x2a, 0x2a, 0x3d, 0x2a, 0x11, 
	0x25, 0x0e, 0x25, 0x0e, 0x1f, 0x25, 0x1e, 0x25, 
	0x25, 0x25, 0x2f, 0x3e, 0x25, 0x25, 0x1f, 0x1f, 
	0x26, 0x0f, 0x0f, 0x20, 0x20, 0x20, 0x11, 0x11, 
	0x11, 0x30, 0x30, 0x3c, 0x30, 0x2a, 0x3c, 0x20, 
	0x29, 0x3f, 0x40, 0x1f, 0x1f, 0x1f, 0x0f, 0x1f, 
	0x26, 0x1f, 0x1f, 0x1f, 0x1f, 0x0f, 0x1f, 0x0f, 
	0x20, 0x0f, 0x20, 0x20, 0x11, 0x11, 0x11, 0x11, 
	0x2a, 0x2a, 0x2a, 0x30, 0x30, 0x3c, 0x29, 0x41, 
	0x42, 0x40, 0x0f, 0x20, 0x0f, 0x43, 0x0f, 0x0f, 
	0x0f, 0x0f, 0x0f, 0x0f, 0x20, 0x0f, 0x20, 0x20, 
	0x20, 0x3b, 0x3b, 0x11, 0x11, 0x44, 0x2a, 0x2a, 
	0x2a, 0x2a, 0x45, 0x2a, 0x2a, 0x11, 0x45, 0x46, 
	0x47, 0x48, 0x39, 0x20, 0x49, 0x20, 0x10, 0x20, 
	0x20, 0x20, 0x10, 0x4a, 0x20, 0x29, 0x20, 0x29, 
	0x3c, 0x3b, 0x4b, 0x30, 0x3c, 0x2a, 0x4b, 0x2a, 
	0x30, 0x30, 0x30, 0x30, 0x11, 0x44, 0x4c, 0x4d, 
	0x4e, 0x4f, 0x50, 0x44, 0x19, 0x19, 0x11, 0x3c, 
	0x3c, 0x11, 0x11, 0x11, 0x30, 0x11, 0x2a, 0x2a, 
	0x3c, 0x3c, 0x2a, 0x2a, 0x2a, 0x45, 0x45, 0x30, 
	0x30, 0x30, 0x21, 0x19, 0x51, 0x52, 0x53, 0x54, 
	0x55, 0x56, 0x57, 0x58, 0x59, 0x5a, 0x21, 0x11, 
	0x2a, 0x2a, 0x2a, 0x3c, 0x2a, 0x2a, 0x4b, 0x2a, 
	0x2a, 0x45, 0x2a, 0x5b, 0x5b, 0x2a, 0x2a, 0x30, 
	0x30, 0x11, 0x5a, 0x5c, 0x5d, 0x5e, 0x5f, 0x53, 
	0x60, 0x61, 0x60, 0x4f, 0x4c, 0x62, 0x2a, 0x11, 
	0x3c, 0x30, 0x30, 0x2a, 0x30, 0x2a, 0x45, 0x5b, 
	0x5b, 0x5b, 0x2a, 0x2a, 0x2a, 0x3c, 0x21, 0x3b, 
	0x20, 0x45, 0x63, 0x4d, 0x5e, 0x5e, 0x64, 0x53, 
	0x56, 0x4c, 0x65, 0x65, 0x60, 0x4f, 0x66, 0x67, 
	0x3d, 0x19, 0x30, 0x30, 0x30, 0x30, 0x30, 0x2a, 
	0x2a, 0x21, 0x2a, 0x2a, 0x29, 0x19, 0x68, 0x69, 
	0x65, 0x6a, 0x5f, 0x6b, 0x64, 0x6c, 0x5f, 0x6d, 
	0x55, 0x6e, 0x57, 0x65, 0x6f, 0x70, 0x50, 0x71, 
	0x48, 0x72, 0x73, 0x3d, 0x74, 0x5a, 0x39, 0x19, 
	0x19, 0x5a, 0x75, 0x39, 0x69, 0x67, 0x76, 0x57, 
	0x46, 0x6e, 0x4d, 0x5f, 0x6c, 0x64, 0x5f, 0x6e, 
	0x65, 0x6f, 0x65, 0x77, 0x60, 0x66, 0x65, 0x78, 
	0x79, 0x7a, 0x7a, 0x7b, 0x7c, 0x7b, 0x42, 0x7d, 
	0x7e, 0x7f, 0x80, 0x7d, 0x81, 0x60, 0x55, 0x46, 
	0x55, 0x55, 0x53, 0x6c, 0x5f, 0x6c, 0x5f, 0x82, 
	0x83, 0x84, 0x83, 0x78, 0x81, 0x81, 0x85, 0x7c, 
	0x86, 0x86, 0x81, 0x87, 0x7a, 0x88, 0x89, 0x8a, 
	0x8b, 0x8c, 0x89, 0x8d, 0x8e, 0x8f, 0x90, 0x46, 
	0x91, 0x4e, 0x55, 0x92, 0x6c, 0x5f, 0x4d, 0x55, 
	0x73, 0x93, 0x80, 0x80, 0x8b, 0x8b, 0x94, 0x95, 
	0x96, 0x97, 0x97, 0x98, 0x99, 0x8c, 0x9a, 0x9b, 
	0x9c, 0x9d, 0x9e, 0x98, 0x9f, 0x8c, 0x86, 0x79, 
	0x79, 0x6f, 0x77, 0x60, 0x46, 0x46, 0x46, 0x4e, 
	0xa0, 0xa1, 0xa1, 0xa2, 0x28, 0x27, 0x28, 0x28, 
	0xa3, 0xa4, 0xa4, 0xa4, 0xa5, 0xa6, 0xa7, 0xa8, 
	0xa9, 0xaa, 0xab, 0xab, 0xac, 0xad, 0xae, 0xaf, 
	0x98, 0x7c, 0xb0, 0xb0, 0x71, 0x70, 0x78, 0x78, 
	0xa2, 0x43, 0x3f, 0xb1, 0xb2, 0xb3, 0xb4, 0x37, 
	0xb5, 0x2c, 0x3e, 0xb6, 0xb7, 0xb7, 0xb8, 0xb9, 
	0xba, 0xbb, 0xba, 0xba, 0xbc, 0xbd, 0xbe, 0xbf, 
	0xc0, 0xc1, 0x94, 0x7e, 0xc2, 0x7e, 0xc3, 0xc4, 
	0x38, 0xc5, 0x2d, 0x2d, 0xb2, 0xb3, 0xb3, 0xb3, 
	0xb3, 0x37, 0x25, 0x2f, 0xc6, 0x27, 0x2f, 0xc6, 
	0xc6, 0xc7, 0xc8, 0xc8, 0xc9, 0xca, 0xcb, 0xcc, 
	0xcc, 0xcd, 0xce, 0xce, 0x93, 0x93, 0x7e, 0xcf, 
	0xb1, 0x2d, 0xc5, 0xb2, 0xd0, 0xb3, 0xb2, 0x2d, 
	0xc5, 0x3f, 0x0f, 0x28, 0xcc, 0xcd, 0xd1, 0xd2, 
	0xcc, 0xd1, 0xc9, 0xca, 0xd3, 0xd1, 0xd4, 0xd1, 
	0xd4, 0xd5, 0xce, 0xd6, 0xd6, 0xd7, 0x80, 0x80, 
	0xc5, 0xb1, 0x3f, 0x2d, 0xd8, 0xc5, 0xd9, 0x43, 
	0x43, 0x3f, 0x3b, 0x28, 0xa1, 0x93, 0xda, 0xdb, 
	0xdb, 0xce, 0xd5, 0xdc, 0xdb, 0xd1, 0xdd, 0xdd, 
	0xce, 0xdd, 0x3b, 0xa1, 0xde, 0xdf, 0xcf, 0x80, 
	0x43, 0x43, 0xb1, 0x3f, 0xe0, 0xe1, 0x43, 0x49, 
	0xa2, 0x43, 0xd5, 0xd5, 0x93, 0xe2, 0xe2, 0x29, 
	0xce, 0xd6, 0xdd, 0xce, 0xe3, 0xd6, 0xd4, 0xa1, 
	0xd4, 0x21, 0xd5, 0xd6, 0xd6, 0xcf, 0xe4, 0xb0, 
	0xe0, 0xe0, 0x43, 0xe0, 0xa2, 0x10, 0x3f, 0x21, 
	0xa1, 0xa2, 0xce, 0xd6, 0xd6, 0xde, 0xde, 0x29, 
	0x3c, 0x93, 0xd5, 0x21, 0xa1, 0xce, 0xd5, 0xd6, 
	0xe5, 0xd4, 0x21, 0xce, 0x3d, 0xdf, 0xe6, 0x83, 
	0xa1, 0xe3, 0xe7, 0xa2, 0x20, 0x3b, 0x3b, 0xd6, 
	0xa1, 0xa2, 0xe8, 0xe9, 0x73, 0x67, 0xea, 0xeb, 
	0xec, 0xed, 0x3c, 0xd5, 0xe8, 0xee, 0xa2, 0xd6, 
	0xe8, 0x93, 0x29, 0x21, 0xee, 0xef, 0xc3, 0x78, 
	0xdf, 0x93, 0xd6, 0xe3, 0xf0, 0xe3, 0xe3, 0x93, 
	0xce, 0xd6, 0xef, 0x73, 0xf1, 0x71, 0xf2, 0x7b, 
	0xc3, 0x78, 0x73, 0x7e, 0xf3, 0xf4, 0xd6, 0x93, 
	0xd7, 0xe6, 0x84, 0xf5, 0x3b, 0xde, 0xc3, 0x71, 
	
};

Gfx wf_dl_tile_3_3_pal_rgba16_aligner[] = {gsSPEndDisplayList()};
u8 wf_dl_tile_3_3_pal_rgba16[] = {
	0xf6, 0x69, 0xfe, 0xeb, 0xff, 0x2d, 0xff, 0x6f, 
	0xff, 0x71, 0xff, 0xb1, 0xff, 0x73, 0xf7, 0x2d, 
	0xfe, 0xa9, 0xfe, 0x69, 0xfe, 0x27, 0xf5, 0xe5, 
	0xfd, 0xa5, 0xf5, 0x63, 0xed, 0x1f, 0xdc, 0x9d, 
	0xd4, 0x9b, 0xc4, 0x19, 0xff, 0x6d, 0xff, 0xaf, 
	0xf7, 0x2b, 0xfe, 0xed, 0xf6, 0x27, 0xf6, 0x25, 
	0xf5, 0xa3, 0xcc, 0x5b, 0xf6, 0xeb, 0xf6, 0xe9, 
	0xfd, 0xe5, 0xfd, 0xa3, 0xf5, 0x21, 0xe4, 0xdf, 
	0xd4, 0x5b, 0xc3, 0xd7, 0xf6, 0x67, 0xf5, 0xe7, 
	0xf5, 0x61, 0xed, 0x21, 0xec, 0xdf, 0xe4, 0x9f, 
	0xdc, 0x5d, 0xcc, 0x1b, 0xbb, 0xd9, 0xff, 0x2b, 
	0xf5, 0xa5, 0xed, 0x61, 0xfe, 0xe9, 0xec, 0xe1, 
	0xbb, 0xd7, 0xfe, 0xab, 0xe4, 0xe1, 0xfe, 0x67, 
	0xfe, 0x6b, 0xee, 0x27, 0xf6, 0x29, 0xed, 0x63, 
	0xe4, 0x9d, 0xd4, 0x5d, 0xfd, 0xe7, 0xcc, 0x19, 
	0xc3, 0xd9, 0xbb, 0x97, 0xed, 0x23, 0xdc, 0xdd, 
	0xdc, 0xdf, 0x9a, 0xd3, 0x81, 0xcb, 0xdc, 0x9b, 
	0xc4, 0x1b, 0xb3, 0xd9, 0x48, 0xc7, 0x69, 0x49, 
	0x61, 0x47, 0xdc, 0x5b, 0xcc, 0x59, 0xbc, 0x19, 
	0x59, 0x49, 0x40, 0xc7, 0x51, 0x07, 0x59, 0x09, 
	0x71, 0xcd, 0xa3, 0x97, 0x40, 0xc5, 0x49, 0x09, 
	0x48, 0xc9, 0x51, 0x09, 0x71, 0xcf, 0x69, 0x8d, 
	0x50, 0xc5, 0x9b, 0x15, 0xd4, 0x9d, 0xb3, 0xd7, 
	0x82, 0x91, 0x30, 0x83, 0x28, 0x85, 0x38, 0xc7, 
	0x61, 0x4b, 0x82, 0x51, 0x69, 0xcb, 0x61, 0x8b, 
	0x30, 0x87, 0x69, 0x8b, 0x61, 0x49, 0x8a, 0x4f, 
	0xd4, 0x9f, 0xb3, 0x99, 0x51, 0x49, 0x49, 0x0b, 
	0x30, 0x85, 0x51, 0x0b, 0x59, 0x4b, 0x61, 0x09, 
	0x71, 0x8d, 0x82, 0x0f, 0x82, 0x0d, 0xa2, 0xd3, 
	0xcc, 0x5d, 0xdc, 0x9f, 0x51, 0x05, 0x69, 0x4b, 
	0x71, 0x8b, 0x71, 0x4b, 0x79, 0x8d, 0x81, 0xcd, 
	0x89, 0xcd, 0x8a, 0x0d, 0xa2, 0x91, 0xaa, 0x91, 
	0x9a, 0x4f, 0x79, 0x8b, 0x49, 0x07, 0x8a, 0x0f, 
	0x92, 0x4f, 0x71, 0x49, 0x79, 0x4b, 0x81, 0xcf, 
	0x69, 0x09, 0x71, 0x09, 0xaa, 0x53, 0xaa, 0x93, 
	0x89, 0x8d, 0x89, 0xcf, 0x81, 0x8d, 0x60, 0xc7, 
	0x58, 0xc9, 0x59, 0x07, 0x38, 0xc5, 0xb3, 0x13, 
	0xb2, 0xd3, 0xc3, 0x17, 0xb2, 0xd5, 0xa2, 0x51, 
	0x91, 0xcf, 0x81, 0x8b, 0x99, 0xcf, 0xaa, 0x11, 
	0xa1, 0xcf, 0x89, 0x8b, 0x81, 0x4b, 0x91, 0x8f, 
	0xb3, 0x53, 0xc3, 0x95, 0xcb, 0xd7, 0xdc, 0x5f, 
	0xdc, 0x1f, 0xd3, 0xdd, 0xd3, 0x9b, 0xdb, 0x5b, 
	0xc2, 0x95, 0xca, 0xd5, 0xcb, 0x17, 0xc2, 0xd5, 
	0xba, 0x53, 0xb2, 0x11, 0xb2, 0x53, 0xa2, 0x11, 
	0x92, 0x0f, 0xe5, 0x1d, 0xe5, 0x61, 0xed, 0xa3, 
	0xed, 0xa5, 0xf5, 0x65, 0xf5, 0x25, 0xec, 0xe3, 
	0xf4, 0xe3, 0xe4, 0x1f, 0xe3, 0xdb, 0xe3, 0xdd, 
	0xdb, 0x57, 0xca, 0xd3, 0xc2, 0x93, 0xba, 0xd3, 
	0xc3, 0x15, 0xbb, 0x15, 0xa2, 0x93, 0x92, 0x51, 
	0x9a, 0x51, 0xe5, 0x1f, 0xec, 0xa1, 0xec, 0x9f, 
	0xec, 0x5d, 0xdb, 0xdb, 0xdb, 0xd9, 0xcb, 0x55, 
	0xcb, 0x97, 0xc3, 0x55, 0xc3, 0x97, 0x92, 0x0d, 
	0xe5, 0xa1, 0xd3, 0xd9, 0xcb, 0x57, 0xd3, 0x97, 
	0xd4, 0x19, 0xcb, 0xd9, 0xbb, 0x55, 0xa2, 0x8f, 
	0xdd, 0x1d, 0xe4, 0xdd, 0xd3, 0xdb, 0xbb, 0x13, 
	0xc3, 0x53, 0xd4, 0x1b, 0xb3, 0x15, 0xaa, 0xd3, 
	0xd4, 0x59, 0xcc, 0x17, 0xc3, 0x99, 0xbb, 0x53, 
	0xa2, 0x4f, 0xb3, 0x11, 0x89, 0xcb, 0xc3, 0xd5, 
	0xaa, 0xd1, 0xbb, 0x99, 0xab, 0x15, 0xa2, 0xd1, 
	0x9a, 0xd1, 0x9a, 0x8f, 0xa2, 0xcf, 0xab, 0x13, 
	0xb2, 0xd1, 0x92, 0x91, 0x92, 0x93, 0xb3, 0x55, 
	0x92, 0x4d, 0xc3, 0xdb, 
};

Gfx wf_dl_tile_3_4_ci8_aligner[] = {gsSPEndDisplayList()};
u8 wf_dl_tile_3_4_ci8[] = {
	0x00, 0x01, 0x02, 0x03, 0x04, 0x05, 0x05, 0x06, 
	0x00, 0x03, 0x07, 0x08, 0x09, 0x0a, 0x0b, 0x0c, 
	0x0d, 0x0e, 0x0f, 0x10, 0x07, 0x11, 0x03, 0x06, 
	0x07, 0x12, 0x13, 0x14, 0x11, 0x15, 0x16, 0x17, 
	0x18, 0x12, 0x06, 0x01, 0x19, 0x01, 0x01, 0x12, 
	0x1a, 0x06, 0x15, 0x09, 0x1b, 0x1c, 0x1d, 0x1e, 
	0x16, 0x17, 0x09, 0x1f, 0x20, 0x21, 0x06, 0x12, 
	0x22, 0x23, 0x24, 0x25, 0x05, 0x26, 0x16, 0x1c, 
	0x27, 0x28, 0x12, 0x22, 0x22, 0x07, 0x06, 0x29, 
	0x06, 0x0e, 0x29, 0x2a, 0x2b, 0x2b, 0x2c, 0x2d, 
	0x2d, 0x2e, 0x17, 0x2f, 0x28, 0x30, 0x12, 0x20, 
	0x12, 0x24, 0x31, 0x0b, 0x32, 0x1b, 0x2b, 0x33, 
	0x2b, 0x1b, 0x18, 0x12, 0x12, 0x1a, 0x34, 0x18, 
	0x30, 0x35, 0x25, 0x17, 0x17, 0x36, 0x37, 0x38, 
	0x39, 0x3a, 0x3b, 0x1c, 0x3c, 0x3d, 0x22, 0x29, 
	0x15, 0x24, 0x3e, 0x28, 0x0a, 0x2b, 0x2e, 0x3f, 
	0x3a, 0x2a, 0x2f, 0x18, 0x26, 0x1f, 0x35, 0x35, 
	0x21, 0x40, 0x2f, 0x3a, 0x41, 0x2c, 0x42, 0x43, 
	0x44, 0x44, 0x45, 0x43, 0x46, 0x2a, 0x24, 0x28, 
	0x20, 0x47, 0x48, 0x0a, 0x2b, 0x3a, 0x39, 0x3f, 
	0x3f, 0x49, 0x2b, 0x0a, 0x16, 0x4a, 0x3d, 0x24, 
	0x4b, 0x09, 0x1e, 0x46, 0x2e, 0x49, 0x39, 0x45, 
	0x4c, 0x3f, 0x42, 0x4d, 0x39, 0x2d, 0x2b, 0x46, 
	0x2a, 0x1b, 0x46, 0x2d, 0x3a, 0x4e, 0x42, 0x44, 
	0x4f, 0x50, 0x39, 0x2d, 0x1c, 0x1c, 0x51, 0x4a, 
	0x1e, 0x1e, 0x4a, 0x52, 0x53, 0x54, 0x49, 0x3f, 
	0x3f, 0x44, 0x4c, 0x39, 0x4e, 0x54, 0x43, 0x50, 
	0x43, 0x2d, 0x4e, 0x3f, 0x4f, 0x55, 0x56, 0x57, 
	0x56, 0x4f, 0x4c, 0x38, 0x39, 0x41, 0x1c, 0x17, 
	0x1e, 0x4a, 0x16, 0x1c, 0x37, 0x37, 0x54, 0x50, 
	0x3f, 0x45, 0x58, 0x42, 0x4d, 0x43, 0x42, 0x59, 
	0x4f, 0x4c, 0x55, 0x56, 0x56, 0x5a, 0x5b, 0x5b, 
	0x5b, 0x5c, 0x4f, 0x50, 0x3a, 0x2c, 0x16, 0x1c, 
	0x16, 0x2f, 0x09, 0x2a, 0x2d, 0x53, 0x41, 0x3b, 
	0x5d, 0x42, 0x42, 0x43, 0x3f, 0x42, 0x4f, 0x5e, 
	0x57, 0x57, 0x56, 0x5c, 0x5f, 0x60, 0x61, 0x62, 
	0x5c, 0x63, 0x57, 0x5d, 0x3a, 0x1c, 0x16, 0x1c, 
	0x24, 0x09, 0x09, 0x16, 0x64, 0x2e, 0x65, 0x54, 
	0x66, 0x3f, 0x67, 0x3f, 0x3f, 0x3f, 0x44, 0x59, 
	0x5b, 0x5c, 0x60, 0x60, 0x60, 0x68, 0x69, 0x6a, 
	0x6b, 0x5f, 0x56, 0x42, 0x6c, 0x51, 0x3a, 0x2b, 
	0x16, 0x09, 0x28, 0x16, 0x2b, 0x65, 0x41, 0x36, 
	0x4e, 0x43, 0x3f, 0x59, 0x59, 0x4c, 0x45, 0x4f, 
	0x63, 0x6a, 0x68, 0x68, 0x61, 0x61, 0x62, 0x6a, 
	0x5f, 0x5c, 0x56, 0x6d, 0x6e, 0x1c, 0x37, 0x1d, 
	0x2f, 0x2f, 0x2f, 0x16, 0x1c, 0x41, 0x36, 0x39, 
	0x4e, 0x42, 0x4c, 0x59, 0x56, 0x6f, 0x70, 0x56, 
	0x57, 0x68, 0x62, 0x71, 0x69, 0x72, 0x73, 0x74, 
	0x5c, 0x71, 0x4f, 0x6d, 0x38, 0x39, 0x75, 0x1d, 
	0x16, 0x16, 0x46, 0x46, 0x2d, 0x54, 0x54, 0x54, 
	0x4e, 0x4d, 0x4f, 0x4f, 0x56, 0x63, 0x70, 0x56, 
	0x5c, 0x5b, 0x6a, 0x68, 0x68, 0x69, 0x74, 0x73, 
	0x68, 0x60, 0x63, 0x4f, 0x76, 0x54, 0x39, 0x6e, 
	0x17, 0x65, 0x41, 0x2c, 0x49, 0x4f, 0x3f, 0x77, 
	0x3f, 0x4d, 0x42, 0x78, 0x5f, 0x5b, 0x5f, 0x56, 
	0x60, 0x68, 0x68, 0x62, 0x5c, 0x69, 0x79, 0x7a, 
	0x69, 0x61, 0x68, 0x5f, 0x7b, 0x4f, 0x3f, 0x39, 
	0x42, 0x50, 0x42, 0x67, 0x76, 0x57, 0x70, 0x66, 
	0x59, 0x4f, 0x7c, 0x59, 0x5f, 0x5b, 0x5b, 0x5f, 
	0x5c, 0x5c, 0x68, 0x6a, 0x5c, 0x7d, 0x79, 0x7a, 
	0x6a, 0x61, 0x6a, 0x5c, 0x6b, 0x57, 0x57, 0x7b, 
	0x4f, 0x70, 0x4f, 0x76, 0x70, 0x56, 0x57, 0x57, 
	0x5c, 0x78, 0x4f, 0x57, 0x5f, 0x61, 0x6a, 0x61, 
	0x5c, 0x5c, 0x62, 0x74, 0x5c, 0x7e, 0x7a, 0x7a, 
	0x7f, 0x74, 0x6a, 0x6a, 0x6b, 0x71, 0x5c, 0x5f, 
	0x4f, 0x80, 0x56, 0x7b, 0x7b, 0x5b, 0x5c, 0x5c, 
	0x5c, 0x68, 0x5c, 0x6b, 0x5c, 0x61, 0x6a, 0x5b, 
	0x61, 0x68, 0x73, 0x69, 0x61, 0x81, 0x73, 0x79, 
	0x73, 0x79, 0x73, 0x6a, 0x81, 0x68, 0x6a, 0x71, 
	0x57, 0x57, 0x5f, 0x5f, 0x82, 0x62, 0x69, 0x68, 
	0x61, 0x6a, 0x68, 0x6b, 0x68, 0x68, 0x6a, 0x6a, 
	0x6a, 0x61, 0x73, 0x83, 0x69, 0x69, 0x73, 0x79, 
	0x79, 0x79, 0x74, 0x84, 0x83, 0x69, 0x6a, 0x68, 
	0x71, 0x5c, 0x5c, 0x5c, 0x63, 0x6a, 0x6a, 0x69, 
	0x61, 0x6a, 0x71, 0x81, 0x5c, 0x61, 0x6a, 0x6a, 
	0x73, 0x69, 0x74, 0x6a, 0x69, 0x73, 0x74, 0x79, 
	0x79, 0x73, 0x74, 0x84, 0x73, 0x73, 0x74, 0x69, 
	0x6a, 0x61, 0x5c, 0x72, 0x6a, 0x61, 0x6a, 0x61, 
	0x6a, 0x61, 0x6a, 0x5c, 0x71, 0x61, 0x6a, 0x6a, 
	0x6a, 0x68, 0x6a, 0x73, 0x73, 0x79, 0x79, 0x79, 
	0x74, 0x74, 0x74, 0x74, 0x79, 0x73, 0x73, 0x69, 
	0x73, 0x69, 0x68, 0x61, 0x6a, 0x61, 0x74, 0x61, 
	0x69, 0x69, 0x73, 0x83, 0x83, 0x68, 0x68, 0x6a, 
	0x68, 0x69, 0x74, 0x69, 0x74, 0x79, 0x73, 0x73, 
	0x7f, 0x79, 0x79, 0x79, 0x79, 0x73, 0x7f, 0x74, 
	0x73, 0x6a, 0x61, 0x74, 0x6a, 0x69, 0x74, 0x74, 
	0x84, 0x74, 0x74, 0x69, 0x68, 0x69, 0x69, 0x62, 
	0x69, 0x73, 0x74, 0x73, 0x74, 0x74, 0x73, 0x6a, 
	0x74, 0x79, 0x79, 0x79, 0x79, 0x73, 0x69, 0x74, 
	0x74, 0x73, 0x69, 0x74, 0x74, 0x74, 0x74, 0x73, 
	0x69, 0x74, 0x73, 0x6a, 0x68, 0x69, 0x6a, 0x6a, 
	0x69, 0x73, 0x74, 0x6a, 0x84, 0x74, 0x73, 0x74, 
	0x74, 0x79, 0x79, 0x79, 0x79, 0x73, 0x74, 0x79, 
	0x73, 0x69, 0x6a, 0x73, 0x74, 0x73, 0x79, 0x73, 
	0x6a, 0x69, 0x74, 0x73, 0x68, 0x68, 0x69, 0x61, 
	0x69, 0x73, 0x74, 0x69, 0x69, 0x79, 0x73, 0x73, 
	0x69, 0x79, 0x73, 0x79, 0x79, 0x74, 0x74, 0x73, 
	0x73, 0x69, 0x73, 0x79, 0x73, 0x79, 0x74, 0x73, 
	0x69, 0x84, 0x69, 0x6a, 0x6a, 0x61, 0x62, 0x69, 
	0x74, 0x73, 0x6a, 0x6a, 0x69, 0x73, 0x73, 0x74, 
	0x69, 0x73, 0x74, 0x74, 0x79, 0x7f, 0x74, 0x79, 
	0x73, 0x74, 0x79, 0x79, 0x79, 0x73, 0x73, 0x79, 
	0x74, 0x73, 0x7f, 0x6a, 0x62, 0x61, 0x73, 0x74, 
	0x73, 0x74, 0x6a, 0x6a, 0x74, 0x74, 0x73, 0x73, 
	0x61, 0x74, 0x73, 0x69, 0x74, 0x69, 0x69, 0x73, 
	0x73, 0x74, 0x79, 0x79, 0x79, 0x74, 0x79, 0x74, 
	0x74, 0x7f, 0x73, 0x74, 0x69, 0x68, 0x69, 0x69, 
	0x69, 0x74, 0x73, 0x73, 0x73, 0x73, 0x74, 0x74, 
	0x84, 0x74, 0x73, 0x69, 0x7f, 0x74, 0x83, 0x74, 
	0x74, 0x73, 0x79, 0x79, 0x73, 0x74, 0x73, 0x73, 
	0x7f, 0x69, 0x73, 0x73, 0x6a, 0x6a, 0x6a, 0x5c, 
	0x68, 0x74, 0x74, 0x74, 0x6a, 0x69, 0x61, 0x85, 
	0x86, 0x87, 0x69, 0x7f, 0x69, 0x6a, 0x68, 0x61, 
	0x69, 0x7f, 0x73, 0x73, 0x73, 0x73, 0x73, 0x79, 
	0x7f, 0x69, 0x69, 0x6a, 0x61, 0x6a, 0x68, 0x5c, 
	0x81, 0x61, 0x73, 0x73, 0x72, 0x88, 0x89, 0x8a, 
	0x8b, 0x8c, 0x8d, 0x87, 0x61, 0x6b, 0x6b, 0x5c, 
	0x61, 0x69, 0x73, 0x73, 0x73, 0x6a, 0x69, 0x69, 
	0x7a, 0x69, 0x83, 0x6a, 0x71, 0x68, 0x5c, 0x6b, 
	0x81, 0x63, 0x7d, 0x8e, 0x8f, 0x90, 0x91, 0x91, 
	0x8b, 0x8b, 0x8b, 0x8c, 0x92, 0x93, 0x94, 0x80, 
	0x5c, 0x5b, 0x5c, 0x5b, 0x6a, 0x56, 0x57, 0x5f, 
	0x68, 0x95, 0x6b, 0x63, 0x96, 0x85, 0x97, 0x8f, 
	0x98, 0x99, 0x91, 0x90, 0x90, 0x91, 0x91, 0x91, 
	0x9a, 0x8b, 0x8b, 0x8b, 0x9a, 0x9b, 0x9c, 0x9d, 
	0x9e, 0x9f, 0x95, 0x57, 0x70, 0x50, 0xa0, 0xa1, 
	0xa2, 0x8f, 0xa3, 0x90, 0xa4, 0xa4, 0xa5, 0xa4, 
	0xa5, 0xa6, 0xa6, 0xa6, 0xa6, 0xa6, 0x91, 0x91, 
	
};

Gfx wf_dl_tile_3_4_pal_rgba16_aligner[] = {gsSPEndDisplayList()};
u8 wf_dl_tile_3_4_pal_rgba16[] = {
	0xc3, 0x95, 0xbb, 0x53, 0xc3, 0xd5, 0xcb, 0xd7, 
	0xd4, 0x5b, 0xcc, 0x19, 0xbb, 0x55, 0xaa, 0xd1, 
	0xbb, 0x99, 0xa2, 0xd3, 0x8a, 0x4f, 0xab, 0x15, 
	0xa2, 0xd1, 0x9a, 0xd1, 0x9a, 0x8f, 0xc3, 0xd9, 
	0xcb, 0xd9, 0xa2, 0xcf, 0xb3, 0x13, 0xcc, 0x1b, 
	0xc3, 0xd7, 0xab, 0x13, 0x92, 0x51, 0x71, 0x8b, 
	0xaa, 0xd3, 0xb2, 0xd1, 0xc3, 0x97, 0x92, 0x91, 
	0x82, 0x0f, 0x92, 0x93, 0x81, 0xcd, 0xa2, 0x91, 
	0xb3, 0x55, 0x92, 0x4d, 0xa2, 0x8f, 0x89, 0xcb, 
	0x92, 0x4f, 0xc3, 0xdb, 0xb3, 0x15, 0x79, 0x89, 
	0x9a, 0x91, 0xbb, 0x97, 0x82, 0x0d, 0x79, 0xcd, 
	0x7a, 0x0f, 0x71, 0xcd, 0x69, 0x4b, 0x9a, 0x93, 
	0x92, 0x0d, 0x69, 0x47, 0xa3, 0x13, 0x7a, 0x11, 
	0xc3, 0x99, 0x9a, 0x4f, 0x71, 0xcf, 0x61, 0x49, 
	0x72, 0x0f, 0x69, 0x8d, 0x69, 0x8b, 0x51, 0x07, 
	0xa2, 0xd5, 0x92, 0x0f, 0x71, 0x89, 0x59, 0x4b, 
	0xb3, 0x97, 0x71, 0x8d, 0x51, 0x09, 0x59, 0x49, 
	0x59, 0x8b, 0x49, 0x07, 0x8a, 0x51, 0xb3, 0x57, 
	0x8a, 0x0d, 0x61, 0x8b, 0x8a, 0x0f, 0x9a, 0x51, 
	0x51, 0x49, 0x59, 0x09, 0x69, 0xcd, 0x49, 0x09, 
	0x61, 0x8d, 0x8a, 0x11, 0x92, 0x53, 0x59, 0x07, 
	0x61, 0x4b, 0x41, 0x07, 0x38, 0xc7, 0x41, 0x09, 
	0x40, 0xc5, 0x40, 0xc7, 0x30, 0x85, 0x28, 0x85, 
	0x30, 0xc7, 0x48, 0xc7, 0x38, 0x85, 0x38, 0xc9, 
	0x30, 0x87, 0x28, 0xc7, 0x20, 0x45, 0x39, 0x09, 
	0x81, 0xcf, 0x79, 0xcf, 0x48, 0xc9, 0x71, 0xd1, 
	0x28, 0x87, 0x20, 0x87, 0x20, 0x85, 0x41, 0x0b, 
	0x82, 0x53, 0x69, 0xcf, 0x82, 0x11, 0x51, 0x8b, 
	0x51, 0x4b, 0x30, 0xc9, 0x31, 0x09, 0x18, 0x45, 
	0x18, 0x85, 0x61, 0x09, 0x59, 0x8d, 0x50, 0xc9, 
	0x40, 0xc9, 0x10, 0x45, 0x10, 0x43, 0x49, 0x0b, 
	0x51, 0x0b, 0x31, 0x0b, 0x41, 0x4d, 0x18, 0x87, 
	0x49, 0x4b, 0x39, 0x0b, 0x49, 0x4d, 0x28, 0xc9, 
	0x20, 0xc7, 0x39, 0x8d, 0x4a, 0x53, 0x29, 0x09, 
	0x41, 0xcd, 0x4a, 0x93, 0x53, 0x15, 0x63, 0x9b, 
	0x63, 0x59, 0x4a, 0x95, 0x31, 0x4b, 0x52, 0x93, 
	0x5b, 0x17, 0x53, 0x17, 0x52, 0xd5, 0x5a, 0x51, 
	0x51, 0x8d, 0x41, 0x4b, 0x39, 0x4b, 0x39, 0xcd, 
	0x52, 0x95, 0x5a, 0xd7, 0x63, 0x99, 0x6b, 0x99, 
	0x63, 0x17, 0x52, 0x51, 0x52, 0x11, 0x51, 0xcf, 
	0x6a, 0x0f, 0x62, 0x53, 0x62, 0xd5, 0x5a, 0xd5, 
	0x5b, 0x57, 0x5b, 0x59, 0x53, 0x57, 
};

Gfx wf_dl_tile_3_5_ci8_aligner[] = {gsSPEndDisplayList()};
u8 wf_dl_tile_3_5_ci8[] = {
	0x00, 0x00, 0x00, 0x01, 0x02, 0x03, 0x04, 0x05, 
	0x06, 0x07, 0x06, 0x07, 0x08, 0x09, 0x0a, 0x0b, 
	0x0c, 0x0d, 0x0e, 0x0f, 0x10, 0x11, 0x12, 0x13, 
	0x14, 0x15, 0x16, 0x17, 0x17, 0x16, 0x16, 0x16, 
	0x18, 0x00, 0x00, 0x00, 0x18, 0x19, 0x1a, 0x1b, 
	0x1c, 0x1d, 0x0d, 0x0a, 0x1e, 0x1f, 0x20, 0x21, 
	0x22, 0x13, 0x23, 0x17, 0x24, 0x24, 0x25, 0x24, 
	0x25, 0x26, 0x26, 0x26, 0x26, 0x26, 0x16, 0x16, 
	0x27, 0x27, 0x00, 0x00, 0x00, 0x00, 0x18, 0x18, 
	0x01, 0x01, 0x01, 0x28, 0x29, 0x2a, 0x29, 0x01, 
	0x01, 0x25, 0x25, 0x25, 0x25, 0x26, 0x24, 0x25, 
	0x26, 0x26, 0x24, 0x26, 0x26, 0x16, 0x16, 0x16, 
	0x27, 0x27, 0x27, 0x00, 0x00, 0x2b, 0x2b, 0x00, 
	0x2b, 0x2b, 0x2b, 0x2b, 0x2b, 0x2b, 0x25, 0x2b, 
	0x25, 0x25, 0x25, 0x25, 0x25, 0x25, 0x26, 0x26, 
	0x26, 0x26, 0x26, 0x26, 0x26, 0x26, 0x16, 0x16, 
	0x2c, 0x27, 0x27, 0x00, 0x2b, 0x2b, 0x00, 0x2b, 
	0x2b, 0x2b, 0x2b, 0x25, 0x2b, 0x25, 0x2b, 0x25, 
	0x25, 0x25, 0x25, 0x25, 0x25, 0x24, 0x26, 0x2d, 
	0x26, 0x26, 0x26, 0x26, 0x26, 0x26, 0x16, 0x16, 
	0x2c, 0x27, 0x27, 0x00, 0x00, 0x2b, 0x2b, 0x2b, 
	0x2b, 0x2b, 0x2b, 0x2b, 0x2b, 0x25, 0x2b, 0x25, 
	0x25, 0x25, 0x25, 0x25, 0x25, 0x25, 0x26, 0x25, 
	0x26, 0x26, 0x24, 0x26, 0x16, 0x16, 0x16, 0x16, 
	0x00, 0x00, 0x00, 0x00, 0x2b, 0x2b, 0x2b, 0x2b, 
	0x2b, 0x2b, 0x2b, 0x2b, 0x2b, 0x25, 0x25, 0x25, 
	0x25, 0x25, 0x25, 0x25, 0x25, 0x25, 0x25, 0x24, 
	0x26, 0x26, 0x26, 0x26, 0x26, 0x26, 0x16, 0x16, 
	0x00, 0x00, 0x00, 0x2b, 0x2b, 0x00, 0x2b, 0x18, 
	0x2b, 0x2b, 0x2b, 0x2b, 0x2b, 0x25, 0x2b, 0x25, 
	0x25, 0x25, 0x25, 0x25, 0x25, 0x24, 0x24, 0x26, 
	0x26, 0x26, 0x26, 0x26, 0x26, 0x26, 0x16, 0x16, 
	0x00, 0x00, 0x00, 0x2b, 0x2b, 0x2b, 0x2b, 0x2b, 
	0x2b, 0x2b, 0x2b, 0x25, 0x2b, 0x25, 0x25, 0x25, 
	0x25, 0x25, 0x25, 0x25, 0x25, 0x25, 0x24, 0x26, 
	0x24, 0x26, 0x26, 0x26, 0x26, 0x26, 0x16, 0x16, 
	0x00, 0x00, 0x00, 0x2b, 0x2b, 0x2b, 0x2b, 0x2b, 
	0x2b, 0x2b, 0x25, 0x2b, 0x25, 0x25, 0x25, 0x25, 
	0x25, 0x25, 0x25, 0x25, 0x25, 0x25, 0x24, 0x24, 
	0x24, 0x26, 0x26, 0x26, 0x26, 0x26, 0x16, 0x16, 
	0x00, 0x2b, 0x2b, 0x18, 0x18, 0x2b, 0x2b, 0x2b, 
	0x2b, 0x2b, 0x2b, 0x2b, 0x25, 0x25, 0x25, 0x25, 
	0x25, 0x25, 0x25, 0x25, 0x25, 0x24, 0x25, 0x26, 
	0x24, 0x26, 0x26, 0x26, 0x26, 0x26, 0x26, 0x16, 
	0x00, 0x2b, 0x2b, 0x18, 0x18, 0x2b, 0x2b, 0x2b, 
	0x2b, 0x2b, 0x25, 0x25, 0x2b, 0x25, 0x2b, 0x25, 
	0x25, 0x25, 0x25, 0x25, 0x25, 0x24, 0x25, 0x26, 
	0x24, 0x26, 0x26, 0x26, 0x26, 0x26, 0x16, 0x16, 
	0x00, 0x2b, 0x2b, 0x2b, 0x2b, 0x2b, 0x2b, 0x2b, 
	0x2b, 0x2b, 0x2b, 0x25, 0x2b, 0x25, 0x25, 0x25, 
	0x25, 0x25, 0x25, 0x25, 0x25, 0x25, 0x24, 0x24, 
	0x26, 0x24, 0x26, 0x26, 0x26, 0x26, 0x26, 0x16, 
	0x2b, 0x2b, 0x2b, 0x2b, 0x2b, 0x2b, 0x2b, 0x2b, 
	0x2b, 0x2b, 0x25, 0x25, 0x25, 0x25, 0x25, 0x25, 
	0x25, 0x25, 0x25, 0x25, 0x24, 0x24, 0x26, 0x25, 
	0x26, 0x24, 0x26, 0x26, 0x26, 0x26, 0x26, 0x16, 
	0x2b, 0x2b, 0x18, 0x2b, 0x2b, 0x2b, 0x2b, 0x25, 
	0x2b, 0x25, 0x25, 0x25, 0x25, 0x2b, 0x25, 0x25, 
	0x25, 0x25, 0x25, 0x24, 0x25, 0x25, 0x25, 0x24, 
	0x26, 0x26, 0x26, 0x26, 0x26, 0x26, 0x16, 0x16, 
	0x2b, 0x2b, 0x2b, 0x2b, 0x2b, 0x2b, 0x2b, 0x25, 
	0x2b, 0x25, 0x2b, 0x25, 0x25, 0x25, 0x25, 0x25, 
	0x25, 0x25, 0x25, 0x24, 0x25, 0x25, 0x24, 0x26, 
	0x24, 0x26, 0x24, 0x26, 0x26, 0x26, 0x16, 0x16, 
	0x2b, 0x2b, 0x2b, 0x2b, 0x25, 0x2b, 0x2b, 0x25, 
	0x2b, 0x2b, 0x25, 0x2b, 0x25, 0x25, 0x25, 0x25, 
	0x25, 0x25, 0x25, 0x25, 0x25, 0x25, 0x24, 0x24, 
	0x26, 0x26, 0x26, 0x26, 0x26, 0x26, 0x26, 0x16, 
	0x2b, 0x2b, 0x2b, 0x2b, 0x25, 0x2b, 0x2b, 0x25, 
	0x25, 0x2b, 0x25, 0x25, 0x25, 0x25, 0x25, 0x25, 
	0x25, 0x25, 0x24, 0x24, 0x24, 0x25, 0x26, 0x25, 
	0x24, 0x26, 0x26, 0x26, 0x26, 0x26, 0x26, 0x16, 
	0x18, 0x2b, 0x18, 0x2b, 0x25, 0x2b, 0x2b, 0x2b, 
	0x25, 0x25, 0x25, 0x25, 0x25, 0x25, 0x25, 0x25, 
	0x25, 0x25, 0x25, 0x25, 0x24, 0x25, 0x26, 0x24, 
	0x26, 0x26, 0x26, 0x26, 0x26, 0x26, 0x26, 0x16, 
	0x2b, 0x2b, 0x2b, 0x2b, 0x2b, 0x2b, 0x2b, 0x25, 
	0x25, 0x25, 0x25, 0x25, 0x2b, 0x25, 0x25, 0x25, 
	0x25, 0x25, 0x25, 0x25, 0x24, 0x25, 0x26, 0x26, 
	0x26, 0x26, 0x26, 0x26, 0x26, 0x26, 0x16, 0x16, 
	0x2b, 0x18, 0x2b, 0x2b, 0x2b, 0x2b, 0x25, 0x25, 
	0x25, 0x2b, 0x25, 0x25, 0x25, 0x25, 0x25, 0x25, 
	0x25, 0x25, 0x24, 0x24, 0x24, 0x25, 0x26, 0x26, 
	0x25, 0x26, 0x26, 0x26, 0x26, 0x26, 0x26, 0x16, 
	0x2b, 0x2b, 0x2b, 0x2b, 0x2b, 0x2b, 0x2b, 0x25, 
	0x2b, 0x25, 0x25, 0x25, 0x25, 0x25, 0x25, 0x25, 
	0x25, 0x25, 0x24, 0x25, 0x24, 0x25, 0x26, 0x26, 
	0x24, 0x26, 0x26, 0x26, 0x26, 0x26, 0x16, 0x16, 
	0x2b, 0x2b, 0x2b, 0x2b, 0x25, 0x25, 0x2b, 0x25, 
	0x2b, 0x25, 0x25, 0x25, 0x25, 0x25, 0x25, 0x25, 
	0x25, 0x25, 0x24, 0x24, 0x26, 0x24, 0x24, 0x26, 
	0x26, 0x26, 0x26, 0x26, 0x26, 0x26, 0x16, 0x16, 
	0x2b, 0x2b, 0x2b, 0x25, 0x2b, 0x25, 0x25, 0x25, 
	0x25, 0x25, 0x25, 0x25, 0x25, 0x25, 0x25, 0x25, 
	0x25, 0x24, 0x25, 0x25, 0x26, 0x24, 0x26, 0x26, 
	0x26, 0x26, 0x26, 0x26, 0x16, 0x26, 0x16, 0x16, 
	0x2b, 0x18, 0x25, 0x2b, 0x2b, 0x2b, 0x25, 0x2b, 
	0x2b, 0x25, 0x25, 0x25, 0x25, 0x25, 0x25, 0x25, 
	0x24, 0x25, 0x25, 0x25, 0x24, 0x26, 0x26, 0x26, 
	0x26, 0x26, 0x26, 0x26, 0x26, 0x26, 0x16, 0x16, 
	0x2b, 0x2b, 0x25, 0x2b, 0x2b, 0x2b, 0x25, 0x25, 
	0x25, 0x25, 0x25, 0x25, 0x25, 0x25, 0x25, 0x24, 
	0x25, 0x25, 0x24, 0x24, 0x26, 0x24, 0x26, 0x26, 
	0x24, 0x26, 0x26, 0x26, 0x26, 0x26, 0x16, 0x16, 
	0x2b, 0x2b, 0x25, 0x2b, 0x25, 0x2b, 0x25, 0x2b, 
	0x25, 0x25, 0x25, 0x25, 0x25, 0x25, 0x25, 0x26, 
	0x24, 0x24, 0x24, 0x24, 0x26, 0x25, 0x26, 0x26, 
	0x26, 0x26, 0x26, 0x16, 0x26, 0x16, 0x16, 0x16, 
	0x2b, 0x2b, 0x2b, 0x25, 0x25, 0x2b, 0x25, 0x2b, 
	0x25, 0x25, 0x25, 0x25, 0x25, 0x25, 0x25, 0x25, 
	0x24, 0x25, 0x24, 0x24, 0x26, 0x25, 0x26, 0x24, 
	0x26, 0x26, 0x16, 0x26, 0x16, 0x16, 0x16, 0x16, 
	0x2b, 0x2b, 0x2b, 0x2b, 0x2b, 0x2b, 0x25, 0x25, 
	0x25, 0x25, 0x25, 0x25, 0x25, 0x25, 0x24, 0x25, 
	0x24, 0x25, 0x26, 0x26, 0x26, 0x24, 0x26, 0x26, 
	0x26, 0x26, 0x26, 0x24, 0x16, 0x16, 0x16, 0x16, 
	0x2b, 0x2b, 0x25, 0x2b, 0x2b, 0x25, 0x25, 0x25, 
	0x25, 0x25, 0x25, 0x25, 0x25, 0x24, 0x24, 0x25, 
	0x24, 0x25, 0x26, 0x26, 0x26, 0x26, 0x26, 0x26, 
	0x26, 0x16, 0x26, 0x16, 0x16, 0x16, 0x16, 0x16, 
	0x2b, 0x2b, 0x25, 0x2b, 0x2b, 0x25, 0x2b, 0x25, 
	0x25, 0x25, 0x25, 0x25, 0x25, 0x25, 0x25, 0x24, 
	0x24, 0x24, 0x25, 0x26, 0x24, 0x24, 0x26, 0x26, 
	0x26, 0x26, 0x16, 0x24, 0x16, 0x16, 0x16, 0x16, 
	0x2b, 0x2b, 0x25, 0x2b, 0x2b, 0x25, 0x25, 0x25, 
	0x25, 0x25, 0x25, 0x25, 0x25, 0x26, 0x25, 0x25, 
	0x24, 0x26, 0x24, 0x25, 0x26, 0x26, 0x26, 0x26, 
	0x26, 0x26, 0x16, 0x16, 0x16, 0x16, 0x16, 0x16, 
	
};

Gfx wf_dl_tile_3_5_pal_rgba16_aligner[] = {gsSPEndDisplayList()};
u8 wf_dl_tile_3_5_pal_rgba16[] = {
	0x63, 0x9b, 0x63, 0x59, 0x52, 0xd5, 0x5a, 0x51, 
	0x51, 0x8d, 0x49, 0x4b, 0x30, 0xc7, 0x28, 0x85, 
	0x20, 0x85, 0x38, 0xc7, 0x41, 0x09, 0x38, 0xc9, 
	0x28, 0x87, 0x41, 0x4b, 0x41, 0x0b, 0x39, 0x09, 
	0x39, 0x4b, 0x39, 0x8d, 0x39, 0xcd, 0x52, 0x93, 
	0x52, 0x95, 0x5a, 0xd7, 0x53, 0x17, 0x5b, 0x17, 
	0x63, 0x99, 0x6b, 0x99, 0x63, 0x17, 0x52, 0x51, 
	0x52, 0x11, 0x51, 0xcf, 0x51, 0x4b, 0x61, 0x8d, 
	0x6a, 0x0f, 0x62, 0x53, 0x62, 0xd5, 0x5a, 0xd5, 
	0x5b, 0x57, 0x5b, 0x59, 0x53, 0x57, 0x5b, 0x9b, 
	0x63, 0x57, 0x6b, 0x59, 0x6b, 0x17, 0x5b, 0x99, 
	0x63, 0xdb, 0x53, 0x59, 
};

Gfx wf_dl_tile_3_6_ci8_aligner[] = {gsSPEndDisplayList()};
u8 wf_dl_tile_3_6_ci8[] = {
	0x00, 0x00, 0x01, 0x00, 0x00, 0x01, 0x00, 0x01, 
	0x01, 0x01, 0x01, 0x01, 0x01, 0x01, 0x01, 0x02, 
	0x02, 0x02, 0x01, 0x03, 0x02, 0x02, 0x03, 0x03, 
	0x03, 0x03, 0x04, 0x02, 0x04, 0x04, 0x04, 0x04, 
	0x00, 0x00, 0x01, 0x00, 0x00, 0x01, 0x01, 0x01, 
	0x01, 0x01, 0x01, 0x01, 0x01, 0x03, 0x01, 0x01, 
	0x02, 0x03, 0x02, 0x01, 0x03, 0x03, 0x03, 0x03, 
	0x03, 0x03, 0x04, 0x04, 0x04, 0x04, 0x04, 0x04, 
	0x00, 0x00, 0x00, 0x00, 0x01, 0x01, 0x01, 0x01, 
	0x01, 0x01, 0x01, 0x01, 0x01, 0x02, 0x01, 0x03, 
	0x02, 0x03, 0x03, 0x02, 0x03, 0x03, 0x03, 0x03, 
	0x03, 0x03, 0x03, 0x04, 0x04, 0x04, 0x04, 0x04, 
	0x00, 0x00, 0x00, 0x00, 0x01, 0x00, 0x01, 0x01, 
	0x01, 0x01, 0x01, 0x01, 0x02, 0x02, 0x01, 0x02, 
	0x03, 0x02, 0x03, 0x03, 0x03, 0x03, 0x03, 0x03, 
	0x04, 0x03, 0x03, 0x04, 0x04, 0x04, 0x04, 0x04, 
	0x00, 0x01, 0x00, 0x01, 0x01, 0x01, 0x01, 0x01, 
	0x01, 0x01, 0x01, 0x01, 0x02, 0x02, 0x01, 0x03, 
	0x02, 0x01, 0x03, 0x03, 0x03, 0x03, 0x03, 0x03, 
	0x03, 0x03, 0x03, 0x04, 0x04, 0x04, 0x04, 0x04, 
	0x01, 0x01, 0x00, 0x01, 0x01, 0x01, 0x01, 0x01, 
	0x01, 0x01, 0x01, 0x03, 0x02, 0x02, 0x02, 0x03, 
	0x03, 0x02, 0x03, 0x02, 0x03, 0x03, 0x03, 0x03, 
	0x03, 0x03, 0x03, 0x04, 0x04, 0x04, 0x04, 0x05, 
	0x01, 0x00, 0x01, 0x00, 0x01, 0x01, 0x01, 0x01, 
	0x01, 0x01, 0x01, 0x02, 0x01, 0x02, 0x02, 0x01, 
	0x03, 0x02, 0x03, 0x03, 0x03, 0x03, 0x03, 0x03, 
	0x04, 0x04, 0x04, 0x04, 0x04, 0x04, 0x05, 0x06, 
	0x01, 0x00, 0x01, 0x00, 0x01, 0x01, 0x01, 0x01, 
	0x01, 0x01, 0x02, 0x01, 0x03, 0x01, 0x03, 0x02, 
	0x03, 0x03, 0x02, 0x03, 0x03, 0x03, 0x03, 0x03, 
	0x04, 0x04, 0x04, 0x04, 0x04, 0x04, 0x05, 0x05, 
	0x01, 0x00, 0x01, 0x01, 0x01, 0x01, 0x01, 0x01, 
	0x01, 0x01, 0x01, 0x01, 0x02, 0x02, 0x03, 0x03, 
	0x03, 0x03, 0x03, 0x03, 0x03, 0x03, 0x03, 0x04, 
	0x04, 0x04, 0x04, 0x04, 0x04, 0x04, 0x04, 0x04, 
	0x01, 0x01, 0x01, 0x00, 0x01, 0x01, 0x01, 0x01, 
	0x01, 0x02, 0x02, 0x02, 0x02, 0x03, 0x03, 0x03, 
	0x03, 0x04, 0x03, 0x03, 0x03, 0x03, 0x03, 0x04, 
	0x04, 0x04, 0x04, 0x04, 0x04, 0x04, 0x05, 0x05, 
	0x01, 0x00, 0x01, 0x01, 0x01, 0x01, 0x01, 0x01, 
	0x01, 0x01, 0x01, 0x01, 0x03, 0x03, 0x01, 0x01, 
	0x03, 0x03, 0x03, 0x03, 0x03, 0x03, 0x03, 0x04, 
	0x04, 0x04, 0x04, 0x04, 0x04, 0x04, 0x05, 0x07, 
	0x01, 0x01, 0x01, 0x01, 0x01, 0x01, 0x01, 0x01, 
	0x03, 0x01, 0x03, 0x02, 0x03, 0x03, 0x03, 0x02, 
	0x03, 0x03, 0x03, 0x03, 0x03, 0x04, 0x04, 0x04, 
	0x04, 0x04, 0x04, 0x04, 0x05, 0x06, 0x05, 0x05, 
	0x01, 0x01, 0x01, 0x01, 0x01, 0x01, 0x01, 0x01, 
	0x03, 0x01, 0x03, 0x01, 0x03, 0x03, 0x01, 0x02, 
	0x03, 0x03, 0x03, 0x04, 0x02, 0x03, 0x04, 0x04, 
	0x04, 0x04, 0x04, 0x04, 0x04, 0x04, 0x04, 0x05, 
	0x01, 0x01, 0x01, 0x01, 0x01, 0x01, 0x02, 0x02, 
	0x03, 0x01, 0x03, 0x03, 0x02, 0x03, 0x01, 0x03, 
	0x03, 0x03, 0x04, 0x04, 0x04, 0x04, 0x04, 0x04, 
	0x04, 0x04, 0x04, 0x05, 0x04, 0x05, 0x05, 0x05, 
	0x01, 0x01, 0x01, 0x01, 0x01, 0x01, 0x02, 0x02, 
	0x02, 0x03, 0x03, 0x02, 0x03, 0x03, 0x03, 0x03, 
	0x03, 0x03, 0x04, 0x03, 0x02, 0x04, 0x04, 0x04, 
	0x04, 0x04, 0x04, 0x04, 0x04, 0x04, 0x08, 0x07, 
	0x01, 0x01, 0x01, 0x01, 0x01, 0x01, 0x02, 0x02, 
	0x02, 0x02, 0x03, 0x01, 0x03, 0x02, 0x03, 0x03, 
	0x03, 0x03, 0x04, 0x04, 0x04, 0x04, 0x04, 0x04, 
	0x04, 0x04, 0x06, 0x05, 0x05, 0x05, 0x05, 0x05, 
	0x01, 0x01, 0x01, 0x01, 0x03, 0x01, 0x03, 0x03, 
	0x02, 0x01, 0x03, 0x03, 0x03, 0x02, 0x03, 0x03, 
	0x04, 0x04, 0x03, 0x03, 0x04, 0x04, 0x04, 0x04, 
	0x04, 0x05, 0x04, 0x05, 0x05, 0x05, 0x05, 0x05, 
	0x01, 0x01, 0x01, 0x02, 0x01, 0x02, 0x02, 0x03, 
	0x01, 0x03, 0x03, 0x03, 0x03, 0x03, 0x04, 0x03, 
	0x03, 0x04, 0x04, 0x04, 0x04, 0x04, 0x04, 0x04, 
	0x04, 0x07, 0x05, 0x04, 0x05, 0x05, 0x05, 0x05, 
	0x02, 0x03, 0x01, 0x02, 0x02, 0x03, 0x03, 0x03, 
	0x03, 0x03, 0x03, 0x03, 0x03, 0x03, 0x03, 0x03, 
	0x03, 0x03, 0x04, 0x04, 0x04, 0x04, 0x04, 0x04, 
	0x07, 0x04, 0x07, 0x05, 0x04, 0x05, 0x05, 0x08, 
	0x02, 0x01, 0x02, 0x01, 0x02, 0x02, 0x03, 0x02, 
	0x03, 0x03, 0x03, 0x03, 0x03, 0x03, 0x03, 0x04, 
	0x04, 0x04, 0x04, 0x04, 0x04, 0x04, 0x06, 0x05, 
	0x05, 0x04, 0x03, 0x07, 0x07, 0x08, 0x08, 0x09, 
	0x03, 0x0a, 0x03, 0x01, 0x01, 0x01, 0x03, 0x01, 
	0x03, 0x03, 0x02, 0x03, 0x03, 0x03, 0x03, 0x03, 
	0x0a, 0x03, 0x03, 0x03, 0x03, 0x04, 0x04, 0x07, 
	0x08, 0x08, 0x0b, 0x09, 0x0c, 0x0c, 0x0d, 0x0e, 
	0x0b, 0x08, 0x05, 0x07, 0x07, 0x04, 0x04, 0x04, 
	0x04, 0x04, 0x03, 0x03, 0x03, 0x04, 0x04, 0x07, 
	0x04, 0x05, 0x08, 0x07, 0x08, 0x08, 0x0f, 0x0e, 
	0x0c, 0x0c, 0x0e, 0x0c, 0x09, 0x0b, 0x08, 0x07, 
	0x05, 0x08, 0x10, 0x09, 0x0e, 0x09, 0x09, 0x0e, 
	0x0e, 0x0c, 0x0f, 0x0b, 0x0f, 0x09, 0x0e, 0x0c, 
	0x0c, 0x0c, 0x0c, 0x0c, 0x0c, 0x0c, 0x0c, 0x09, 
	0x0f, 0x0f, 0x08, 0x08, 0x07, 0x04, 0x04, 0x08, 
	0x01, 0x03, 0x03, 0x03, 0x04, 0x07, 0x05, 0x08, 
	0x0f, 0x09, 0x0b, 0x0b, 0x09, 0x0e, 0x09, 0x0f, 
	0x0b, 0x0b, 0x07, 0x11, 0x08, 0x04, 0x04, 0x03, 
	0x03, 0x04, 0x05, 0x04, 0x08, 0x08, 0x08, 0x08, 
	0x03, 0x03, 0x03, 0x02, 0x02, 0x02, 0x02, 0x01, 
	0x01, 0x01, 0x01, 0x01, 0x01, 0x01, 0x01, 0x03, 
	0x03, 0x03, 0x03, 0x03, 0x04, 0x03, 0x04, 0x05, 
	0x05, 0x08, 0x08, 0x05, 0x08, 0x07, 0x08, 0x08, 
	0x04, 0x03, 0x03, 0x03, 0x03, 0x03, 0x03, 0x04, 
	0x04, 0x04, 0x04, 0x04, 0x04, 0x04, 0x04, 0x04, 
	0x04, 0x04, 0x06, 0x05, 0x05, 0x05, 0x05, 0x05, 
	0x05, 0x08, 0x08, 0x07, 0x08, 0x08, 0x08, 0x08, 
	0x03, 0x03, 0x03, 0x03, 0x04, 0x03, 0x03, 0x03, 
	0x04, 0x04, 0x04, 0x04, 0x04, 0x04, 0x04, 0x04, 
	0x06, 0x05, 0x04, 0x04, 0x04, 0x05, 0x05, 0x05, 
	0x05, 0x05, 0x08, 0x08, 0x08, 0x08, 0x08, 0x08, 
	0x03, 0x03, 0x03, 0x04, 0x03, 0x03, 0x04, 0x04, 
	0x04, 0x04, 0x04, 0x04, 0x04, 0x04, 0x04, 0x04, 
	0x04, 0x05, 0x05, 0x04, 0x05, 0x05, 0x08, 0x05, 
	0x08, 0x08, 0x08, 0x08, 0x08, 0x08, 0x08, 0x08, 
	0x04, 0x03, 0x04, 0x04, 0x03, 0x04, 0x04, 0x06, 
	0x06, 0x06, 0x04, 0x04, 0x04, 0x04, 0x04, 0x05, 
	0x04, 0x05, 0x07, 0x07, 0x08, 0x04, 0x08, 0x08, 
	0x05, 0x08, 0x05, 0x0b, 0x0b, 0x08, 0x08, 0x08, 
	0x03, 0x03, 0x03, 0x04, 0x04, 0x04, 0x04, 0x04, 
	0x04, 0x04, 0x04, 0x04, 0x04, 0x06, 0x06, 0x05, 
	0x06, 0x08, 0x04, 0x05, 0x07, 0x05, 0x07, 0x08, 
	0x08, 0x05, 0x07, 0x07, 0x08, 0x11, 0x0f, 0x0c, 
	0x05, 0x04, 0x03, 0x04, 0x04, 0x04, 0x04, 0x03, 
	0x04, 0x04, 0x04, 0x04, 0x04, 0x05, 0x04, 0x04, 
	0x04, 0x07, 0x04, 0x04, 0x04, 0x07, 0x07, 0x08, 
	0x11, 0x0b, 0x0c, 0x0d, 0x0d, 0x0d, 0x0d, 0x0d, 
	0x0e, 0x0c, 0x09, 0x09, 0x0f, 0x0f, 0x09, 0x05, 
	0x05, 0x08, 0x08, 0x08, 0x08, 0x08, 0x08, 0x08, 
	0x08, 0x08, 0x0b, 0x08, 0x09, 0x0e, 0x0c, 0x0c, 
	0x0c, 0x0d, 0x12, 0x0c, 0x0e, 0x0e, 0x0f, 0x08, 
	
};

Gfx wf_dl_tile_3_6_pal_rgba16_aligner[] = {gsSPEndDisplayList()};
u8 wf_dl_tile_3_6_pal_rgba16[] = {
	0x5b, 0x99, 0x5b, 0x59, 0x5b, 0x57, 0x53, 0x57, 
	0x53, 0x17, 0x4b, 0x15, 0x53, 0x15, 0x4b, 0x17, 
	0x4a, 0xd5, 0x42, 0x93, 0x53, 0x59, 0x42, 0xd5, 
	0x3a, 0x53, 0x32, 0x53, 0x3a, 0x93, 0x42, 0x95, 
	0x42, 0xd3, 0x4a, 0xd7, 0x32, 0x11, 
};

Gfx wf_dl_tile_3_7_ci8_aligner[] = {gsSPEndDisplayList()};
u8 wf_dl_tile_3_7_ci8[] = {
	0x00, 0x01, 0x02, 0x01, 0x01, 0x01, 0x01, 0x02, 
	0x01, 0x01, 0x01, 0x01, 0x01, 0x00, 0x01, 0x01, 
	0x01, 0x03, 0x01, 0x01, 0x01, 0x03, 0x03, 0x04, 
	0x05, 0x06, 0x07, 0x08, 0x08, 0x08, 0x08, 0x08, 
	0x09, 0x07, 0x0a, 0x0a, 0x0b, 0x0b, 0x0a, 0x00, 
	0x00, 0x04, 0x04, 0x04, 0x04, 0x04, 0x04, 0x04, 
	0x04, 0x04, 0x06, 0x04, 0x0a, 0x09, 0x07, 0x07, 
	0x07, 0x08, 0x0c, 0x07, 0x09, 0x09, 0x0b, 0x04, 
	0x01, 0x00, 0x04, 0x0b, 0x0b, 0x07, 0x0d, 0x07, 
	0x07, 0x07, 0x07, 0x07, 0x07, 0x07, 0x07, 0x08, 
	0x07, 0x08, 0x0e, 0x0f, 0x08, 0x08, 0x07, 0x07, 
	0x07, 0x07, 0x04, 0x03, 0x04, 0x04, 0x04, 0x06, 
	0x02, 0x01, 0x02, 0x01, 0x01, 0x03, 0x03, 0x04, 
	0x04, 0x04, 0x0a, 0x0b, 0x06, 0x06, 0x0b, 0x06, 
	0x04, 0x05, 0x05, 0x05, 0x00, 0x00, 0x03, 0x03, 
	0x0a, 0x06, 0x04, 0x04, 0x04, 0x04, 0x06, 0x0a, 
	0x01, 0x00, 0x01, 0x01, 0x01, 0x01, 0x02, 0x01, 
	0x01, 0x02, 0x04, 0x04, 0x02, 0x01, 0x03, 0x01, 
	0x00, 0x03, 0x00, 0x04, 0x04, 0x06, 0x04, 0x04, 
	0x07, 0x0a, 0x06, 0x04, 0x04, 0x0a, 0x06, 0x0b, 
	0x01, 0x01, 0x00, 0x01, 0x04, 0x00, 0x00, 0x04, 
	0x01, 0x04, 0x0a, 0x0b, 0x03, 0x04, 0x04, 0x04, 
	0x04, 0x04, 0x06, 0x06, 0x06, 0x06, 0x04, 0x04, 
	0x07, 0x07, 0x04, 0x0a, 0x06, 0x04, 0x04, 0x0a, 
	0x00, 0x03, 0x04, 0x03, 0x04, 0x01, 0x00, 0x03, 
	0x00, 0x03, 0x0b, 0x0b, 0x03, 0x04, 0x04, 0x04, 
	0x04, 0x04, 0x04, 0x04, 0x04, 0x04, 0x04, 0x04, 
	0x07, 0x07, 0x06, 0x06, 0x04, 0x0a, 0x0b, 0x09, 
	0x03, 0x04, 0x03, 0x04, 0x03, 0x04, 0x03, 0x04, 
	0x03, 0x04, 0x04, 0x07, 0x04, 0x03, 0x04, 0x04, 
	0x04, 0x04, 0x04, 0x04, 0x04, 0x04, 0x04, 0x04, 
	0x09, 0x07, 0x06, 0x0a, 0x06, 0x0a, 0x0b, 0x09, 
	0x00, 0x04, 0x03, 0x04, 0x03, 0x04, 0x01, 0x04, 
	0x04, 0x03, 0x06, 0x0a, 0x04, 0x04, 0x04, 0x04, 
	0x04, 0x04, 0x04, 0x04, 0x04, 0x04, 0x04, 0x04, 
	0x07, 0x07, 0x06, 0x0a, 0x0a, 0x0a, 0x0a, 0x0a, 
	0x04, 0x04, 0x00, 0x04, 0x04, 0x04, 0x04, 0x04, 
	0x04, 0x04, 0x06, 0x0a, 0x04, 0x04, 0x04, 0x04, 
	0x04, 0x04, 0x04, 0x04, 0x04, 0x0a, 0x06, 0x04, 
	0x07, 0x07, 0x06, 0x0b, 0x0b, 0x0a, 0x09, 0x0b, 
	0x04, 0x00, 0x04, 0x00, 0x04, 0x00, 0x04, 0x04, 
	0x04, 0x04, 0x06, 0x07, 0x04, 0x04, 0x04, 0x04, 
	0x04, 0x04, 0x06, 0x0b, 0x06, 0x0b, 0x0a, 0x06, 
	0x07, 0x07, 0x06, 0x09, 0x09, 0x09, 0x07, 0x07, 
	0x04, 0x04, 0x04, 0x04, 0x04, 0x04, 0x04, 0x04, 
	0x04, 0x04, 0x06, 0x07, 0x06, 0x04, 0x04, 0x04, 
	0x06, 0x10, 0x0a, 0x0a, 0x06, 0x0a, 0x0a, 0x06, 
	0x07, 0x07, 0x06, 0x09, 0x09, 0x0b, 0x09, 0x07, 
	0x04, 0x04, 0x04, 0x04, 0x04, 0x04, 0x04, 0x04, 
	0x04, 0x04, 0x06, 0x07, 0x0b, 0x04, 0x06, 0x0b, 
	0x06, 0x0a, 0x0a, 0x0a, 0x0b, 0x0a, 0x0a, 0x06, 
	0x08, 0x07, 0x0a, 0x09, 0x07, 0x07, 0x07, 0x07, 
	0x04, 0x04, 0x04, 0x04, 0x04, 0x04, 0x04, 0x04, 
	0x04, 0x04, 0x06, 0x07, 0x0b, 0x04, 0x0a, 0x0b, 
	0x0b, 0x0b, 0x0a, 0x0a, 0x0a, 0x0a, 0x0a, 0x06, 
	0x08, 0x0c, 0x0b, 0x09, 0x07, 0x07, 0x07, 0x07, 
	0x04, 0x04, 0x04, 0x04, 0x04, 0x04, 0x04, 0x04, 
	0x04, 0x04, 0x06, 0x11, 0x0a, 0x06, 0x0a, 0x0b, 
	0x0b, 0x0b, 0x0a, 0x0a, 0x0a, 0x09, 0x07, 0x12, 
	0x0f, 0x0f, 0x07, 0x07, 0x07, 0x07, 0x08, 0x07, 
	0x04, 0x04, 0x06, 0x04, 0x0b, 0x0b, 0x04, 0x0a, 
	0x06, 0x0b, 0x0b, 0x0c, 0x0b, 0x06, 0x09, 0x0a, 
	0x0b, 0x09, 0x0a, 0x07, 0x09, 0x09, 0x07, 0x07, 
	0x0f, 0x0f, 0x07, 0x07, 0x08, 0x07, 0x08, 0x08, 
	0x0b, 0x0b, 0x0b, 0x06, 0x0b, 0x0b, 0x0b, 0x0b, 
	0x0b, 0x0b, 0x0b, 0x0c, 0x12, 0x0b, 0x07, 0x09, 
	0x0b, 0x0b, 0x09, 0x07, 0x07, 0x07, 0x09, 0x07, 
	0x0f, 0x0f, 0x13, 0x07, 0x07, 0x08, 0x08, 0x0f, 
	0x06, 0x0a, 0x0b, 0x09, 0x0b, 0x0b, 0x09, 0x0a, 
	0x0b, 0x09, 0x12, 0x0c, 0x07, 0x09, 0x07, 0x09, 
	0x09, 0x07, 0x07, 0x07, 0x07, 0x07, 0x07, 0x07, 
	0x0e, 0x0f, 0x07, 0x08, 0x07, 0x0f, 0x0f, 0x08, 
	0x0b, 0x0a, 0x0b, 0x0b, 0x0b, 0x07, 0x0b, 0x09, 
	0x09, 0x07, 0x07, 0x0f, 0x09, 0x09, 0x09, 0x07, 
	0x09, 0x09, 0x09, 0x07, 0x07, 0x08, 0x07, 0x07, 
	0x14, 0x0f, 0x07, 0x0f, 0x0f, 0x0f, 0x0f, 0x15, 
	0x0b, 0x09, 0x0b, 0x07, 0x09, 0x09, 0x07, 0x07, 
	0x07, 0x07, 0x07, 0x16, 0x09, 0x09, 0x07, 0x07, 
	0x07, 0x07, 0x07, 0x08, 0x07, 0x07, 0x08, 0x0f, 
	0x14, 0x0f, 0x0f, 0x15, 0x15, 0x0f, 0x15, 0x15, 
	0x07, 0x07, 0x07, 0x07, 0x09, 0x09, 0x07, 0x07, 
	0x07, 0x07, 0x07, 0x16, 0x09, 0x07, 0x07, 0x07, 
	0x08, 0x08, 0x07, 0x08, 0x0f, 0x0f, 0x08, 0x0f, 
	0x14, 0x0f, 0x0f, 0x15, 0x15, 0x15, 0x17, 0x15, 
	0x07, 0x07, 0x07, 0x07, 0x07, 0x07, 0x07, 0x07, 
	0x07, 0x07, 0x07, 0x0e, 0x07, 0x07, 0x08, 0x08, 
	0x08, 0x07, 0x0c, 0x08, 0x08, 0x0f, 0x0f, 0x15, 
	0x14, 0x15, 0x15, 0x15, 0x15, 0x15, 0x0e, 0x0e, 
	0x07, 0x07, 0x07, 0x07, 0x07, 0x07, 0x07, 0x07, 
	0x08, 0x07, 0x08, 0x0e, 0x0f, 0x08, 0x0f, 0x08, 
	0x0f, 0x08, 0x15, 0x0f, 0x15, 0x0e, 0x16, 0x0e, 
	0x14, 0x15, 0x15, 0x15, 0x0e, 0x17, 0x0e, 0x0e, 
	0x07, 0x07, 0x08, 0x07, 0x08, 0x08, 0x07, 0x07, 
	0x08, 0x08, 0x08, 0x14, 0x0e, 0x0f, 0x0e, 0x15, 
	0x0e, 0x0e, 0x0e, 0x0e, 0x0e, 0x15, 0x0e, 0x14, 
	0x18, 0x15, 0x0e, 0x15, 0x0e, 0x0e, 0x0e, 0x14, 
	0x07, 0x07, 0x07, 0x08, 0x08, 0x08, 0x08, 0x0f, 
	0x08, 0x0f, 0x08, 0x19, 0x0f, 0x0f, 0x16, 0x15, 
	0x0f, 0x0f, 0x0f, 0x15, 0x0f, 0x0f, 0x15, 0x14, 
	0x14, 0x15, 0x14, 0x17, 0x19, 0x14, 0x19, 0x19, 
	0x08, 0x08, 0x08, 0x0f, 0x08, 0x0f, 0x0f, 0x0f, 
	0x0f, 0x0f, 0x0f, 0x19, 0x15, 0x15, 0x15, 0x0f, 
	0x15, 0x15, 0x16, 0x15, 0x17, 0x15, 0x15, 0x19, 
	0x1a, 0x17, 0x14, 0x14, 0x14, 0x14, 0x14, 0x19, 
	0x08, 0x08, 0x0f, 0x0f, 0x0f, 0x0f, 0x0f, 0x15, 
	0x15, 0x15, 0x15, 0x14, 0x15, 0x15, 0x15, 0x0f, 
	0x17, 0x17, 0x0e, 0x17, 0x17, 0x17, 0x15, 0x1b, 
	0x1c, 0x17, 0x14, 0x14, 0x19, 0x19, 0x19, 0x19, 
	0x0f, 0x0f, 0x08, 0x0f, 0x0f, 0x16, 0x15, 0x15, 
	0x15, 0x15, 0x15, 0x19, 0x15, 0x15, 0x15, 0x15, 
	0x0e, 0x0e, 0x0e, 0x14, 0x14, 0x14, 0x14, 0x1d, 
	0x19, 0x14, 0x19, 0x14, 0x19, 0x19, 0x19, 0x19, 
	0x16, 0x16, 0x16, 0x16, 0x15, 0x15, 0x16, 0x15, 
	0x15, 0x15, 0x15, 0x19, 0x14, 0x15, 0x0e, 0x17, 
	0x0e, 0x17, 0x14, 0x14, 0x14, 0x14, 0x19, 0x1d, 
	0x19, 0x14, 0x19, 0x19, 0x19, 0x19, 0x19, 0x19, 
	0x15, 0x15, 0x15, 0x15, 0x15, 0x0e, 0x15, 0x15, 
	0x0e, 0x0e, 0x17, 0x1e, 0x14, 0x17, 0x0e, 0x0e, 
	0x14, 0x0e, 0x14, 0x14, 0x14, 0x19, 0x19, 0x1d, 
	0x19, 0x19, 0x19, 0x19, 0x19, 0x19, 0x19, 0x1c, 
	0x15, 0x15, 0x15, 0x0e, 0x17, 0x0e, 0x14, 0x17, 
	0x17, 0x0e, 0x17, 0x1d, 0x14, 0x14, 0x14, 0x14, 
	0x14, 0x14, 0x14, 0x19, 0x19, 0x19, 0x1c, 0x1d, 
	0x19, 0x19, 0x19, 0x19, 0x19, 0x1c, 0x1c, 0x1c, 
	0x14, 0x17, 0x14, 0x18, 0x14, 0x14, 0x14, 0x14, 
	0x17, 0x14, 0x14, 0x1b, 0x19, 0x18, 0x14, 0x19, 
	0x19, 0x18, 0x19, 0x18, 0x19, 0x19, 0x1c, 0x1b, 
	0x19, 0x19, 0x19, 0x1c, 0x1c, 0x1c, 0x1b, 0x1b, 
	
};

Gfx wf_dl_tile_3_7_pal_rgba16_aligner[] = {gsSPEndDisplayList()};
u8 wf_dl_tile_3_7_pal_rgba16[] = {
	0x4b, 0x15, 0x53, 0x17, 0x53, 0x57, 0x4b, 0x17, 
	0x4a, 0xd5, 0x4a, 0xd7, 0x42, 0xd5, 0x3a, 0x53, 
	0x32, 0x53, 0x3a, 0x93, 0x42, 0x93, 0x42, 0x95, 
	0x32, 0x11, 0x3a, 0x51, 0x29, 0xd1, 0x32, 0x13, 
	0x42, 0xd3, 0x32, 0x51, 0x3a, 0x95, 0x3a, 0x55, 
	0x21, 0xd1, 0x2a, 0x13, 0x2a, 0x11, 0x29, 0xd3, 
	0x21, 0xd3, 0x21, 0x91, 0x19, 0x8f, 0x19, 0x51, 
	0x19, 0x91, 0x19, 0x4f, 0x21, 0x8f, 
};

Gfx wf_dl_tile_3_8_ci8_aligner[] = {gsSPEndDisplayList()};
u8 wf_dl_tile_3_8_ci8[] = {
	0x00, 0x00, 0x00, 0x01, 0x02, 0x01, 0x03, 0x02, 
	0x02, 0x01, 0x02, 0x04, 0x03, 0x03, 0x03, 0x03, 
	0x03, 0x03, 0x03, 0x05, 0x05, 0x05, 0x06, 0x04, 
	0x05, 0x05, 0x05, 0x05, 0x05, 0x06, 0x06, 0x06, 
	0x03, 0x02, 0x03, 0x07, 0x03, 0x03, 0x03, 0x03, 
	0x02, 0x03, 0x03, 0x08, 0x05, 0x07, 0x03, 0x05, 
	0x05, 0x07, 0x05, 0x07, 0x05, 0x05, 0x06, 0x08, 
	0x05, 0x05, 0x05, 0x06, 0x06, 0x06, 0x08, 0x08, 
	0x07, 0x03, 0x07, 0x03, 0x05, 0x03, 0x05, 0x05, 
	0x03, 0x05, 0x05, 0x08, 0x06, 0x05, 0x05, 0x05, 
	0x05, 0x05, 0x05, 0x05, 0x05, 0x05, 0x06, 0x08, 
	0x05, 0x06, 0x06, 0x08, 0x08, 0x08, 0x08, 0x09, 
	0x05, 0x05, 0x05, 0x03, 0x05, 0x05, 0x05, 0x05, 
	0x05, 0x05, 0x05, 0x08, 0x08, 0x05, 0x05, 0x05, 
	0x05, 0x05, 0x06, 0x05, 0x06, 0x06, 0x04, 0x06, 
	0x06, 0x08, 0x08, 0x08, 0x08, 0x04, 0x04, 0x08, 
	0x05, 0x05, 0x05, 0x05, 0x05, 0x05, 0x05, 0x05, 
	0x06, 0x05, 0x05, 0x08, 0x04, 0x05, 0x06, 0x06, 
	0x06, 0x08, 0x08, 0x06, 0x08, 0x04, 0x04, 0x08, 
	0x08, 0x08, 0x04, 0x08, 0x08, 0x09, 0x0a, 0x0a, 
	0x08, 0x05, 0x06, 0x06, 0x06, 0x04, 0x06, 0x06, 
	0x06, 0x04, 0x06, 0x09, 0x04, 0x0b, 0x08, 0x08, 
	0x04, 0x04, 0x08, 0x04, 0x08, 0x04, 0x09, 0x08, 
	0x09, 0x0a, 0x0a, 0x0a, 0x0a, 0x0a, 0x09, 0x09, 
	0x06, 0x08, 0x04, 0x08, 0x04, 0x04, 0x06, 0x08, 
	0x04, 0x08, 0x08, 0x09, 0x08, 0x04, 0x08, 0x08, 
	0x09, 0x09, 0x0a, 0x09, 0x08, 0x09, 0x09, 0x09, 
	0x09, 0x09, 0x09, 0x09, 0x09, 0x09, 0x09, 0x09, 
	0x08, 0x04, 0x08, 0x08, 0x08, 0x08, 0x08, 0x08, 
	0x09, 0x09, 0x08, 0x0a, 0x0a, 0x09, 0x0a, 0x0a, 
	0x09, 0x08, 0x0a, 0x09, 0x09, 0x09, 0x09, 0x09, 
	0x09, 0x09, 0x0a, 0x0a, 0x0a, 0x0a, 0x0c, 0x0c, 
	0x08, 0x04, 0x0a, 0x08, 0x0a, 0x0a, 0x09, 0x09, 
	0x09, 0x09, 0x09, 0x09, 0x09, 0x09, 0x09, 0x09, 
	0x09, 0x09, 0x09, 0x09, 0x09, 0x09, 0x0d, 0x09, 
	0x09, 0x09, 0x09, 0x09, 0x09, 0x0c, 0x0c, 0x0c, 
	0x08, 0x04, 0x08, 0x0a, 0x09, 0x09, 0x0a, 0x09, 
	0x09, 0x09, 0x09, 0x0c, 0x0c, 0x09, 0x09, 0x09, 
	0x09, 0x09, 0x09, 0x09, 0x09, 0x0c, 0x0c, 0x09, 
	0x09, 0x09, 0x0c, 0x0c, 0x0c, 0x0c, 0x0a, 0x0c, 
	0x08, 0x04, 0x08, 0x0a, 0x0a, 0x0a, 0x0a, 0x09, 
	0x09, 0x09, 0x09, 0x09, 0x0c, 0x09, 0x09, 0x09, 
	0x09, 0x09, 0x0c, 0x0c, 0x0a, 0x0c, 0x0c, 0x0a, 
	0x09, 0x0c, 0x09, 0x09, 0x09, 0x0c, 0x09, 0x0c, 
	0x05, 0x04, 0x08, 0x08, 0x09, 0x08, 0x0a, 0x0a, 
	0x09, 0x09, 0x09, 0x09, 0x09, 0x09, 0x09, 0x09, 
	0x09, 0x09, 0x09, 0x0c, 0x09, 0x0c, 0x0c, 0x09, 
	0x09, 0x09, 0x09, 0x09, 0x0a, 0x09, 0x09, 0x0a, 
	0x05, 0x06, 0x04, 0x04, 0x04, 0x09, 0x04, 0x09, 
	0x09, 0x08, 0x09, 0x09, 0x09, 0x09, 0x09, 0x09, 
	0x09, 0x09, 0x0a, 0x0a, 0x0c, 0x0c, 0x09, 0x09, 
	0x09, 0x09, 0x0a, 0x0a, 0x0a, 0x08, 0x0a, 0x0a, 
	0x05, 0x05, 0x06, 0x06, 0x04, 0x08, 0x08, 0x04, 
	0x08, 0x09, 0x09, 0x09, 0x09, 0x09, 0x09, 0x09, 
	0x09, 0x09, 0x09, 0x09, 0x0a, 0x0e, 0x0e, 0x09, 
	0x0c, 0x09, 0x0a, 0x0e, 0x0e, 0x0e, 0x0a, 0x0a, 
	0x05, 0x05, 0x06, 0x06, 0x08, 0x08, 0x08, 0x08, 
	0x08, 0x09, 0x09, 0x09, 0x0d, 0x0c, 0x0c, 0x0c, 
	0x0c, 0x0c, 0x0c, 0x08, 0x0f, 0x08, 0x0c, 0x10, 
	0x0c, 0x11, 0x0d, 0x0c, 0x0c, 0x0c, 0x0c, 0x08, 
	0x05, 0x05, 0x06, 0x06, 0x08, 0x06, 0x08, 0x08, 
	0x09, 0x09, 0x09, 0x0c, 0x12, 0x13, 0x14, 0x15, 
	0x16, 0x16, 0x16, 0x17, 0x18, 0x19, 0x1a, 0x11, 
	0x11, 0x0c, 0x11, 0x0d, 0x0e, 0x0e, 0x0a, 0x06, 
	0x05, 0x05, 0x06, 0x08, 0x08, 0x08, 0x08, 0x0a, 
	0x0a, 0x0a, 0x0c, 0x08, 0x16, 0x1b, 0x1b, 0x1b, 
	0x1b, 0x1b, 0x1b, 0x1b, 0x1b, 0x1b, 0x1c, 0x1d, 
	0x11, 0x1e, 0x0c, 0x0d, 0x0e, 0x0a, 0x08, 0x05, 
	0x05, 0x05, 0x06, 0x04, 0x08, 0x08, 0x09, 0x0c, 
	0x09, 0x0c, 0x0c, 0x1f, 0x20, 0x1b, 0x1b, 0x1b, 
	0x1b, 0x1b, 0x1b, 0x1b, 0x1b, 0x1b, 0x20, 0x21, 
	0x11, 0x11, 0x0c, 0x0e, 0x0c, 0x09, 0x06, 0x03, 
	0x05, 0x05, 0x04, 0x08, 0x04, 0x04, 0x0c, 0x09, 
	0x0c, 0x0d, 0x0c, 0x15, 0x1b, 0x1b, 0x1b, 0x1b, 
	0x1b, 0x1b, 0x1b, 0x1b, 0x1b, 0x1b, 0x1b, 0x22, 
	0x23, 0x11, 0x0c, 0x0c, 0x09, 0x04, 0x05, 0x00, 
	0x05, 0x06, 0x06, 0x08, 0x09, 0x0c, 0x09, 0x09, 
	0x0d, 0x11, 0x02, 0x24, 0x1b, 0x1b, 0x1b, 0x1b, 
	0x1b, 0x1b, 0x1b, 0x1b, 0x1b, 0x1b, 0x1b, 0x24, 
	0x25, 0x11, 0x0c, 0x0c, 0x08, 0x06, 0x03, 0x26, 
	0x05, 0x06, 0x06, 0x04, 0x09, 0x0c, 0x09, 0x0c, 
	0x11, 0x11, 0x27, 0x1b, 0x1b, 0x1b, 0x1b, 0x1b, 
	0x1b, 0x1b, 0x1b, 0x1b, 0x1b, 0x1b, 0x1b, 0x1b, 
	0x1c, 0x04, 0x0e, 0x0c, 0x08, 0x07, 0x01, 0x26, 
	0x05, 0x06, 0x04, 0x04, 0x09, 0x0a, 0x0a, 0x0c, 
	0x11, 0x11, 0x28, 0x1b, 0x1b, 0x1b, 0x1b, 0x1b, 
	0x1b, 0x1b, 0x1b, 0x1b, 0x1b, 0x1b, 0x1b, 0x1b, 
	0x29, 0x2a, 0x0c, 0x0a, 0x06, 0x03, 0x2b, 0x26, 
	0x05, 0x06, 0x04, 0x08, 0x09, 0x0a, 0x0a, 0x0c, 
	0x2c, 0x08, 0x17, 0x1b, 0x1b, 0x1b, 0x1b, 0x1b, 
	0x1b, 0x1b, 0x1b, 0x1b, 0x1b, 0x1b, 0x1b, 0x1b, 
	0x1b, 0x2d, 0x11, 0x0c, 0x06, 0x03, 0x26, 0x26, 
	0x05, 0x06, 0x06, 0x09, 0x08, 0x09, 0x0e, 0x0c, 
	0x0c, 0x2e, 0x20, 0x1b, 0x1b, 0x1b, 0x1b, 0x1b, 
	0x1b, 0x1b, 0x1b, 0x1b, 0x1b, 0x1b, 0x1b, 0x1b, 
	0x1b, 0x2f, 0x04, 0x09, 0x06, 0x03, 0x26, 0x30, 
	0x05, 0x06, 0x08, 0x04, 0x08, 0x0a, 0x09, 0x0c, 
	0x0d, 0x1f, 0x1b, 0x1b, 0x1b, 0x1b, 0x1b, 0x1b, 
	0x1b, 0x1b, 0x1b, 0x1b, 0x1b, 0x1b, 0x1b, 0x1b, 
	0x1b, 0x20, 0x31, 0x32, 0x06, 0x01, 0x26, 0x30, 
	0x05, 0x06, 0x04, 0x08, 0x08, 0x0a, 0x0c, 0x0c, 
	0x0d, 0x33, 0x1b, 0x1b, 0x1b, 0x1b, 0x1b, 0x1b, 
	0x1b, 0x1b, 0x1b, 0x1b, 0x1b, 0x1b, 0x1b, 0x1b, 
	0x1b, 0x1b, 0x34, 0x0c, 0x08, 0x01, 0x00, 0x35, 
	0x05, 0x06, 0x04, 0x06, 0x04, 0x09, 0x09, 0x09, 
	0x04, 0x36, 0x1b, 0x1b, 0x1b, 0x1b, 0x1b, 0x1b, 
	0x1b, 0x1b, 0x1b, 0x1b, 0x1b, 0x1b, 0x1b, 0x1b, 
	0x1b, 0x1b, 0x29, 0x37, 0x08, 0x01, 0x00, 0x35, 
	0x05, 0x06, 0x04, 0x05, 0x04, 0x04, 0x0c, 0x09, 
	0x0f, 0x24, 0x1b, 0x1b, 0x1b, 0x1b, 0x1b, 0x1b, 
	0x1b, 0x1b, 0x1b, 0x1b, 0x1b, 0x1b, 0x1b, 0x1b, 
	0x1b, 0x1b, 0x1b, 0x38, 0x04, 0x01, 0x26, 0x26, 
	0x05, 0x04, 0x06, 0x06, 0x08, 0x09, 0x09, 0x0e, 
	0x39, 0x20, 0x1b, 0x1b, 0x1b, 0x1b, 0x1b, 0x1b, 
	0x1b, 0x1b, 0x1b, 0x1b, 0x1b, 0x1b, 0x1b, 0x1b, 
	0x1b, 0x1b, 0x1b, 0x3a, 0x05, 0x01, 0x00, 0x26, 
	0x05, 0x04, 0x05, 0x06, 0x08, 0x04, 0x08, 0x0c, 
	0x3b, 0x1b, 0x1b, 0x1b, 0x1b, 0x1b, 0x1b, 0x1b, 
	0x1b, 0x1b, 0x1b, 0x1b, 0x1b, 0x1b, 0x1b, 0x1b, 
	0x1b, 0x1b, 0x1b, 0x3c, 0x3d, 0x05, 0x00, 0x00, 
	0x06, 0x08, 0x05, 0x06, 0x08, 0x08, 0x08, 0x0c, 
	0x3e, 0x1b, 0x1b, 0x1b, 0x1b, 0x1b, 0x1b, 0x1b, 
	0x1b, 0x1b, 0x1b, 0x1b, 0x1b, 0x1b, 0x1b, 0x1b, 
	0x1b, 0x1b, 0x1b, 0x1b, 0x3f, 0x05, 0x01, 0x26, 
	0x06, 0x05, 0x05, 0x06, 0x08, 0x08, 0x08, 0x0c, 
	0x1c, 0x1b, 0x1b, 0x1b, 0x1b, 0x1b, 0x1b, 0x1b, 
	0x1b, 0x1b, 0x1b, 0x1b, 0x1b, 0x1b, 0x1b, 0x1b, 
	0x1b, 0x1b, 0x1b, 0x1b, 0x17, 0x02, 0x02, 0x00, 
	
};

Gfx wf_dl_tile_3_8_pal_rgba16_aligner[] = {gsSPEndDisplayList()};
u8 wf_dl_tile_3_8_pal_rgba16[] = {
	0x2a, 0x13, 0x29, 0xd1, 0x29, 0xd3, 0x21, 0xd1, 
	0x19, 0x4f, 0x21, 0x91, 0x19, 0x91, 0x21, 0xd3, 
	0x19, 0x51, 0x11, 0x4f, 0x11, 0x51, 0x19, 0x8f, 
	0x11, 0x0f, 0x09, 0x0f, 0x11, 0x11, 0x21, 0x93, 
	0x09, 0x0d, 0x08, 0xcd, 0x32, 0x57, 0x9d, 0x2d, 
	0xbe, 0x33, 0xc6, 0x33, 0xc6, 0x75, 0xd6, 0xb7, 
	0xde, 0xf9, 0xb5, 0xf1, 0x31, 0xd3, 0xff, 0xff, 
	0x94, 0xe9, 0x19, 0x0d, 0x10, 0xcd, 0x5b, 0x1d, 
	0xf7, 0xbd, 0x4a, 0xd9, 0xb5, 0xaf, 0x08, 0xcb, 
	0xef, 0x7b, 0x3a, 0x57, 0x32, 0x13, 0x5b, 0x1b, 
	0xad, 0x6f, 0xef, 0x7d, 0x29, 0x93, 0x2a, 0x11, 
	0x10, 0xcf, 0x84, 0x65, 0x32, 0x15, 0xc6, 0x73, 
	0x3a, 0x53, 0x4a, 0x99, 0x11, 0x0d, 0x9d, 0x2b, 
	0xad, 0xaf, 0x32, 0x53, 0xce, 0xb5, 0x3a, 0x17, 
	0x73, 0xe1, 0x29, 0xd5, 0xce, 0x75, 0x53, 0x1d, 
	0xf7, 0xff, 0x42, 0x99, 0x74, 0x25, 0x8c, 0xa9, 
	
};

Gfx wf_dl_tile_3_9_ci8_aligner[] = {gsSPEndDisplayList()};
u8 wf_dl_tile_3_9_ci8[] = {
	0x00, 0x01, 0x02, 0x00, 0x01, 0x01, 0x01, 0x03, 
	0x04, 0x05, 0x05, 0x05, 0x05, 0x05, 0x05, 0x05, 
	0x05, 0x05, 0x05, 0x05, 0x05, 0x05, 0x05, 0x05, 
	0x05, 0x05, 0x05, 0x05, 0x06, 0x02, 0x07, 0x08, 
	0x00, 0x02, 0x02, 0x00, 0x01, 0x01, 0x01, 0x03, 
	0x09, 0x05, 0x05, 0x05, 0x05, 0x05, 0x05, 0x05, 
	0x05, 0x05, 0x05, 0x05, 0x05, 0x05, 0x05, 0x05, 
	0x05, 0x05, 0x05, 0x05, 0x0a, 0x0b, 0x0b, 0x0c, 
	0x01, 0x02, 0x02, 0x00, 0x00, 0x0d, 0x01, 0x03, 
	0x0e, 0x05, 0x05, 0x05, 0x05, 0x05, 0x05, 0x05, 
	0x05, 0x05, 0x05, 0x05, 0x05, 0x05, 0x05, 0x05, 
	0x05, 0x05, 0x05, 0x05, 0x0f, 0x10, 0x11, 0x0b, 
	0x00, 0x02, 0x00, 0x00, 0x00, 0x0d, 0x01, 0x01, 
	0x12, 0x05, 0x05, 0x05, 0x05, 0x05, 0x05, 0x05, 
	0x05, 0x05, 0x05, 0x05, 0x05, 0x05, 0x05, 0x05, 
	0x05, 0x05, 0x05, 0x05, 0x05, 0x13, 0x02, 0x07, 
	0x02, 0x02, 0x02, 0x00, 0x00, 0x00, 0x01, 0x01, 
	0x14, 0x05, 0x05, 0x05, 0x05, 0x05, 0x05, 0x05, 
	0x05, 0x05, 0x05, 0x05, 0x05, 0x05, 0x05, 0x05, 
	0x05, 0x05, 0x05, 0x05, 0x05, 0x15, 0x02, 0x07, 
	0x11, 0x02, 0x02, 0x00, 0x16, 0x00, 0x00, 0x0b, 
	0x17, 0x05, 0x05, 0x05, 0x05, 0x05, 0x05, 0x05, 
	0x05, 0x05, 0x05, 0x05, 0x05, 0x05, 0x05, 0x05, 
	0x05, 0x05, 0x05, 0x05, 0x05, 0x18, 0x02, 0x0b, 
	0x02, 0x02, 0x02, 0x02, 0x00, 0x16, 0x00, 0x19, 
	0x1a, 0x05, 0x05, 0x05, 0x05, 0x05, 0x05, 0x05, 
	0x05, 0x05, 0x05, 0x05, 0x05, 0x05, 0x05, 0x05, 
	0x05, 0x05, 0x05, 0x05, 0x05, 0x1b, 0x1c, 0x0c, 
	0x02, 0x02, 0x02, 0x02, 0x00, 0x16, 0x01, 0x1d, 
	0x05, 0x05, 0x05, 0x05, 0x05, 0x05, 0x05, 0x05, 
	0x05, 0x05, 0x05, 0x05, 0x05, 0x05, 0x05, 0x05, 
	0x05, 0x05, 0x05, 0x05, 0x05, 0x05, 0x1e, 0x0b, 
	0x02, 0x02, 0x02, 0x02, 0x00, 0x16, 0x0d, 0x1f, 
	0x05, 0x05, 0x05, 0x05, 0x05, 0x05, 0x05, 0x05, 
	0x05, 0x05, 0x05, 0x05, 0x05, 0x05, 0x05, 0x05, 
	0x05, 0x05, 0x05, 0x05, 0x05, 0x05, 0x20, 0x0b, 
	0x02, 0x02, 0x02, 0x00, 0x00, 0x00, 0x01, 0x21, 
	0x05, 0x05, 0x05, 0x05, 0x05, 0x05, 0x05, 0x05, 
	0x05, 0x05, 0x05, 0x05, 0x05, 0x05, 0x05, 0x05, 
	0x05, 0x05, 0x05, 0x05, 0x05, 0x05, 0x22, 0x08, 
	0x02, 0x02, 0x02, 0x00, 0x00, 0x00, 0x00, 0x23, 
	0x05, 0x05, 0x05, 0x05, 0x05, 0x05, 0x05, 0x05, 
	0x05, 0x05, 0x05, 0x05, 0x05, 0x05, 0x05, 0x05, 
	0x05, 0x05, 0x05, 0x05, 0x05, 0x05, 0x24, 0x08, 
	0x02, 0x02, 0x02, 0x00, 0x00, 0x0d, 0x02, 0x25, 
	0x05, 0x05, 0x05, 0x05, 0x05, 0x05, 0x05, 0x05, 
	0x05, 0x05, 0x05, 0x05, 0x05, 0x05, 0x05, 0x05, 
	0x05, 0x05, 0x05, 0x05, 0x05, 0x05, 0x25, 0x26, 
	0x02, 0x02, 0x00, 0x00, 0x00, 0x00, 0x27, 0x1a, 
	0x05, 0x05, 0x05, 0x05, 0x05, 0x05, 0x05, 0x05, 
	0x05, 0x05, 0x05, 0x05, 0x05, 0x05, 0x05, 0x05, 
	0x05, 0x05, 0x05, 0x05, 0x05, 0x05, 0x28, 0x1c, 
	0x02, 0x02, 0x00, 0x00, 0x00, 0x00, 0x29, 0x05, 
	0x05, 0x05, 0x05, 0x05, 0x05, 0x05, 0x05, 0x05, 
	0x05, 0x05, 0x05, 0x05, 0x05, 0x05, 0x05, 0x05, 
	0x05, 0x05, 0x05, 0x05, 0x05, 0x05, 0x28, 0x2a, 
	0x02, 0x02, 0x02, 0x02, 0x01, 0x01, 0x2b, 0x05, 
	0x05, 0x05, 0x05, 0x05, 0x05, 0x05, 0x05, 0x05, 
	0x05, 0x05, 0x05, 0x05, 0x05, 0x05, 0x05, 0x05, 
	0x05, 0x05, 0x05, 0x05, 0x05, 0x05, 0x2c, 0x2d, 
	0x07, 0x07, 0x11, 0x02, 0x00, 0x00, 0x27, 0x05, 
	0x05, 0x05, 0x05, 0x05, 0x05, 0x05, 0x05, 0x05, 
	0x05, 0x05, 0x05, 0x05, 0x05, 0x05, 0x05, 0x05, 
	0x05, 0x05, 0x05, 0x05, 0x05, 0x1a, 0x13, 0x2d, 
	0x0b, 0x07, 0x07, 0x11, 0x11, 0x02, 0x02, 0x12, 
	0x05, 0x05, 0x05, 0x05, 0x05, 0x05, 0x05, 0x05, 
	0x05, 0x05, 0x05, 0x05, 0x05, 0x05, 0x05, 0x05, 
	0x05, 0x05, 0x05, 0x05, 0x05, 0x2e, 0x2d, 0x2d, 
	0x0b, 0x0b, 0x07, 0x11, 0x11, 0x11, 0x02, 0x2f, 
	0x05, 0x05, 0x05, 0x05, 0x05, 0x05, 0x05, 0x05, 
	0x05, 0x05, 0x05, 0x05, 0x05, 0x05, 0x05, 0x05, 
	0x05, 0x05, 0x05, 0x05, 0x05, 0x30, 0x2d, 0x31, 
	0x32, 0x33, 0x02, 0x02, 0x02, 0x02, 0x02, 0x34, 
	0x05, 0x05, 0x05, 0x05, 0x05, 0x05, 0x05, 0x05, 
	0x05, 0x05, 0x05, 0x05, 0x05, 0x05, 0x05, 0x05, 
	0x05, 0x05, 0x05, 0x05, 0x05, 0x35, 0x36, 0x37, 
	0x38, 0x39, 0x39, 0x3a, 0x3a, 0x3a, 0x3b, 0x3c, 
	0x05, 0x05, 0x05, 0x05, 0x05, 0x05, 0x05, 0x05, 
	0x05, 0x05, 0x05, 0x05, 0x05, 0x05, 0x05, 0x05, 
	0x05, 0x05, 0x05, 0x05, 0x05, 0x3d, 0x3e, 0x3f, 
	0x40, 0x40, 0x41, 0x41, 0x41, 0x40, 0x42, 0x43, 
	0x05, 0x05, 0x05, 0x05, 0x05, 0x05, 0x05, 0x05, 
	0x05, 0x05, 0x05, 0x05, 0x05, 0x05, 0x05, 0x05, 
	0x05, 0x05, 0x05, 0x05, 0x44, 0x45, 0x46, 0x47, 
	0x48, 0x49, 0x49, 0x4a, 0x4a, 0x4a, 0x41, 0x4b, 
	0x05, 0x05, 0x05, 0x05, 0x05, 0x05, 0x05, 0x05, 
	0x05, 0x05, 0x05, 0x05, 0x05, 0x05, 0x05, 0x05, 
	0x05, 0x05, 0x05, 0x05, 0x4c, 0x46, 0x47, 0x47, 
	0x49, 0x48, 0x48, 0x49, 0x40, 0x49, 0x41, 0x4d, 
	0x05, 0x05, 0x05, 0x05, 0x05, 0x05, 0x05, 0x05, 
	0x05, 0x05, 0x05, 0x05, 0x05, 0x05, 0x05, 0x05, 
	0x05, 0x05, 0x05, 0x05, 0x4e, 0x4f, 0x46, 0x47, 
	0x50, 0x4a, 0x50, 0x50, 0x4a, 0x40, 0x51, 0x52, 
	0x05, 0x05, 0x05, 0x05, 0x05, 0x05, 0x05, 0x05, 
	0x05, 0x05, 0x05, 0x05, 0x05, 0x05, 0x05, 0x05, 
	0x05, 0x05, 0x05, 0x05, 0x53, 0x54, 0x55, 0x56, 
	0x40, 0x49, 0x50, 0x50, 0x50, 0x49, 0x57, 0x05, 
	0x05, 0x05, 0x05, 0x05, 0x05, 0x05, 0x05, 0x05, 
	0x05, 0x05, 0x05, 0x05, 0x05, 0x05, 0x05, 0x05, 
	0x05, 0x05, 0x05, 0x05, 0x58, 0x54, 0x59, 0x5a, 
	0x40, 0x40, 0x40, 0x50, 0x40, 0x5b, 0x5c, 0x05, 
	0x05, 0x05, 0x05, 0x05, 0x05, 0x05, 0x05, 0x05, 
	0x05, 0x05, 0x05, 0x05, 0x05, 0x05, 0x05, 0x05, 
	0x05, 0x05, 0x05, 0x05, 0x5d, 0x5e, 0x5f, 0x59, 
	0x4a, 0x40, 0x4a, 0x40, 0x5b, 0x60, 0x05, 0x05, 
	0x05, 0x05, 0x05, 0x05, 0x05, 0x05, 0x05, 0x05, 
	0x05, 0x05, 0x05, 0x05, 0x05, 0x05, 0x05, 0x05, 
	0x05, 0x05, 0x05, 0x05, 0x05, 0x61, 0x62, 0x49, 
	0x40, 0x4a, 0x51, 0x63, 0x5d, 0x05, 0x05, 0x05, 
	0x05, 0x05, 0x05, 0x05, 0x05, 0x05, 0x05, 0x05, 
	0x05, 0x05, 0x05, 0x05, 0x05, 0x05, 0x05, 0x05, 
	0x05, 0x05, 0x05, 0x05, 0x05, 0x05, 0x64, 0x62, 
	0x50, 0x65, 0x66, 0x67, 0x05, 0x05, 0x05, 0x05, 
	0x05, 0x05, 0x05, 0x05, 0x05, 0x05, 0x05, 0x05, 
	0x05, 0x05, 0x05, 0x05, 0x05, 0x05, 0x05, 0x05, 
	0x05, 0x05, 0x05, 0x05, 0x05, 0x05, 0x1a, 0x68, 
	0x69, 0x69, 0x6a, 0x6b, 0x05, 0x05, 0x05, 0x05, 
	0x05, 0x05, 0x05, 0x05, 0x05, 0x05, 0x05, 0x05, 
	0x05, 0x05, 0x05, 0x05, 0x05, 0x05, 0x05, 0x05, 
	0x05, 0x05, 0x05, 0x05, 0x05, 0x05, 0x6c, 0x6d, 
	0x6e, 0x6f, 0x58, 0x05, 0x05, 0x05, 0x05, 0x05, 
	0x05, 0x05, 0x05, 0x05, 0x05, 0x05, 0x05, 0x05, 
	0x05, 0x05, 0x05, 0x05, 0x05, 0x05, 0x05, 0x05, 
	0x05, 0x05, 0x05, 0x05, 0x05, 0x05, 0x6b, 0x70, 
	0x71, 0x72, 0x05, 0x05, 0x05, 0x05, 0x05, 0x05, 
	0x05, 0x05, 0x05, 0x05, 0x05, 0x05, 0x05, 0x05, 
	0x05, 0x05, 0x05, 0x05, 0x05, 0x05, 0x05, 0x05, 
	0x05, 0x05, 0x05, 0x05, 0x05, 0x05, 0x05, 0x05, 
	
};

Gfx wf_dl_tile_3_9_pal_rgba16_aligner[] = {gsSPEndDisplayList()};
u8 wf_dl_tile_3_9_pal_rgba16[] = {
	0x19, 0x91, 0x19, 0x51, 0x21, 0x91, 0x11, 0x0f, 
	0x74, 0x25, 0xff, 0xff, 0x8c, 0xa9, 0x29, 0xd1, 
	0x32, 0x13, 0x94, 0xe9, 0xd6, 0xb7, 0x29, 0xd3, 
	0x2a, 0x13, 0x19, 0x4f, 0xad, 0xaf, 0xf7, 0xff, 
	0x3a, 0x57, 0x21, 0xd1, 0xb5, 0xf1, 0x74, 0x23, 
	0xd6, 0xf7, 0xa5, 0x6d, 0x19, 0x8f, 0xdf, 0x39, 
	0xe7, 0x3b, 0x32, 0x15, 0xf7, 0xbd, 0xf7, 0xbf, 
	0x42, 0x97, 0x53, 0x1d, 0x63, 0x5f, 0x7c, 0x25, 
	0x94, 0xeb, 0x9d, 0x2b, 0xbe, 0x33, 0xce, 0xb7, 
	0xe7, 0x7b, 0xef, 0x7d, 0x32, 0x55, 0x42, 0x99, 
	0xef, 0xbd, 0x52, 0xdb, 0x3a, 0x97, 0x4a, 0xdd, 
	0xce, 0xb5, 0x42, 0x95, 0xad, 0xad, 0x63, 0x9f, 
	0x6b, 0xe1, 0x42, 0x93, 0x21, 0x4d, 0x29, 0x91, 
	0x84, 0x67, 0x8c, 0xa7, 0x32, 0x11, 0x3a, 0x11, 
	0x29, 0x07, 0x29, 0x09, 0x29, 0x4b, 0x52, 0x95, 
	0xef, 0x7b, 0xb5, 0x29, 0x39, 0x49, 0x39, 0x47, 
	0x38, 0xc3, 0x30, 0xc3, 0x39, 0x07, 0xd6, 0xb3, 
	0xee, 0xf7, 0x72, 0x4f, 0x6a, 0x09, 0x72, 0x09, 
	0x49, 0x03, 0x41, 0x03, 0x38, 0xc1, 0x9c, 0xa3, 
	0xa4, 0x5f, 0xb5, 0xab, 0x72, 0x8f, 0x61, 0xc7, 
	0x40, 0xc3, 0x30, 0xc1, 0xe7, 0x39, 0x7b, 0x15, 
	0x59, 0x87, 0x69, 0xc7, 0x69, 0xc9, 0x62, 0x4f, 
	0x9c, 0x5f, 0x59, 0x85, 0x61, 0x87, 0x41, 0x47, 
	0xd6, 0x71, 0xde, 0xf5, 0x51, 0xc9, 0x51, 0x85, 
	0xc5, 0xef, 0xb5, 0x69, 0x49, 0x47, 0x62, 0x51, 
	0xce, 0x31, 0x41, 0x05, 0x59, 0xcb, 0xff, 0xbd, 
	0x93, 0x55, 0x61, 0xc9, 0x7a, 0xd3, 0xff, 0xfd, 
	0xe6, 0xf7, 0x93, 0x11, 0x59, 0xc7, 0x59, 0xc9, 
	0xb4, 0xa1, 0x9c, 0xa1, 0xde, 0xb5, 
};

Gfx wf_dl_tile_4_0_ci8_aligner[] = {gsSPEndDisplayList()};
u8 wf_dl_tile_4_0_ci8[] = {
	0x00, 0x00, 0x00, 0x00, 0x00, 0x00, 0x00, 0x00, 
	0x00, 0x00, 0x00, 0x00, 0x00, 0x00, 0x00, 0x00, 
	0x00, 0x00, 0x00, 0x00, 0x00, 0x00, 0x00, 0x00, 
	0x00, 0x00, 0x00, 0x00, 0x00, 0x00, 0x00, 0x00, 
	0x00, 0x00, 0x00, 0x00, 0x00, 0x00, 0x00, 0x00, 
	0x00, 0x00, 0x00, 0x00, 0x00, 0x00, 0x00, 0x00, 
	0x00, 0x00, 0x00, 0x00, 0x00, 0x00, 0x00, 0x00, 
	0x00, 0x00, 0x00, 0x00, 0x00, 0x00, 0x00, 0x00, 
	0x00, 0x00, 0x00, 0x00, 0x00, 0x00, 0x00, 0x00, 
	0x00, 0x00, 0x00, 0x00, 0x00, 0x00, 0x00, 0x00, 
	0x00, 0x00, 0x00, 0x00, 0x00, 0x00, 0x00, 0x00, 
	0x00, 0x00, 0x00, 0x00, 0x00, 0x00, 0x00, 0x00, 
	0x00, 0x00, 0x00, 0x00, 0x00, 0x00, 0x00, 0x00, 
	0x00, 0x00, 0x00, 0x00, 0x00, 0x00, 0x00, 0x00, 
	0x00, 0x00, 0x00, 0x00, 0x00, 0x00, 0x00, 0x00, 
	0x00, 0x00, 0x00, 0x00, 0x00, 0x00, 0x00, 0x00, 
	0x00, 0x00, 0x00, 0x00, 0x00, 0x00, 0x00, 0x00, 
	0x00, 0x00, 0x00, 0x00, 0x00, 0x00, 0x00, 0x00, 
	0x00, 0x00, 0x00, 0x00, 0x00, 0x00, 0x00, 0x00, 
	0x00, 0x00, 0x00, 0x00, 0x00, 0x00, 0x00, 0x00, 
	0x00, 0x00, 0x00, 0x00, 0x00, 0x00, 0x00, 0x00, 
	0x00, 0x00, 0x00, 0x00, 0x00, 0x00, 0x00, 0x00, 
	0x00, 0x00, 0x00, 0x00, 0x00, 0x00, 0x00, 0x00, 
	0x00, 0x00, 0x00, 0x00, 0x00, 0x00, 0x00, 0x00, 
	0x00, 0x00, 0x00, 0x00, 0x00, 0x00, 0x00, 0x00, 
	0x00, 0x00, 0x00, 0x00, 0x00, 0x00, 0x00, 0x00, 
	0x00, 0x00, 0x00, 0x00, 0x00, 0x00, 0x00, 0x00, 
	0x00, 0x00, 0x00, 0x00, 0x00, 0x00, 0x00, 0x00, 
	0x00, 0x00, 0x00, 0x00, 0x00, 0x00, 0x00, 0x00, 
	0x00, 0x00, 0x00, 0x00, 0x00, 0x00, 0x00, 0x00, 
	0x00, 0x00, 0x00, 0x00, 0x00, 0x00, 0x00, 0x00, 
	0x00, 0x00, 0x00, 0x00, 0x00, 0x00, 0x00, 0x00, 
	0x01, 0x02, 0x00, 0x00, 0x00, 0x00, 0x00, 0x00, 
	0x00, 0x00, 0x00, 0x00, 0x00, 0x00, 0x00, 0x00, 
	0x00, 0x00, 0x00, 0x00, 0x00, 0x00, 0x00, 0x00, 
	0x00, 0x00, 0x00, 0x00, 0x00, 0x00, 0x00, 0x00, 
	0x03, 0x04, 0x05, 0x06, 0x00, 0x00, 0x00, 0x00, 
	0x00, 0x00, 0x00, 0x00, 0x00, 0x00, 0x00, 0x00, 
	0x00, 0x00, 0x00, 0x00, 0x00, 0x00, 0x00, 0x00, 
	0x00, 0x00, 0x00, 0x00, 0x00, 0x00, 0x00, 0x00, 
	0x07, 0x03, 0x08, 0x09, 0x05, 0x0a, 0x00, 0x00, 
	0x00, 0x00, 0x00, 0x00, 0x00, 0x00, 0x00, 0x00, 
	0x00, 0x00, 0x00, 0x00, 0x00, 0x00, 0x00, 0x00, 
	0x00, 0x00, 0x00, 0x00, 0x00, 0x00, 0x00, 0x00, 
	0x0b, 0x07, 0x0b, 0x0c, 0x0d, 0x0e, 0x0f, 0x10, 
	0x00, 0x00, 0x00, 0x00, 0x00, 0x00, 0x00, 0x00, 
	0x00, 0x00, 0x00, 0x00, 0x00, 0x00, 0x00, 0x00, 
	0x00, 0x00, 0x00, 0x00, 0x00, 0x00, 0x00, 0x00, 
	0x11, 0x0b, 0x07, 0x07, 0x0c, 0x12, 0x0d, 0x13, 
	0x14, 0x00, 0x00, 0x00, 0x00, 0x00, 0x00, 0x00, 
	0x00, 0x00, 0x00, 0x00, 0x00, 0x00, 0x00, 0x00, 
	0x00, 0x00, 0x00, 0x00, 0x00, 0x00, 0x00, 0x00, 
	0x15, 0x11, 0x0b, 0x07, 0x0c, 0x03, 0x0d, 0x0d, 
	0x16, 0x17, 0x10, 0x00, 0x00, 0x00, 0x00, 0x00, 
	0x00, 0x00, 0x00, 0x00, 0x00, 0x00, 0x00, 0x00, 
	0x00, 0x00, 0x00, 0x00, 0x00, 0x00, 0x00, 0x00, 
	0x15, 0x11, 0x18, 0x07, 0x07, 0x03, 0x12, 0x0d, 
	0x0d, 0x19, 0x1a, 0x1b, 0x00, 0x00, 0x00, 0x00, 
	0x00, 0x00, 0x00, 0x00, 0x00, 0x00, 0x00, 0x00, 
	0x00, 0x00, 0x00, 0x00, 0x00, 0x00, 0x00, 0x00, 
	0x1c, 0x15, 0x15, 0x1d, 0x07, 0x07, 0x03, 0x08, 
	0x0d, 0x1e, 0x1f, 0x20, 0x21, 0x00, 0x00, 0x00, 
	0x00, 0x00, 0x00, 0x00, 0x00, 0x00, 0x00, 0x00, 
	0x00, 0x00, 0x00, 0x00, 0x00, 0x00, 0x00, 0x00, 
	0x1c, 0x1c, 0x15, 0x18, 0x07, 0x07, 0x03, 0x12, 
	0x0d, 0x22, 0x22, 0x23, 0x24, 0x25, 0x0a, 0x00, 
	0x00, 0x00, 0x00, 0x00, 0x00, 0x00, 0x00, 0x00, 
	0x00, 0x00, 0x00, 0x00, 0x00, 0x00, 0x00, 0x00, 
	0x1c, 0x15, 0x15, 0x15, 0x1d, 0x07, 0x07, 0x26, 
	0x0d, 0x0d, 0x22, 0x22, 0x23, 0x24, 0x27, 0x28, 
	0x00, 0x00, 0x00, 0x00, 0x00, 0x00, 0x00, 0x00, 
	0x00, 0x00, 0x00, 0x00, 0x00, 0x00, 0x00, 0x00, 
	0x1c, 0x15, 0x15, 0x18, 0x18, 0x0b, 0x0b, 0x03, 
	0x12, 0x0d, 0x0d, 0x22, 0x1e, 0x29, 0x2a, 0x2b, 
	0x2c, 0x00, 0x00, 0x00, 0x00, 0x00, 0x00, 0x00, 
	0x00, 0x00, 0x00, 0x00, 0x00, 0x00, 0x00, 0x00, 
	0x1c, 0x15, 0x15, 0x11, 0x15, 0x1d, 0x0b, 0x07, 
	0x03, 0x12, 0x0d, 0x22, 0x23, 0x23, 0x2d, 0x2a, 
	0x2e, 0x2c, 0x00, 0x00, 0x00, 0x00, 0x00, 0x00, 
	0x00, 0x00, 0x00, 0x00, 0x00, 0x00, 0x00, 0x00, 
	0x1c, 0x2f, 0x15, 0x11, 0x15, 0x1d, 0x0b, 0x07, 
	0x03, 0x12, 0x0d, 0x0d, 0x1e, 0x30, 0x2d, 0x2a, 
	0x2d, 0x2e, 0x31, 0x00, 0x00, 0x00, 0x00, 0x00, 
	0x00, 0x00, 0x00, 0x00, 0x00, 0x00, 0x00, 0x00, 
	0x15, 0x15, 0x32, 0x33, 0x11, 0x18, 0x0b, 0x07, 
	0x0c, 0x12, 0x12, 0x0d, 0x22, 0x23, 0x29, 0x2d, 
	0x2d, 0x2a, 0x34, 0x35, 0x00, 0x00, 0x00, 0x00, 
	0x00, 0x00, 0x00, 0x00, 0x00, 0x00, 0x00, 0x00, 
	0x36, 0x11, 0x15, 0x15, 0x11, 0x07, 0x07, 0x07, 
	0x03, 0x12, 0x12, 0x0d, 0x22, 0x1e, 0x23, 0x2d, 
	0x2a, 0x2d, 0x2a, 0x34, 0x37, 0x00, 0x00, 0x00, 
	0x00, 0x00, 0x00, 0x00, 0x00, 0x00, 0x00, 0x00, 
	0x38, 0x39, 0x15, 0x1d, 0x18, 0x18, 0x07, 0x07, 
	0x03, 0x08, 0x12, 0x0d, 0x22, 0x23, 0x29, 0x2d, 
	0x2d, 0x2d, 0x2d, 0x2a, 0x3a, 0x37, 0x00, 0x00, 
	0x00, 0x00, 0x00, 0x00, 0x00, 0x00, 0x00, 0x00, 
	0x3b, 0x3c, 0x11, 0x1d, 0x11, 0x18, 0x0b, 0x07, 
	0x03, 0x12, 0x12, 0x0d, 0x0d, 0x22, 0x23, 0x2d, 
	0x2d, 0x2d, 0x2d, 0x2a, 0x3d, 0x3e, 0x1b, 0x00, 
	0x00, 0x00, 0x00, 0x00, 0x00, 0x00, 0x00, 0x00, 
	0x3f, 0x40, 0x41, 0x18, 0x11, 0x1d, 0x07, 0x07, 
	0x03, 0x26, 0x12, 0x0d, 0x42, 0x1e, 0x29, 0x29, 
	0x2d, 0x2d, 0x2d, 0x2a, 0x2a, 0x43, 0x44, 0x45, 
	0x00, 0x00, 0x00, 0x00, 0x00, 0x00, 0x00, 0x00, 
	0x46, 0x35, 0x09, 0x1d, 0x11, 0x11, 0x07, 0x07, 
	0x03, 0x03, 0x12, 0x0d, 0x0d, 0x22, 0x22, 0x29, 
	0x47, 0x2d, 0x2d, 0x2a, 0x2a, 0x2a, 0x48, 0x49, 
	0x4a, 0x00, 0x00, 0x00, 0x00, 0x00, 0x00, 0x00, 
	0x4b, 0x4c, 0x3e, 0x11, 0x18, 0x18, 0x07, 0x07, 
	0x03, 0x26, 0x26, 0x0d, 0x0d, 0x0d, 0x1e, 0x1f, 
	0x47, 0x2d, 0x2d, 0x2a, 0x2a, 0x2a, 0x43, 0x48, 
	0x4d, 0x10, 0x00, 0x00, 0x00, 0x00, 0x00, 0x00, 
	0x4e, 0x46, 0x4f, 0x50, 0x11, 0x0b, 0x0b, 0x07, 
	0x0c, 0x26, 0x12, 0x12, 0x0d, 0x0d, 0x22, 0x1f, 
	0x47, 0x2d, 0x2d, 0x2a, 0x2a, 0x2a, 0x2a, 0x43, 
	0x51, 0x52, 0x00, 0x00, 0x00, 0x00, 0x00, 0x00, 
	0x53, 0x54, 0x55, 0x39, 0x1d, 0x0b, 0x07, 0x07, 
	0x03, 0x03, 0x12, 0x12, 0x0d, 0x0d, 0x22, 0x22, 
	0x23, 0x2d, 0x2d, 0x2d, 0x2a, 0x2a, 0x2a, 0x2a, 
	0x43, 0x3a, 0x31, 0x00, 0x00, 0x00, 0x00, 0x00, 
	0x56, 0x57, 0x58, 0x59, 0x0b, 0x0b, 0x07, 0x0b, 
	0x03, 0x03, 0x12, 0x0d, 0x0d, 0x0d, 0x22, 0x22, 
	0x23, 0x23, 0x2d, 0x2d, 0x2a, 0x2a, 0x2a, 0x2a, 
	0x2a, 0x5a, 0x5b, 0x28, 0x00, 0x00, 0x00, 0x00, 
	0x56, 0x5c, 0x58, 0x5d, 0x0b, 0x18, 0x07, 0x07, 
	0x03, 0x0c, 0x12, 0x0d, 0x0d, 0x0d, 0x22, 0x22, 
	0x1f, 0x1f, 0x2d, 0x2d, 0x2d, 0x2a, 0x2a, 0x2a, 
	0x2a, 0x43, 0x5e, 0x5f, 0x02, 0x00, 0x00, 0x00, 
	
};

Gfx wf_dl_tile_4_0_pal_rgba16_aligner[] = {gsSPEndDisplayList()};
u8 wf_dl_tile_4_0_pal_rgba16[] = {
	0xff, 0xff, 0xee, 0x2d, 0xff, 0xfd, 0xc9, 0x03, 
	0xc2, 0x0d, 0xd4, 0x1d, 0xff, 0x79, 0xd1, 0x03, 
	0xc1, 0x01, 0xb1, 0x45, 0xff, 0xbb, 0xd1, 0x01, 
	0xc9, 0x01, 0xb8, 0xc1, 0xb9, 0x87, 0xdc, 0xe5, 
	0xff, 0xbd, 0xd9, 0x43, 0xc0, 0xc1, 0xc2, 0x8f, 
	0xee, 0x71, 0xe1, 0x43, 0xb1, 0x05, 0xcc, 0x1f, 
	0xd9, 0x03, 0xb1, 0x03, 0xb2, 0x4f, 0xe6, 0x71, 
	0xe9, 0x43, 0xd9, 0x01, 0xb0, 0xc3, 0xa8, 0xc3, 
	0xa1, 0x47, 0xd4, 0xe5, 0xb0, 0xc1, 0xa8, 0xc1, 
	0xa0, 0xc3, 0xc3, 0x9b, 0xc1, 0x03, 0xb3, 0x15, 
	0xf7, 0x39, 0xa8, 0x81, 0x98, 0x81, 0xa2, 0x0d, 
	0xe6, 0xb3, 0xa0, 0x81, 0xa9, 0xcb, 0xe9, 0x83, 
	0xa8, 0x83, 0xe6, 0x73, 0xe1, 0x41, 0xd9, 0x41, 
	0xa1, 0x8b, 0xdd, 0xed, 0xc1, 0x87, 0xdd, 0xef, 
	0xbb, 0x99, 0xc9, 0x45, 0x99, 0x8b, 0xee, 0xb3, 
	0xa9, 0xc9, 0x90, 0xc1, 0x99, 0xcb, 0xef, 0x39, 
	0xb3, 0x57, 0xd1, 0x85, 0xb8, 0xc3, 0x90, 0x81, 
	0xaa, 0x93, 0xef, 0x37, 0xde, 0xf7, 0xa0, 0xc1, 
	0x90, 0xc3, 0xb3, 0x59, 0xf7, 0x7b, 0xd6, 0xb5, 
	0xe6, 0xf5, 0xbc, 0x1f, 0xce, 0x31, 0x9a, 0x51, 
	0xc9, 0x43, 0x91, 0x07, 0xd5, 0x6b, 0xce, 0x2f, 
	0xde, 0xb5, 0xa3, 0x15, 0xcd, 0xed, 0xd6, 0xb3, 
	0xa3, 0x59, 0xc1, 0x45, 0x90, 0x83, 0xaa, 0xd5, 
	0xd6, 0x73, 0xb9, 0x45, 0x88, 0xc3, 0xb3, 0x9b, 
	
};

Gfx wf_dl_tile_4_1_ci8_aligner[] = {gsSPEndDisplayList()};
u8 wf_dl_tile_4_1_ci8[] = {
	0x00, 0x01, 0x02, 0x03, 0x04, 0x04, 0x05, 0x04, 
	0x06, 0x06, 0x07, 0x08, 0x08, 0x08, 0x09, 0x09, 
	0x0a, 0x0a, 0x0b, 0x0b, 0x0c, 0x0c, 0x0c, 0x0c, 
	0x0c, 0x0d, 0x0e, 0x0f, 0x10, 0x10, 0x10, 0x10, 
	0x00, 0x11, 0x02, 0x12, 0x04, 0x13, 0x05, 0x05, 
	0x06, 0x14, 0x07, 0x08, 0x08, 0x08, 0x09, 0x09, 
	0x15, 0x15, 0x0b, 0x0b, 0x0b, 0x0c, 0x0c, 0x0c, 
	0x0c, 0x16, 0x17, 0x18, 0x19, 0x10, 0x10, 0x10, 
	0x1a, 0x11, 0x1b, 0x12, 0x1c, 0x04, 0x05, 0x05, 
	0x14, 0x14, 0x1d, 0x07, 0x08, 0x08, 0x09, 0x09, 
	0x0a, 0x0a, 0x0b, 0x0b, 0x0c, 0x0c, 0x0c, 0x0c, 
	0x16, 0x16, 0x0d, 0x1e, 0x1f, 0x10, 0x10, 0x10, 
	0x1a, 0x11, 0x20, 0x03, 0x04, 0x04, 0x05, 0x06, 
	0x06, 0x06, 0x07, 0x07, 0x08, 0x08, 0x09, 0x09, 
	0x0a, 0x21, 0x21, 0x0b, 0x0b, 0x0b, 0x0c, 0x0c, 
	0x16, 0x0d, 0x16, 0x22, 0x23, 0x24, 0x10, 0x10, 
	0x25, 0x00, 0x26, 0x27, 0x04, 0x04, 0x05, 0x06, 
	0x06, 0x06, 0x07, 0x07, 0x08, 0x08, 0x08, 0x09, 
	0x09, 0x0a, 0x15, 0x0b, 0x0b, 0x0b, 0x0c, 0x0c, 
	0x0c, 0x16, 0x16, 0x16, 0x28, 0x29, 0x10, 0x10, 
	0x2a, 0x2b, 0x17, 0x2c, 0x04, 0x04, 0x05, 0x06, 
	0x06, 0x06, 0x1d, 0x07, 0x08, 0x08, 0x09, 0x09, 
	0x09, 0x0a, 0x21, 0x21, 0x0b, 0x0c, 0x0c, 0x0c, 
	0x0c, 0x0c, 0x16, 0x16, 0x22, 0x2d, 0x2e, 0x10, 
	0x25, 0x2f, 0x15, 0x1c, 0x04, 0x05, 0x05, 0x06, 
	0x06, 0x06, 0x07, 0x07, 0x08, 0x08, 0x08, 0x09, 
	0x09, 0x0a, 0x0a, 0x0b, 0x0b, 0x0c, 0x0c, 0x0c, 
	0x0c, 0x0c, 0x16, 0x16, 0x22, 0x30, 0x31, 0x32, 
	0x33, 0x34, 0x35, 0x04, 0x04, 0x05, 0x06, 0x06, 
	0x36, 0x37, 0x07, 0x08, 0x08, 0x08, 0x09, 0x09, 
	0x0a, 0x21, 0x0a, 0x38, 0x0b, 0x0c, 0x0c, 0x0c, 
	0x0c, 0x0c, 0x16, 0x16, 0x16, 0x22, 0x39, 0x3a, 
	0x20, 0x3b, 0x2c, 0x04, 0x05, 0x05, 0x06, 0x36, 
	0x07, 0x07, 0x08, 0x08, 0x08, 0x09, 0x09, 0x3c, 
	0x09, 0x0a, 0x21, 0x38, 0x0b, 0x0b, 0x0c, 0x0c, 
	0x0c, 0x0c, 0x0c, 0x16, 0x16, 0x0d, 0x3d, 0x3e, 
	0x3f, 0x27, 0x04, 0x04, 0x04, 0x06, 0x06, 0x07, 
	0x36, 0x07, 0x08, 0x08, 0x08, 0x09, 0x09, 0x09, 
	0x0a, 0x21, 0x0a, 0x0b, 0x0b, 0x0b, 0x0c, 0x0c, 
	0x0c, 0x0c, 0x0c, 0x16, 0x16, 0x22, 0x28, 0x40, 
	0x27, 0x06, 0x05, 0x06, 0x06, 0x14, 0x07, 0x07, 
	0x07, 0x08, 0x08, 0x08, 0x08, 0x09, 0x09, 0x0a, 
	0x0a, 0x21, 0x0a, 0x0b, 0x0b, 0x0b, 0x0c, 0x0c, 
	0x0b, 0x0c, 0x0c, 0x16, 0x16, 0x22, 0x22, 0x3d, 
	0x08, 0x08, 0x08, 0x37, 0x36, 0x36, 0x36, 0x08, 
	0x08, 0x08, 0x08, 0x09, 0x09, 0x3c, 0x3c, 0x09, 
	0x0a, 0x0a, 0x21, 0x0b, 0x0b, 0x0b, 0x0b, 0x0b, 
	0x0b, 0x0c, 0x0c, 0x16, 0x16, 0x16, 0x22, 0x22, 
	0x08, 0x08, 0x09, 0x41, 0x41, 0x41, 0x09, 0x42, 
	0x08, 0x08, 0x09, 0x09, 0x3c, 0x3c, 0x09, 0x0a, 
	0x21, 0x0a, 0x0b, 0x0b, 0x0b, 0x43, 0x0b, 0x0b, 
	0x0c, 0x0c, 0x0c, 0x16, 0x16, 0x16, 0x22, 0x22, 
	0x14, 0x07, 0x08, 0x08, 0x09, 0x0a, 0x0a, 0x0b, 
	0x21, 0x0a, 0x3c, 0x3c, 0x09, 0x0a, 0x0a, 0x15, 
	0x15, 0x0a, 0x21, 0x0b, 0x43, 0x0b, 0x0b, 0x0b, 
	0x0c, 0x0c, 0x0c, 0x16, 0x16, 0x16, 0x28, 0x22, 
	0x44, 0x44, 0x2c, 0x06, 0x07, 0x08, 0x08, 0x21, 
	0x0b, 0x0b, 0x0b, 0x0a, 0x0a, 0x0a, 0x21, 0x0a, 
	0x21, 0x0b, 0x0b, 0x0b, 0x0b, 0x0b, 0x0b, 0x0b, 
	0x0c, 0x0c, 0x0c, 0x16, 0x16, 0x0d, 0x22, 0x3d, 
	0x09, 0x08, 0x45, 0x06, 0x05, 0x46, 0x06, 0x45, 
	0x09, 0x0b, 0x0b, 0x0b, 0x0b, 0x0b, 0x0a, 0x21, 
	0x0b, 0x21, 0x0b, 0x0b, 0x0b, 0x0b, 0x0c, 0x0c, 
	0x0c, 0x47, 0x0c, 0x16, 0x16, 0x16, 0x22, 0x22, 
	0x48, 0x22, 0x16, 0x0c, 0x15, 0x3c, 0x08, 0x36, 
	0x06, 0x49, 0x09, 0x0b, 0x0c, 0x0c, 0x0c, 0x0b, 
	0x4a, 0x38, 0x0b, 0x0b, 0x0b, 0x0b, 0x0c, 0x0c, 
	0x0c, 0x47, 0x0d, 0x16, 0x16, 0x16, 0x22, 0x22, 
	0x3d, 0x3d, 0x40, 0x48, 0x4b, 0x48, 0x4c, 0x0c, 
	0x0b, 0x4d, 0x42, 0x49, 0x15, 0x0b, 0x0c, 0x16, 
	0x4e, 0x0b, 0x0b, 0x0b, 0x0b, 0x0c, 0x0c, 0x0c, 
	0x16, 0x16, 0x0d, 0x16, 0x16, 0x16, 0x22, 0x4c, 
	0x3d, 0x4b, 0x40, 0x4b, 0x40, 0x4b, 0x40, 0x4b, 
	0x4b, 0x48, 0x16, 0x0b, 0x15, 0x15, 0x4e, 0x16, 
	0x16, 0x0c, 0x0c, 0x0b, 0x0b, 0x0c, 0x0c, 0x16, 
	0x16, 0x16, 0x16, 0x16, 0x16, 0x16, 0x22, 0x22, 
	0x4b, 0x4f, 0x50, 0x51, 0x4f, 0x52, 0x51, 0x51, 
	0x51, 0x51, 0x51, 0x51, 0x3d, 0x16, 0x0b, 0x3c, 
	0x4e, 0x16, 0x16, 0x0c, 0x0c, 0x0c, 0x16, 0x16, 
	0x16, 0x0d, 0x16, 0x16, 0x0d, 0x28, 0x22, 0x22, 
	0x53, 0x54, 0x50, 0x51, 0x54, 0x54, 0x54, 0x53, 
	0x53, 0x53, 0x53, 0x54, 0x55, 0x54, 0x4b, 0x16, 
	0x4e, 0x4e, 0x16, 0x16, 0x0c, 0x16, 0x16, 0x16, 
	0x16, 0x0d, 0x0d, 0x22, 0x22, 0x22, 0x22, 0x22, 
	0x55, 0x55, 0x56, 0x55, 0x53, 0x55, 0x55, 0x53, 
	0x54, 0x54, 0x53, 0x55, 0x55, 0x55, 0x55, 0x53, 
	0x4b, 0x0d, 0x0c, 0x16, 0x22, 0x0d, 0x16, 0x16, 
	0x16, 0x0d, 0x22, 0x16, 0x4c, 0x22, 0x22, 0x22, 
	0x57, 0x58, 0x59, 0x5a, 0x5b, 0x5c, 0x5c, 0x5d, 
	0x55, 0x55, 0x55, 0x55, 0x55, 0x55, 0x55, 0x55, 
	0x55, 0x53, 0x48, 0x16, 0x16, 0x22, 0x22, 0x22, 
	0x22, 0x22, 0x22, 0x22, 0x22, 0x22, 0x22, 0x3d, 
	0x5e, 0x5f, 0x60, 0x61, 0x61, 0x62, 0x63, 0x64, 
	0x65, 0x66, 0x55, 0x55, 0x55, 0x55, 0x55, 0x55, 
	0x55, 0x55, 0x53, 0x51, 0x3d, 0x28, 0x22, 0x22, 
	0x4c, 0x22, 0x22, 0x22, 0x3d, 0x22, 0x3d, 0x3d, 
	0x67, 0x61, 0x61, 0x61, 0x61, 0x61, 0x61, 0x61, 
	0x62, 0x68, 0x66, 0x55, 0x55, 0x55, 0x55, 0x69, 
	0x69, 0x69, 0x69, 0x55, 0x53, 0x4b, 0x22, 0x3d, 
	0x3d, 0x3d, 0x3d, 0x3d, 0x3d, 0x3d, 0x48, 0x28, 
	0x61, 0x61, 0x61, 0x61, 0x61, 0x61, 0x61, 0x61, 
	0x61, 0x62, 0x64, 0x59, 0x5d, 0x69, 0x69, 0x5d, 
	0x59, 0x59, 0x69, 0x69, 0x69, 0x55, 0x51, 0x3d, 
	0x3d, 0x3d, 0x3d, 0x3d, 0x48, 0x3d, 0x28, 0x48, 
	0x61, 0x61, 0x61, 0x61, 0x61, 0x61, 0x61, 0x61, 
	0x61, 0x61, 0x61, 0x64, 0x6a, 0x6b, 0x59, 0x59, 
	0x59, 0x59, 0x5d, 0x59, 0x5d, 0x69, 0x55, 0x6c, 
	0x40, 0x3d, 0x3d, 0x3d, 0x3d, 0x3d, 0x3d, 0x48, 
	0x61, 0x61, 0x61, 0x61, 0x61, 0x62, 0x6d, 0x6d, 
	0x61, 0x61, 0x61, 0x6e, 0x6f, 0x70, 0x6b, 0x59, 
	0x59, 0x59, 0x59, 0x59, 0x69, 0x5d, 0x69, 0x55, 
	0x4f, 0x40, 0x3d, 0x3d, 0x3d, 0x3d, 0x3d, 0x3d, 
	0x61, 0x61, 0x61, 0x61, 0x6d, 0x61, 0x61, 0x61, 
	0x61, 0x61, 0x61, 0x61, 0x71, 0x72, 0x73, 0x74, 
	0x6b, 0x59, 0x59, 0x59, 0x59, 0x59, 0x59, 0x59, 
	0x55, 0x51, 0x3d, 0x3d, 0x3d, 0x3d, 0x3d, 0x3d, 
	0x61, 0x61, 0x61, 0x6d, 0x61, 0x61, 0x61, 0x61, 
	0x61, 0x61, 0x61, 0x61, 0x6e, 0x75, 0x76, 0x77, 
	0x78, 0x6a, 0x6b, 0x6b, 0x59, 0x59, 0x59, 0x59, 
	0x69, 0x55, 0x40, 0x4b, 0x3d, 0x3d, 0x3d, 0x3d, 
	0x61, 0x61, 0x61, 0x61, 0x61, 0x61, 0x61, 0x61, 
	0x61, 0x61, 0x61, 0x61, 0x61, 0x79, 0x7a, 0x7b, 
	0x7b, 0x7c, 0x70, 0x6b, 0x6b, 0x6b, 0x6b, 0x59, 
	0x59, 0x5d, 0x53, 0x40, 0x4b, 0x3d, 0x3d, 0x3d, 
	0x61, 0x60, 0x7d, 0x79, 0x7e, 0x7f, 0x80, 0x81, 
	0x82, 0x62, 0x61, 0x61, 0x61, 0x83, 0x84, 0x7a, 
	0x7a, 0x85, 0x85, 0x86, 0x6a, 0x6b, 0x6b, 0x6b, 
	0x59, 0x59, 0x55, 0x4f, 0x4b, 0x3d, 0x3d, 0x3d, 
	
};

Gfx wf_dl_tile_4_1_pal_rgba16_aligner[] = {gsSPEndDisplayList()};
u8 wf_dl_tile_4_1_pal_rgba16[] = {
	0xcd, 0xed, 0xd6, 0xb3, 0xa3, 0x59, 0xc1, 0x45, 
	0xd1, 0x01, 0xd1, 0x03, 0xc9, 0x03, 0xc0, 0xc1, 
	0xb8, 0xc1, 0xb0, 0xc1, 0xa8, 0xc1, 0xa0, 0x81, 
	0x98, 0x81, 0x90, 0x83, 0xaa, 0xd5, 0xf7, 0x39, 
	0xff, 0xff, 0xd6, 0x73, 0xb9, 0x45, 0xd9, 0x03, 
	0xc9, 0x01, 0xa8, 0xc3, 0x90, 0x81, 0x88, 0xc3, 
	0xb3, 0x9b, 0xff, 0xfd, 0xc5, 0xad, 0x92, 0xd5, 
	0xd9, 0x01, 0xc1, 0x01, 0x91, 0x07, 0xde, 0x2f, 
	0x82, 0x0f, 0xa8, 0x81, 0x88, 0x81, 0x9a, 0x0f, 
	0xf7, 0x79, 0xcd, 0xef, 0x81, 0x49, 0xc9, 0x43, 
	0x88, 0x83, 0xc4, 0x1f, 0xd6, 0x2f, 0xbc, 0xe5, 
	0xd1, 0x43, 0x89, 0x47, 0xe6, 0xb3, 0x92, 0x93, 
	0x80, 0x83, 0xab, 0x17, 0xff, 0xbd, 0xc5, 0x27, 
	0x79, 0x05, 0xc9, 0x45, 0xc1, 0x03, 0xc0, 0xc3, 
	0xa0, 0xc1, 0x80, 0xc5, 0xdd, 0xed, 0xa1, 0x03, 
	0xb0, 0xc3, 0x80, 0x81, 0x92, 0x4f, 0x90, 0xc3, 
	0x78, 0x81, 0xb0, 0x81, 0xb9, 0x01, 0xa0, 0x83, 
	0xd9, 0x43, 0xb8, 0xc3, 0xd1, 0x45, 0x98, 0x83, 
	0x80, 0x41, 0xb9, 0x03, 0xa8, 0x83, 0x78, 0x41, 
	0x88, 0x41, 0xb1, 0x03, 0xa0, 0xc3, 0x70, 0x81, 
	0x70, 0x83, 0x70, 0x41, 0x78, 0x83, 0x68, 0x41, 
	0x68, 0x81, 0x60, 0x41, 0x60, 0x81, 0x60, 0xc3, 
	0x58, 0xc3, 0x50, 0x81, 0x48, 0x41, 0x48, 0x43, 
	0x50, 0x83, 0x58, 0x81, 0x72, 0x4b, 0x49, 0x07, 
	0x18, 0x41, 0x08, 0x01, 0x10, 0x01, 0x18, 0x01, 
	0x28, 0x41, 0x40, 0x83, 0x58, 0x83, 0x20, 0x43, 
	0x38, 0x43, 0x58, 0x41, 0x48, 0xc1, 0x48, 0x81, 
	0x70, 0x43, 0x10, 0x43, 0x18, 0x43, 0x61, 0xc9, 
	0x59, 0x45, 0x38, 0xc5, 0x7a, 0x4d, 0x72, 0x0b, 
	0x59, 0x03, 0x62, 0x0b, 0x72, 0x09, 0x7a, 0x09, 
	0x69, 0xc9, 0x49, 0x89, 0x82, 0x4b, 0x7a, 0x49, 
	0x7a, 0x0b, 0x28, 0xc5, 0x6a, 0x0d, 0x6a, 0x4f, 
	0x62, 0x0d, 0x41, 0x47, 0x20, 0x83, 0x30, 0xc5, 
	0x82, 0xcf, 0x7a, 0x4b, 0x61, 0x87, 
};

Gfx wf_dl_tile_4_2_rgba16_aligner[] = {gsSPEndDisplayList()};
u8 wf_dl_tile_4_2_rgba16[] = {
	0x08, 0x01, 0x08, 0x01, 0x08, 0x01, 0x08, 0x01, 
	0x08, 0x01, 0x08, 0x01, 0x08, 0x01, 0x08, 0x01, 
	0x08, 0x01, 0x08, 0x01, 0x08, 0x01, 0x08, 0x01, 
	0x08, 0x01, 0x49, 0x89, 0x82, 0x4b, 0x7a, 0x49, 
	0x7a, 0x49, 0x7a, 0x0b, 0x59, 0x45, 0x48, 0x81, 
	0x48, 0x81, 0x48, 0x81, 0x48, 0x81, 0x50, 0x81, 
	0x50, 0x81, 0x58, 0x81, 0x68, 0x41, 0x78, 0x81, 
	0x78, 0x41, 0x80, 0x81, 0x80, 0x81, 0x80, 0x81, 
	0x08, 0x01, 0x18, 0x41, 0x28, 0xc5, 0x49, 0x89, 
	0x6a, 0x0d, 0x6a, 0x4f, 0x62, 0x0d, 0x41, 0x47, 
	0x20, 0x83, 0x10, 0x01, 0x08, 0x01, 0x08, 0x01, 
	0x08, 0x01, 0x30, 0xc5, 0x82, 0xcf, 0x82, 0x4b, 
	0x82, 0x4b, 0x7a, 0x4b, 0x7a, 0x4b, 0x61, 0x87, 
	0x48, 0xc1, 0x48, 0x81, 0x48, 0x81, 0x48, 0x81, 
	0x50, 0x81, 0x50, 0x81, 0x60, 0x41, 0x70, 0x81, 
	0x78, 0x41, 0x80, 0x81, 0x80, 0x81, 0x80, 0x81, 
	0x51, 0x89, 0x8b, 0x13, 0x9b, 0x13, 0x9b, 0x53, 
	0x9b, 0x11, 0x9b, 0x11, 0x9b, 0x11, 0x93, 0x11, 
	0x93, 0x11, 0x72, 0x4d, 0x28, 0xc5, 0x08, 0x01, 
	0x08, 0x01, 0x20, 0x83, 0x7a, 0x8f, 0x8a, 0x8d, 
	0x8a, 0x8d, 0x82, 0x8b, 0x82, 0x4b, 0x82, 0x4d, 
	0x71, 0xc9, 0x48, 0xc3, 0x40, 0x81, 0x40, 0x83, 
	0x48, 0x83, 0x50, 0x81, 0x58, 0x41, 0x68, 0x41, 
	0x78, 0x81, 0x78, 0x81, 0x80, 0x81, 0x80, 0x41, 
	0xa3, 0x53, 0xa3, 0x51, 0x9b, 0x11, 0x9b, 0x11, 
	0xa3, 0x51, 0x9b, 0x11, 0x9b, 0x11, 0x9b, 0x11, 
	0x9b, 0x11, 0x9b, 0x11, 0x8a, 0xd1, 0x61, 0xcb, 
	0x20, 0x43, 0x18, 0x41, 0x6a, 0x4b, 0x8a, 0x8d, 
	0x8a, 0x8d, 0x8a, 0x8d, 0x8a, 0x8d, 0x8a, 0x8d, 
	0x82, 0x4b, 0x7a, 0x4b, 0x49, 0x05, 0x38, 0x83, 
	0x48, 0x81, 0x58, 0x81, 0x58, 0x41, 0x60, 0x41, 
	0x78, 0x81, 0x78, 0x41, 0x80, 0x81, 0x80, 0x81, 
	0xa3, 0x53, 0xa3, 0x53, 0xa3, 0x53, 0xa3, 0x51, 
	0xa3, 0x11, 0xa3, 0x11, 0x9b, 0x11, 0x9b, 0x11, 
	0x9b, 0x11, 0x9b, 0x11, 0x9b, 0x11, 0x93, 0x11, 
	0x6a, 0x4d, 0x20, 0x83, 0x6a, 0x0b, 0x92, 0xcf, 
	0x92, 0xcd, 0x92, 0xcd, 0x92, 0x8d, 0x8a, 0x8d, 
	0x82, 0x8d, 0x82, 0x8d, 0x41, 0x47, 0x18, 0x41, 
	0x38, 0x83, 0x50, 0x81, 0x58, 0x41, 0x60, 0x41, 
	0x78, 0x81, 0x80, 0x81, 0x80, 0x81, 0x80, 0x81, 
	0x93, 0x13, 0x9b, 0x53, 0xa3, 0x53, 0xa3, 0x53, 
	0xa3, 0x53, 0xa3, 0x11, 0xa3, 0x53, 0x9b, 0x11, 
	0xa3, 0x11, 0x9b, 0x11, 0x9b, 0x11, 0x9b, 0x0f, 
	0x9b, 0x11, 0x7a, 0x8f, 0x82, 0x8f, 0x93, 0x11, 
	0x93, 0x0f, 0x92, 0xcf, 0x92, 0xcf, 0x92, 0xcf, 
	0x92, 0xcd, 0x92, 0xcf, 0x49, 0x47, 0x18, 0x43, 
	0x18, 0x41, 0x30, 0x41, 0x50, 0x83, 0x60, 0x41, 
	0x78, 0x81, 0x78, 0x41, 0x80, 0x81, 0x80, 0x41, 
	0x28, 0xc5, 0x28, 0xc5, 0x39, 0x07, 0x51, 0x89, 
	0x62, 0x0d, 0x7a, 0x8f, 0x93, 0x13, 0x9b, 0x53, 
	0xa3, 0x53, 0x9b, 0x11, 0x9b, 0x11, 0x9b, 0x11, 
	0x93, 0x0f, 0x9b, 0x11, 0x9b, 0x11, 0x9b, 0x11, 
	0x93, 0x11, 0x9b, 0x11, 0x93, 0x11, 0x9b, 0x11, 
	0x9b, 0x11, 0x9b, 0x11, 0x51, 0x89, 0x18, 0x43, 
	0x18, 0x83, 0x20, 0x43, 0x30, 0x83, 0x60, 0x83, 
	0x78, 0x41, 0x78, 0x81, 0x80, 0x81, 0x80, 0x41, 
	0x00, 0x01, 0x00, 0x01, 0x00, 0x01, 0x00, 0x01, 
	0x08, 0x01, 0x18, 0x43, 0x31, 0x07, 0x6a, 0x4d, 
	0x9b, 0x53, 0xa3, 0x53, 0x9b, 0x11, 0x9b, 0x11, 
	0x9b, 0x11, 0x9b, 0x11, 0x9b, 0x11, 0x9b, 0x11, 
	0x9b, 0x11, 0x9b, 0x51, 0x9b, 0x11, 0x9b, 0x11, 
	0xa3, 0x11, 0xa3, 0x53, 0x59, 0xcb, 0x18, 0x43, 
	0x20, 0x83, 0x20, 0x83, 0x28, 0x83, 0x40, 0x83, 
	0x70, 0x83, 0x78, 0x41, 0x80, 0x81, 0x80, 0x41, 
	0x00, 0x01, 0x00, 0x01, 0x00, 0x01, 0x00, 0x01, 
	0x00, 0x01, 0x00, 0x01, 0x00, 0x01, 0x18, 0x83, 
	0x61, 0xcb, 0x93, 0x53, 0x9b, 0x53, 0x9b, 0x53, 
	0x9b, 0x51, 0x9b, 0x53, 0x9b, 0x11, 0xa3, 0x51, 
	0xa3, 0x53, 0xa3, 0x53, 0xa3, 0x53, 0xa3, 0x53, 
	0xa3, 0x53, 0xa3, 0x53, 0x59, 0xcb, 0x18, 0x43, 
	0x20, 0x43, 0x20, 0x83, 0x28, 0x83, 0x30, 0xc3, 
	0x50, 0x81, 0x78, 0x81, 0x80, 0x41, 0x80, 0x41, 
	0x52, 0x95, 0x4a, 0x53, 0x41, 0xcf, 0x08, 0x43, 
	0x00, 0x01, 0x00, 0x01, 0x00, 0x01, 0x00, 0x01, 
	0x18, 0x83, 0x72, 0x8f, 0x93, 0x13, 0xa3, 0x53, 
	0xa3, 0x53, 0xa3, 0x53, 0xa3, 0x53, 0xa3, 0x53, 
	0xa3, 0x53, 0xa3, 0x53, 0xab, 0x53, 0xab, 0x53, 
	0xab, 0x53, 0xab, 0x95, 0x59, 0xcb, 0x18, 0x43, 
	0x20, 0x83, 0x28, 0x83, 0x28, 0x83, 0x28, 0x83, 
	0x38, 0x83, 0x68, 0x83, 0x78, 0x41, 0x80, 0x81, 
	0xef, 0x7b, 0xef, 0x39, 0xe7, 0x37, 0xbd, 0xef, 
	0x73, 0x9d, 0x29, 0x4b, 0x00, 0x01, 0x00, 0x01, 
	0x08, 0x01, 0x41, 0x47, 0x93, 0x53, 0xa3, 0x53, 
	0x9b, 0x53, 0xa3, 0x53, 0xa3, 0x53, 0xa3, 0x53, 
	0xa3, 0x53, 0xab, 0x53, 0xab, 0x53, 0xab, 0x95, 
	0xab, 0x95, 0xab, 0x95, 0x59, 0xcb, 0x18, 0x43, 
	0x20, 0x83, 0x28, 0x83, 0x28, 0x83, 0x30, 0x83, 
	0x30, 0x83, 0x58, 0x81, 0x70, 0x81, 0x78, 0x81, 
	0xff, 0xfd, 0xf7, 0xbb, 0xf7, 0xbb, 0xff, 0xbd, 
	0xf7, 0xbd, 0xd6, 0xb5, 0x6b, 0x5b, 0x08, 0x43, 
	0x00, 0x01, 0x28, 0xc5, 0x93, 0x13, 0xab, 0x95, 
	0xa3, 0x53, 0xa3, 0x55, 0xa3, 0x53, 0xab, 0x53, 
	0xa3, 0x53, 0xa3, 0x53, 0xab, 0x53, 0xab, 0x95, 
	0xab, 0x95, 0xab, 0x95, 0x51, 0x8b, 0x18, 0x43, 
	0x20, 0x43, 0x28, 0x83, 0x28, 0x83, 0x28, 0x83, 
	0x28, 0x83, 0x50, 0x83, 0x70, 0x81, 0x78, 0x81, 
	0xff, 0xfd, 0xf7, 0xfd, 0xf7, 0xbd, 0xff, 0xbd, 
	0xff, 0xfd, 0xff, 0xbd, 0xf7, 0x7b, 0x83, 0xdd, 
	0x08, 0x43, 0x18, 0x43, 0x93, 0x15, 0xc4, 0x19, 
	0xb3, 0xd7, 0xa3, 0x97, 0xa3, 0x55, 0xa3, 0x53, 
	0xa3, 0x55, 0xa3, 0x93, 0xab, 0x95, 0xab, 0x95, 
	0xab, 0x95, 0xab, 0x95, 0x51, 0x8b, 0x18, 0x43, 
	0x20, 0x43, 0x28, 0x83, 0x28, 0x83, 0x28, 0x83, 
	0x28, 0x83, 0x50, 0x81, 0x70, 0x41, 0x78, 0x81, 
	0xce, 0xf7, 0xce, 0xf7, 0xd7, 0x39, 0xef, 0xbd, 
	0xff, 0xbd, 0xf7, 0x7b, 0xf7, 0x79, 0xee, 0xf7, 
	0x6a, 0xd7, 0x08, 0x01, 0x6a, 0x4f, 0xdc, 0xdf, 
	0xd4, 0x5b, 0xc4, 0x19, 0xb3, 0xd7, 0xab, 0x95, 
	0xab, 0x95, 0xab, 0x93, 0xab, 0x93, 0xab, 0x93, 
	0xab, 0x95, 0xab, 0x95, 0x49, 0x89, 0x18, 0x43, 
	0x20, 0x43, 0x28, 0x83, 0x28, 0x83, 0x30, 0x83, 
	0x30, 0xc3, 0x50, 0x81, 0x60, 0x83, 0x71, 0x45, 
	0xae, 0x2f, 0xb6, 0x71, 0x9d, 0xef, 0xa6, 0x31, 
	0xe7, 0x7b, 0xf7, 0x7b, 0xf7, 0x79, 0xef, 0x37, 
	0xce, 0x2f, 0x39, 0x8d, 0x39, 0x07, 0xcc, 0xdf, 
	0xe4, 0xdf, 0xd4, 0x9d, 0xcc, 0x19, 0xbb, 0xd7, 
	0xab, 0x95, 0xab, 0x95, 0xab, 0x93, 0xab, 0x93, 
	0xab, 0x95, 0xab, 0x95, 0x49, 0x49, 0x18, 0x83, 
	0x20, 0x83, 0x28, 0x83, 0x28, 0x83, 0x30, 0x83, 
	0x30, 0xc3, 0x48, 0xc3, 0x61, 0x87, 0x72, 0x0b, 
	0xbe, 0xb3, 0xc6, 0xb3, 0xb6, 0xb5, 0x85, 0xaf, 
	0x95, 0xaf, 0xdf, 0x79, 0xef, 0x79, 0xef, 0x79, 
	0xef, 0x37, 0x94, 0xa3, 0x18, 0x83, 0xac, 0x1b, 
	0xed, 0x21, 0xe4, 0x9d, 0xd4, 0x5b, 0xc4, 0x19, 
	0xb3, 0xd7, 0xab, 0x95, 0xab, 0x95, 0xab, 0x95, 
	0xab, 0x95, 0xab, 0x95, 0x39, 0x07, 0x18, 0x43, 
	0x20, 0x43, 0x20, 0x83, 0x28, 0x83, 0x30, 0x83, 
	0x30, 0x83, 0x51, 0x45, 0x6a, 0x09, 0x7a, 0x8d, 
	0x8c, 0xe7, 0xa5, 0x6b, 0xad, 0xad, 0x9e, 0x33, 
	0x65, 0x2d, 0x95, 0xef, 0xe7, 0x79, 0xe7, 0x39, 
	0xe7, 0x37, 0xc5, 0xef, 0x31, 0x4b, 0x93, 0x55, 
	0xed, 0x21, 0xe4, 0xdd, 0xd4, 0x9b, 0xcc, 0x59, 
	0xbb, 0xd7, 0xb3, 0xd5, 0xb3, 0x95, 0xb3, 0x95, 
	0xab, 0x95, 0xa3, 0x55, 0x30, 0xc5, 0x18, 0x43, 
	0x18, 0x43, 0x20, 0x83, 0x28, 0x83, 0x30, 0x83, 
	0x30, 0x81, 0x61, 0xc9, 0x72, 0x4d, 0x92, 0xcf, 
	0x31, 0x8d, 0x29, 0x8b, 0x29, 0x8b, 0x6c, 0xa5, 
	0x44, 0xed, 0x4c, 0x65, 0xdf, 0x39, 0xe7, 0x37, 
	0xe7, 0x37, 0xde, 0xb3, 0x52, 0x53, 0x8b, 0x13, 
	0xed, 0x21, 0xe4, 0xdf, 0xd4, 0x9b, 0xcc, 0x5b, 
	0xc4, 0x19, 0xbb, 0xd7, 0xb3, 0x95, 0xab, 0x95, 
	0xab, 0x95, 0x9b, 0x53, 0x20, 0x41, 0x18, 0x43, 
	0x20, 0x83, 0x28, 0x83, 0x28, 0x83, 0x28, 0x83, 
	0x30, 0x83, 0x72, 0x4d, 0x8a, 0x8d, 0x93, 0x11, 
	0x08, 0x43, 0x08, 0x41, 0x08, 0x83, 0x53, 0xdf, 
	0x44, 0xeb, 0x3b, 0xe3, 0xdf, 0x39, 0xe6, 0xf7, 
	0xe6, 0xf7, 0xde, 0xb3, 0x5a, 0x93, 0x8b, 0x13, 
	0xed, 0x61, 0xe4, 0xdf, 0xd4, 0x9b, 0xcc, 0x5b, 
	0xc4, 0x19, 0xbb, 0xd7, 0xb3, 0x95, 0xab, 0x95, 
	0xab, 0x95, 0x82, 0xd3, 0x18, 0x41, 0x20, 0x83, 
	0x20, 0x83, 0x28, 0x83, 0x30, 0xc3, 0x30, 0xc3, 
	0x38, 0xc3, 0x82, 0xcf, 0x93, 0x11, 0x93, 0x13, 
	0x00, 0xc7, 0x00, 0x85, 0x11, 0xd1, 0x4c, 0xa7, 
	0x2c, 0x25, 0x4c, 0x23, 0xd6, 0xf7, 0xde, 0xf5, 
	0xde, 0xb5, 0xd6, 0x71, 0x52, 0x53, 0x83, 0x13, 
	0xed, 0x61, 0xe4, 0xdd, 0xd4, 0x9b, 0xcc, 0x5b, 
	0xc4, 0x19, 0xbb, 0xd7, 0xb3, 0xd7, 0xb3, 0x95, 
	0xab, 0x95, 0x6a, 0x4d, 0x18, 0x41, 0x20, 0x83, 
	0x28, 0x83, 0x28, 0x83, 0x30, 0xc3, 0x28, 0x83, 
	0x38, 0xc3, 0x93, 0x11, 0x93, 0x11, 0xa3, 0x53, 
	0x2b, 0xe3, 0x1b, 0x1b, 0x1b, 0xa1, 0x1c, 0x27, 
	0x13, 0x1b, 0x95, 0x6d, 0xd6, 0xb5, 0xde, 0xb3, 
	0xde, 0x73, 0xce, 0x2f, 0x4a, 0x53, 0x7a, 0xd3, 
	0xed, 0x61, 0xe4, 0xdd, 0xdc, 0x9b, 0xcc, 0x5b, 
	0xc4, 0x19, 0xbb, 0xd7, 0xb3, 0xd7, 0xb3, 0x95, 
	0xab, 0x95, 0x59, 0xcb, 0x28, 0x83, 0x30, 0xc3, 
	0x30, 0x83, 0x28, 0x83, 0x30, 0xc3, 0x30, 0xc3, 
	0x41, 0x05, 0x93, 0x11, 0xa3, 0x51, 0xa3, 0x53, 
	0x13, 0xe1, 0x0b, 0x9f, 0x0b, 0x5f, 0x12, 0xdb, 
	0x6c, 0x65, 0xc6, 0x73, 0xd6, 0x73, 0xd6, 0x71, 
	0xce, 0x2f, 0xb5, 0x6b, 0x39, 0x8d, 0x7a, 0xd3, 
	0xed, 0x61, 0xe4, 0xdd, 0xdc, 0x9b, 0xcc, 0x5b, 
	0xc4, 0x19, 0xbb, 0xd7, 0xb3, 0xd7, 0xb3, 0x95, 
	0xab, 0x55, 0x51, 0x47, 0x40, 0xc3, 0x40, 0xc1, 
	0x38, 0xc3, 0x30, 0xc3, 0x30, 0xc3, 0x30, 0xc3, 
	0x41, 0x05, 0x9b, 0x53, 0xa3, 0x53, 0x9b, 0x11, 
	0x3b, 0x9d, 0x3b, 0x5d, 0x53, 0xdf, 0x8d, 0x29, 
	0xc6, 0x71, 0xce, 0x71, 0xce, 0x71, 0xce, 0x2f, 
	0xc5, 0xed, 0x94, 0x63, 0x18, 0x85, 0x7a, 0xd3, 
	0xed, 0x61, 0xe4, 0xdd, 0xd4, 0x9b, 0xcc, 0x5b, 
	0xc4, 0x19, 0xbb, 0xd7, 0xbb, 0xd7, 0xb3, 0x95, 
	0xa3, 0x55, 0x59, 0x05, 0x50, 0xc3, 0x48, 0x81, 
	0x40, 0xc1, 0x38, 0xc3, 0x30, 0xc3, 0x30, 0xc3, 
	0x38, 0xc5, 0xa3, 0x53, 0x9b, 0x11, 0x9b, 0x11, 
	0xb5, 0xed, 0xb5, 0xed, 0xbe, 0x2f, 0xc6, 0x2f, 
	0xce, 0x2f, 0xce, 0x71, 0xc6, 0x2f, 0xbd, 0xad, 
	0xad, 0x27, 0x52, 0x93, 0x08, 0x01, 0x8b, 0x13, 
	0xed, 0x61, 0xe4, 0xdd, 0xd4, 0x9b, 0xd4, 0x5b, 
	0xc4, 0x19, 0xbb, 0xd7, 0xbb, 0xd7, 0xb3, 0x95, 
	0xa3, 0x53, 0x59, 0x05, 0x50, 0xc3, 0x50, 0xc3, 
	0x40, 0x81, 0x38, 0xc3, 0x30, 0x83, 0x30, 0xc3, 
	0x41, 0x05, 0x9b, 0x53, 0x92, 0x8d, 0x8a, 0x8d, 
	0xc6, 0x2f, 0xc6, 0x2f, 0xc6, 0x2d, 0xc6, 0x2f, 
	0xc6, 0x2f, 0xc6, 0x2f, 0xbd, 0xed, 0xb5, 0x69, 
	0x7b, 0xdd, 0x10, 0x83, 0x18, 0x43, 0xac, 0x19, 
	0xed, 0x1f, 0xe4, 0xdd, 0xdc, 0x9b, 0xd4, 0x9b, 
	0xcc, 0x5b, 0xc4, 0x19, 0xbb, 0xd7, 0xb3, 0x95, 
	0xab, 0x53, 0x51, 0x05, 0x48, 0xc3, 0x48, 0xc3, 
	0x40, 0xc3, 0x38, 0xc3, 0x38, 0xc3, 0x28, 0x83, 
	0x39, 0x05, 0x8a, 0xcf, 0x8a, 0x8d, 0x8a, 0x8d, 
	0xce, 0x2f, 0xce, 0x6f, 0xc6, 0x2d, 0xc5, 0xed, 
	0xc6, 0x2d, 0xbd, 0xeb, 0xb5, 0xa9, 0x8c, 0x1f, 
	0x21, 0x09, 0x00, 0x01, 0x39, 0x49, 0xdd, 0x21, 
	0xe5, 0x1f, 0xdc, 0x9d, 0xd4, 0x9b, 0xd4, 0x5b, 
	0xd4, 0x5b, 0xd4, 0x5b, 0xc4, 0x19, 0xb3, 0xd5, 
	0xb3, 0x95, 0x6a, 0x0b, 0x49, 0x07, 0x40, 0xc7, 
	0x41, 0x07, 0x30, 0xc3, 0x28, 0x83, 0x28, 0x83, 
	0x38, 0xc3, 0x7a, 0x4d, 0x82, 0x4b, 0x82, 0x4d, 
	0xb5, 0x25, 0xbd, 0xeb, 0xb5, 0xa9, 0xb5, 0x67, 
	0xad, 0x25, 0x9c, 0xe3, 0x83, 0xdd, 0x21, 0x07, 
	0x00, 0x01, 0x08, 0x01, 0x72, 0xd1, 0xdd, 0x21, 
	0xd4, 0x9b, 0xd4, 0x9b, 0xd4, 0x9b, 0xd4, 0x5b, 
	0xd4, 0x5b, 0xd4, 0x5b, 0xd4, 0x5b, 0xc4, 0x19, 
	0xb3, 0x95, 0x82, 0x91, 0x49, 0x07, 0x41, 0x09, 
	0x49, 0x49, 0x30, 0xc3, 0x20, 0x83, 0x20, 0x83, 
	0x30, 0x83, 0x7a, 0x4d, 0x8a, 0x8b, 0x8a, 0x8d, 
	0xbc, 0x9f, 0x8c, 0x1d, 0x84, 0x1d, 0x7b, 0xdb, 
	0x73, 0x99, 0x4a, 0x53, 0x08, 0x43, 0x00, 0x01, 
	0x00, 0x01, 0x08, 0x41, 0x93, 0x55, 0xd4, 0x9b, 
	0xd4, 0x9b, 0xd4, 0x9b, 0xd4, 0x5b, 0xd4, 0x5b, 
	0xd4, 0x9b, 0xd4, 0x9b, 0xd4, 0x9b, 0xd4, 0x5b, 
	0xc4, 0x19, 0x7a, 0x51, 0x38, 0xc7, 0x30, 0xc7, 
	0x39, 0x07, 0x20, 0x83, 0x18, 0x43, 0x20, 0x83, 
	0x38, 0xc5, 0x82, 0x8d, 0x8a, 0x8d, 0x8a, 0x8d, 
	0xd4, 0x9d, 0x83, 0x57, 0x42, 0x0f, 0x31, 0x8b, 
	0x08, 0x43, 0x00, 0x01, 0x00, 0x01, 0x00, 0x01, 
	0x00, 0x01, 0x20, 0x85, 0xab, 0xd9, 0xd4, 0x9b, 
	0xd4, 0x5b, 0xd4, 0x9b, 0xd4, 0x9b, 0xd4, 0x9b, 
	0xd4, 0x9b, 0xd4, 0x9b, 0xd4, 0x5b, 0xd4, 0x9b, 
	0xcc, 0x5b, 0x7a, 0x4f, 0x30, 0x85, 0x28, 0x85, 
	0x20, 0x85, 0x08, 0x01, 0x18, 0x43, 0x28, 0x81, 
	0x41, 0x05, 0x8b, 0x11, 0x92, 0xcf, 0x82, 0x8d, 
	0xd4, 0x5b, 0xab, 0x99, 0x39, 0x8b, 0x00, 0x01, 
	0x00, 0x01, 0x00, 0x01, 0x00, 0x01, 0x00, 0x01, 
	0x00, 0x01, 0x49, 0x89, 0xcc, 0x5b, 0xd4, 0x5b, 
	0xd4, 0x9b, 0xd4, 0x9b, 0xd4, 0x9b, 0xd4, 0x9b, 
	0xd4, 0x9b, 0xd4, 0x9b, 0xd4, 0x9b, 0xbb, 0xd9, 
	0x82, 0x4f, 0x51, 0x49, 0x28, 0x85, 0x28, 0x85, 
	0x30, 0xc7, 0x28, 0x83, 0x40, 0xc3, 0x40, 0xc3, 
	0x49, 0x03, 0x8a, 0xcf, 0x8a, 0x8d, 0x8a, 0x8f, 
	0xd4, 0x9b, 0xc4, 0x19, 0x83, 0x15, 0x10, 0x43, 
	0x00, 0x01, 0x00, 0x01, 0x00, 0x01, 0x00, 0x01, 
	0x18, 0x83, 0x9b, 0x97, 0xd4, 0x9b, 0xd4, 0x9b, 
	0xd4, 0x9b, 0xd4, 0x9b, 0xd4, 0x9b, 0xd4, 0x9b, 
	0xd4, 0x9b, 0xd4, 0x9b, 0xd4, 0x5b, 0x92, 0xd1, 
	0x48, 0xc7, 0x38, 0xc9, 0x20, 0x85, 0x28, 0x85, 
	0x41, 0x07, 0x59, 0x05, 0x58, 0xc3, 0x38, 0x81, 
	0x49, 0x05, 0x8a, 0x8f, 0x8a, 0x8d, 0x82, 0x8d, 
	0xcc, 0x5b, 0xc4, 0x19, 0xa3, 0x97, 0x41, 0x8b, 
	0x00, 0x01, 0x00, 0x01, 0x00, 0x01, 0x10, 0x43, 
	0x83, 0x15, 0xd4, 0xdf, 0xd4, 0x9b, 0xd4, 0x5b, 
	0xd4, 0x9b, 0xd4, 0x9b, 0xd4, 0x9b, 0xd4, 0x9b, 
	0xd4, 0x9b, 0xd4, 0x9b, 0xcc, 0x1b, 0x71, 0xcd, 
	0x40, 0xc9, 0x30, 0xc7, 0x20, 0x85, 0x28, 0xc7, 
	0x51, 0xcb, 0x48, 0x81, 0x50, 0xc3, 0x38, 0xc1, 
	0x61, 0xc9, 0x8a, 0x8f, 0x82, 0x8d, 0x82, 0x8f, 
	
};

Gfx wf_dl_tile_4_3_ci8_aligner[] = {gsSPEndDisplayList()};
u8 wf_dl_tile_4_3_ci8[] = {
	0x00, 0x01, 0x02, 0x03, 0x04, 0x04, 0x04, 0x04, 
	0x05, 0x06, 0x00, 0x00, 0x00, 0x00, 0x00, 0x00, 
	0x00, 0x00, 0x07, 0x08, 0x09, 0x0a, 0x0b, 0x0c, 
	0x0d, 0x0e, 0x0f, 0x10, 0x11, 0x12, 0x13, 0x14, 
	0x15, 0x01, 0x16, 0x17, 0x04, 0x04, 0x04, 0x03, 
	0x02, 0x18, 0x00, 0x07, 0x00, 0x00, 0x00, 0x00, 
	0x00, 0x00, 0x19, 0x1a, 0x1b, 0x1c, 0x0b, 0x1d, 
	0x1e, 0x1f, 0x20, 0x21, 0x22, 0x12, 0x14, 0x23, 
	0x07, 0x24, 0x25, 0x02, 0x26, 0x26, 0x1c, 0x27, 
	0x28, 0x00, 0x00, 0x00, 0x07, 0x07, 0x00, 0x00, 
	0x00, 0x00, 0x29, 0x09, 0x2a, 0x2b, 0x0b, 0x0b, 
	0x2c, 0x2d, 0x2d, 0x2e, 0x2f, 0x13, 0x12, 0x14, 
	0x19, 0x30, 0x30, 0x31, 0x32, 0x33, 0x34, 0x35, 
	0x36, 0x00, 0x00, 0x00, 0x07, 0x07, 0x00, 0x07, 
	0x07, 0x15, 0x37, 0x38, 0x39, 0x2b, 0x3a, 0x1d, 
	0x3b, 0x3c, 0x3d, 0x3e, 0x3f, 0x13, 0x14, 0x13, 
	0x01, 0x30, 0x40, 0x41, 0x42, 0x43, 0x44, 0x45, 
	0x00, 0x00, 0x00, 0x00, 0x00, 0x00, 0x00, 0x00, 
	0x15, 0x46, 0x47, 0x0c, 0x0b, 0x3a, 0x3a, 0x1c, 
	0x48, 0x49, 0x4a, 0x4b, 0x14, 0x13, 0x23, 0x23, 
	0x4c, 0x4c, 0x24, 0x01, 0x00, 0x00, 0x07, 0x07, 
	0x00, 0x00, 0x00, 0x00, 0x00, 0x00, 0x00, 0x4c, 
	0x37, 0x47, 0x2a, 0x0b, 0x4d, 0x4d, 0x4d, 0x1d, 
	0x4e, 0x4f, 0x50, 0x4f, 0x51, 0x3f, 0x52, 0x51, 
	0x4c, 0x30, 0x24, 0x53, 0x00, 0x00, 0x00, 0x00, 
	0x00, 0x00, 0x00, 0x00, 0x07, 0x00, 0x07, 0x54, 
	0x55, 0x56, 0x39, 0x0b, 0x57, 0x57, 0x57, 0x1c, 
	0x58, 0x59, 0x5a, 0x5a, 0x5b, 0x5c, 0x5d, 0x51, 
	0x30, 0x30, 0x24, 0x07, 0x00, 0x00, 0x00, 0x00, 
	0x00, 0x00, 0x00, 0x00, 0x07, 0x07, 0x5e, 0x5f, 
	0x60, 0x0c, 0x0b, 0x57, 0x57, 0x61, 0x57, 0x62, 
	0x63, 0x59, 0x5a, 0x5a, 0x4f, 0x5b, 0x5d, 0x64, 
	0x4c, 0x30, 0x15, 0x15, 0x00, 0x00, 0x00, 0x00, 
	0x00, 0x00, 0x00, 0x00, 0x07, 0x01, 0x65, 0x60, 
	0x0a, 0x0b, 0x66, 0x57, 0x61, 0x61, 0x57, 0x67, 
	0x68, 0x69, 0x6a, 0x6a, 0x4f, 0x5a, 0x6b, 0x4f, 
	0x30, 0x40, 0x6c, 0x6d, 0x00, 0x00, 0x00, 0x00, 
	0x00, 0x00, 0x00, 0x00, 0x00, 0x01, 0x6e, 0x0b, 
	0x0b, 0x0b, 0x57, 0x4d, 0x61, 0x03, 0x57, 0x6f, 
	0x70, 0x31, 0x5a, 0x71, 0x5a, 0x5a, 0x5a, 0x5a, 
	0x30, 0x01, 0x01, 0x07, 0x07, 0x00, 0x00, 0x00, 
	0x00, 0x00, 0x00, 0x00, 0x00, 0x07, 0x72, 0x0c, 
	0x57, 0x57, 0x73, 0x57, 0x61, 0x03, 0x61, 0x39, 
	0x74, 0x69, 0x6a, 0x71, 0x71, 0x5a, 0x5a, 0x5a, 
	0x40, 0x07, 0x6a, 0x75, 0x76, 0x07, 0x53, 0x07, 
	0x07, 0x07, 0x07, 0x00, 0x77, 0x68, 0x78, 0x39, 
	0x57, 0x57, 0x57, 0x4d, 0x57, 0x4d, 0x61, 0x0b, 
	0x79, 0x68, 0x5a, 0x7a, 0x5a, 0x6a, 0x6a, 0x6a, 
	0x19, 0x7b, 0x7c, 0x7d, 0x7e, 0x7f, 0x80, 0x75, 
	0x81, 0x75, 0x82, 0x83, 0x84, 0x85, 0x56, 0x3a, 
	0x57, 0x57, 0x4d, 0x57, 0x61, 0x4d, 0x4d, 0x1c, 
	0x86, 0x69, 0x5a, 0x5a, 0x5a, 0x5a, 0x5a, 0x87, 
	0x68, 0x09, 0x88, 0x65, 0x7e, 0x7e, 0x89, 0x8a, 
	0x8b, 0x7e, 0x8c, 0x1a, 0x85, 0x2a, 0x39, 0x0b, 
	0x61, 0x61, 0x4d, 0x61, 0x4d, 0x57, 0x4d, 0x8d, 
	0x31, 0x8e, 0x5b, 0x5a, 0x5a, 0x5a, 0x16, 0x8f, 
	0x90, 0x60, 0x55, 0x91, 0x92, 0x65, 0x1a, 0x7e, 
	0x8a, 0x92, 0x93, 0x94, 0x60, 0x1c, 0x39, 0x4d, 
	0x57, 0x03, 0x61, 0x03, 0x03, 0x57, 0x0b, 0x95, 
	0x96, 0x97, 0x06, 0x63, 0x33, 0x98, 0x99, 0x9a, 
	0x9b, 0x9c, 0x9b, 0x6e, 0x88, 0x65, 0x89, 0x91, 
	0x9d, 0x9e, 0x9f, 0x09, 0x2a, 0x56, 0x0c, 0x57, 
	0x4d, 0x57, 0x03, 0x03, 0x03, 0x61, 0x57, 0xa0, 
	0xa1, 0xa2, 0x9a, 0x9a, 0x9a, 0x9a, 0x9a, 0x9a, 
	0x2a, 0x9b, 0x60, 0xa3, 0x92, 0x88, 0x88, 0x65, 
	0x1a, 0xa4, 0xa5, 0x60, 0xa6, 0x0a, 0x2b, 0x0b, 
	0x57, 0x4d, 0x61, 0x61, 0x03, 0x61, 0x4d, 0x62, 
	0xa7, 0xa8, 0x9a, 0x9a, 0x9a, 0x9a, 0x9a, 0x9a, 
	0x56, 0x9b, 0x09, 0xa9, 0x1a, 0x92, 0x93, 0x65, 
	0x65, 0x1a, 0xa3, 0x09, 0x56, 0xaa, 0x1c, 0x39, 
	0x66, 0x57, 0x61, 0x61, 0x61, 0x61, 0x57, 0xab, 
	0xac, 0x9a, 0x9a, 0x9a, 0x9a, 0x9a, 0x9a, 0x9a, 
	0x2a, 0xad, 0x90, 0x6e, 0xae, 0x1a, 0x90, 0x6e, 
	0xaf, 0x65, 0x9e, 0x9f, 0x2a, 0x39, 0x0b, 0x1d, 
	0x0b, 0x61, 0x61, 0x61, 0x61, 0x61, 0x4d, 0xb0, 
	0xb1, 0x9a, 0x9a, 0x9a, 0x9a, 0x9a, 0x9a, 0x9a, 
	0x2a, 0x94, 0x1a, 0x8c, 0x7e, 0x1a, 0xaf, 0x6e, 
	0x9f, 0xae, 0x1a, 0xb2, 0x60, 0x56, 0x66, 0x39, 
	0x0b, 0x03, 0x03, 0x03, 0x57, 0x57, 0x57, 0xb3, 
	0xb4, 0x9a, 0x9a, 0x9a, 0x9a, 0x9a, 0x9a, 0x9a, 
	0x2a, 0x85, 0x1a, 0x1a, 0xa4, 0xb5, 0xb6, 0x88, 
	0x88, 0x88, 0x65, 0x90, 0x9f, 0x2a, 0x39, 0x0b, 
	0x0b, 0x4d, 0x61, 0x61, 0x4d, 0x3a, 0x3a, 0xb7, 
	0xb8, 0x9a, 0x9a, 0x9a, 0x9a, 0x9a, 0x9a, 0x9a, 
	0x60, 0x9f, 0x1a, 0xb9, 0x1a, 0x1a, 0x91, 0x6e, 
	0xba, 0xba, 0x91, 0x91, 0x94, 0x6f, 0x1c, 0x39, 
	0x3a, 0x57, 0x57, 0x4d, 0x0b, 0x3a, 0x3a, 0xbb, 
	0xbc, 0x9a, 0x9a, 0x9a, 0x9a, 0x9a, 0x9a, 0x9a, 
	0x09, 0x6e, 0xae, 0x65, 0xaf, 0x1a, 0xba, 0x91, 
	0x94, 0x94, 0x9f, 0x9f, 0x94, 0x9b, 0x0a, 0x39, 
	0xbd, 0xbd, 0x3a, 0x57, 0x4d, 0x57, 0x57, 0xbb, 
	0xbe, 0x9a, 0x9a, 0x9a, 0x9a, 0x9a, 0x9a, 0x9a, 
	0x7d, 0x7d, 0x7c, 0xb5, 0x7e, 0xae, 0xaf, 0x94, 
	0x90, 0x9f, 0x94, 0x85, 0x47, 0x9b, 0x6f, 0x0c, 
	0x39, 0x3a, 0x4d, 0x57, 0x57, 0x57, 0x3a, 0xbf, 
	0xc0, 0x9a, 0x9a, 0x9a, 0x9a, 0x9a, 0x9a, 0x9a, 
	0xc1, 0xc2, 0xc3, 0xc4, 0xc5, 0x7d, 0x1a, 0x91, 
	0x94, 0x9f, 0xb2, 0x9f, 0x78, 0x0d, 0xc6, 0x1c, 
	0x1d, 0x3a, 0x57, 0x61, 0x61, 0x57, 0x3a, 0xc7, 
	0xc8, 0x9a, 0x9a, 0x9a, 0x9a, 0x9a, 0x9a, 0x9a, 
	0xc9, 0xca, 0xc3, 0xc9, 0xc5, 0xc1, 0xcb, 0xa9, 
	0x94, 0xa5, 0xcc, 0xcd, 0xcc, 0x2a, 0x0a, 0x56, 
	0x1d, 0x57, 0x61, 0x61, 0x61, 0x57, 0x0b, 0xce, 
	0xb4, 0x9a, 0x9a, 0x9a, 0x9a, 0x9a, 0x9a, 0x9a, 
	0xc4, 0xc4, 0xc3, 0x75, 0x75, 0x7c, 0x9d, 0x94, 
	0x94, 0x9f, 0x9b, 0x0d, 0x60, 0x0d, 0xcf, 0xcf, 
	0x1d, 0x4d, 0x61, 0x61, 0x61, 0x61, 0x57, 0xb3, 
	0xb1, 0x9a, 0x9a, 0x9a, 0x9a, 0x9a, 0x9a, 0x9a, 
	0xca, 0xc4, 0xd0, 0xc5, 0x84, 0x1a, 0x78, 0x9b, 
	0x9f, 0x6f, 0x60, 0x9b, 0xc6, 0xd1, 0xc6, 0x1d, 
	0x57, 0x57, 0x57, 0x61, 0xd2, 0x4d, 0x57, 0xd3, 
	0xd4, 0x9a, 0x9a, 0x9a, 0x9a, 0x9a, 0x9a, 0x9a, 
	0xd5, 0xd6, 0xd7, 0xd8, 0xaf, 0xb2, 0xd9, 0xc6, 
	0x6f, 0x2a, 0x2a, 0xda, 0xdb, 0xc6, 0xcf, 0x57, 
	0x03, 0x61, 0x61, 0x61, 0x61, 0x4d, 0x0b, 0xdc, 
	0xdd, 0x9a, 0x9a, 0x9a, 0x9a, 0x9a, 0x9a, 0x9a, 
	0xde, 0xdf, 0xe0, 0x91, 0x9f, 0x38, 0xe1, 0x1c, 
	0x39, 0x2a, 0x2a, 0x2a, 0x1c, 0x0c, 0x1d, 0x4d, 
	0x03, 0x61, 0x61, 0x61, 0x61, 0x57, 0x39, 0xe2, 
	0xe3, 0x9a, 0x9a, 0x9a, 0x9a, 0x9a, 0x9a, 0x9a, 
	0xc1, 0x7d, 0xe4, 0xb6, 0xe5, 0x1b, 0x0a, 0x1c, 
	0x66, 0x39, 0x38, 0x2a, 0x39, 0x1d, 0x3a, 0xe6, 
	0xd2, 0x61, 0x61, 0x61, 0x61, 0x4d, 0x1c, 0xe7, 
	0xa8, 0x9a, 0x9a, 0x9a, 0x9a, 0x9a, 0x9a, 0x9a, 
	0xc1, 0x8a, 0x91, 0x9b, 0x60, 0x1b, 0x0a, 0xd3, 
	0x3a, 0x66, 0x1c, 0xcf, 0x1d, 0x39, 0x4d, 0x61, 
	0x61, 0x61, 0x61, 0x61, 0x61, 0x4d, 0x1c, 0xe8, 
	0xb4, 0x9a, 0x9a, 0x9a, 0x9a, 0x9a, 0x9a, 0x9a, 
	
};

Gfx wf_dl_tile_4_3_pal_rgba16_aligner[] = {gsSPEndDisplayList()};
u8 wf_dl_tile_4_3_pal_rgba16[] = {
	0xd4, 0x9b, 0xc4, 0x19, 0x83, 0x15, 0x10, 0x43, 
	0x00, 0x01, 0x18, 0x83, 0x9b, 0x97, 0xd4, 0x5b, 
	0x92, 0xd1, 0x48, 0xc7, 0x38, 0xc9, 0x20, 0x85, 
	0x28, 0x85, 0x41, 0x07, 0x59, 0x05, 0x58, 0xc3, 
	0x38, 0x81, 0x49, 0x05, 0x8a, 0x8f, 0x8a, 0x8d, 
	0x82, 0x8d, 0xcc, 0x5b, 0xa3, 0x97, 0x41, 0x8b, 
	0xd4, 0xdf, 0xcc, 0x1b, 0x71, 0xcd, 0x40, 0xc9, 
	0x30, 0xc7, 0x28, 0xc7, 0x51, 0xcb, 0x48, 0x81, 
	0x50, 0xc3, 0x38, 0xc1, 0x61, 0xc9, 0x82, 0x8f, 
	0xc3, 0xd7, 0xb3, 0x97, 0x08, 0x01, 0xa4, 0x1b, 
	0xe5, 0x63, 0xab, 0x97, 0x38, 0xc7, 0x30, 0xc9, 
	0x6a, 0x4f, 0x40, 0xc3, 0x30, 0x81, 0x6a, 0x0b, 
	0xbb, 0xd9, 0xb4, 0x19, 0x83, 0x13, 0xb4, 0x5d, 
	0xe5, 0xa5, 0xf5, 0xe5, 0xe4, 0xdd, 0x7a, 0x4f, 
	0x30, 0x85, 0x28, 0x87, 0x20, 0x87, 0x82, 0xd3, 
	0x51, 0x89, 0x30, 0xc3, 0x41, 0x05, 0x8a, 0xcf, 
	0xc3, 0xd9, 0xbb, 0xd5, 0xdd, 0x1f, 0xe5, 0x1f, 
	0xdc, 0xdd, 0xdc, 0x9b, 0xab, 0x57, 0x51, 0x49, 
	0x93, 0x57, 0x72, 0x4f, 0x20, 0x41, 0x59, 0x89, 
	0xbb, 0xd7, 0x18, 0x85, 0x8a, 0xd3, 0x9b, 0x53, 
	0x7a, 0x8d, 0x92, 0xcf, 0x82, 0xcf, 0xd4, 0x59, 
	0x8a, 0x91, 0x40, 0x85, 0x30, 0x87, 0x18, 0x45, 
	0x8b, 0x13, 0xb3, 0xd5, 0xa3, 0x53, 0x9b, 0x11, 
	0x8a, 0xd1, 0x93, 0x11, 0xc4, 0x1b, 0x92, 0xd5, 
	0x40, 0xc7, 0x10, 0x45, 0x41, 0x49, 0xab, 0xd7, 
	0x93, 0x13, 0x69, 0x8b, 0x20, 0x45, 0x59, 0xcd, 
	0xb3, 0xd9, 0xb3, 0xd7, 0xab, 0x53, 0xa3, 0x51, 
	0xd4, 0x9d, 0xcc, 0x19, 0x51, 0x07, 0x49, 0x4b, 
	0x9b, 0x55, 0xa3, 0x55, 0x82, 0x93, 0x18, 0x43, 
	0x72, 0x91, 0xa2, 0xd3, 0xab, 0x13, 0xd4, 0x5d, 
	0x61, 0xcd, 0x7a, 0x93, 0xa3, 0x95, 0x9a, 0xd3, 
	0x79, 0xcb, 0x71, 0x8b, 0x69, 0x49, 0x81, 0xcb, 
	0xa3, 0x13, 0x9a, 0x91, 0xab, 0x15, 0xab, 0x55, 
	0x92, 0x91, 0x49, 0x07, 0x8b, 0x15, 0xab, 0x95, 
	0x59, 0x09, 0x61, 0x09, 0x82, 0x0f, 0x81, 0xcd, 
	0x79, 0xcf, 0x59, 0xcf, 0xb3, 0x95, 0xcd, 0xeb, 
	0x59, 0x49, 0x61, 0x4b, 0x59, 0x07, 0x50, 0xc7, 
	0x59, 0x4b, 0x51, 0x8b, 0xb4, 0x1b, 0xab, 0xd9, 
	0xc5, 0x67, 0xf7, 0x7b, 0xff, 0xff, 0x49, 0x09, 
	0x48, 0xc9, 0x7a, 0x0f, 0x82, 0x51, 0x51, 0x09, 
	0x39, 0x07, 0xab, 0xdb, 0xee, 0xf5, 0x82, 0x53, 
	0x8a, 0x51, 0x69, 0xcf, 0x38, 0x87, 0xbc, 0xe3, 
	0xff, 0xbd, 0x69, 0xcd, 0x28, 0x45, 0x49, 0x8b, 
	0xd5, 0xed, 0x51, 0x0b, 0x69, 0x4b, 0x61, 0x49, 
	0x51, 0xcf, 0xde, 0xb5, 0x61, 0x8d, 0x49, 0xcf, 
	0xef, 0x7b, 0x79, 0xcd, 0x61, 0x8b, 0x31, 0x09, 
	0xad, 0x27, 0x71, 0x8d, 0x69, 0x8d, 0x41, 0x8d, 
	0xa4, 0xa5, 0x28, 0xc9, 0xd6, 0xb3, 0x49, 0x8f, 
	0xbd, 0xab, 0x92, 0x51, 0x9a, 0x51, 0xaa, 0xd3, 
	0x9a, 0x4f, 0x92, 0x4f, 0x41, 0x09, 0x72, 0xd7, 
	0xef, 0x39, 0xa2, 0x91, 0x92, 0x0d, 0x7a, 0x0d, 
	0x59, 0x8b, 0x51, 0x4b, 0x6a, 0xd7, 0x39, 0x09, 
	0x89, 0xcd, 0x41, 0x0b, 0x10, 0x85, 0x39, 0x0b, 
	0xce, 0x31, 0xa2, 0x4f, 0x92, 0x0f, 0x71, 0x89, 
	0x71, 0xcb, 0x59, 0x8d, 0x59, 0x8f, 0x49, 0x4d, 
	0x5a, 0x11, 0xf7, 0xbb, 0x89, 0xcb, 0x8a, 0x0f, 
	0x8a, 0x53, 0x6a, 0x13, 0x62, 0x53, 0xf7, 0xbd, 
	0x82, 0x11, 0x61, 0xcf, 0x18, 0x87, 0x7b, 0x19, 
	0x72, 0x95, 
};

Gfx wf_dl_tile_4_4_ci8_aligner[] = {gsSPEndDisplayList()};
u8 wf_dl_tile_4_4_ci8[] = {
	0x00, 0x01, 0x02, 0x03, 0x04, 0x05, 0x06, 0x07, 
	0x08, 0x09, 0x0a, 0x0b, 0x09, 0x0c, 0x0d, 0x0e, 
	0x0f, 0x10, 0x10, 0x10, 0x10, 0x11, 0x07, 0x12, 
	0x13, 0x14, 0x14, 0x14, 0x14, 0x14, 0x14, 0x14, 
	0x00, 0x15, 0x16, 0x17, 0x18, 0x05, 0x06, 0x19, 
	0x0d, 0x08, 0x07, 0x1a, 0x0c, 0x09, 0x11, 0x10, 
	0x10, 0x10, 0x10, 0x10, 0x10, 0x11, 0x07, 0x1b, 
	0x1c, 0x14, 0x14, 0x14, 0x14, 0x14, 0x14, 0x14, 
	0x1d, 0x1e, 0x17, 0x18, 0x05, 0x1f, 0x20, 0x21, 
	0x22, 0x0c, 0x23, 0x0c, 0x22, 0x24, 0x10, 0x24, 
	0x10, 0x10, 0x10, 0x10, 0x10, 0x24, 0x07, 0x25, 
	0x26, 0x14, 0x14, 0x14, 0x14, 0x14, 0x14, 0x14, 
	0x27, 0x28, 0x18, 0x0b, 0x1f, 0x29, 0x07, 0x22, 
	0x22, 0x22, 0x22, 0x0d, 0x11, 0x24, 0x24, 0x10, 
	0x10, 0x10, 0x10, 0x10, 0x10, 0x24, 0x2a, 0x2b, 
	0x2c, 0x14, 0x14, 0x14, 0x14, 0x14, 0x14, 0x14, 
	0x2d, 0x28, 0x18, 0x0b, 0x06, 0x07, 0x2e, 0x09, 
	0x22, 0x24, 0x10, 0x11, 0x11, 0x10, 0x10, 0x24, 
	0x10, 0x10, 0x10, 0x10, 0x10, 0x2f, 0x30, 0x14, 
	0x14, 0x14, 0x14, 0x14, 0x14, 0x14, 0x14, 0x14, 
	0x31, 0x32, 0x18, 0x33, 0x06, 0x22, 0x0d, 0x0c, 
	0x24, 0x22, 0x24, 0x24, 0x11, 0x10, 0x10, 0x10, 
	0x10, 0x0f, 0x10, 0x24, 0x22, 0x34, 0x14, 0x14, 
	0x14, 0x14, 0x14, 0x14, 0x14, 0x14, 0x14, 0x14, 
	0x0b, 0x1f, 0x0b, 0x06, 0x21, 0x22, 0x24, 0x35, 
	0x24, 0x0c, 0x0d, 0x24, 0x11, 0x10, 0x10, 0x10, 
	0x10, 0x10, 0x11, 0x24, 0x07, 0x36, 0x14, 0x14, 
	0x14, 0x14, 0x14, 0x14, 0x14, 0x14, 0x14, 0x14, 
	0x21, 0x21, 0x37, 0x21, 0x21, 0x0c, 0x22, 0x0c, 
	0x24, 0x09, 0x0d, 0x24, 0x0e, 0x10, 0x10, 0x10, 
	0x10, 0x10, 0x24, 0x08, 0x38, 0x39, 0x3a, 0x2c, 
	0x14, 0x14, 0x14, 0x14, 0x14, 0x14, 0x14, 0x14, 
	0x0c, 0x08, 0x09, 0x37, 0x22, 0x0d, 0x0d, 0x0d, 
	0x24, 0x0d, 0x22, 0x11, 0x0e, 0x10, 0x10, 0x10, 
	0x10, 0x10, 0x24, 0x21, 0x3b, 0x3c, 0x3d, 0x3e, 
	0x3f, 0x14, 0x14, 0x14, 0x14, 0x14, 0x14, 0x14, 
	0x0d, 0x22, 0x24, 0x23, 0x22, 0x11, 0x22, 0x22, 
	0x24, 0x11, 0x24, 0x11, 0x11, 0x10, 0x10, 0x10, 
	0x10, 0x24, 0x24, 0x40, 0x41, 0x42, 0x42, 0x43, 
	0x44, 0x45, 0x13, 0x14, 0x14, 0x14, 0x14, 0x14, 
	0x08, 0x22, 0x24, 0x0c, 0x0d, 0x11, 0x11, 0x22, 
	0x24, 0x0d, 0x46, 0x46, 0x10, 0x10, 0x10, 0x10, 
	0x10, 0x11, 0x0a, 0x3b, 0x47, 0x48, 0x49, 0x43, 
	0x43, 0x4a, 0x4b, 0x4c, 0x14, 0x14, 0x14, 0x14, 
	0x24, 0x11, 0x22, 0x0c, 0x4d, 0x24, 0x24, 0x0d, 
	0x0d, 0x0d, 0x46, 0x10, 0x0f, 0x10, 0x10, 0x10, 
	0x10, 0x22, 0x18, 0x4e, 0x48, 0x48, 0x49, 0x42, 
	0x43, 0x43, 0x4f, 0x50, 0x51, 0x14, 0x14, 0x14, 
	0x11, 0x24, 0x11, 0x0d, 0x22, 0x46, 0x46, 0x0d, 
	0x0d, 0x11, 0x10, 0x10, 0x10, 0x10, 0x10, 0x10, 
	0x11, 0x21, 0x52, 0x53, 0x47, 0x54, 0x48, 0x42, 
	0x43, 0x43, 0x43, 0x4f, 0x55, 0x56, 0x14, 0x14, 
	0x10, 0x46, 0x10, 0x0d, 0x11, 0x10, 0x46, 0x11, 
	0x24, 0x24, 0x10, 0x10, 0x10, 0x10, 0x10, 0x24, 
	0x0d, 0x0b, 0x52, 0x4e, 0x54, 0x54, 0x3c, 0x49, 
	0x42, 0x43, 0x57, 0x43, 0x43, 0x58, 0x59, 0x14, 
	0x10, 0x46, 0x46, 0x0d, 0x11, 0x0f, 0x46, 0x24, 
	0x11, 0x11, 0x10, 0x10, 0x10, 0x10, 0x11, 0x22, 
	0x0b, 0x5a, 0x5b, 0x5c, 0x5d, 0x54, 0x54, 0x48, 
	0x42, 0x43, 0x43, 0x57, 0x5e, 0x5e, 0x5f, 0x60, 
	0x46, 0x46, 0x10, 0x10, 0x10, 0x10, 0x10, 0x10, 
	0x24, 0x24, 0x10, 0x10, 0x10, 0x24, 0x22, 0x22, 
	0x52, 0x4e, 0x61, 0x61, 0x5d, 0x54, 0x54, 0x48, 
	0x49, 0x42, 0x43, 0x43, 0x43, 0x5e, 0x5e, 0x62, 
	0x24, 0x10, 0x10, 0x10, 0x10, 0x10, 0x11, 0x10, 
	0x10, 0x10, 0x10, 0x10, 0x10, 0x11, 0x4d, 0x63, 
	0x18, 0x5b, 0x5d, 0x5d, 0x5d, 0x5d, 0x54, 0x54, 
	0x48, 0x42, 0x42, 0x43, 0x43, 0x5e, 0x5e, 0x64, 
	0x24, 0x10, 0x10, 0x10, 0x10, 0x24, 0x11, 0x0e, 
	0x11, 0x11, 0x11, 0x11, 0x24, 0x65, 0x66, 0x67, 
	0x19, 0x68, 0x5d, 0x5d, 0x5d, 0x5d, 0x5d, 0x54, 
	0x54, 0x3c, 0x49, 0x43, 0x43, 0x43, 0x5e, 0x5e, 
	0x11, 0x10, 0x10, 0x10, 0x24, 0x11, 0x0d, 0x0d, 
	0x24, 0x22, 0x22, 0x0d, 0x09, 0x69, 0x6a, 0x6a, 
	0x6b, 0x6c, 0x5d, 0x5d, 0x5d, 0x5d, 0x5d, 0x5d, 
	0x54, 0x48, 0x49, 0x49, 0x57, 0x43, 0x5e, 0x5e, 
	0x10, 0x10, 0x10, 0x10, 0x24, 0x24, 0x0e, 0x11, 
	0x11, 0x24, 0x08, 0x0d, 0x6d, 0x6e, 0x6f, 0x70, 
	0x71, 0x38, 0x5d, 0x5d, 0x5d, 0x5d, 0x5d, 0x5d, 
	0x5d, 0x54, 0x48, 0x42, 0x43, 0x43, 0x43, 0x5e, 
	0x24, 0x24, 0x11, 0x10, 0x24, 0x11, 0x11, 0x0e, 
	0x4d, 0x22, 0x07, 0x23, 0x72, 0x73, 0x73, 0x74, 
	0x73, 0x1f, 0x4e, 0x5d, 0x5d, 0x5d, 0x5d, 0x5d, 
	0x5d, 0x54, 0x48, 0x49, 0x57, 0x43, 0x43, 0x5e, 
	0x24, 0x22, 0x24, 0x10, 0x11, 0x24, 0x24, 0x0d, 
	0x23, 0x75, 0x76, 0x77, 0x78, 0x74, 0x79, 0x7a, 
	0x7a, 0x76, 0x68, 0x5d, 0x5d, 0x5d, 0x5d, 0x5d, 
	0x5d, 0x5d, 0x54, 0x48, 0x49, 0x43, 0x43, 0x43, 
	0x24, 0x11, 0x24, 0x10, 0x11, 0x22, 0x22, 0x09, 
	0x7b, 0x7c, 0x7d, 0x7e, 0x7f, 0x80, 0x81, 0x81, 
	0x82, 0x83, 0x6c, 0x5d, 0x5d, 0x5d, 0x5d, 0x5d, 
	0x5d, 0x5d, 0x54, 0x48, 0x49, 0x42, 0x57, 0x43, 
	0x24, 0x24, 0x11, 0x11, 0x11, 0x22, 0x22, 0x84, 
	0x85, 0x86, 0x87, 0x88, 0x89, 0x8a, 0x8b, 0x8c, 
	0x8d, 0x8e, 0x8f, 0x5c, 0x5d, 0x5d, 0x5d, 0x5d, 
	0x5d, 0x5d, 0x5d, 0x54, 0x48, 0x42, 0x57, 0x43, 
	0x24, 0x11, 0x0e, 0x11, 0x11, 0x63, 0x90, 0x91, 
	0x92, 0x93, 0x94, 0x93, 0x92, 0x95, 0x96, 0x97, 
	0x98, 0x99, 0x9a, 0x5b, 0x5c, 0x54, 0x5d, 0x5d, 
	0x5d, 0x5d, 0x5d, 0x54, 0x54, 0x48, 0x42, 0x43, 
	0x24, 0x24, 0x0d, 0x0d, 0x9b, 0x9c, 0x9d, 0x9e, 
	0x94, 0x94, 0x94, 0x94, 0x94, 0x94, 0x93, 0x9f, 
	0xa0, 0xa1, 0xa2, 0x1f, 0x5b, 0x47, 0x54, 0x5d, 
	0x5d, 0x5d, 0x5d, 0x5d, 0x54, 0x48, 0x49, 0x43, 
	0x11, 0x11, 0x63, 0xa2, 0xa3, 0xa4, 0xa5, 0x94, 
	0x94, 0x94, 0x94, 0x94, 0x94, 0x94, 0x94, 0xa6, 
	0xa7, 0xa8, 0xa9, 0xaa, 0x17, 0x4e, 0x3c, 0x5d, 
	0x5d, 0x5d, 0x5d, 0x5d, 0x5d, 0x54, 0x48, 0x42, 
	0x0c, 0xab, 0x78, 0x82, 0xac, 0xad, 0xae, 0x94, 
	0x94, 0x94, 0x94, 0x94, 0x94, 0x94, 0xaf, 0xa6, 
	0xb0, 0xb1, 0xb2, 0xb3, 0x6e, 0x38, 0x53, 0x3c, 
	0x5d, 0x5d, 0x61, 0x5d, 0x5d, 0x54, 0x48, 0x42, 
	0x78, 0xb4, 0xb4, 0x82, 0xac, 0xb5, 0xb6, 0x94, 
	0x94, 0x94, 0x94, 0x94, 0x94, 0x94, 0xaf, 0xa6, 
	0xb7, 0xb8, 0xb9, 0x8a, 0x70, 0xaa, 0x52, 0xba, 
	0x54, 0x5d, 0x5d, 0x5d, 0x5d, 0x5d, 0x54, 0x42, 
	0x82, 0x82, 0xb4, 0x8c, 0xac, 0xbb, 0xbc, 0xbd, 
	0x94, 0x94, 0x94, 0x94, 0x94, 0x94, 0xbe, 0xa6, 
	0xb7, 0xb8, 0xbf, 0xc0, 0xc1, 0xc2, 0xc3, 0x3b, 
	0xba, 0x54, 0x5d, 0x5d, 0x5d, 0x5d, 0x54, 0x48, 
	0x82, 0x82, 0xb4, 0x8c, 0xbb, 0xbb, 0xc4, 0x95, 
	0x94, 0x94, 0x94, 0x94, 0x94, 0x94, 0xc5, 0xc6, 
	0xc7, 0xb8, 0xbf, 0xc8, 0xc9, 0xca, 0x70, 0xcb, 
	0x3b, 0x47, 0x5d, 0x5d, 0x5d, 0x5d, 0x5d, 0x54, 
	0x82, 0x82, 0x82, 0x8c, 0xa3, 0xbb, 0xcc, 0xb6, 
	0x94, 0x94, 0x94, 0x94, 0x94, 0xcd, 0xa6, 0xce, 
	0xc7, 0xcf, 0xd0, 0xd1, 0xd2, 0xd3, 0xca, 0x70, 
	0xd4, 0xd5, 0x54, 0x5d, 0x5d, 0x5d, 0x5d, 0x5d, 
	
};

Gfx wf_dl_tile_4_4_pal_rgba16_aligner[] = {gsSPEndDisplayList()};
u8 wf_dl_tile_4_4_pal_rgba16[] = {
	0x92, 0x51, 0x71, 0x8b, 0x82, 0x11, 0x61, 0x8b, 
	0x61, 0xcf, 0x40, 0xc9, 0x38, 0xc9, 0x30, 0xc7, 
	0x20, 0x45, 0x28, 0x87, 0x30, 0x85, 0x38, 0xc7, 
	0x28, 0xc7, 0x20, 0x87, 0x18, 0x87, 0x10, 0x85, 
	0x10, 0x45, 0x18, 0x85, 0x7b, 0x19, 0xff, 0xbd, 
	0xff, 0xff, 0x82, 0x0f, 0x61, 0x4b, 0x49, 0x09, 
	0x40, 0xc7, 0x39, 0x0b, 0x39, 0x09, 0x72, 0x95, 
	0xef, 0x7b, 0x79, 0xcd, 0x7a, 0x11, 0x41, 0x09, 
	0x30, 0x87, 0x28, 0x85, 0x20, 0x85, 0x31, 0x09, 
	0x18, 0x45, 0x62, 0x11, 0xde, 0x73, 0x69, 0x4b, 
	0x59, 0x4b, 0x51, 0x4d, 0x5a, 0x53, 0xc5, 0xad, 
	0xf7, 0xbd, 0x69, 0x8d, 0x41, 0x4b, 0x39, 0x4b, 
	0xd6, 0x73, 0x51, 0x09, 0x59, 0x8b, 0x49, 0x0b, 
	0x83, 0x9d, 0x28, 0xc9, 0xac, 0xe7, 0x30, 0xc9, 
	0x48, 0xc7, 0x93, 0x17, 0xdd, 0xef, 0x58, 0xc5, 
	0x70, 0x81, 0x79, 0x05, 0xb3, 0xdd, 0xee, 0xf7, 
	0x40, 0x85, 0x68, 0xc3, 0x78, 0x81, 0x80, 0x81, 
	0x92, 0x0d, 0xd5, 0xab, 0x10, 0x43, 0x68, 0x81, 
	0x70, 0x41, 0x78, 0x41, 0x81, 0x07, 0xbc, 0x61, 
	0xf7, 0x7b, 0x20, 0xc7, 0x60, 0x83, 0x80, 0x83, 
	0xab, 0x59, 0xf7, 0x79, 0x50, 0xc7, 0x68, 0x83, 
	0x68, 0x41, 0xab, 0x15, 0xee, 0xb5, 0x80, 0x41, 
	0x99, 0xcb, 0xde, 0x2f, 0x50, 0xc5, 0x58, 0x83, 
	0x60, 0x81, 0x60, 0x41, 0x88, 0x81, 0x91, 0x89, 
	0xdd, 0xab, 0x58, 0x41, 0x91, 0x49, 0x29, 0x09, 
	0x88, 0x83, 0x20, 0xc9, 0x29, 0x4d, 0x21, 0x4f, 
	0x58, 0x85, 0x29, 0x0d, 0x19, 0x4f, 0x31, 0x0d, 
	0x50, 0x85, 0x31, 0x0b, 0x31, 0xd1, 0x21, 0xd1, 
	0x29, 0xd1, 0x31, 0x8f, 0x42, 0x11, 0x3a, 0x53, 
	0x42, 0x95, 0x41, 0x0b, 0x49, 0xcd, 0x4a, 0x51, 
	0x4a, 0x93, 0x42, 0xd5, 0x4b, 0x17, 0x41, 0x49, 
	0x4a, 0x0f, 0x52, 0x91, 0x4a, 0xd3, 0x42, 0xd3, 
	0x42, 0x93, 0x4a, 0xd5, 0x53, 0x17, 0x4a, 0x11, 
	0x41, 0x85, 0x7b, 0x87, 0xa5, 0x0b, 0xad, 0x8b, 
	0xa5, 0x4b, 0x8c, 0x8b, 0x6b, 0x8d, 0x53, 0x11, 
	0x4b, 0x15, 0x53, 0x57, 0x4a, 0x95, 0x49, 0x07, 
	0x41, 0xc7, 0xb5, 0x8d, 0xef, 0x49, 0xf7, 0x85, 
	0xf7, 0x83, 0xe7, 0x0d, 0xb5, 0xcb, 0x74, 0x0d, 
	0x5b, 0x53, 0x52, 0xd5, 0x49, 0x8d, 0x31, 0x4b, 
	0x42, 0x51, 0x8c, 0x8d, 0xef, 0x47, 0xde, 0xcb, 
	0x94, 0xcf, 0x63, 0x53, 0x4a, 0x53, 0x5b, 0x59, 
	0x53, 0x13, 0xbe, 0x0f, 0xe6, 0xc3, 0xd6, 0x47, 
	0xad, 0x4f, 0x5b, 0x11, 0x39, 0xd1, 0x39, 0x8d, 
	0x63, 0x99, 0x5b, 0x51, 0xce, 0x8d, 0xf7, 0x43, 
	0xd6, 0x43, 0xce, 0x05, 0x94, 0x8d, 0x3a, 0x4f, 
	0x53, 0x15, 0x5b, 0x93, 0xc6, 0x0d, 0xd6, 0x41, 
	0xce, 0x03, 0xc5, 0xc9, 0x70, 0x83, 0x5b, 0x99, 
	0x9d, 0x0d, 0xf7, 0x47, 0xef, 0x01, 0xbd, 0x83, 
	0x94, 0x89, 0x32, 0x4d, 0x29, 0xd3, 0x41, 0xcf, 
	0x6b, 0xcf, 0xef, 0x03, 0xde, 0xc3, 0xce, 0x41, 
	0xa5, 0x05, 0x5b, 0x4d, 0x21, 0x91, 0x41, 0x8f, 
	0x53, 0x55, 0xef, 0x43, 0xde, 0x83, 0xc6, 0x03, 
	0xb5, 0x83, 0xa5, 0x03, 0x6b, 0xcb, 0x29, 0xcf, 
	0x41, 0x8d, 0x60, 0xc5, 
};

Gfx wf_dl_tile_4_5_ci8_aligner[] = {gsSPEndDisplayList()};
u8 wf_dl_tile_4_5_ci8[] = {
	0x00, 0x00, 0x01, 0x02, 0x03, 0x03, 0x04, 0x05, 
	0x06, 0x06, 0x06, 0x06, 0x06, 0x06, 0x07, 0x08, 
	0x09, 0x0a, 0x0b, 0x0c, 0x0d, 0x0e, 0x0f, 0x10, 
	0x11, 0x12, 0x13, 0x13, 0x13, 0x13, 0x13, 0x14, 
	0x00, 0x00, 0x00, 0x02, 0x15, 0x03, 0x16, 0x17, 
	0x06, 0x06, 0x06, 0x06, 0x06, 0x18, 0x19, 0x1a, 
	0x09, 0x1b, 0x1c, 0x1d, 0x1e, 0x1f, 0x0e, 0x0f, 
	0x20, 0x21, 0x14, 0x13, 0x13, 0x13, 0x13, 0x13, 
	0x00, 0x00, 0x00, 0x01, 0x22, 0x23, 0x22, 0x24, 
	0x25, 0x07, 0x26, 0x26, 0x27, 0x19, 0x08, 0x28, 
	0x29, 0x2a, 0x2b, 0x2c, 0x2d, 0x2e, 0x0e, 0x0e, 
	0x0f, 0x2f, 0x30, 0x14, 0x13, 0x13, 0x13, 0x13, 
	0x00, 0x00, 0x01, 0x00, 0x00, 0x23, 0x22, 0x31, 
	0x32, 0x33, 0x1a, 0x1a, 0x1a, 0x28, 0x34, 0x09, 
	0x0a, 0x1c, 0x35, 0x36, 0x37, 0x38, 0x0e, 0x39, 
	0x39, 0x3a, 0x2f, 0x30, 0x13, 0x3b, 0x13, 0x13, 
	0x00, 0x00, 0x00, 0x00, 0x02, 0x03, 0x03, 0x01, 
	0x3c, 0x3d, 0x3e, 0x29, 0x09, 0x0a, 0x0a, 0x1b, 
	0x1c, 0x2b, 0x3f, 0x36, 0x40, 0x41, 0x42, 0x39, 
	0x39, 0x39, 0x3a, 0x43, 0x44, 0x13, 0x3b, 0x3b, 
	0x00, 0x00, 0x22, 0x02, 0x01, 0x15, 0x23, 0x02, 
	0x02, 0x3c, 0x45, 0x46, 0x47, 0x0b, 0x1c, 0x48, 
	0x35, 0x2c, 0x36, 0x49, 0x4a, 0x4b, 0x4c, 0x39, 
	0x0f, 0x0f, 0x39, 0x3a, 0x4d, 0x4e, 0x3b, 0x4f, 
	0x00, 0x00, 0x00, 0x00, 0x00, 0x22, 0x50, 0x00, 
	0x51, 0x51, 0x52, 0x53, 0x54, 0x35, 0x35, 0x3f, 
	0x36, 0x55, 0x56, 0x57, 0x58, 0x59, 0x4c, 0x0e, 
	0x5a, 0x5b, 0x5b, 0x0f, 0x5c, 0x5d, 0x5e, 0x4f, 
	0x00, 0x00, 0x00, 0x01, 0x00, 0x02, 0x15, 0x51, 
	0x5f, 0x51, 0x51, 0x60, 0x61, 0x62, 0x40, 0x63, 
	0x64, 0x63, 0x65, 0x66, 0x67, 0x68, 0x69, 0x6a, 
	0x6b, 0x6c, 0x6b, 0x5a, 0x0f, 0x6d, 0x6e, 0x6f, 
	0x00, 0x00, 0x00, 0x00, 0x00, 0x02, 0x5f, 0x70, 
	0x71, 0x72, 0x51, 0x51, 0x51, 0x73, 0x74, 0x75, 
	0x76, 0x77, 0x78, 0x79, 0x7a, 0x0e, 0x5a, 0x71, 
	0x6c, 0x6c, 0x6c, 0x6c, 0x6c, 0x0f, 0x7b, 0x7c, 
	0x00, 0x00, 0x00, 0x00, 0x00, 0x00, 0x51, 0x7d, 
	0x70, 0x70, 0x71, 0x7e, 0x5f, 0x51, 0x51, 0x51, 
	0x7f, 0x80, 0x81, 0x7d, 0x7e, 0x7e, 0x7e, 0x82, 
	0x83, 0x70, 0x71, 0x70, 0x70, 0x6b, 0x0f, 0x84, 
	0x22, 0x00, 0x00, 0x00, 0x00, 0x00, 0x02, 0x51, 
	0x7e, 0x71, 0x82, 0x70, 0x71, 0x5f, 0x5f, 0x5f, 
	0x51, 0x51, 0x51, 0x51, 0x7e, 0x71, 0x0f, 0x69, 
	0x0f, 0x71, 0x71, 0x71, 0x70, 0x6b, 0x6b, 0x0e, 
	0x00, 0x00, 0x00, 0x00, 0x00, 0x02, 0x02, 0x02, 
	0x51, 0x51, 0x85, 0x70, 0x6c, 0x6c, 0x86, 0x5f, 
	0x51, 0x51, 0x51, 0x5f, 0x70, 0x0e, 0x6a, 0x6b, 
	0x71, 0x71, 0x71, 0x71, 0x70, 0x6c, 0x6b, 0x5a, 
	0x22, 0x00, 0x00, 0x00, 0x00, 0x00, 0x00, 0x87, 
	0x02, 0x02, 0x51, 0x5f, 0x85, 0x5b, 0x5b, 0x6c, 
	0x88, 0x7e, 0x7e, 0x6c, 0x83, 0x0e, 0x70, 0x71, 
	0x71, 0x71, 0x71, 0x71, 0x70, 0x70, 0x6c, 0x5a, 
	0x22, 0x00, 0x00, 0x00, 0x00, 0x87, 0x02, 0x02, 
	0x02, 0x02, 0x02, 0x51, 0x5f, 0x5f, 0x71, 0x5b, 
	0x5b, 0x6c, 0x6b, 0x83, 0x0f, 0x71, 0x71, 0x71, 
	0x71, 0x71, 0x71, 0x71, 0x70, 0x82, 0x6c, 0x6b, 
	0x00, 0x00, 0x00, 0x00, 0x00, 0x00, 0x87, 0x00, 
	0x00, 0x02, 0x02, 0x02, 0x02, 0x51, 0x51, 0x7e, 
	0x71, 0x0f, 0x0e, 0x5b, 0x71, 0x7e, 0x71, 0x71, 
	0x71, 0x71, 0x71, 0x71, 0x70, 0x6c, 0x6c, 0x6b, 
	0x00, 0x00, 0x00, 0x00, 0x00, 0x87, 0x87, 0x00, 
	0x00, 0x02, 0x02, 0x02, 0x02, 0x51, 0x51, 0x51, 
	0x51, 0x7e, 0x71, 0x7d, 0x7d, 0x85, 0x7d, 0x85, 
	0x71, 0x71, 0x71, 0x71, 0x70, 0x70, 0x82, 0x6b, 
	0x22, 0x00, 0x00, 0x00, 0x00, 0x00, 0x02, 0x00, 
	0x00, 0x02, 0x87, 0x02, 0x51, 0x51, 0x51, 0x51, 
	0x51, 0x51, 0x7e, 0x7d, 0x7d, 0x7e, 0x7d, 0x7d, 
	0x71, 0x71, 0x71, 0x71, 0x70, 0x70, 0x5b, 0x6b, 
	0x22, 0x00, 0x00, 0x00, 0x00, 0x02, 0x00, 0x87, 
	0x87, 0x02, 0x02, 0x02, 0x02, 0x51, 0x51, 0x51, 
	0x51, 0x51, 0x5f, 0x5f, 0x7d, 0x7d, 0x7d, 0x7d, 
	0x85, 0x71, 0x71, 0x71, 0x70, 0x6c, 0x6c, 0x6b, 
	0x22, 0x00, 0x00, 0x00, 0x00, 0x01, 0x02, 0x01, 
	0x00, 0x00, 0x02, 0x02, 0x02, 0x51, 0x51, 0x51, 
	0x51, 0x51, 0x5f, 0x5f, 0x5f, 0x7d, 0x7d, 0x7d, 
	0x71, 0x71, 0x71, 0x71, 0x70, 0x70, 0x6c, 0x6b, 
	0x00, 0x00, 0x00, 0x00, 0x00, 0x00, 0x01, 0x02, 
	0x00, 0x00, 0x02, 0x02, 0x02, 0x51, 0x51, 0x51, 
	0x51, 0x51, 0x51, 0x5f, 0x5f, 0x7d, 0x7d, 0x7d, 
	0x71, 0x71, 0x71, 0x71, 0x70, 0x70, 0x6c, 0x6b, 
	0x22, 0x00, 0x00, 0x00, 0x00, 0x01, 0x00, 0x01, 
	0x00, 0x87, 0x02, 0x02, 0x02, 0x51, 0x51, 0x51, 
	0x51, 0x51, 0x51, 0x51, 0x5f, 0x7d, 0x7e, 0x7e, 
	0x71, 0x71, 0x71, 0x71, 0x70, 0x6c, 0x6c, 0x6b, 
	0x00, 0x00, 0x00, 0x00, 0x00, 0x02, 0x00, 0x02, 
	0x02, 0x02, 0x02, 0x02, 0x02, 0x51, 0x51, 0x51, 
	0x51, 0x51, 0x51, 0x72, 0x5f, 0x7d, 0x7d, 0x7e, 
	0x71, 0x71, 0x71, 0x71, 0x70, 0x6c, 0x6c, 0x6b, 
	0x00, 0x00, 0x00, 0x00, 0x00, 0x00, 0x00, 0x02, 
	0x00, 0x02, 0x02, 0x02, 0x51, 0x51, 0x51, 0x51, 
	0x51, 0x51, 0x51, 0x5f, 0x5f, 0x7e, 0x7e, 0x7e, 
	0x71, 0x71, 0x71, 0x71, 0x70, 0x6c, 0x6c, 0x6b, 
	0x00, 0x00, 0x00, 0x00, 0x00, 0x00, 0x00, 0x87, 
	0x02, 0x51, 0x02, 0x02, 0x51, 0x02, 0x51, 0x51, 
	0x51, 0x51, 0x51, 0x5f, 0x7e, 0x7e, 0x7e, 0x85, 
	0x71, 0x71, 0x71, 0x71, 0x70, 0x6c, 0x6c, 0x6b, 
	0x00, 0x00, 0x00, 0x00, 0x00, 0x00, 0x87, 0x02, 
	0x02, 0x02, 0x02, 0x02, 0x51, 0x51, 0x51, 0x51, 
	0x51, 0x51, 0x51, 0x5f, 0x5f, 0x7e, 0x7e, 0x7d, 
	0x85, 0x71, 0x71, 0x71, 0x70, 0x6c, 0x6c, 0x6b, 
	0x00, 0x00, 0x00, 0x00, 0x00, 0x00, 0x02, 0x87, 
	0x02, 0x02, 0x51, 0x02, 0x51, 0x51, 0x51, 0x51, 
	0x51, 0x51, 0x51, 0x5f, 0x5f, 0x7e, 0x7e, 0x7d, 
	0x71, 0x71, 0x71, 0x71, 0x70, 0x6c, 0x6c, 0x6b, 
	0x00, 0x00, 0x00, 0x01, 0x00, 0x87, 0x00, 0x02, 
	0x02, 0x87, 0x02, 0x02, 0x02, 0x51, 0x51, 0x51, 
	0x51, 0x51, 0x5f, 0x5f, 0x7e, 0x7d, 0x7e, 0x7d, 
	0x85, 0x71, 0x71, 0x70, 0x70, 0x70, 0x6c, 0x6b, 
	0x00, 0x00, 0x00, 0x01, 0x00, 0x02, 0x00, 0x02, 
	0x02, 0x87, 0x02, 0x02, 0x51, 0x51, 0x51, 0x51, 
	0x51, 0x51, 0x51, 0x5f, 0x7d, 0x7d, 0x7d, 0x7d, 
	0x85, 0x71, 0x71, 0x70, 0x6c, 0x6c, 0x6b, 0x6b, 
	0x00, 0x00, 0x00, 0x00, 0x02, 0x00, 0x00, 0x00, 
	0x87, 0x87, 0x51, 0x02, 0x51, 0x51, 0x51, 0x51, 
	0x51, 0x51, 0x5f, 0x72, 0x7d, 0x7d, 0x7d, 0x85, 
	0x71, 0x85, 0x71, 0x70, 0x70, 0x6c, 0x6b, 0x6b, 
	0x00, 0x00, 0x00, 0x22, 0x00, 0x87, 0x51, 0x87, 
	0x02, 0x87, 0x02, 0x51, 0x51, 0x51, 0x51, 0x51, 
	0x51, 0x51, 0x51, 0x72, 0x7d, 0x7d, 0x7d, 0x7d, 
	0x71, 0x71, 0x71, 0x70, 0x6c, 0x6c, 0x6b, 0x6b, 
	0x00, 0x00, 0x00, 0x00, 0x00, 0x02, 0x02, 0x02, 
	0x02, 0x51, 0x51, 0x51, 0x51, 0x51, 0x51, 0x51, 
	0x51, 0x51, 0x5f, 0x5f, 0x7e, 0x7e, 0x7d, 0x71, 
	0x71, 0x71, 0x71, 0x70, 0x6c, 0x6c, 0x6b, 0x6b, 
	0x00, 0x00, 0x00, 0x02, 0x87, 0x00, 0x02, 0x51, 
	0x02, 0x02, 0x02, 0x51, 0x51, 0x51, 0x51, 0x51, 
	0x51, 0x51, 0x5f, 0x5f, 0x7e, 0x7d, 0x7d, 0x85, 
	0x71, 0x71, 0x71, 0x70, 0x6c, 0x6c, 0x6b, 0x39, 
	
};

Gfx wf_dl_tile_4_5_pal_rgba16_aligner[] = {gsSPEndDisplayList()};
u8 wf_dl_tile_4_5_pal_rgba16[] = {
	0x53, 0x17, 0x53, 0x15, 0x4b, 0x15, 0x5b, 0x99, 
	0x6b, 0xcf, 0xe7, 0x0d, 0xf7, 0x83, 0xef, 0x03, 
	0xde, 0xc3, 0xce, 0x41, 0xce, 0x03, 0xbd, 0x83, 
	0xa5, 0x05, 0x5b, 0x4d, 0x21, 0x91, 0x29, 0xd1, 
	0x41, 0x8f, 0x58, 0xc5, 0x68, 0x81, 0x60, 0x41, 
	0x68, 0x41, 0x5b, 0x59, 0x53, 0x55, 0xc6, 0x0d, 
	0xef, 0x43, 0xe6, 0xc3, 0xde, 0x83, 0xc6, 0x03, 
	0xb5, 0x83, 0xa5, 0x03, 0x6b, 0xcb, 0x29, 0xcf, 
	0x41, 0x8d, 0x60, 0xc5, 0x53, 0x57, 0x63, 0x9b, 
	0x84, 0x4f, 0xde, 0xcb, 0xf7, 0x43, 0xf7, 0x45, 
	0xd6, 0x83, 0xce, 0x01, 0xbd, 0xc3, 0xad, 0x43, 
	0x9c, 0xc3, 0x84, 0x09, 0x29, 0xcb, 0x41, 0x4d, 
	0x60, 0x85, 0x5b, 0x53, 0x9d, 0x0f, 0xde, 0x89, 
	0xd6, 0x41, 0xad, 0x03, 0x9c, 0x83, 0x8c, 0x47, 
	0x3a, 0x4b, 0x21, 0xd1, 0x31, 0xd1, 0x58, 0x41, 
	0x63, 0x51, 0xb5, 0x8d, 0xd6, 0x47, 0x9c, 0xc1, 
	0x94, 0x47, 0x42, 0x4b, 0x19, 0x91, 0x41, 0x0b, 
	0x60, 0x83, 0xa4, 0xcd, 0xc5, 0xc7, 0xc5, 0xc3, 
	0xad, 0x41, 0x9c, 0x45, 0x8c, 0x07, 0x42, 0x0b, 
	0x19, 0x51, 0x48, 0xc9, 0x58, 0x83, 0x50, 0x81, 
	0x63, 0x99, 0x4a, 0xd5, 0x53, 0x11, 0x84, 0x4b, 
	0xad, 0x47, 0x94, 0x43, 0x94, 0x03, 0x94, 0x05, 
	0x83, 0x8b, 0x29, 0x8b, 0x29, 0xd3, 0x2a, 0x11, 
	0x39, 0x91, 0x48, 0xc7, 0x50, 0x83, 0x42, 0xd5, 
	0x4b, 0x11, 0x63, 0x8f, 0x84, 0x0b, 0x8b, 0xc5, 
	0x83, 0x43, 0x94, 0x45, 0x8c, 0x49, 0x4a, 0x49, 
	0x19, 0x4d, 0x19, 0x4f, 0x19, 0x8f, 0x2a, 0x13, 
	0x32, 0x13, 0x31, 0x8f, 0x40, 0xc7, 0x48, 0x83, 
	0x32, 0x53, 0x3a, 0x53, 0x42, 0xd3, 0x4a, 0xd1, 
	0x5b, 0x11, 0x62, 0xcf, 0x62, 0x8d, 0x6b, 0x0d, 
	0x6b, 0x4d, 0x42, 0x49, 0x21, 0x8b, 0x31, 0x4f, 
	0x40, 0xc5, 0x42, 0x93, 0x42, 0x95, 0x4a, 0x93, 
	0x4a, 0x91, 0x4a, 0xd3, 0x32, 0x11, 0x21, 0x8f, 
	0x29, 0x0b, 0x3a, 0x93, 0x3a, 0x95, 0x4b, 0x17, 
	0x3a, 0x55, 
};

Gfx wf_dl_tile_4_6_ci8_aligner[] = {gsSPEndDisplayList()};
u8 wf_dl_tile_4_6_ci8[] = {
	0x00, 0x00, 0x00, 0x00, 0x00, 0x01, 0x01, 0x01, 
	0x01, 0x02, 0x02, 0x02, 0x02, 0x02, 0x02, 0x02, 
	0x02, 0x02, 0x03, 0x03, 0x04, 0x04, 0x05, 0x06, 
	0x06, 0x06, 0x06, 0x07, 0x08, 0x08, 0x09, 0x09, 
	0x00, 0x00, 0x00, 0x01, 0x0a, 0x00, 0x01, 0x02, 
	0x01, 0x01, 0x01, 0x02, 0x02, 0x02, 0x02, 0x02, 
	0x02, 0x02, 0x03, 0x03, 0x04, 0x05, 0x05, 0x0b, 
	0x06, 0x06, 0x06, 0x07, 0x08, 0x08, 0x09, 0x0c, 
	0x00, 0x00, 0x00, 0x00, 0x01, 0x01, 0x01, 0x0a, 
	0x01, 0x0a, 0x02, 0x02, 0x02, 0x02, 0x02, 0x02, 
	0x02, 0x03, 0x04, 0x03, 0x04, 0x05, 0x05, 0x06, 
	0x06, 0x06, 0x06, 0x06, 0x08, 0x08, 0x0c, 0x0d, 
	0x00, 0x00, 0x01, 0x00, 0x00, 0x02, 0x0a, 0x01, 
	0x01, 0x02, 0x02, 0x02, 0x02, 0x02, 0x02, 0x02, 
	0x02, 0x02, 0x03, 0x05, 0x04, 0x05, 0x05, 0x06, 
	0x06, 0x06, 0x06, 0x07, 0x08, 0x0d, 0x0d, 0x08, 
	0x00, 0x00, 0x0e, 0x00, 0x01, 0x0a, 0x01, 0x01, 
	0x01, 0x02, 0x02, 0x02, 0x02, 0x02, 0x02, 0x02, 
	0x02, 0x03, 0x03, 0x03, 0x03, 0x05, 0x0b, 0x06, 
	0x06, 0x06, 0x07, 0x08, 0x0d, 0x09, 0x08, 0x09, 
	0x00, 0x01, 0x01, 0x00, 0x02, 0x0a, 0x0a, 0x02, 
	0x01, 0x02, 0x02, 0x02, 0x02, 0x02, 0x02, 0x02, 
	0x02, 0x02, 0x03, 0x05, 0x05, 0x05, 0x04, 0x06, 
	0x06, 0x06, 0x07, 0x0d, 0x0f, 0x07, 0x08, 0x10, 
	0x01, 0x0e, 0x00, 0x01, 0x0a, 0x01, 0x01, 0x01, 
	0x02, 0x01, 0x02, 0x02, 0x02, 0x02, 0x02, 0x02, 
	0x02, 0x03, 0x03, 0x05, 0x05, 0x05, 0x05, 0x06, 
	0x06, 0x07, 0x10, 0x10, 0x07, 0x08, 0x09, 0x0d, 
	0x01, 0x01, 0x0e, 0x01, 0x0a, 0x0a, 0x02, 0x0a, 
	0x02, 0x01, 0x02, 0x02, 0x02, 0x02, 0x02, 0x02, 
	0x02, 0x03, 0x03, 0x05, 0x05, 0x0b, 0x05, 0x0b, 
	0x07, 0x10, 0x10, 0x07, 0x11, 0x09, 0x09, 0x0d, 
	0x00, 0x00, 0x00, 0x02, 0x0a, 0x0a, 0x02, 0x02, 
	0x02, 0x02, 0x02, 0x02, 0x02, 0x02, 0x02, 0x02, 
	0x02, 0x03, 0x05, 0x03, 0x04, 0x04, 0x0b, 0x08, 
	0x0d, 0x08, 0x06, 0x08, 0x09, 0x09, 0x0f, 0x0d, 
	0x01, 0x01, 0x0a, 0x01, 0x02, 0x00, 0x02, 0x02, 
	0x01, 0x01, 0x02, 0x02, 0x02, 0x02, 0x02, 0x02, 
	0x02, 0x03, 0x05, 0x05, 0x04, 0x0b, 0x11, 0x11, 
	0x06, 0x0b, 0x07, 0x08, 0x08, 0x09, 0x0f, 0x0d, 
	0x01, 0x0a, 0x0a, 0x02, 0x01, 0x02, 0x01, 0x02, 
	0x02, 0x02, 0x02, 0x02, 0x02, 0x02, 0x02, 0x02, 
	0x03, 0x03, 0x03, 0x04, 0x07, 0x0d, 0x10, 0x06, 
	0x06, 0x06, 0x07, 0x08, 0x09, 0x09, 0x0f, 0x0c, 
	0x01, 0x01, 0x0a, 0x02, 0x0a, 0x02, 0x02, 0x02, 
	0x01, 0x02, 0x02, 0x02, 0x02, 0x02, 0x02, 0x02, 
	0x02, 0x03, 0x06, 0x08, 0x10, 0x07, 0x04, 0x04, 
	0x06, 0x07, 0x08, 0x08, 0x09, 0x09, 0x0d, 0x12, 
	0x00, 0x01, 0x01, 0x01, 0x02, 0x0a, 0x02, 0x02, 
	0x02, 0x02, 0x02, 0x02, 0x02, 0x02, 0x02, 0x02, 
	0x04, 0x07, 0x0d, 0x10, 0x06, 0x04, 0x0b, 0x06, 
	0x06, 0x07, 0x07, 0x09, 0x09, 0x0d, 0x12, 0x0d, 
	0x01, 0x01, 0x01, 0x01, 0x02, 0x0a, 0x02, 0x02, 
	0x02, 0x02, 0x02, 0x02, 0x02, 0x02, 0x03, 0x0b, 
	0x08, 0x11, 0x06, 0x03, 0x03, 0x04, 0x0b, 0x06, 
	0x06, 0x07, 0x08, 0x08, 0x0f, 0x0c, 0x0f, 0x0d, 
	0x02, 0x0a, 0x02, 0x01, 0x01, 0x02, 0x02, 0x02, 
	0x02, 0x02, 0x02, 0x02, 0x03, 0x05, 0x11, 0x11, 
	0x06, 0x04, 0x03, 0x04, 0x06, 0x06, 0x06, 0x06, 
	0x07, 0x07, 0x08, 0x08, 0x0c, 0x0f, 0x09, 0x0c, 
	0x01, 0x01, 0x02, 0x01, 0x01, 0x02, 0x02, 0x02, 
	0x02, 0x02, 0x03, 0x05, 0x07, 0x08, 0x08, 0x05, 
	0x13, 0x03, 0x05, 0x14, 0x0b, 0x06, 0x06, 0x06, 
	0x07, 0x07, 0x08, 0x0d, 0x0f, 0x08, 0x0d, 0x0c, 
	0x01, 0x01, 0x02, 0x01, 0x02, 0x02, 0x02, 0x02, 
	0x03, 0x04, 0x06, 0x08, 0x07, 0x05, 0x03, 0x02, 
	0x04, 0x04, 0x04, 0x04, 0x0b, 0x06, 0x06, 0x06, 
	0x06, 0x08, 0x0c, 0x0d, 0x08, 0x0d, 0x0c, 0x0c, 
	0x01, 0x01, 0x01, 0x02, 0x02, 0x01, 0x03, 0x06, 
	0x07, 0x07, 0x06, 0x03, 0x01, 0x02, 0x02, 0x03, 
	0x04, 0x04, 0x05, 0x0b, 0x06, 0x06, 0x06, 0x06, 
	0x08, 0x0c, 0x0d, 0x08, 0x09, 0x0c, 0x0c, 0x0c, 
	0x01, 0x02, 0x02, 0x02, 0x0b, 0x06, 0x06, 0x06, 
	0x05, 0x03, 0x13, 0x02, 0x03, 0x05, 0x04, 0x03, 
	0x05, 0x0b, 0x05, 0x05, 0x06, 0x0b, 0x06, 0x08, 
	0x12, 0x09, 0x07, 0x08, 0x0d, 0x0c, 0x0f, 0x0c, 
	0x02, 0x05, 0x06, 0x07, 0x06, 0x04, 0x04, 0x02, 
	0x02, 0x03, 0x03, 0x03, 0x03, 0x02, 0x04, 0x05, 
	0x04, 0x04, 0x05, 0x0b, 0x06, 0x06, 0x08, 0x0d, 
	0x08, 0x06, 0x08, 0x08, 0x09, 0x0c, 0x0c, 0x0c, 
	0x07, 0x0b, 0x04, 0x02, 0x13, 0x0a, 0x00, 0x02, 
	0x02, 0x02, 0x02, 0x03, 0x03, 0x04, 0x04, 0x04, 
	0x05, 0x0b, 0x05, 0x05, 0x07, 0x0d, 0x0d, 0x07, 
	0x06, 0x08, 0x09, 0x09, 0x0d, 0x0d, 0x12, 0x12, 
	0x02, 0x0a, 0x0a, 0x13, 0x02, 0x02, 0x02, 0x02, 
	0x02, 0x03, 0x02, 0x03, 0x05, 0x03, 0x04, 0x04, 
	0x04, 0x04, 0x0b, 0x07, 0x0d, 0x11, 0x06, 0x06, 
	0x08, 0x09, 0x09, 0x0f, 0x0f, 0x0d, 0x0c, 0x12, 
	0x00, 0x02, 0x02, 0x02, 0x02, 0x02, 0x02, 0x03, 
	0x05, 0x03, 0x04, 0x03, 0x04, 0x05, 0x04, 0x04, 
	0x0b, 0x06, 0x0d, 0x0d, 0x07, 0x06, 0x06, 0x08, 
	0x07, 0x09, 0x09, 0x0f, 0x0d, 0x0d, 0x0c, 0x0c, 
	0x02, 0x02, 0x02, 0x02, 0x02, 0x02, 0x02, 0x02, 
	0x03, 0x02, 0x03, 0x05, 0x03, 0x05, 0x04, 0x06, 
	0x08, 0x0d, 0x11, 0x04, 0x0b, 0x06, 0x07, 0x08, 
	0x08, 0x09, 0x0f, 0x0f, 0x0d, 0x0c, 0x12, 0x12, 
	0x02, 0x02, 0x02, 0x02, 0x02, 0x02, 0x03, 0x03, 
	0x04, 0x03, 0x05, 0x02, 0x03, 0x04, 0x07, 0x0d, 
	0x0d, 0x06, 0x04, 0x06, 0x06, 0x07, 0x07, 0x08, 
	0x09, 0x09, 0x09, 0x0f, 0x0c, 0x15, 0x12, 0x12, 
	0x02, 0x02, 0x02, 0x02, 0x02, 0x02, 0x03, 0x03, 
	0x03, 0x03, 0x04, 0x0b, 0x07, 0x11, 0x11, 0x16, 
	0x04, 0x04, 0x06, 0x06, 0x06, 0x07, 0x08, 0x08, 
	0x09, 0x09, 0x0f, 0x0c, 0x0f, 0x12, 0x12, 0x12, 
	0x02, 0x02, 0x02, 0x02, 0x03, 0x04, 0x02, 0x02, 
	0x05, 0x06, 0x07, 0x11, 0x11, 0x06, 0x04, 0x05, 
	0x06, 0x06, 0x06, 0x07, 0x07, 0x08, 0x08, 0x09, 
	0x09, 0x09, 0x0f, 0x0c, 0x0c, 0x0c, 0x12, 0x12, 
	0x02, 0x02, 0x02, 0x02, 0x02, 0x03, 0x04, 0x06, 
	0x07, 0x08, 0x11, 0x06, 0x04, 0x03, 0x04, 0x0b, 
	0x06, 0x06, 0x06, 0x06, 0x07, 0x08, 0x08, 0x09, 
	0x09, 0x0f, 0x0d, 0x0c, 0x0c, 0x12, 0x12, 0x12, 
	0x02, 0x02, 0x02, 0x04, 0x0b, 0x06, 0x11, 0x06, 
	0x06, 0x04, 0x13, 0x04, 0x0b, 0x06, 0x06, 0x06, 
	0x06, 0x07, 0x06, 0x07, 0x08, 0x08, 0x09, 0x09, 
	0x09, 0x0f, 0x0d, 0x0c, 0x0c, 0x12, 0x12, 0x17, 
	0x04, 0x06, 0x11, 0x11, 0x07, 0x06, 0x0b, 0x03, 
	0x03, 0x04, 0x04, 0x0b, 0x06, 0x06, 0x06, 0x06, 
	0x06, 0x07, 0x07, 0x07, 0x09, 0x08, 0x09, 0x09, 
	0x0d, 0x0d, 0x0d, 0x0c, 0x0c, 0x12, 0x12, 0x17, 
	0x07, 0x07, 0x06, 0x04, 0x03, 0x02, 0x02, 0x05, 
	0x05, 0x0b, 0x06, 0x06, 0x06, 0x06, 0x06, 0x06, 
	0x06, 0x07, 0x07, 0x07, 0x08, 0x09, 0x09, 0x10, 
	0x0d, 0x0d, 0x0c, 0x12, 0x12, 0x12, 0x12, 0x18, 
	0x04, 0x02, 0x02, 0x02, 0x02, 0x05, 0x05, 0x05, 
	0x05, 0x05, 0x06, 0x06, 0x06, 0x06, 0x06, 0x06, 
	0x07, 0x07, 0x08, 0x08, 0x09, 0x09, 0x09, 0x10, 
	0x0d, 0x0c, 0x12, 0x0c, 0x12, 0x12, 0x17, 0x18, 
	
};

Gfx wf_dl_tile_4_6_pal_rgba16_aligner[] = {gsSPEndDisplayList()};
u8 wf_dl_tile_4_6_pal_rgba16[] = {
	0x53, 0x17, 0x4b, 0x15, 0x4a, 0xd5, 0x42, 0xd5, 
	0x42, 0x95, 0x42, 0x93, 0x3a, 0x53, 0x32, 0x53, 
	0x32, 0x13, 0x2a, 0x13, 0x4b, 0x17, 0x3a, 0x93, 
	0x21, 0xd1, 0x29, 0xd1, 0x53, 0x15, 0x29, 0xd3, 
	0x2a, 0x11, 0x32, 0x11, 0x21, 0x91, 0x4a, 0xd7, 
	0x3a, 0x95, 0x21, 0xd3, 0x3a, 0x55, 0x19, 0x91, 
	0x19, 0x51, 
};

Gfx wf_dl_tile_4_7_ci8_aligner[] = {gsSPEndDisplayList()};
u8 wf_dl_tile_4_7_ci8[] = {
	0x00, 0x00, 0x01, 0x02, 0x03, 0x04, 0x04, 0x05, 
	0x05, 0x06, 0x01, 0x01, 0x01, 0x01, 0x01, 0x01, 
	0x01, 0x00, 0x00, 0x00, 0x07, 0x08, 0x08, 0x09, 
	0x0a, 0x0a, 0x0b, 0x0c, 0x0c, 0x0c, 0x0c, 0x0d, 
	0x02, 0x04, 0x04, 0x04, 0x04, 0x05, 0x05, 0x05, 
	0x05, 0x05, 0x01, 0x01, 0x01, 0x01, 0x01, 0x01, 
	0x00, 0x00, 0x07, 0x07, 0x08, 0x08, 0x08, 0x09, 
	0x0a, 0x0b, 0x0c, 0x0b, 0x0c, 0x0c, 0x0e, 0x0d, 
	0x04, 0x03, 0x02, 0x03, 0x02, 0x02, 0x02, 0x05, 
	0x01, 0x01, 0x01, 0x01, 0x01, 0x01, 0x00, 0x01, 
	0x00, 0x07, 0x07, 0x08, 0x08, 0x08, 0x08, 0x0f, 
	0x0b, 0x0a, 0x0b, 0x0c, 0x0c, 0x0c, 0x0d, 0x0d, 
	0x03, 0x05, 0x03, 0x02, 0x05, 0x05, 0x06, 0x01, 
	0x06, 0x01, 0x01, 0x01, 0x01, 0x00, 0x01, 0x00, 
	0x07, 0x07, 0x07, 0x07, 0x08, 0x08, 0x0a, 0x0a, 
	0x0a, 0x0b, 0x0c, 0x0c, 0x0c, 0x0c, 0x0d, 0x0d, 
	0x03, 0x02, 0x05, 0x05, 0x02, 0x05, 0x05, 0x06, 
	0x02, 0x06, 0x01, 0x01, 0x01, 0x00, 0x00, 0x00, 
	0x07, 0x07, 0x07, 0x08, 0x08, 0x08, 0x0a, 0x0a, 
	0x0b, 0x0b, 0x0c, 0x0c, 0x0c, 0x0e, 0x0d, 0x0d, 
	0x04, 0x05, 0x02, 0x05, 0x05, 0x05, 0x06, 0x06, 
	0x01, 0x01, 0x01, 0x01, 0x01, 0x01, 0x07, 0x00, 
	0x07, 0x07, 0x07, 0x08, 0x09, 0x0a, 0x0a, 0x0a, 
	0x0c, 0x0c, 0x0c, 0x0c, 0x10, 0x0d, 0x0d, 0x10, 
	0x02, 0x06, 0x05, 0x02, 0x06, 0x01, 0x01, 0x01, 
	0x01, 0x01, 0x01, 0x00, 0x07, 0x00, 0x07, 0x07, 
	0x08, 0x08, 0x08, 0x0a, 0x0f, 0x0a, 0x0b, 0x0b, 
	0x11, 0x0c, 0x0c, 0x0c, 0x0e, 0x0d, 0x0d, 0x10, 
	0x02, 0x06, 0x06, 0x06, 0x05, 0x01, 0x01, 0x01, 
	0x01, 0x00, 0x00, 0x00, 0x01, 0x07, 0x00, 0x08, 
	0x08, 0x08, 0x08, 0x0f, 0x0b, 0x0b, 0x0b, 0x0c, 
	0x0c, 0x0c, 0x0c, 0x10, 0x0d, 0x0d, 0x12, 0x0d, 
	0x05, 0x05, 0x02, 0x06, 0x05, 0x01, 0x01, 0x01, 
	0x00, 0x01, 0x00, 0x00, 0x07, 0x08, 0x07, 0x08, 
	0x08, 0x08, 0x0f, 0x0a, 0x0a, 0x0b, 0x0b, 0x0b, 
	0x0c, 0x0c, 0x0e, 0x10, 0x0d, 0x12, 0x10, 0x12, 
	0x06, 0x02, 0x06, 0x01, 0x01, 0x01, 0x01, 0x01, 
	0x01, 0x00, 0x00, 0x00, 0x07, 0x07, 0x08, 0x08, 
	0x08, 0x0a, 0x0f, 0x0b, 0x0a, 0x0b, 0x0c, 0x0c, 
	0x0c, 0x0c, 0x0e, 0x10, 0x10, 0x12, 0x0d, 0x12, 
	0x01, 0x01, 0x01, 0x01, 0x01, 0x01, 0x01, 0x01, 
	0x00, 0x07, 0x13, 0x07, 0x07, 0x07, 0x08, 0x08, 
	0x0a, 0x0a, 0x0b, 0x11, 0x0c, 0x0c, 0x0c, 0x0c, 
	0x0c, 0x0d, 0x0d, 0x0d, 0x14, 0x14, 0x12, 0x12, 
	0x06, 0x01, 0x01, 0x01, 0x01, 0x00, 0x01, 0x00, 
	0x00, 0x00, 0x07, 0x07, 0x07, 0x08, 0x08, 0x08, 
	0x0b, 0x0b, 0x0b, 0x0c, 0x0b, 0x0c, 0x0c, 0x0c, 
	0x0e, 0x10, 0x0d, 0x12, 0x14, 0x0d, 0x12, 0x12, 
	0x01, 0x01, 0x01, 0x01, 0x01, 0x07, 0x01, 0x07, 
	0x00, 0x07, 0x08, 0x08, 0x08, 0x08, 0x0f, 0x0f, 
	0x0a, 0x0b, 0x0b, 0x0b, 0x0c, 0x0c, 0x0c, 0x0e, 
	0x10, 0x0d, 0x10, 0x10, 0x14, 0x14, 0x12, 0x12, 
	0x01, 0x01, 0x01, 0x15, 0x00, 0x00, 0x00, 0x07, 
	0x07, 0x07, 0x08, 0x08, 0x08, 0x0f, 0x0f, 0x0b, 
	0x0b, 0x0b, 0x0b, 0x0c, 0x0c, 0x0c, 0x0e, 0x10, 
	0x0e, 0x10, 0x10, 0x12, 0x0d, 0x12, 0x12, 0x12, 
	0x00, 0x01, 0x00, 0x01, 0x07, 0x07, 0x07, 0x08, 
	0x08, 0x08, 0x08, 0x09, 0x0a, 0x0b, 0x0a, 0x0b, 
	0x0c, 0x0c, 0x0c, 0x0c, 0x0c, 0x0c, 0x0e, 0x0d, 
	0x0d, 0x14, 0x12, 0x12, 0x12, 0x12, 0x12, 0x16, 
	0x00, 0x00, 0x00, 0x13, 0x00, 0x07, 0x08, 0x08, 
	0x08, 0x08, 0x08, 0x0a, 0x0b, 0x0b, 0x0c, 0x0c, 
	0x0c, 0x0c, 0x0c, 0x0c, 0x0e, 0x0d, 0x0d, 0x10, 
	0x0d, 0x14, 0x14, 0x12, 0x12, 0x12, 0x12, 0x16, 
	0x00, 0x07, 0x00, 0x07, 0x09, 0x08, 0x08, 0x08, 
	0x08, 0x0a, 0x0b, 0x0a, 0x0b, 0x0b, 0x11, 0x0c, 
	0x0c, 0x0c, 0x0c, 0x0e, 0x0e, 0x0e, 0x10, 0x10, 
	0x12, 0x12, 0x12, 0x12, 0x12, 0x16, 0x17, 0x17, 
	0x07, 0x00, 0x07, 0x07, 0x08, 0x08, 0x08, 0x0a, 
	0x0f, 0x0f, 0x0b, 0x0b, 0x0f, 0x0c, 0x0c, 0x0c, 
	0x0c, 0x0c, 0x0e, 0x0d, 0x0d, 0x0d, 0x0d, 0x10, 
	0x0d, 0x12, 0x12, 0x12, 0x12, 0x16, 0x16, 0x17, 
	0x07, 0x08, 0x08, 0x08, 0x08, 0x08, 0x0a, 0x0f, 
	0x0b, 0x0b, 0x0b, 0x0c, 0x0c, 0x0c, 0x0c, 0x0c, 
	0x0c, 0x0e, 0x0e, 0x10, 0x0d, 0x14, 0x0d, 0x14, 
	0x14, 0x0d, 0x12, 0x12, 0x18, 0x16, 0x16, 0x16, 
	0x08, 0x08, 0x08, 0x0a, 0x0f, 0x0a, 0x0b, 0x0b, 
	0x0b, 0x0b, 0x0b, 0x0c, 0x0c, 0x0c, 0x0c, 0x0c, 
	0x0e, 0x0e, 0x0d, 0x0d, 0x0d, 0x14, 0x14, 0x12, 
	0x12, 0x12, 0x12, 0x12, 0x16, 0x16, 0x16, 0x16, 
	0x0f, 0x08, 0x0f, 0x0b, 0x0f, 0x0a, 0x0b, 0x0f, 
	0x0c, 0x0c, 0x0c, 0x0c, 0x0c, 0x0c, 0x0c, 0x10, 
	0x0d, 0x0d, 0x0d, 0x0d, 0x14, 0x14, 0x12, 0x12, 
	0x12, 0x12, 0x16, 0x16, 0x16, 0x16, 0x16, 0x16, 
	0x0a, 0x0a, 0x0f, 0x0b, 0x0b, 0x0f, 0x0c, 0x0c, 
	0x0c, 0x0c, 0x0c, 0x0c, 0x0e, 0x0e, 0x0e, 0x10, 
	0x0d, 0x0d, 0x0d, 0x14, 0x14, 0x14, 0x12, 0x12, 
	0x12, 0x16, 0x16, 0x16, 0x16, 0x16, 0x16, 0x14, 
	0x0a, 0x0a, 0x0b, 0x0b, 0x0c, 0x11, 0x0c, 0x0c, 
	0x0c, 0x0c, 0x0c, 0x0c, 0x0e, 0x0d, 0x0d, 0x0d, 
	0x0d, 0x0d, 0x14, 0x14, 0x12, 0x12, 0x12, 0x12, 
	0x12, 0x16, 0x16, 0x16, 0x16, 0x16, 0x12, 0x0d, 
	0x0a, 0x0b, 0x0b, 0x11, 0x0c, 0x0c, 0x0c, 0x0c, 
	0x0c, 0x0e, 0x0e, 0x0e, 0x0d, 0x0d, 0x0d, 0x10, 
	0x14, 0x14, 0x14, 0x14, 0x12, 0x12, 0x12, 0x12, 
	0x16, 0x16, 0x16, 0x16, 0x16, 0x16, 0x0d, 0x0c, 
	0x0c, 0x0c, 0x0b, 0x0c, 0x0c, 0x0c, 0x0c, 0x0c, 
	0x0c, 0x0e, 0x0e, 0x0e, 0x10, 0x10, 0x10, 0x10, 
	0x14, 0x12, 0x12, 0x12, 0x12, 0x12, 0x12, 0x16, 
	0x16, 0x16, 0x16, 0x16, 0x12, 0x10, 0x0c, 0x0f, 
	0x0b, 0x0c, 0x0c, 0x0c, 0x0c, 0x0c, 0x0e, 0x0e, 
	0x10, 0x10, 0x10, 0x10, 0x10, 0x10, 0x12, 0x12, 
	0x12, 0x12, 0x12, 0x12, 0x16, 0x16, 0x16, 0x17, 
	0x16, 0x16, 0x16, 0x16, 0x0d, 0x0c, 0x08, 0x07, 
	0x0c, 0x0c, 0x0c, 0x0c, 0x0c, 0x0c, 0x0d, 0x0e, 
	0x0d, 0x0d, 0x0d, 0x10, 0x0d, 0x14, 0x12, 0x12, 
	0x12, 0x12, 0x12, 0x12, 0x16, 0x16, 0x16, 0x16, 
	0x16, 0x16, 0x12, 0x10, 0x0c, 0x07, 0x07, 0x01, 
	0x0c, 0x0c, 0x0c, 0x0c, 0x0d, 0x0e, 0x10, 0x0d, 
	0x0d, 0x0d, 0x0d, 0x10, 0x12, 0x14, 0x12, 0x12, 
	0x12, 0x12, 0x16, 0x16, 0x16, 0x16, 0x16, 0x16, 
	0x16, 0x12, 0x0d, 0x0b, 0x07, 0x07, 0x01, 0x01, 
	0x0c, 0x0c, 0x0c, 0x10, 0x0e, 0x0e, 0x0d, 0x10, 
	0x0d, 0x0d, 0x14, 0x12, 0x12, 0x12, 0x12, 0x12, 
	0x16, 0x16, 0x16, 0x16, 0x17, 0x16, 0x16, 0x16, 
	0x12, 0x0e, 0x0f, 0x08, 0x01, 0x01, 0x01, 0x01, 
	0x0c, 0x0e, 0x0e, 0x0d, 0x0d, 0x0d, 0x10, 0x10, 
	0x14, 0x14, 0x0d, 0x12, 0x12, 0x12, 0x12, 0x16, 
	0x16, 0x16, 0x16, 0x16, 0x17, 0x16, 0x16, 0x10, 
	0x0c, 0x0f, 0x00, 0x01, 0x01, 0x01, 0x01, 0x01, 
	0x0e, 0x0e, 0x0d, 0x0d, 0x12, 0x0d, 0x12, 0x12, 
	0x12, 0x12, 0x14, 0x12, 0x16, 0x16, 0x16, 0x16, 
	0x16, 0x16, 0x16, 0x16, 0x16, 0x12, 0x0d, 0x0b, 
	0x0f, 0x01, 0x01, 0x06, 0x01, 0x01, 0x01, 0x01, 
	0x0d, 0x0d, 0x0d, 0x0d, 0x0d, 0x12, 0x12, 0x12, 
	0x12, 0x12, 0x12, 0x16, 0x16, 0x16, 0x16, 0x16, 
	0x16, 0x16, 0x16, 0x16, 0x14, 0x0c, 0x0f, 0x07, 
	0x01, 0x01, 0x01, 0x06, 0x06, 0x06, 0x01, 0x01, 
	
};

Gfx wf_dl_tile_4_7_pal_rgba16_aligner[] = {gsSPEndDisplayList()};
u8 wf_dl_tile_4_7_pal_rgba16[] = {
	0x32, 0x53, 0x3a, 0x53, 0x42, 0x95, 0x42, 0xd5, 
	0x4a, 0xd5, 0x42, 0x93, 0x3a, 0x93, 0x32, 0x13, 
	0x2a, 0x13, 0x2a, 0x11, 0x29, 0xd1, 0x21, 0xd1, 
	0x21, 0x91, 0x19, 0x51, 0x19, 0x91, 0x29, 0xd3, 
	0x19, 0x4f, 0x21, 0xd3, 0x11, 0x4f, 0x32, 0x11, 
	0x11, 0x51, 0x32, 0x51, 0x11, 0x0f, 0x09, 0x0f, 
	0x11, 0x11, 
};

Gfx wf_dl_tile_4_8_ci8_aligner[] = {gsSPEndDisplayList()};
u8 wf_dl_tile_4_8_ci8[] = {
	0x00, 0x00, 0x01, 0x01, 0x02, 0x01, 0x02, 0x02, 
	0x02, 0x02, 0x03, 0x02, 0x04, 0x04, 0x04, 0x04, 
	0x04, 0x04, 0x04, 0x04, 0x04, 0x02, 0x01, 0x05, 
	0x06, 0x07, 0x07, 0x08, 0x07, 0x07, 0x07, 0x07, 
	0x01, 0x01, 0x01, 0x01, 0x01, 0x02, 0x02, 0x02, 
	0x02, 0x02, 0x02, 0x04, 0x04, 0x04, 0x04, 0x04, 
	0x04, 0x04, 0x04, 0x04, 0x03, 0x09, 0x06, 0x0a, 
	0x07, 0x07, 0x07, 0x08, 0x08, 0x08, 0x07, 0x07, 
	0x01, 0x02, 0x01, 0x0b, 0x02, 0x02, 0x02, 0x02, 
	0x02, 0x04, 0x04, 0x04, 0x04, 0x04, 0x04, 0x04, 
	0x04, 0x04, 0x02, 0x01, 0x09, 0x0c, 0x0d, 0x07, 
	0x07, 0x07, 0x07, 0x08, 0x0e, 0x0e, 0x08, 0x08, 
	0x0b, 0x01, 0x02, 0x02, 0x02, 0x02, 0x02, 0x04, 
	0x04, 0x04, 0x04, 0x04, 0x0f, 0x04, 0x04, 0x04, 
	0x02, 0x0b, 0x10, 0x11, 0x0a, 0x07, 0x07, 0x07, 
	0x0e, 0x0e, 0x0e, 0x0e, 0x0e, 0x0e, 0x0e, 0x0e, 
	0x03, 0x03, 0x02, 0x02, 0x03, 0x03, 0x12, 0x04, 
	0x04, 0x04, 0x04, 0x04, 0x04, 0x04, 0x04, 0x03, 
	0x01, 0x05, 0x0c, 0x0d, 0x07, 0x08, 0x0e, 0x13, 
	0x13, 0x13, 0x0e, 0x13, 0x13, 0x13, 0x0e, 0x0e, 
	0x02, 0x02, 0x02, 0x02, 0x04, 0x04, 0x04, 0x04, 
	0x04, 0x04, 0x04, 0x04, 0x04, 0x02, 0x00, 0x05, 
	0x11, 0x0a, 0x07, 0x08, 0x08, 0x0e, 0x13, 0x13, 
	0x13, 0x13, 0x13, 0x13, 0x13, 0x13, 0x13, 0x0e, 
	0x02, 0x02, 0x04, 0x04, 0x04, 0x04, 0x04, 0x04, 
	0x04, 0x04, 0x02, 0x02, 0x0b, 0x09, 0x11, 0x0a, 
	0x0d, 0x07, 0x08, 0x08, 0x13, 0x13, 0x13, 0x13, 
	0x13, 0x13, 0x13, 0x13, 0x13, 0x13, 0x13, 0x0e, 
	0x04, 0x04, 0x04, 0x04, 0x04, 0x04, 0x12, 0x04, 
	0x04, 0x03, 0x01, 0x09, 0x11, 0x0a, 0x0d, 0x07, 
	0x08, 0x14, 0x13, 0x13, 0x13, 0x13, 0x13, 0x15, 
	0x15, 0x15, 0x13, 0x15, 0x13, 0x13, 0x0e, 0x0e, 
	0x04, 0x04, 0x04, 0x04, 0x04, 0x04, 0x02, 0x02, 
	0x01, 0x00, 0x16, 0x0c, 0x0d, 0x07, 0x08, 0x13, 
	0x13, 0x13, 0x13, 0x15, 0x13, 0x15, 0x15, 0x15, 
	0x15, 0x15, 0x15, 0x13, 0x13, 0x0e, 0x0e, 0x0e, 
	0x03, 0x04, 0x12, 0x04, 0x04, 0x02, 0x0b, 0x09, 
	0x05, 0x17, 0x0a, 0x07, 0x0e, 0x13, 0x13, 0x13, 
	0x13, 0x13, 0x15, 0x15, 0x15, 0x15, 0x18, 0x18, 
	0x15, 0x15, 0x15, 0x15, 0x13, 0x0e, 0x0e, 0x0e, 
	0x02, 0x04, 0x02, 0x02, 0x01, 0x01, 0x09, 0x05, 
	0x19, 0x07, 0x0e, 0x0e, 0x13, 0x13, 0x13, 0x13, 
	0x15, 0x15, 0x18, 0x18, 0x15, 0x18, 0x18, 0x18, 
	0x18, 0x18, 0x15, 0x15, 0x13, 0x13, 0x13, 0x0e, 
	0x02, 0x03, 0x02, 0x03, 0x01, 0x01, 0x11, 0x0a, 
	0x07, 0x0e, 0x0e, 0x15, 0x15, 0x0e, 0x18, 0x15, 
	0x18, 0x18, 0x18, 0x18, 0x18, 0x18, 0x18, 0x18, 
	0x18, 0x15, 0x15, 0x15, 0x15, 0x13, 0x13, 0x0e, 
	0x03, 0x03, 0x03, 0x01, 0x09, 0x09, 0x0a, 0x08, 
	0x08, 0x0e, 0x15, 0x15, 0x15, 0x15, 0x18, 0x18, 
	0x18, 0x18, 0x18, 0x18, 0x18, 0x18, 0x18, 0x18, 
	0x18, 0x18, 0x18, 0x15, 0x13, 0x15, 0x13, 0x13, 
	0x03, 0x03, 0x0b, 0x0b, 0x11, 0x0a, 0x1a, 0x0e, 
	0x13, 0x13, 0x13, 0x15, 0x18, 0x18, 0x18, 0x18, 
	0x18, 0x18, 0x18, 0x18, 0x18, 0x18, 0x18, 0x18, 
	0x18, 0x18, 0x15, 0x18, 0x15, 0x13, 0x13, 0x13, 
	0x04, 0x01, 0x00, 0x05, 0x0a, 0x07, 0x08, 0x13, 
	0x13, 0x15, 0x18, 0x18, 0x18, 0x18, 0x18, 0x18, 
	0x18, 0x18, 0x18, 0x18, 0x18, 0x18, 0x18, 0x18, 
	0x18, 0x18, 0x18, 0x18, 0x15, 0x15, 0x13, 0x13, 
	0x03, 0x00, 0x05, 0x0a, 0x07, 0x07, 0x0e, 0x0e, 
	0x13, 0x15, 0x15, 0x18, 0x18, 0x18, 0x18, 0x1b, 
	0x18, 0x18, 0x18, 0x18, 0x18, 0x18, 0x18, 0x18, 
	0x18, 0x18, 0x18, 0x15, 0x15, 0x13, 0x13, 0x13, 
	0x01, 0x09, 0x17, 0x07, 0x07, 0x13, 0x0e, 0x13, 
	0x15, 0x18, 0x18, 0x18, 0x18, 0x18, 0x1b, 0x1b, 
	0x1b, 0x1b, 0x1b, 0x1b, 0x18, 0x18, 0x18, 0x18, 
	0x18, 0x18, 0x18, 0x15, 0x15, 0x13, 0x13, 0x13, 
	0x00, 0x05, 0x0a, 0x08, 0x08, 0x13, 0x13, 0x15, 
	0x15, 0x18, 0x18, 0x18, 0x18, 0x1b, 0x1b, 0x1b, 
	0x1b, 0x1b, 0x1b, 0x1b, 0x18, 0x18, 0x18, 0x18, 
	0x18, 0x18, 0x18, 0x18, 0x15, 0x13, 0x13, 0x0e, 
	0x09, 0x0c, 0x0d, 0x08, 0x07, 0x0e, 0x13, 0x15, 
	0x15, 0x18, 0x18, 0x18, 0x18, 0x1b, 0x1b, 0x1b, 
	0x1b, 0x1b, 0x1b, 0x1b, 0x18, 0x18, 0x18, 0x18, 
	0x18, 0x18, 0x18, 0x18, 0x15, 0x0e, 0x0e, 0x08, 
	0x05, 0x0a, 0x07, 0x08, 0x07, 0x0e, 0x13, 0x13, 
	0x15, 0x18, 0x18, 0x18, 0x18, 0x1b, 0x1b, 0x1b, 
	0x1b, 0x1b, 0x1b, 0x1b, 0x1b, 0x18, 0x18, 0x18, 
	0x18, 0x18, 0x18, 0x18, 0x13, 0x0e, 0x0e, 0x07, 
	0x11, 0x0a, 0x07, 0x07, 0x08, 0x0e, 0x13, 0x13, 
	0x18, 0x18, 0x18, 0x18, 0x18, 0x1b, 0x1b, 0x1b, 
	0x1b, 0x1b, 0x1b, 0x1b, 0x18, 0x1b, 0x18, 0x18, 
	0x18, 0x18, 0x18, 0x13, 0x13, 0x0e, 0x07, 0x07, 
	0x17, 0x0a, 0x07, 0x07, 0x08, 0x13, 0x0e, 0x13, 
	0x18, 0x18, 0x18, 0x18, 0x18, 0x1b, 0x1b, 0x1b, 
	0x1b, 0x1b, 0x1b, 0x1b, 0x18, 0x18, 0x18, 0x18, 
	0x18, 0x18, 0x15, 0x13, 0x0e, 0x08, 0x07, 0x07, 
	0x0a, 0x0a, 0x07, 0x07, 0x08, 0x08, 0x13, 0x13, 
	0x15, 0x18, 0x18, 0x18, 0x18, 0x1b, 0x1b, 0x1b, 
	0x1c, 0x1b, 0x18, 0x1b, 0x18, 0x18, 0x18, 0x18, 
	0x18, 0x15, 0x15, 0x0e, 0x0e, 0x07, 0x07, 0x07, 
	0x0a, 0x07, 0x0a, 0x07, 0x07, 0x13, 0x0e, 0x15, 
	0x18, 0x18, 0x18, 0x18, 0x18, 0x1b, 0x1b, 0x1b, 
	0x1b, 0x1b, 0x1b, 0x1b, 0x1b, 0x18, 0x18, 0x18, 
	0x18, 0x15, 0x13, 0x0e, 0x08, 0x07, 0x07, 0x07, 
	0x0a, 0x07, 0x0d, 0x0d, 0x07, 0x0e, 0x13, 0x15, 
	0x15, 0x18, 0x18, 0x18, 0x18, 0x18, 0x1b, 0x1d, 
	0x1b, 0x1b, 0x1b, 0x1b, 0x1b, 0x18, 0x18, 0x18, 
	0x15, 0x13, 0x13, 0x08, 0x07, 0x07, 0x07, 0x07, 
	0x0c, 0x0d, 0x07, 0x0d, 0x07, 0x13, 0x13, 0x13, 
	0x15, 0x18, 0x18, 0x18, 0x18, 0x1b, 0x18, 0x1b, 
	0x1b, 0x1b, 0x1b, 0x18, 0x18, 0x18, 0x18, 0x15, 
	0x15, 0x0e, 0x0e, 0x08, 0x07, 0x07, 0x07, 0x07, 
	0x0c, 0x0d, 0x07, 0x07, 0x07, 0x0e, 0x0e, 0x15, 
	0x15, 0x18, 0x18, 0x18, 0x18, 0x1b, 0x1b, 0x1b, 
	0x1b, 0x1b, 0x1b, 0x18, 0x18, 0x18, 0x18, 0x1e, 
	0x0e, 0x0e, 0x0e, 0x08, 0x07, 0x07, 0x07, 0x07, 
	0x0a, 0x0a, 0x07, 0x13, 0x07, 0x07, 0x13, 0x13, 
	0x15, 0x18, 0x18, 0x18, 0x18, 0x1b, 0x1b, 0x1b, 
	0x1b, 0x18, 0x18, 0x18, 0x18, 0x18, 0x15, 0x0e, 
	0x0e, 0x0e, 0x0e, 0x0e, 0x08, 0x08, 0x08, 0x08, 
	0x0c, 0x0a, 0x0d, 0x08, 0x14, 0x07, 0x13, 0x13, 
	0x15, 0x18, 0x18, 0x18, 0x18, 0x18, 0x18, 0x18, 
	0x18, 0x18, 0x18, 0x18, 0x18, 0x18, 0x15, 0x1e, 
	0x13, 0x13, 0x13, 0x13, 0x13, 0x13, 0x13, 0x13, 
	0x0c, 0x0c, 0x0d, 0x07, 0x08, 0x07, 0x0e, 0x15, 
	0x15, 0x18, 0x18, 0x18, 0x18, 0x18, 0x18, 0x18, 
	0x18, 0x18, 0x18, 0x18, 0x18, 0x18, 0x18, 0x0e, 
	0x0e, 0x15, 0x15, 0x15, 0x13, 0x13, 0x18, 0x18, 
	0x11, 0x0a, 0x0a, 0x07, 0x08, 0x14, 0x07, 0x15, 
	0x1e, 0x15, 0x18, 0x18, 0x18, 0x18, 0x18, 0x18, 
	0x18, 0x18, 0x18, 0x18, 0x18, 0x18, 0x15, 0x18, 
	0x15, 0x18, 0x18, 0x18, 0x18, 0x1b, 0x1b, 0x1c, 
	0x06, 0x0c, 0x19, 0x07, 0x07, 0x13, 0x07, 0x0e, 
	0x15, 0x18, 0x18, 0x18, 0x18, 0x18, 0x18, 0x18, 
	0x18, 0x18, 0x18, 0x18, 0x18, 0x18, 0x18, 0x18, 
	0x18, 0x1b, 0x1d, 0x1c, 0x1c, 0x1f, 0x1f, 0x1f, 
	
};

Gfx wf_dl_tile_4_8_pal_rgba16_aligner[] = {gsSPEndDisplayList()};
u8 wf_dl_tile_4_8_pal_rgba16[] = {
	0x19, 0x91, 0x19, 0x51, 0x11, 0x4f, 0x11, 0x51, 
	0x11, 0x0f, 0x21, 0xd1, 0x29, 0xd3, 0x3a, 0x53, 
	0x3a, 0x93, 0x21, 0x91, 0x32, 0x13, 0x19, 0x4f, 
	0x2a, 0x13, 0x32, 0x53, 0x42, 0x93, 0x09, 0x0f, 
	0x21, 0x8f, 0x29, 0xd1, 0x11, 0x11, 0x42, 0x95, 
	0x3a, 0x95, 0x42, 0xd5, 0x21, 0xd3, 0x2a, 0x11, 
	0x4a, 0xd5, 0x32, 0x11, 0x3a, 0x55, 0x4b, 0x15, 
	0x53, 0x17, 0x4b, 0x17, 0x42, 0xd3, 0x53, 0x57, 
	
};

Gfx wf_dl_tile_4_9_ci8_aligner[] = {gsSPEndDisplayList()};
u8 wf_dl_tile_4_9_ci8[] = {
	0x00, 0x01, 0x01, 0x02, 0x03, 0x04, 0x02, 0x05, 
	0x06, 0x05, 0x07, 0x07, 0x07, 0x07, 0x07, 0x07, 
	0x07, 0x07, 0x07, 0x07, 0x07, 0x07, 0x05, 0x07, 
	0x05, 0x07, 0x07, 0x07, 0x07, 0x08, 0x08, 0x09, 
	0x0a, 0x0b, 0x0c, 0x02, 0x02, 0x0d, 0x02, 0x0e, 
	0x05, 0x07, 0x07, 0x07, 0x07, 0x07, 0x07, 0x07, 
	0x07, 0x07, 0x07, 0x07, 0x07, 0x07, 0x07, 0x07, 
	0x07, 0x08, 0x0f, 0x09, 0x09, 0x10, 0x10, 0x10, 
	0x11, 0x0a, 0x0b, 0x12, 0x02, 0x03, 0x03, 0x03, 
	0x05, 0x05, 0x07, 0x07, 0x07, 0x07, 0x07, 0x07, 
	0x07, 0x07, 0x07, 0x08, 0x07, 0x07, 0x07, 0x08, 
	0x08, 0x09, 0x10, 0x10, 0x13, 0x14, 0x14, 0x10, 
	0x15, 0x00, 0x0b, 0x12, 0x02, 0x02, 0x0d, 0x02, 
	0x0d, 0x05, 0x07, 0x07, 0x07, 0x07, 0x07, 0x08, 
	0x08, 0x08, 0x08, 0x08, 0x08, 0x08, 0x09, 0x09, 
	0x10, 0x10, 0x16, 0x16, 0x16, 0x14, 0x14, 0x13, 
	0x15, 0x00, 0x0b, 0x12, 0x02, 0x02, 0x03, 0x03, 
	0x0e, 0x05, 0x07, 0x07, 0x07, 0x07, 0x07, 0x08, 
	0x08, 0x08, 0x08, 0x0f, 0x09, 0x09, 0x10, 0x14, 
	0x16, 0x16, 0x17, 0x16, 0x16, 0x14, 0x14, 0x18, 
	0x15, 0x0a, 0x19, 0x01, 0x02, 0x02, 0x03, 0x0d, 
	0x0e, 0x07, 0x07, 0x07, 0x07, 0x07, 0x08, 0x08, 
	0x08, 0x1a, 0x1a, 0x09, 0x10, 0x10, 0x14, 0x16, 
	0x17, 0x17, 0x16, 0x16, 0x16, 0x14, 0x1b, 0x1c, 
	0x1d, 0x0b, 0x0b, 0x0b, 0x02, 0x02, 0x03, 0x0d, 
	0x0e, 0x0e, 0x07, 0x07, 0x07, 0x07, 0x08, 0x08, 
	0x1a, 0x09, 0x10, 0x10, 0x14, 0x16, 0x16, 0x16, 
	0x16, 0x16, 0x16, 0x17, 0x18, 0x1e, 0x1f, 0x20, 
	0x21, 0x0a, 0x0b, 0x01, 0x12, 0x02, 0x02, 0x0d, 
	0x0d, 0x0e, 0x07, 0x07, 0x08, 0x08, 0x08, 0x1a, 
	0x09, 0x10, 0x13, 0x14, 0x16, 0x17, 0x16, 0x16, 
	0x16, 0x22, 0x23, 0x24, 0x25, 0x26, 0x27, 0x28, 
	0x29, 0x0a, 0x0b, 0x01, 0x12, 0x02, 0x02, 0x0e, 
	0x05, 0x0e, 0x07, 0x07, 0x08, 0x0f, 0x09, 0x10, 
	0x10, 0x13, 0x16, 0x16, 0x16, 0x16, 0x16, 0x23, 
	0x23, 0x2a, 0x2b, 0x2c, 0x2d, 0x2e, 0x2f, 0x30, 
	0x31, 0x01, 0x0b, 0x12, 0x02, 0x02, 0x02, 0x0d, 
	0x07, 0x0d, 0x07, 0x0f, 0x09, 0x09, 0x10, 0x10, 
	0x14, 0x16, 0x17, 0x16, 0x16, 0x17, 0x17, 0x13, 
	0x32, 0x33, 0x34, 0x2e, 0x2f, 0x35, 0x36, 0x37, 
	0x38, 0x01, 0x01, 0x01, 0x39, 0x02, 0x0d, 0x05, 
	0x07, 0x07, 0x05, 0x09, 0x09, 0x10, 0x13, 0x14, 
	0x16, 0x16, 0x16, 0x23, 0x23, 0x3a, 0x1e, 0x25, 
	0x3b, 0x2e, 0x30, 0x35, 0x37, 0x3c, 0x3c, 0x3d, 
	0x3e, 0x3f, 0x01, 0x02, 0x02, 0x0d, 0x0d, 0x05, 
	0x07, 0x0f, 0x07, 0x09, 0x10, 0x13, 0x14, 0x14, 
	0x16, 0x23, 0x23, 0x23, 0x40, 0x41, 0x26, 0x42, 
	0x2f, 0x36, 0x37, 0x43, 0x3d, 0x3d, 0x3d, 0x44, 
	0x45, 0x1d, 0x02, 0x02, 0x02, 0x0d, 0x0d, 0x07, 
	0x07, 0x09, 0x0f, 0x08, 0x13, 0x13, 0x14, 0x16, 
	0x16, 0x13, 0x1b, 0x32, 0x46, 0x2d, 0x2e, 0x47, 
	0x36, 0x43, 0x3c, 0x44, 0x44, 0x48, 0x49, 0x48, 
	0x45, 0x4a, 0x02, 0x03, 0x0e, 0x0d, 0x05, 0x07, 
	0x07, 0x09, 0x09, 0x08, 0x10, 0x14, 0x4b, 0x09, 
	0x4c, 0x4d, 0x33, 0x3b, 0x42, 0x4e, 0x30, 0x4f, 
	0x37, 0x3c, 0x3d, 0x48, 0x50, 0x51, 0x51, 0x50, 
	0x52, 0x0d, 0x02, 0x0d, 0x0d, 0x05, 0x07, 0x07, 
	0x08, 0x09, 0x10, 0x09, 0x09, 0x53, 0x54, 0x55, 
	0x1f, 0x56, 0x28, 0x2e, 0x2f, 0x30, 0x36, 0x37, 
	0x3c, 0x44, 0x48, 0x57, 0x58, 0x51, 0x51, 0x51, 
	0x59, 0x0d, 0x0d, 0x07, 0x07, 0x07, 0x07, 0x08, 
	0x07, 0x09, 0x09, 0x5a, 0x5b, 0x5c, 0x5d, 0x20, 
	0x27, 0x28, 0x5e, 0x2e, 0x4e, 0x30, 0x4f, 0x5f, 
	0x60, 0x44, 0x48, 0x50, 0x50, 0x51, 0x51, 0x57, 
	0x0d, 0x0d, 0x05, 0x05, 0x07, 0x07, 0x07, 0x07, 
	0x0d, 0x61, 0x62, 0x63, 0x5d, 0x20, 0x64, 0x27, 
	0x27, 0x2d, 0x65, 0x2e, 0x4e, 0x30, 0x4f, 0x5f, 
	0x3c, 0x44, 0x44, 0x48, 0x48, 0x57, 0x48, 0x44, 
	0x0d, 0x0e, 0x0d, 0x05, 0x0d, 0x0d, 0x5a, 0x66, 
	0x67, 0x68, 0x69, 0x6a, 0x6b, 0x6c, 0x64, 0x64, 
	0x6d, 0x28, 0x2e, 0x2e, 0x4e, 0x30, 0x36, 0x4f, 
	0x6e, 0x3c, 0x44, 0x3d, 0x44, 0x44, 0x6f, 0x3c, 
	0x0c, 0x70, 0x70, 0x71, 0x72, 0x73, 0x74, 0x75, 
	0x76, 0x77, 0x78, 0x79, 0x79, 0x79, 0x6b, 0x64, 
	0x7a, 0x6d, 0x28, 0x2d, 0x4e, 0x2e, 0x7b, 0x36, 
	0x4f, 0x37, 0x3c, 0x3c, 0x3c, 0x3c, 0x5f, 0x37, 
	0x7c, 0x7d, 0x7e, 0x7f, 0x80, 0x81, 0x82, 0x77, 
	0x77, 0x77, 0x77, 0x77, 0x77, 0x77, 0x79, 0x6b, 
	0x7a, 0x7a, 0x27, 0x28, 0x2d, 0x2e, 0x4e, 0x30, 
	0x36, 0x36, 0x4f, 0x37, 0x37, 0x5f, 0x4f, 0x30, 
	0x83, 0x84, 0x85, 0x86, 0x87, 0x87, 0x87, 0x87, 
	0x87, 0x82, 0x82, 0x82, 0x77, 0x77, 0x77, 0x78, 
	0x6b, 0x6c, 0x7a, 0x7a, 0x27, 0x2d, 0x2e, 0x2e, 
	0x2e, 0x30, 0x30, 0x30, 0x30, 0x2f, 0x30, 0x2e, 
	0x84, 0x84, 0x88, 0x88, 0x85, 0x85, 0x85, 0x85, 
	0x85, 0x85, 0x85, 0x87, 0x87, 0x82, 0x77, 0x77, 
	0x77, 0x6b, 0x6b, 0x7a, 0x7a, 0x7a, 0x27, 0x28, 
	0x2e, 0x2e, 0x2e, 0x2e, 0x2e, 0x65, 0x65, 0x28, 
	0x83, 0x84, 0x84, 0x84, 0x84, 0x84, 0x89, 0x84, 
	0x84, 0x84, 0x84, 0x8a, 0x85, 0x85, 0x87, 0x82, 
	0x77, 0x77, 0x77, 0x6b, 0x6b, 0x64, 0x7a, 0x7a, 
	0x7a, 0x27, 0x28, 0x28, 0x27, 0x8b, 0x7a, 0x7a, 
	0x8c, 0x8d, 0x83, 0x83, 0x8d, 0x83, 0x8d, 0x84, 
	0x84, 0x84, 0x84, 0x84, 0x84, 0x88, 0x85, 0x85, 
	0x87, 0x82, 0x77, 0x77, 0x77, 0x6b, 0x6b, 0x64, 
	0x7a, 0x7a, 0x7a, 0x7a, 0x7a, 0x7a, 0x64, 0x6b, 
	0x8e, 0x8f, 0x90, 0x8e, 0x8f, 0x91, 0x91, 0x8d, 
	0x8c, 0x83, 0x83, 0x84, 0x84, 0x84, 0x84, 0x89, 
	0x85, 0x87, 0x92, 0x82, 0x77, 0x77, 0x78, 0x78, 
	0x79, 0x79, 0x6b, 0x79, 0x79, 0x6b, 0x77, 0x77, 
	0x93, 0x8e, 0x8e, 0x8e, 0x8e, 0x8e, 0x8e, 0x90, 
	0x91, 0x8c, 0x8c, 0x8c, 0x83, 0x84, 0x84, 0x89, 
	0x8a, 0x88, 0x85, 0x87, 0x82, 0x77, 0x77, 0x77, 
	0x77, 0x77, 0x77, 0x77, 0x77, 0x77, 0x77, 0x77, 
	0x94, 0x95, 0x96, 0x97, 0x97, 0x98, 0x93, 0x8e, 
	0x8e, 0x91, 0x91, 0x91, 0x8c, 0x8c, 0x83, 0x84, 
	0x84, 0x84, 0x8a, 0x85, 0x85, 0x87, 0x87, 0x82, 
	0x82, 0x82, 0x77, 0x77, 0x77, 0x87, 0x85, 0x88, 
	0x99, 0x94, 0x9a, 0x9b, 0x9a, 0x9a, 0x9c, 0x98, 
	0x9d, 0x8e, 0x90, 0x90, 0x91, 0x91, 0x91, 0x83, 
	0x84, 0x84, 0x84, 0x84, 0x85, 0x88, 0x88, 0x87, 
	0x85, 0x85, 0x85, 0x85, 0x9e, 0x85, 0x84, 0x85, 
	0x9f, 0xa0, 0xa1, 0xa2, 0x98, 0x9c, 0xa3, 0xa3, 
	0x9c, 0x97, 0x9d, 0x8e, 0x8e, 0x90, 0x90, 0x91, 
	0x91, 0x8c, 0x84, 0x84, 0x84, 0x84, 0x84, 0x84, 
	0x85, 0x9e, 0x9e, 0x84, 0x9e, 0x84, 0x84, 0x84, 
	0xa4, 0x20, 0x7a, 0x2d, 0x4e, 0x42, 0x3b, 0xa5, 
	0xa6, 0x97, 0x97, 0x97, 0x98, 0x9d, 0x93, 0x8e, 
	0x8e, 0x8e, 0x91, 0x91, 0x8d, 0x83, 0x84, 0x84, 
	0x84, 0x84, 0x84, 0x83, 0x8d, 0x8d, 0x91, 0x91, 
	0xa7, 0xa8, 0x20, 0x20, 0x27, 0x28, 0x28, 0x28, 
	0x3b, 0x8d, 0x9d, 0xa6, 0x9d, 0x97, 0x97, 0x97, 
	0x96, 0x9d, 0x9d, 0x9d, 0x90, 0x90, 0x8e, 0x8e, 
	0x8e, 0x8f, 0x90, 0x8e, 0x8e, 0x8e, 0x8e, 0x8e, 
	0xa9, 0xa9, 0xaa, 0xab, 0xac, 0xa8, 0xad, 0xae, 
	0x34, 0x69, 0xaf, 0xb0, 0xb1, 0xb2, 0xb2, 0x82, 
	0x8d, 0x8e, 0xb3, 0x97, 0xb4, 0x97, 0x97, 0x97, 
	0x97, 0x95, 0x97, 0x98, 0x95, 0x95, 0x97, 0x95, 
	
};

Gfx wf_dl_tile_4_9_pal_rgba16_aligner[] = {gsSPEndDisplayList()};
u8 wf_dl_tile_4_9_pal_rgba16[] = {
	0x29, 0xd1, 0x32, 0x13, 0x3a, 0x53, 0x3a, 0x93, 
	0x3a, 0x95, 0x42, 0xd5, 0x42, 0xd3, 0x4a, 0xd5, 
	0x4b, 0x15, 0x53, 0x17, 0x29, 0xd3, 0x2a, 0x13, 
	0x32, 0x11, 0x42, 0x95, 0x42, 0x93, 0x4b, 0x17, 
	0x53, 0x57, 0x21, 0xd1, 0x32, 0x53, 0x5b, 0x57, 
	0x5b, 0x59, 0x21, 0x91, 0x5b, 0x99, 0x63, 0x9b, 
	0x5b, 0x17, 0x2a, 0x11, 0x53, 0x15, 0x5a, 0xd3, 
	0x6a, 0xd1, 0x42, 0x97, 0x62, 0xd3, 0x7a, 0xd1, 
	0x93, 0x11, 0x63, 0x5f, 0x5b, 0x9b, 0x63, 0x99, 
	0x5a, 0xd5, 0x7b, 0x13, 0x93, 0x53, 0x9b, 0x51, 
	0xa3, 0x51, 0x94, 0xeb, 0x5b, 0x15, 0x73, 0x15, 
	0x8b, 0x13, 0xa3, 0x53, 0xab, 0x93, 0xb3, 0x95, 
	0xb3, 0xd5, 0xbe, 0x33, 0x6b, 0x13, 0x83, 0x13, 
	0x9b, 0x55, 0xbb, 0xd5, 0xbb, 0xd7, 0xc4, 0x17, 
	0xe7, 0x7b, 0x3a, 0x55, 0x63, 0x59, 0x9b, 0x53, 
	0xcc, 0x59, 0xd4, 0x99, 0xef, 0x7d, 0x32, 0x55, 
	0x5b, 0x13, 0x73, 0x13, 0xa3, 0x93, 0xc4, 0x59, 
	0xd4, 0x9b, 0xef, 0xbd, 0x8b, 0x53, 0xb3, 0xd3, 
	0xdc, 0x9b, 0xdc, 0xdb, 0x3a, 0x97, 0x53, 0x59, 
	0x52, 0x93, 0x6a, 0xd3, 0xab, 0x95, 0xbc, 0x17, 
	0xdc, 0xdd, 0xe4, 0xdd, 0xce, 0xb5, 0x4a, 0x93, 
	0x4a, 0x4f, 0x62, 0x91, 0x93, 0x51, 0xdc, 0x9d, 
	0xe5, 0x1f, 0x74, 0x23, 0x42, 0x53, 0x4a, 0x0f, 
	0x62, 0x4f, 0x82, 0xd1, 0xa3, 0x91, 0xc4, 0x19, 
	0xd4, 0x59, 0x3a, 0x51, 0x42, 0x0f, 0x62, 0x51, 
	0x9b, 0x0f, 0xab, 0x53, 0x39, 0xcd, 0x41, 0xcd, 
	0x5a, 0x0d, 0x7a, 0x8f, 0x8a, 0xcf, 0x92, 0xcf, 
	0x93, 0x0f, 0x9b, 0x4f, 0xc4, 0x57, 0xd4, 0x5b, 
	0x3a, 0x11, 0x31, 0xcd, 0x29, 0x4b, 0x39, 0x8b, 
	0x49, 0xcb, 0x6a, 0x4d, 0x7a, 0x8d, 0x8a, 0x8d, 
	0x8a, 0xcd, 0x92, 0xcd, 0x9b, 0x11, 0xb3, 0xd7, 
	0x39, 0x49, 0x39, 0x47, 0x41, 0x49, 0x49, 0x89, 
	0x62, 0x0b, 0x72, 0x4d, 0x82, 0x8d, 0x6a, 0x09, 
	0x72, 0x09, 0x7a, 0x4b, 0x82, 0x4d, 0x82, 0x4b, 
	0x7a, 0x49, 0x72, 0x49, 0x7a, 0x09, 0xa3, 0x11, 
	0x69, 0xc7, 0x69, 0xc9, 0x59, 0x85, 0x61, 0x87, 
	0x59, 0x87, 0x61, 0xc7, 0x82, 0x8b, 0x51, 0x85, 
	0x49, 0x47, 0x41, 0x03, 0x49, 0x43, 0x49, 0x03, 
	0x49, 0x45, 0xce, 0x31, 0x38, 0xc1, 0x38, 0xc3, 
	0x40, 0xc3, 0x51, 0x45, 0x7a, 0x0b, 0xf7, 0xbd, 
	0x93, 0x55, 0x7a, 0x4d, 0x61, 0x89, 0x38, 0x81, 
	0xe6, 0xf7, 0x82, 0x8f, 0x61, 0xc9, 0xff, 0xfd, 
	0xb4, 0xa1, 0xff, 0xff, 0xf7, 0xbb, 0xde, 0x71, 
	0xc5, 0xa9, 0xac, 0x1b, 0xab, 0xd9, 0x8b, 0x59, 
	0x9c, 0x1d, 0x93, 0x57, 0x8a, 0xd1, 0x51, 0x03, 
	0x40, 0xc1, 
};

Gfx wf_dl_tile_5_0_i8_aligner[] = {gsSPEndDisplayList()};
u8 wf_dl_tile_5_0_i8[] = {
	0xff, 0xff, 0xff, 0xff, 0xff, 0xff, 0xff, 0xff, 
	0xff, 0xff, 0xff, 0xff, 0xff, 0xff, 0xff, 0xff, 
	0xff, 0xff, 0xff, 0xff, 0xff, 0xff, 0xff, 0xff, 
	0xff, 0xff, 0xff, 0xff, 0xff, 0xff, 0xff, 0xff, 
	0xff, 0xff, 0xff, 0xff, 0xff, 0xff, 0xff, 0xff, 
	0xff, 0xff, 0xff, 0xff, 0xff, 0xff, 0xff, 0xff, 
	0xff, 0xff, 0xff, 0xff, 0xff, 0xff, 0xff, 0xff, 
	0xff, 0xff, 0xff, 0xff, 0xff, 0xff, 0xff, 0xff, 
	0xff, 0xff, 0xff, 0xff, 0xff, 0xff, 0xff, 0xff, 
	0xff, 0xff, 0xff, 0xff, 0xff, 0xff, 0xff, 0xff, 
	0xff, 0xff, 0xff, 0xff, 0xff, 0xff, 0xff, 0xff, 
	0xff, 0xff, 0xff, 0xff, 0xff, 0xff, 0xff, 0xff, 
	0xff, 0xff, 0xff, 0xff, 0xff, 0xff, 0xff, 0xff, 
	0xff, 0xff, 0xff, 0xff, 0xff, 0xff, 0xff, 0xff, 
	0xff, 0xff, 0xff, 0xff, 0xff, 0xff, 0xff, 0xff, 
	0xff, 0xff, 0xff, 0xff, 0xff, 0xff, 0xff, 0xff, 
	0xff, 0xff, 0xff, 0xff, 0xff, 0xff, 0xff, 0xff, 
	0xff, 0xff, 0xff, 0xff, 0xff, 0xff, 0xff, 0xff, 
	0xff, 0xff, 0xff, 0xff, 0xff, 0xff, 0xff, 0xff, 
	0xff, 0xff, 0xff, 0xff, 0xff, 0xff, 0xff, 0xff, 
	0xff, 0xff, 0xff, 0xff, 0xff, 0xff, 0xff, 0xff, 
	0xff, 0xff, 0xff, 0xff, 0xff, 0xff, 0xff, 0xff, 
	0xff, 0xff, 0xff, 0xff, 0xff, 0xff, 0xff, 0xff, 
	0xff, 0xff, 0xff, 0xff, 0xff, 0xff, 0xff, 0xff, 
	0xff, 0xff, 0xff, 0xff, 0xff, 0xff, 0xff, 0xff, 
	0xff, 0xff, 0xff, 0xff, 0xff, 0xff, 0xff, 0xff, 
	0xff, 0xff, 0xff, 0xff, 0xff, 0xff, 0xff, 0xff, 
	0xff, 0xff, 0xff, 0xff, 0xff, 0xff, 0xff, 0xff, 
	0xff, 0xff, 0xff, 0xff, 0xff, 0xff, 0xff, 0xff, 
	0xff, 0xff, 0xff, 0xff, 0xff, 0xff, 0xff, 0xff, 
	0xff, 0xff, 0xff, 0xff, 0xff, 0xff, 0xff, 0xff, 
	0xff, 0xff, 0xff, 0xff, 0xff, 0xff, 0xff, 0xff, 
	0xff, 0xff, 0xff, 0xff, 0xff, 0xff, 0xff, 0xff, 
	0xff, 0xff, 0xff, 0xff, 0xff, 0xff, 0xff, 0xff, 
	0xff, 0xff, 0xff, 0xff, 0xff, 0xff, 0xff, 0xff, 
	0xff, 0xff, 0xff, 0xff, 0xff, 0xff, 0xff, 0xff, 
	0xff, 0xff, 0xff, 0xff, 0xff, 0xff, 0xff, 0xff, 
	0xff, 0xff, 0xff, 0xff, 0xff, 0xff, 0xff, 0xff, 
	0xff, 0xff, 0xff, 0xff, 0xff, 0xff, 0xff, 0xff, 
	0xff, 0xff, 0xff, 0xff, 0xff, 0xff, 0xff, 0xff, 
	0xff, 0xff, 0xff, 0xff, 0xff, 0xff, 0xff, 0xff, 
	0xff, 0xff, 0xff, 0xff, 0xff, 0xff, 0xff, 0xff, 
	0xff, 0xff, 0xff, 0xff, 0xff, 0xff, 0xff, 0xff, 
	0xff, 0xff, 0xff, 0xff, 0xff, 0xff, 0xff, 0xff, 
	0xff, 0xff, 0xff, 0xff, 0xff, 0xff, 0xff, 0xff, 
	0xff, 0xff, 0xff, 0xff, 0xff, 0xff, 0xff, 0xff, 
	0xff, 0xff, 0xff, 0xff, 0xff, 0xff, 0xff, 0xff, 
	0xff, 0xff, 0xff, 0xff, 0xff, 0xff, 0xff, 0xff, 
	0xff, 0xff, 0xff, 0xff, 0xff, 0xff, 0xff, 0xff, 
	0xff, 0xff, 0xff, 0xff, 0xff, 0xff, 0xff, 0xff, 
	0xff, 0xff, 0xff, 0xff, 0xff, 0xff, 0xff, 0xff, 
	0xff, 0xff, 0xff, 0xff, 0xff, 0xff, 0xff, 0xff, 
	0xff, 0xff, 0xff, 0xff, 0xff, 0xff, 0xff, 0xff, 
	0xff, 0xff, 0xff, 0xff, 0xff, 0xff, 0xff, 0xff, 
	0xff, 0xff, 0xff, 0xff, 0xff, 0xff, 0xff, 0xff, 
	0xff, 0xff, 0xff, 0xff, 0xff, 0xff, 0xff, 0xff, 
	0xff, 0xff, 0xff, 0xff, 0xff, 0xff, 0xff, 0xff, 
	0xff, 0xff, 0xff, 0xff, 0xff, 0xff, 0xff, 0xff, 
	0xff, 0xff, 0xff, 0xff, 0xff, 0xff, 0xff, 0xff, 
	0xff, 0xff, 0xff, 0xff, 0xff, 0xff, 0xff, 0xff, 
	0xff, 0xff, 0xff, 0xff, 0xff, 0xff, 0xff, 0xff, 
	0xff, 0xff, 0xff, 0xff, 0xff, 0xff, 0xff, 0xff, 
	0xff, 0xff, 0xff, 0xff, 0xff, 0xff, 0xff, 0xff, 
	0xff, 0xff, 0xff, 0xff, 0xff, 0xff, 0xff, 0xff, 
	0xff, 0xff, 0xff, 0xff, 0xff, 0xff, 0xff, 0xff, 
	0xff, 0xff, 0xff, 0xff, 0xff, 0xff, 0xff, 0xff, 
	0xff, 0xff, 0xff, 0xff, 0xff, 0xff, 0xff, 0xff, 
	0xff, 0xff, 0xff, 0xff, 0xff, 0xff, 0xff, 0xff, 
	0xff, 0xff, 0xff, 0xff, 0xff, 0xff, 0xff, 0xff, 
	0xff, 0xff, 0xff, 0xff, 0xff, 0xff, 0xff, 0xff, 
	0xff, 0xff, 0xff, 0xff, 0xff, 0xff, 0xff, 0xff, 
	0xff, 0xff, 0xff, 0xff, 0xff, 0xff, 0xff, 0xff, 
	0xff, 0xff, 0xff, 0xff, 0xff, 0xff, 0xff, 0xff, 
	0xff, 0xff, 0xff, 0xff, 0xff, 0xff, 0xff, 0xff, 
	0xff, 0xff, 0xff, 0xff, 0xff, 0xff, 0xff, 0xff, 
	0xff, 0xff, 0xff, 0xff, 0xff, 0xff, 0xff, 0xff, 
	0xff, 0xff, 0xff, 0xff, 0xff, 0xff, 0xff, 0xff, 
	0xff, 0xff, 0xff, 0xff, 0xff, 0xff, 0xff, 0xff, 
	0xff, 0xff, 0xff, 0xff, 0xff, 0xff, 0xff, 0xff, 
	0xff, 0xff, 0xff, 0xff, 0xff, 0xff, 0xff, 0xff, 
	0xff, 0xff, 0xff, 0xff, 0xff, 0xff, 0xff, 0xff, 
	0xff, 0xff, 0xff, 0xff, 0xff, 0xff, 0xff, 0xff, 
	0xff, 0xff, 0xff, 0xff, 0xff, 0xff, 0xff, 0xff, 
	0xff, 0xff, 0xff, 0xff, 0xff, 0xff, 0xff, 0xff, 
	0xff, 0xff, 0xff, 0xff, 0xff, 0xff, 0xff, 0xff, 
	0xff, 0xff, 0xff, 0xff, 0xff, 0xff, 0xff, 0xff, 
	0xff, 0xff, 0xff, 0xff, 0xff, 0xff, 0xff, 0xff, 
	0xff, 0xff, 0xff, 0xff, 0xff, 0xff, 0xff, 0xff, 
	0xff, 0xff, 0xff, 0xff, 0xff, 0xff, 0xff, 0xff, 
	0xff, 0xff, 0xff, 0xff, 0xff, 0xff, 0xff, 0xff, 
	0xff, 0xff, 0xff, 0xff, 0xff, 0xff, 0xff, 0xff, 
	0xff, 0xff, 0xff, 0xff, 0xff, 0xff, 0xff, 0xff, 
	0xff, 0xff, 0xff, 0xff, 0xff, 0xff, 0xff, 0xff, 
	0xff, 0xff, 0xff, 0xff, 0xff, 0xff, 0xff, 0xff, 
	0xff, 0xff, 0xff, 0xff, 0xff, 0xff, 0xff, 0xff, 
	0xff, 0xff, 0xff, 0xff, 0xff, 0xff, 0xff, 0xff, 
	0xff, 0xff, 0xff, 0xff, 0xff, 0xff, 0xff, 0xff, 
	0xff, 0xff, 0xff, 0xff, 0xff, 0xff, 0xff, 0xff, 
	0xff, 0xff, 0xff, 0xff, 0xff, 0xff, 0xff, 0xff, 
	0xff, 0xff, 0xff, 0xff, 0xff, 0xff, 0xff, 0xff, 
	0xff, 0xff, 0xff, 0xff, 0xff, 0xff, 0xff, 0xff, 
	0xff, 0xff, 0xff, 0xff, 0xff, 0xff, 0xff, 0xff, 
	0xff, 0xff, 0xff, 0xff, 0xff, 0xff, 0xff, 0xff, 
	0xff, 0xff, 0xff, 0xff, 0xff, 0xff, 0xff, 0xff, 
	0xff, 0xff, 0xff, 0xff, 0xff, 0xff, 0xff, 0xff, 
	0xff, 0xff, 0xff, 0xff, 0xff, 0xff, 0xff, 0xff, 
	0xff, 0xff, 0xff, 0xff, 0xff, 0xff, 0xff, 0xff, 
	0xff, 0xff, 0xff, 0xff, 0xff, 0xff, 0xff, 0xff, 
	0xff, 0xff, 0xff, 0xff, 0xff, 0xff, 0xff, 0xff, 
	0xff, 0xff, 0xff, 0xff, 0xff, 0xff, 0xff, 0xff, 
	0xff, 0xff, 0xff, 0xff, 0xff, 0xff, 0xff, 0xff, 
	0xff, 0xff, 0xff, 0xff, 0xff, 0xff, 0xff, 0xff, 
	0xff, 0xff, 0xff, 0xff, 0xff, 0xff, 0xff, 0xff, 
	0xff, 0xff, 0xff, 0xff, 0xff, 0xff, 0xff, 0xff, 
	0xff, 0xff, 0xff, 0xff, 0xff, 0xff, 0xff, 0xff, 
	0xff, 0xff, 0xff, 0xff, 0xff, 0xff, 0xff, 0xff, 
	0xff, 0xff, 0xff, 0xff, 0xff, 0xff, 0xff, 0xff, 
	0xff, 0xff, 0xff, 0xff, 0xff, 0xff, 0xff, 0xff, 
	0xff, 0xff, 0xff, 0xff, 0xff, 0xff, 0xff, 0xff, 
	0xff, 0xff, 0xff, 0xff, 0xff, 0xff, 0xff, 0xff, 
	0xff, 0xff, 0xff, 0xff, 0xff, 0xff, 0xff, 0xff, 
	0xff, 0xff, 0xff, 0xff, 0xff, 0xff, 0xff, 0xff, 
	0xff, 0xff, 0xff, 0xff, 0xff, 0xff, 0xff, 0xff, 
	0xff, 0xff, 0xff, 0xff, 0xff, 0xff, 0xff, 0xff, 
	0xff, 0xff, 0xff, 0xff, 0xff, 0xff, 0xff, 0xff, 
	0xff, 0xff, 0xff, 0xff, 0xff, 0xff, 0xff, 0xff, 
	0xff, 0xff, 0xff, 0xff, 0xff, 0xff, 0xff, 0xff, 
	0xff, 0xff, 0xff, 0xff, 0xff, 0xff, 0xff, 0xff, 
	
};

Gfx wf_dl_tile_5_1_ci8_aligner[] = {gsSPEndDisplayList()};
u8 wf_dl_tile_5_1_ci8[] = {
	0x00, 0x00, 0x00, 0x00, 0x00, 0x00, 0x00, 0x00, 
	0x00, 0x00, 0x00, 0x00, 0x00, 0x00, 0x00, 0x00, 
	0x00, 0x00, 0x00, 0x00, 0x00, 0x00, 0x00, 0x00, 
	0x00, 0x00, 0x00, 0x00, 0x00, 0x00, 0x00, 0x00, 
	0x00, 0x00, 0x00, 0x00, 0x00, 0x00, 0x00, 0x00, 
	0x00, 0x00, 0x00, 0x00, 0x00, 0x00, 0x00, 0x00, 
	0x00, 0x00, 0x00, 0x00, 0x00, 0x00, 0x00, 0x00, 
	0x00, 0x00, 0x00, 0x00, 0x00, 0x00, 0x00, 0x00, 
	0x00, 0x00, 0x00, 0x00, 0x00, 0x00, 0x00, 0x00, 
	0x00, 0x00, 0x00, 0x00, 0x00, 0x00, 0x00, 0x00, 
	0x00, 0x00, 0x00, 0x00, 0x00, 0x00, 0x00, 0x00, 
	0x00, 0x00, 0x00, 0x00, 0x00, 0x00, 0x00, 0x00, 
	0x00, 0x00, 0x00, 0x00, 0x00, 0x00, 0x00, 0x00, 
	0x00, 0x00, 0x00, 0x00, 0x00, 0x00, 0x00, 0x00, 
	0x00, 0x00, 0x00, 0x00, 0x00, 0x00, 0x00, 0x00, 
	0x00, 0x00, 0x00, 0x00, 0x00, 0x00, 0x00, 0x00, 
	0x00, 0x00, 0x00, 0x00, 0x00, 0x00, 0x00, 0x00, 
	0x00, 0x00, 0x00, 0x00, 0x00, 0x00, 0x00, 0x00, 
	0x00, 0x00, 0x00, 0x00, 0x00, 0x00, 0x00, 0x00, 
	0x00, 0x00, 0x00, 0x00, 0x00, 0x00, 0x00, 0x00, 
	0x01, 0x00, 0x00, 0x00, 0x00, 0x00, 0x00, 0x00, 
	0x00, 0x00, 0x00, 0x00, 0x00, 0x00, 0x00, 0x00, 
	0x00, 0x00, 0x00, 0x00, 0x00, 0x00, 0x00, 0x00, 
	0x00, 0x00, 0x00, 0x00, 0x00, 0x00, 0x00, 0x00, 
	0x02, 0x03, 0x00, 0x00, 0x00, 0x00, 0x00, 0x00, 
	0x00, 0x00, 0x00, 0x00, 0x00, 0x00, 0x00, 0x00, 
	0x00, 0x00, 0x00, 0x00, 0x00, 0x00, 0x00, 0x00, 
	0x00, 0x00, 0x00, 0x00, 0x00, 0x00, 0x00, 0x00, 
	0x04, 0x05, 0x00, 0x00, 0x00, 0x00, 0x00, 0x00, 
	0x00, 0x00, 0x00, 0x00, 0x00, 0x00, 0x00, 0x00, 
	0x00, 0x00, 0x00, 0x00, 0x00, 0x00, 0x00, 0x00, 
	0x00, 0x00, 0x00, 0x00, 0x00, 0x00, 0x00, 0x00, 
	0x06, 0x07, 0x08, 0x00, 0x00, 0x00, 0x00, 0x00, 
	0x00, 0x00, 0x00, 0x00, 0x00, 0x00, 0x00, 0x00, 
	0x00, 0x00, 0x00, 0x00, 0x00, 0x00, 0x00, 0x00, 
	0x00, 0x00, 0x00, 0x00, 0x00, 0x00, 0x00, 0x00, 
	0x09, 0x0a, 0x0b, 0x00, 0x00, 0x00, 0x00, 0x00, 
	0x00, 0x00, 0x00, 0x00, 0x00, 0x00, 0x00, 0x00, 
	0x00, 0x00, 0x00, 0x00, 0x00, 0x00, 0x00, 0x00, 
	0x00, 0x00, 0x00, 0x00, 0x00, 0x00, 0x00, 0x00, 
	0x0c, 0x06, 0x0d, 0x03, 0x00, 0x00, 0x00, 0x00, 
	0x00, 0x00, 0x00, 0x00, 0x00, 0x00, 0x00, 0x00, 
	0x00, 0x00, 0x00, 0x00, 0x00, 0x00, 0x00, 0x00, 
	0x00, 0x00, 0x00, 0x00, 0x00, 0x00, 0x00, 0x00, 
	0x0c, 0x0c, 0x0e, 0x0f, 0x00, 0x00, 0x00, 0x00, 
	0x00, 0x00, 0x00, 0x00, 0x00, 0x00, 0x00, 0x00, 
	0x00, 0x00, 0x00, 0x00, 0x00, 0x00, 0x00, 0x00, 
	0x00, 0x00, 0x00, 0x00, 0x00, 0x00, 0x00, 0x00, 
	0x0c, 0x0c, 0x06, 0x10, 0x00, 0x00, 0x00, 0x00, 
	0x00, 0x00, 0x00, 0x00, 0x00, 0x00, 0x00, 0x00, 
	0x00, 0x00, 0x00, 0x00, 0x00, 0x00, 0x00, 0x00, 
	0x00, 0x00, 0x00, 0x00, 0x00, 0x00, 0x00, 0x00, 
	0x09, 0x0c, 0x09, 0x11, 0x12, 0x00, 0x00, 0x00, 
	0x00, 0x00, 0x00, 0x00, 0x00, 0x00, 0x00, 0x00, 
	0x00, 0x00, 0x00, 0x00, 0x00, 0x00, 0x00, 0x00, 
	0x00, 0x00, 0x00, 0x00, 0x00, 0x00, 0x00, 0x00, 
	0x0c, 0x06, 0x06, 0x0a, 0x13, 0x00, 0x00, 0x00, 
	0x00, 0x00, 0x00, 0x00, 0x00, 0x00, 0x00, 0x00, 
	0x00, 0x00, 0x00, 0x00, 0x00, 0x00, 0x00, 0x00, 
	0x00, 0x00, 0x00, 0x00, 0x00, 0x00, 0x00, 0x00, 
	0x0c, 0x0c, 0x0c, 0x06, 0x14, 0x00, 0x00, 0x00, 
	0x00, 0x00, 0x00, 0x00, 0x00, 0x00, 0x00, 0x00, 
	0x00, 0x00, 0x00, 0x00, 0x00, 0x00, 0x00, 0x00, 
	0x00, 0x00, 0x00, 0x00, 0x00, 0x00, 0x00, 0x00, 
	0x0c, 0x0c, 0x06, 0x15, 0x11, 0x16, 0x00, 0x00, 
	0x00, 0x00, 0x00, 0x00, 0x00, 0x00, 0x00, 0x00, 
	0x00, 0x00, 0x00, 0x00, 0x00, 0x00, 0x00, 0x00, 
	0x00, 0x00, 0x00, 0x00, 0x00, 0x00, 0x00, 0x00, 
	0x0c, 0x17, 0x06, 0x06, 0x06, 0x18, 0x00, 0x00, 
	0x00, 0x00, 0x00, 0x00, 0x00, 0x00, 0x00, 0x00, 
	0x00, 0x00, 0x00, 0x00, 0x00, 0x00, 0x00, 0x00, 
	0x00, 0x00, 0x00, 0x00, 0x00, 0x00, 0x00, 0x00, 
	0x0c, 0x0c, 0x06, 0x09, 0x15, 0x19, 0x00, 0x00, 
	0x00, 0x00, 0x00, 0x00, 0x00, 0x00, 0x00, 0x00, 
	0x00, 0x00, 0x00, 0x00, 0x00, 0x00, 0x00, 0x00, 
	0x00, 0x00, 0x00, 0x00, 0x00, 0x00, 0x00, 0x00, 
	0x0c, 0x0c, 0x09, 0x06, 0x06, 0x1a, 0x03, 0x00, 
	0x00, 0x00, 0x00, 0x00, 0x00, 0x00, 0x00, 0x00, 
	0x00, 0x00, 0x00, 0x00, 0x00, 0x00, 0x00, 0x00, 
	0x00, 0x00, 0x00, 0x00, 0x00, 0x00, 0x00, 0x00, 
	0x0c, 0x0c, 0x06, 0x1b, 0x06, 0x04, 0x1c, 0x00, 
	0x00, 0x00, 0x00, 0x00, 0x00, 0x00, 0x00, 0x00, 
	0x00, 0x00, 0x00, 0x00, 0x00, 0x00, 0x00, 0x00, 
	0x00, 0x00, 0x00, 0x00, 0x00, 0x00, 0x00, 0x00, 
	0x0c, 0x0c, 0x0c, 0x09, 0x15, 0x06, 0x1d, 0x00, 
	0x00, 0x00, 0x00, 0x00, 0x00, 0x00, 0x00, 0x00, 
	0x00, 0x00, 0x00, 0x00, 0x00, 0x00, 0x00, 0x00, 
	0x00, 0x00, 0x00, 0x00, 0x00, 0x00, 0x00, 0x00, 
	0x0c, 0x06, 0x0c, 0x15, 0x0c, 0x06, 0x1e, 0x00, 
	0x00, 0x00, 0x00, 0x00, 0x00, 0x00, 0x00, 0x00, 
	0x00, 0x00, 0x00, 0x00, 0x00, 0x00, 0x00, 0x00, 
	0x00, 0x00, 0x00, 0x00, 0x00, 0x00, 0x00, 0x00, 
	0x06, 0x06, 0x06, 0x15, 0x06, 0x0c, 0x1f, 0x00, 
	0x00, 0x00, 0x00, 0x00, 0x00, 0x00, 0x00, 0x00, 
	0x00, 0x00, 0x00, 0x00, 0x00, 0x00, 0x00, 0x00, 
	0x00, 0x00, 0x00, 0x00, 0x00, 0x00, 0x00, 0x00, 
	0x15, 0x09, 0x06, 0x06, 0x06, 0x0c, 0x1a, 0x03, 
	0x00, 0x00, 0x00, 0x00, 0x00, 0x00, 0x00, 0x00, 
	0x00, 0x00, 0x00, 0x00, 0x00, 0x00, 0x00, 0x00, 
	0x00, 0x00, 0x00, 0x00, 0x00, 0x00, 0x00, 0x00, 
	0x09, 0x15, 0x09, 0x15, 0x06, 0x0c, 0x20, 0x21, 
	0x00, 0x00, 0x00, 0x00, 0x00, 0x00, 0x00, 0x00, 
	0x00, 0x00, 0x00, 0x00, 0x00, 0x00, 0x00, 0x00, 
	0x00, 0x00, 0x00, 0x00, 0x00, 0x00, 0x00, 0x00, 
	0x06, 0x15, 0x06, 0x06, 0x15, 0x0c, 0x22, 0x1c, 
	0x00, 0x00, 0x00, 0x00, 0x00, 0x00, 0x00, 0x00, 
	0x00, 0x00, 0x00, 0x00, 0x00, 0x00, 0x00, 0x00, 
	0x00, 0x00, 0x00, 0x00, 0x00, 0x00, 0x00, 0x00, 
	0x06, 0x06, 0x09, 0x06, 0x0c, 0x06, 0x06, 0x23, 
	0x00, 0x00, 0x00, 0x00, 0x00, 0x00, 0x00, 0x00, 
	0x00, 0x00, 0x00, 0x00, 0x00, 0x00, 0x00, 0x00, 
	0x00, 0x00, 0x00, 0x00, 0x00, 0x00, 0x00, 0x00, 
	0x06, 0x06, 0x15, 0x06, 0x0c, 0x06, 0x1b, 0x01, 
	0x00, 0x00, 0x00, 0x00, 0x00, 0x00, 0x00, 0x00, 
	0x00, 0x00, 0x00, 0x00, 0x00, 0x00, 0x00, 0x00, 
	0x00, 0x00, 0x00, 0x00, 0x00, 0x00, 0x00, 0x00, 
	0x06, 0x06, 0x06, 0x06, 0x06, 0x06, 0x04, 0x1c, 
	0x00, 0x00, 0x00, 0x00, 0x00, 0x00, 0x00, 0x00, 
	0x00, 0x00, 0x00, 0x00, 0x00, 0x00, 0x00, 0x00, 
	0x00, 0x00, 0x00, 0x00, 0x00, 0x00, 0x00, 0x00, 
	0x06, 0x06, 0x15, 0x15, 0x06, 0x06, 0x11, 0x24, 
	0x00, 0x00, 0x00, 0x00, 0x00, 0x00, 0x00, 0x00, 
	0x00, 0x00, 0x00, 0x00, 0x00, 0x00, 0x00, 0x00, 
	0x00, 0x00, 0x00, 0x00, 0x00, 0x00, 0x00, 0x00, 
	0x06, 0x06, 0x06, 0x09, 0x06, 0x06, 0x25, 0x26, 
	0x00, 0x00, 0x00, 0x00, 0x00, 0x00, 0x00, 0x00, 
	0x00, 0x00, 0x00, 0x00, 0x00, 0x00, 0x00, 0x00, 
	0x00, 0x00, 0x00, 0x00, 0x00, 0x00, 0x00, 0x00, 
	
};

Gfx wf_dl_tile_5_1_pal_rgba16_aligner[] = {gsSPEndDisplayList()};
u8 wf_dl_tile_5_1_pal_rgba16[] = {
	0xff, 0xff, 0xe6, 0xb3, 0xab, 0x17, 0xff, 0xbd, 
	0x80, 0xc5, 0xdd, 0xed, 0x80, 0x81, 0x92, 0x4f, 
	0xf7, 0x7b, 0x88, 0x83, 0x78, 0x81, 0xd5, 0x69, 
	0x88, 0x81, 0x92, 0x0f, 0x80, 0xc3, 0xde, 0x31, 
	0xa3, 0x17, 0x89, 0x47, 0xef, 0x37, 0xcd, 0x27, 
	0x9a, 0x91, 0x80, 0x41, 0xef, 0x39, 0x88, 0x41, 
	0xdd, 0xad, 0xab, 0x15, 0x91, 0xcb, 0x80, 0x83, 
	0xe6, 0xf5, 0xde, 0x2f, 0xb3, 0xdb, 0x9a, 0x0d, 
	0x81, 0x07, 0xee, 0xf7, 0x81, 0x05, 0xe6, 0x73, 
	0xf7, 0x39, 0x91, 0x8b, 0xff, 0xbb, 
};

Gfx wf_dl_tile_5_2_ci8_aligner[] = {gsSPEndDisplayList()};
u8 wf_dl_tile_5_2_ci8[] = {
	0x00, 0x00, 0x01, 0x01, 0x00, 0x00, 0x02, 0x03, 
	0x04, 0x04, 0x04, 0x04, 0x04, 0x04, 0x04, 0x04, 
	0x04, 0x04, 0x04, 0x04, 0x04, 0x04, 0x04, 0x04, 
	0x04, 0x04, 0x04, 0x04, 0x04, 0x04, 0x04, 0x04, 
	0x00, 0x00, 0x00, 0x05, 0x00, 0x00, 0x06, 0x07, 
	0x04, 0x04, 0x04, 0x04, 0x04, 0x04, 0x04, 0x04, 
	0x04, 0x04, 0x04, 0x04, 0x04, 0x04, 0x04, 0x04, 
	0x04, 0x04, 0x04, 0x04, 0x04, 0x04, 0x04, 0x04, 
	0x00, 0x01, 0x01, 0x01, 0x00, 0x00, 0x08, 0x04, 
	0x04, 0x04, 0x04, 0x04, 0x04, 0x04, 0x04, 0x04, 
	0x04, 0x04, 0x04, 0x04, 0x04, 0x04, 0x04, 0x04, 
	0x04, 0x04, 0x04, 0x04, 0x04, 0x04, 0x04, 0x04, 
	0x00, 0x00, 0x00, 0x01, 0x00, 0x00, 0x09, 0x04, 
	0x04, 0x04, 0x04, 0x04, 0x04, 0x04, 0x04, 0x04, 
	0x04, 0x04, 0x04, 0x04, 0x04, 0x04, 0x04, 0x04, 
	0x04, 0x04, 0x04, 0x04, 0x04, 0x04, 0x04, 0x04, 
	0x00, 0x00, 0x00, 0x01, 0x00, 0x00, 0x0a, 0x04, 
	0x04, 0x04, 0x04, 0x04, 0x04, 0x04, 0x04, 0x04, 
	0x04, 0x04, 0x04, 0x04, 0x04, 0x04, 0x04, 0x04, 
	0x04, 0x04, 0x04, 0x04, 0x04, 0x04, 0x04, 0x04, 
	0x00, 0x01, 0x00, 0x01, 0x00, 0x0b, 0x0c, 0x04, 
	0x04, 0x04, 0x04, 0x04, 0x04, 0x04, 0x04, 0x04, 
	0x04, 0x04, 0x04, 0x04, 0x04, 0x04, 0x04, 0x04, 
	0x04, 0x04, 0x04, 0x04, 0x04, 0x04, 0x04, 0x04, 
	0x00, 0x01, 0x01, 0x01, 0x00, 0x0d, 0x04, 0x04, 
	0x04, 0x04, 0x04, 0x04, 0x04, 0x04, 0x04, 0x04, 
	0x04, 0x04, 0x04, 0x04, 0x04, 0x04, 0x04, 0x04, 
	0x04, 0x04, 0x04, 0x04, 0x04, 0x04, 0x04, 0x04, 
	0x00, 0x01, 0x01, 0x01, 0x0e, 0x0f, 0x04, 0x04, 
	0x04, 0x04, 0x04, 0x04, 0x04, 0x04, 0x04, 0x04, 
	0x04, 0x04, 0x04, 0x04, 0x04, 0x04, 0x04, 0x04, 
	0x04, 0x04, 0x04, 0x04, 0x04, 0x04, 0x04, 0x04, 
	0x01, 0x01, 0x00, 0x00, 0x10, 0x11, 0x04, 0x04, 
	0x04, 0x04, 0x04, 0x04, 0x04, 0x04, 0x04, 0x04, 
	0x04, 0x04, 0x04, 0x04, 0x04, 0x04, 0x04, 0x04, 
	0x04, 0x04, 0x04, 0x04, 0x04, 0x04, 0x04, 0x04, 
	0x12, 0x00, 0x00, 0x00, 0x13, 0x04, 0x04, 0x04, 
	0x04, 0x04, 0x04, 0x04, 0x04, 0x04, 0x04, 0x04, 
	0x04, 0x04, 0x04, 0x04, 0x04, 0x04, 0x04, 0x04, 
	0x04, 0x04, 0x04, 0x04, 0x04, 0x04, 0x04, 0x04, 
	0x14, 0x15, 0x00, 0x16, 0x17, 0x04, 0x04, 0x04, 
	0x04, 0x04, 0x04, 0x04, 0x04, 0x04, 0x04, 0x04, 
	0x04, 0x04, 0x04, 0x04, 0x04, 0x04, 0x04, 0x04, 
	0x04, 0x04, 0x04, 0x04, 0x04, 0x04, 0x04, 0x04, 
	0x14, 0x15, 0x18, 0x13, 0x04, 0x04, 0x04, 0x04, 
	0x04, 0x04, 0x04, 0x04, 0x04, 0x04, 0x04, 0x04, 
	0x04, 0x04, 0x04, 0x04, 0x04, 0x04, 0x04, 0x04, 
	0x04, 0x04, 0x04, 0x04, 0x04, 0x04, 0x04, 0x04, 
	0x19, 0x15, 0x1a, 0x1b, 0x1c, 0x1d, 0x0c, 0x04, 
	0x04, 0x04, 0x04, 0x04, 0x04, 0x04, 0x04, 0x04, 
	0x04, 0x04, 0x04, 0x04, 0x04, 0x04, 0x04, 0x04, 
	0x04, 0x04, 0x04, 0x04, 0x04, 0x04, 0x04, 0x04, 
	0x1e, 0x1f, 0x20, 0x21, 0x22, 0x23, 0x24, 0x25, 
	0x26, 0x04, 0x04, 0x04, 0x04, 0x04, 0x04, 0x04, 
	0x04, 0x04, 0x04, 0x04, 0x04, 0x04, 0x04, 0x04, 
	0x04, 0x04, 0x04, 0x04, 0x04, 0x04, 0x04, 0x04, 
	0x27, 0x28, 0x21, 0x29, 0x23, 0x2a, 0x2a, 0x2b, 
	0x2c, 0x04, 0x04, 0x04, 0x04, 0x04, 0x04, 0x04, 
	0x04, 0x04, 0x04, 0x04, 0x04, 0x04, 0x04, 0x04, 
	0x04, 0x04, 0x04, 0x04, 0x04, 0x04, 0x04, 0x04, 
	0x2d, 0x2e, 0x2f, 0x23, 0x2a, 0x2a, 0x30, 0x30, 
	0x31, 0x0c, 0x04, 0x04, 0x04, 0x04, 0x04, 0x04, 
	0x04, 0x04, 0x04, 0x04, 0x04, 0x04, 0x04, 0x04, 
	0x04, 0x04, 0x04, 0x04, 0x04, 0x04, 0x04, 0x04, 
	0x32, 0x2f, 0x29, 0x33, 0x34, 0x34, 0x35, 0x36, 
	0x2b, 0x37, 0x04, 0x04, 0x04, 0x04, 0x04, 0x04, 
	0x04, 0x04, 0x04, 0x04, 0x04, 0x04, 0x04, 0x04, 
	0x04, 0x04, 0x04, 0x04, 0x04, 0x04, 0x04, 0x04, 
	0x38, 0x29, 0x39, 0x3a, 0x34, 0x2a, 0x39, 0x2a, 
	0x30, 0x31, 0x11, 0x04, 0x04, 0x04, 0x04, 0x04, 
	0x04, 0x04, 0x04, 0x04, 0x04, 0x04, 0x04, 0x04, 
	0x04, 0x04, 0x04, 0x04, 0x04, 0x04, 0x04, 0x04, 
	0x29, 0x3b, 0x2a, 0x2a, 0x23, 0x23, 0x23, 0x39, 
	0x2a, 0x3c, 0x3d, 0x04, 0x04, 0x04, 0x04, 0x04, 
	0x04, 0x04, 0x04, 0x04, 0x04, 0x04, 0x04, 0x04, 
	0x04, 0x04, 0x04, 0x04, 0x04, 0x04, 0x04, 0x04, 
	0x29, 0x2a, 0x33, 0x23, 0x23, 0x23, 0x29, 0x29, 
	0x39, 0x2b, 0x0a, 0x04, 0x04, 0x04, 0x04, 0x04, 
	0x04, 0x04, 0x04, 0x04, 0x04, 0x04, 0x04, 0x04, 
	0x04, 0x04, 0x04, 0x04, 0x04, 0x04, 0x04, 0x04, 
	0x33, 0x2a, 0x23, 0x23, 0x23, 0x23, 0x23, 0x3e, 
	0x3f, 0x35, 0x40, 0x04, 0x04, 0x04, 0x04, 0x04, 
	0x04, 0x04, 0x04, 0x04, 0x04, 0x04, 0x04, 0x04, 
	0x04, 0x04, 0x04, 0x04, 0x04, 0x04, 0x04, 0x04, 
	0x2a, 0x23, 0x23, 0x23, 0x23, 0x39, 0x23, 0x3e, 
	0x29, 0x2a, 0x41, 0x04, 0x04, 0x04, 0x04, 0x04, 
	0x04, 0x04, 0x04, 0x04, 0x04, 0x04, 0x04, 0x04, 
	0x04, 0x04, 0x04, 0x04, 0x04, 0x04, 0x04, 0x04, 
	0x23, 0x23, 0x23, 0x23, 0x39, 0x3f, 0x23, 0x29, 
	0x2f, 0x39, 0x42, 0x04, 0x04, 0x04, 0x04, 0x04, 
	0x04, 0x04, 0x04, 0x04, 0x04, 0x04, 0x04, 0x04, 
	0x04, 0x04, 0x04, 0x04, 0x04, 0x04, 0x04, 0x04, 
	0x43, 0x38, 0x44, 0x23, 0x39, 0x45, 0x39, 0x29, 
	0x2f, 0x46, 0x41, 0x04, 0x04, 0x04, 0x04, 0x04, 
	0x04, 0x04, 0x04, 0x04, 0x04, 0x04, 0x04, 0x04, 
	0x04, 0x04, 0x04, 0x04, 0x04, 0x04, 0x04, 0x04, 
	0x38, 0x38, 0x38, 0x22, 0x23, 0x39, 0x23, 0x23, 
	0x29, 0x39, 0x47, 0x04, 0x04, 0x04, 0x04, 0x04, 
	0x04, 0x04, 0x04, 0x04, 0x04, 0x04, 0x04, 0x04, 
	0x04, 0x04, 0x04, 0x04, 0x04, 0x04, 0x04, 0x04, 
	0x48, 0x49, 0x48, 0x4a, 0x29, 0x39, 0x2a, 0x29, 
	0x3b, 0x2a, 0x4b, 0x04, 0x04, 0x04, 0x04, 0x04, 
	0x04, 0x04, 0x04, 0x04, 0x04, 0x04, 0x04, 0x04, 
	0x04, 0x04, 0x04, 0x04, 0x04, 0x04, 0x04, 0x04, 
	0x4c, 0x38, 0x48, 0x38, 0x29, 0x23, 0x2a, 0x3b, 
	0x29, 0x2a, 0x4d, 0x04, 0x04, 0x04, 0x04, 0x04, 
	0x04, 0x04, 0x04, 0x04, 0x04, 0x04, 0x04, 0x04, 
	0x04, 0x04, 0x04, 0x04, 0x04, 0x04, 0x04, 0x04, 
	0x38, 0x38, 0x21, 0x38, 0x29, 0x39, 0x39, 0x4e, 
	0x3b, 0x2a, 0x4f, 0x04, 0x04, 0x04, 0x04, 0x04, 
	0x04, 0x04, 0x04, 0x04, 0x04, 0x04, 0x04, 0x04, 
	0x04, 0x04, 0x04, 0x04, 0x04, 0x04, 0x04, 0x04, 
	0x2f, 0x21, 0x50, 0x51, 0x23, 0x52, 0x3b, 0x3b, 
	0x23, 0x3c, 0x53, 0x04, 0x04, 0x04, 0x04, 0x04, 
	0x04, 0x04, 0x04, 0x04, 0x04, 0x04, 0x04, 0x04, 
	0x04, 0x04, 0x04, 0x04, 0x04, 0x04, 0x04, 0x04, 
	0x38, 0x4a, 0x54, 0x55, 0x3b, 0x3f, 0x3b, 0x23, 
	0x39, 0x56, 0x57, 0x04, 0x04, 0x04, 0x04, 0x04, 
	0x04, 0x04, 0x04, 0x04, 0x04, 0x04, 0x04, 0x04, 
	0x04, 0x04, 0x04, 0x04, 0x04, 0x04, 0x04, 0x04, 
	0x38, 0x21, 0x21, 0x22, 0x3f, 0x3b, 0x23, 0x3f, 
	0x3a, 0x37, 0x04, 0x04, 0x04, 0x04, 0x04, 0x04, 
	0x04, 0x04, 0x04, 0x04, 0x04, 0x04, 0x04, 0x04, 
	0x04, 0x04, 0x04, 0x04, 0x04, 0x04, 0x04, 0x04, 
	0x21, 0x55, 0x38, 0x3e, 0x3f, 0x39, 0x23, 0x39, 
	0x3a, 0x58, 0x04, 0x04, 0x04, 0x04, 0x04, 0x04, 
	0x04, 0x04, 0x04, 0x04, 0x04, 0x04, 0x04, 0x04, 
	0x04, 0x04, 0x04, 0x04, 0x04, 0x04, 0x04, 0x04, 
	
};

Gfx wf_dl_tile_5_2_pal_rgba16_aligner[] = {gsSPEndDisplayList()};
u8 wf_dl_tile_5_2_pal_rgba16[] = {
	0x80, 0x81, 0x80, 0x41, 0x89, 0x47, 0xf7, 0x39, 
	0xff, 0xff, 0x88, 0x83, 0x91, 0x8b, 0xff, 0xbb, 
	0x9a, 0x0d, 0xbb, 0xdd, 0xde, 0x2f, 0x89, 0x07, 
	0xef, 0x37, 0xa2, 0x91, 0x80, 0x83, 0xd5, 0xa9, 
	0x91, 0xcb, 0xf7, 0x7b, 0x78, 0x41, 0xcc, 0xe5, 
	0x70, 0x81, 0x78, 0x81, 0x89, 0x8b, 0xf7, 0x79, 
	0x78, 0x83, 0x70, 0x41, 0x79, 0x07, 0xc5, 0x25, 
	0xbd, 0x69, 0xcd, 0xed, 0x60, 0x83, 0x71, 0x45, 
	0x7a, 0x09, 0x82, 0x8d, 0x8a, 0xcf, 0x9b, 0x11, 
	0xab, 0xd9, 0xd5, 0xeb, 0xff, 0xbd, 0x61, 0x87, 
	0x72, 0x0b, 0x93, 0x11, 0xa3, 0x53, 0xab, 0x97, 
	0xd6, 0x2d, 0x6a, 0x09, 0x7a, 0x8d, 0x92, 0xcf, 
	0xab, 0x95, 0xb4, 0x1b, 0x72, 0x4d, 0xa3, 0x51, 
	0xab, 0x53, 0xa3, 0x95, 0xab, 0x55, 0xcd, 0x67, 
	0x8a, 0x8d, 0x9b, 0x53, 0xa3, 0x55, 0x93, 0x13, 
	0xab, 0xd7, 0xe6, 0xf7, 0x92, 0xd1, 0x9b, 0x13, 
	0xc5, 0x23, 0xb4, 0x9f, 0xb4, 0x5f, 0x92, 0x8d, 
	0x8a, 0xd1, 0x9b, 0x51, 0x9b, 0x55, 0xb4, 0x5d, 
	0x82, 0x4b, 0x82, 0x4d, 0x8a, 0x8f, 0xbc, 0x9f, 
	0x8a, 0x8b, 0xcd, 0x65, 0x93, 0x53, 0xe6, 0xb3, 
	0x7a, 0x4d, 0x82, 0xcf, 0xa3, 0x11, 0xef, 0x39, 
	0x7a, 0x4b, 0x82, 0x8f, 0xac, 0x1b, 0xff, 0xfd, 
	0xee, 0xf5, 
};

Gfx wf_dl_tile_5_3_ci8_aligner[] = {gsSPEndDisplayList()};
u8 wf_dl_tile_5_3_ci8[] = {
	0x00, 0x01, 0x01, 0x02, 0x03, 0x04, 0x05, 0x03, 
	0x06, 0x07, 0x08, 0x08, 0x08, 0x08, 0x08, 0x08, 
	0x08, 0x08, 0x08, 0x08, 0x08, 0x08, 0x08, 0x08, 
	0x08, 0x08, 0x08, 0x08, 0x08, 0x08, 0x08, 0x08, 
	0x01, 0x09, 0x00, 0x0a, 0x03, 0x0b, 0x05, 0x0b, 
	0x06, 0x0c, 0x08, 0x08, 0x08, 0x08, 0x08, 0x08, 
	0x08, 0x08, 0x08, 0x08, 0x08, 0x08, 0x08, 0x08, 
	0x08, 0x08, 0x08, 0x08, 0x08, 0x08, 0x08, 0x08, 
	0x0d, 0x01, 0x00, 0x0a, 0x0e, 0x05, 0x0b, 0x0f, 
	0x10, 0x11, 0x08, 0x08, 0x08, 0x08, 0x08, 0x08, 
	0x08, 0x08, 0x08, 0x08, 0x08, 0x08, 0x08, 0x08, 
	0x08, 0x08, 0x08, 0x08, 0x08, 0x08, 0x08, 0x08, 
	0x01, 0x00, 0x0d, 0x12, 0x05, 0x0b, 0x0f, 0x0f, 
	0x13, 0x08, 0x08, 0x08, 0x08, 0x08, 0x08, 0x08, 
	0x08, 0x08, 0x08, 0x08, 0x08, 0x08, 0x08, 0x08, 
	0x08, 0x08, 0x08, 0x08, 0x08, 0x08, 0x08, 0x08, 
	0x09, 0x09, 0x02, 0x0a, 0x05, 0x0f, 0x0f, 0x14, 
	0x15, 0x08, 0x08, 0x08, 0x08, 0x08, 0x08, 0x08, 
	0x08, 0x08, 0x08, 0x08, 0x08, 0x08, 0x08, 0x08, 
	0x08, 0x08, 0x08, 0x08, 0x08, 0x08, 0x08, 0x08, 
	0x16, 0x12, 0x12, 0x0e, 0x17, 0x18, 0x19, 0x1a, 
	0x08, 0x08, 0x08, 0x08, 0x08, 0x08, 0x08, 0x08, 
	0x08, 0x08, 0x08, 0x08, 0x08, 0x08, 0x08, 0x08, 
	0x08, 0x08, 0x08, 0x08, 0x08, 0x08, 0x08, 0x08, 
	0x0e, 0x12, 0x0e, 0x03, 0x17, 0x0f, 0x1b, 0x1c, 
	0x08, 0x08, 0x08, 0x08, 0x08, 0x08, 0x08, 0x08, 
	0x08, 0x08, 0x08, 0x08, 0x08, 0x08, 0x08, 0x08, 
	0x08, 0x08, 0x08, 0x08, 0x08, 0x08, 0x08, 0x08, 
	0x0e, 0x04, 0x04, 0x0b, 0x0f, 0x1d, 0x1e, 0x08, 
	0x08, 0x08, 0x08, 0x08, 0x08, 0x08, 0x08, 0x08, 
	0x08, 0x08, 0x08, 0x08, 0x08, 0x08, 0x08, 0x08, 
	0x08, 0x08, 0x08, 0x08, 0x08, 0x08, 0x08, 0x08, 
	0x18, 0x0b, 0x0f, 0x0f, 0x1f, 0x20, 0x11, 0x08, 
	0x08, 0x08, 0x08, 0x08, 0x08, 0x08, 0x08, 0x08, 
	0x08, 0x08, 0x08, 0x08, 0x08, 0x08, 0x08, 0x08, 
	0x08, 0x08, 0x08, 0x08, 0x08, 0x08, 0x08, 0x08, 
	0x0f, 0x0f, 0x06, 0x21, 0x22, 0x23, 0x08, 0x08, 
	0x08, 0x08, 0x08, 0x08, 0x08, 0x08, 0x08, 0x08, 
	0x08, 0x08, 0x08, 0x08, 0x08, 0x08, 0x08, 0x08, 
	0x08, 0x08, 0x08, 0x08, 0x08, 0x08, 0x08, 0x08, 
	0x0f, 0x0f, 0x1f, 0x1f, 0x24, 0x08, 0x08, 0x08, 
	0x08, 0x08, 0x08, 0x08, 0x08, 0x08, 0x08, 0x08, 
	0x08, 0x08, 0x08, 0x08, 0x08, 0x08, 0x08, 0x08, 
	0x08, 0x08, 0x08, 0x08, 0x08, 0x08, 0x08, 0x08, 
	0x21, 0x21, 0x19, 0x25, 0x08, 0x08, 0x08, 0x08, 
	0x08, 0x08, 0x08, 0x08, 0x08, 0x08, 0x08, 0x08, 
	0x08, 0x08, 0x08, 0x08, 0x08, 0x08, 0x08, 0x08, 
	0x08, 0x08, 0x08, 0x08, 0x08, 0x08, 0x08, 0x08, 
	0x0f, 0x19, 0x26, 0x11, 0x08, 0x08, 0x08, 0x08, 
	0x08, 0x08, 0x08, 0x08, 0x08, 0x08, 0x08, 0x08, 
	0x08, 0x08, 0x08, 0x08, 0x08, 0x08, 0x08, 0x08, 
	0x08, 0x08, 0x08, 0x08, 0x08, 0x08, 0x08, 0x08, 
	0x27, 0x28, 0x29, 0x08, 0x08, 0x08, 0x08, 0x08, 
	0x08, 0x08, 0x08, 0x08, 0x08, 0x08, 0x08, 0x08, 
	0x08, 0x08, 0x08, 0x08, 0x08, 0x08, 0x08, 0x08, 
	0x08, 0x08, 0x08, 0x08, 0x08, 0x08, 0x08, 0x08, 
	0x15, 0x08, 0x08, 0x08, 0x08, 0x08, 0x08, 0x08, 
	0x08, 0x08, 0x08, 0x08, 0x08, 0x08, 0x08, 0x08, 
	0x08, 0x08, 0x08, 0x08, 0x08, 0x08, 0x08, 0x08, 
	0x08, 0x08, 0x08, 0x08, 0x08, 0x08, 0x08, 0x08, 
	0x08, 0x08, 0x08, 0x08, 0x08, 0x08, 0x08, 0x08, 
	0x08, 0x08, 0x08, 0x08, 0x08, 0x08, 0x08, 0x08, 
	0x08, 0x08, 0x08, 0x08, 0x08, 0x08, 0x08, 0x08, 
	0x08, 0x08, 0x08, 0x08, 0x08, 0x08, 0x08, 0x08, 
	0x08, 0x08, 0x08, 0x08, 0x08, 0x08, 0x08, 0x08, 
	0x08, 0x08, 0x08, 0x08, 0x08, 0x08, 0x08, 0x08, 
	0x08, 0x08, 0x08, 0x08, 0x08, 0x08, 0x08, 0x08, 
	0x08, 0x08, 0x08, 0x08, 0x08, 0x08, 0x08, 0x08, 
	0x08, 0x08, 0x08, 0x08, 0x08, 0x08, 0x08, 0x08, 
	0x08, 0x08, 0x08, 0x08, 0x08, 0x08, 0x08, 0x08, 
	0x08, 0x08, 0x08, 0x08, 0x08, 0x08, 0x08, 0x08, 
	0x08, 0x08, 0x08, 0x08, 0x08, 0x08, 0x08, 0x08, 
	0x08, 0x08, 0x08, 0x08, 0x08, 0x08, 0x08, 0x08, 
	0x08, 0x08, 0x08, 0x08, 0x08, 0x08, 0x08, 0x08, 
	0x08, 0x08, 0x08, 0x08, 0x08, 0x08, 0x08, 0x08, 
	0x08, 0x08, 0x08, 0x08, 0x08, 0x08, 0x08, 0x08, 
	0x08, 0x08, 0x08, 0x08, 0x08, 0x08, 0x08, 0x08, 
	0x08, 0x08, 0x08, 0x08, 0x08, 0x08, 0x08, 0x08, 
	0x08, 0x08, 0x08, 0x08, 0x08, 0x08, 0x08, 0x08, 
	0x08, 0x08, 0x08, 0x08, 0x08, 0x08, 0x08, 0x08, 
	0x08, 0x08, 0x08, 0x08, 0x08, 0x08, 0x08, 0x08, 
	0x08, 0x08, 0x08, 0x08, 0x08, 0x08, 0x08, 0x08, 
	0x08, 0x08, 0x08, 0x08, 0x08, 0x08, 0x08, 0x08, 
	0x08, 0x08, 0x08, 0x08, 0x08, 0x08, 0x08, 0x08, 
	0x08, 0x08, 0x08, 0x08, 0x08, 0x08, 0x08, 0x08, 
	0x08, 0x08, 0x08, 0x08, 0x08, 0x08, 0x08, 0x08, 
	0x08, 0x08, 0x08, 0x08, 0x08, 0x08, 0x08, 0x08, 
	0x08, 0x08, 0x08, 0x08, 0x08, 0x08, 0x08, 0x08, 
	0x08, 0x08, 0x08, 0x08, 0x08, 0x08, 0x08, 0x08, 
	0x08, 0x08, 0x08, 0x08, 0x08, 0x08, 0x08, 0x08, 
	0x08, 0x08, 0x08, 0x08, 0x08, 0x08, 0x08, 0x08, 
	0x08, 0x08, 0x08, 0x08, 0x08, 0x08, 0x08, 0x08, 
	0x08, 0x08, 0x08, 0x08, 0x08, 0x08, 0x08, 0x08, 
	0x08, 0x08, 0x08, 0x08, 0x08, 0x08, 0x08, 0x08, 
	0x08, 0x08, 0x08, 0x08, 0x08, 0x08, 0x08, 0x08, 
	0x08, 0x08, 0x08, 0x08, 0x08, 0x08, 0x08, 0x08, 
	0x08, 0x08, 0x08, 0x08, 0x08, 0x08, 0x08, 0x08, 
	0x08, 0x08, 0x08, 0x08, 0x08, 0x08, 0x08, 0x08, 
	0x08, 0x08, 0x08, 0x08, 0x08, 0x08, 0x08, 0x08, 
	0x08, 0x08, 0x08, 0x08, 0x08, 0x08, 0x08, 0x08, 
	0x08, 0x08, 0x08, 0x08, 0x08, 0x08, 0x08, 0x08, 
	0x08, 0x08, 0x08, 0x08, 0x08, 0x08, 0x08, 0x08, 
	0x08, 0x08, 0x08, 0x08, 0x08, 0x08, 0x08, 0x08, 
	0x08, 0x08, 0x08, 0x08, 0x08, 0x08, 0x08, 0x08, 
	0x08, 0x08, 0x08, 0x08, 0x08, 0x08, 0x08, 0x08, 
	0x08, 0x08, 0x08, 0x08, 0x08, 0x08, 0x08, 0x08, 
	0x08, 0x08, 0x08, 0x08, 0x08, 0x08, 0x08, 0x08, 
	0x08, 0x08, 0x08, 0x08, 0x08, 0x08, 0x08, 0x08, 
	0x08, 0x08, 0x08, 0x08, 0x08, 0x08, 0x08, 0x08, 
	0x08, 0x08, 0x08, 0x08, 0x08, 0x08, 0x08, 0x08, 
	0x08, 0x08, 0x08, 0x08, 0x08, 0x08, 0x08, 0x08, 
	0x08, 0x08, 0x08, 0x08, 0x08, 0x08, 0x08, 0x08, 
	0x08, 0x08, 0x08, 0x08, 0x08, 0x08, 0x08, 0x08, 
	0x08, 0x08, 0x08, 0x08, 0x08, 0x08, 0x08, 0x08, 
	0x08, 0x08, 0x08, 0x08, 0x08, 0x08, 0x08, 0x08, 
	0x08, 0x08, 0x08, 0x08, 0x08, 0x08, 0x08, 0x08, 
	0x08, 0x08, 0x08, 0x08, 0x08, 0x08, 0x08, 0x08, 
	0x08, 0x08, 0x08, 0x08, 0x08, 0x08, 0x08, 0x08, 
	0x08, 0x08, 0x08, 0x08, 0x08, 0x08, 0x08, 0x08, 
	0x08, 0x08, 0x08, 0x08, 0x08, 0x08, 0x08, 0x08, 
	0x08, 0x08, 0x08, 0x08, 0x08, 0x08, 0x08, 0x08, 
	0x08, 0x08, 0x08, 0x08, 0x08, 0x08, 0x08, 0x08, 
	0x08, 0x08, 0x08, 0x08, 0x08, 0x08, 0x08, 0x08, 
	0x08, 0x08, 0x08, 0x08, 0x08, 0x08, 0x08, 0x08, 
	0x08, 0x08, 0x08, 0x08, 0x08, 0x08, 0x08, 0x08, 
	0x08, 0x08, 0x08, 0x08, 0x08, 0x08, 0x08, 0x08, 
	0x08, 0x08, 0x08, 0x08, 0x08, 0x08, 0x08, 0x08, 
	0x08, 0x08, 0x08, 0x08, 0x08, 0x08, 0x08, 0x08, 
	
};

Gfx wf_dl_tile_5_3_pal_rgba16_aligner[] = {gsSPEndDisplayList()};
u8 wf_dl_tile_5_3_pal_rgba16[] = {
	0x8a, 0x8d, 0x82, 0x8d, 0x8a, 0xcf, 0x9b, 0x13, 
	0x93, 0x13, 0x9b, 0x11, 0xa3, 0x55, 0xcd, 0x67, 
	0xff, 0xff, 0x82, 0x8f, 0x92, 0xd1, 0x9b, 0x53, 
	0xee, 0xf5, 0x8a, 0x8f, 0x93, 0x11, 0xa3, 0x53, 
	0xb4, 0x5b, 0xff, 0xbd, 0x92, 0xcf, 0xde, 0x2d, 
	0xb3, 0xd9, 0xf7, 0x7b, 0x82, 0xcf, 0x9b, 0x51, 
	0xa3, 0x51, 0xab, 0x95, 0xd5, 0xab, 0xab, 0xd9, 
	0xf7, 0xbb, 0xab, 0x97, 0xde, 0x2f, 0xa3, 0x95, 
	0xb4, 0xa1, 0xab, 0x53, 0xab, 0xd7, 0xee, 0xf7, 
	0xd5, 0xed, 0xc5, 0x67, 0xc4, 0xe3, 0xa3, 0x97, 
	0xcd, 0xeb, 0xff, 0xfd, 
};

Gfx wf_dl_tile_5_4_ci8_aligner[] = {gsSPEndDisplayList()};
u8 wf_dl_tile_5_4_ci8[] = {
	0x00, 0x00, 0x00, 0x00, 0x00, 0x00, 0x00, 0x00, 
	0x00, 0x00, 0x00, 0x00, 0x00, 0x00, 0x00, 0x00, 
	0x00, 0x00, 0x00, 0x00, 0x00, 0x00, 0x00, 0x00, 
	0x00, 0x00, 0x00, 0x00, 0x00, 0x00, 0x00, 0x00, 
	0x00, 0x00, 0x00, 0x00, 0x00, 0x00, 0x00, 0x00, 
	0x00, 0x00, 0x00, 0x00, 0x00, 0x00, 0x00, 0x00, 
	0x00, 0x00, 0x00, 0x00, 0x00, 0x00, 0x00, 0x00, 
	0x00, 0x00, 0x00, 0x00, 0x00, 0x00, 0x00, 0x00, 
	0x00, 0x00, 0x00, 0x00, 0x00, 0x00, 0x00, 0x00, 
	0x00, 0x00, 0x00, 0x00, 0x00, 0x00, 0x00, 0x00, 
	0x00, 0x00, 0x00, 0x00, 0x00, 0x00, 0x00, 0x00, 
	0x00, 0x00, 0x00, 0x00, 0x00, 0x00, 0x00, 0x00, 
	0x00, 0x00, 0x00, 0x00, 0x00, 0x00, 0x00, 0x00, 
	0x00, 0x00, 0x00, 0x00, 0x00, 0x00, 0x00, 0x00, 
	0x00, 0x00, 0x00, 0x00, 0x00, 0x00, 0x00, 0x00, 
	0x00, 0x00, 0x00, 0x00, 0x00, 0x00, 0x00, 0x00, 
	0x00, 0x00, 0x00, 0x00, 0x00, 0x00, 0x00, 0x00, 
	0x00, 0x00, 0x00, 0x00, 0x00, 0x00, 0x00, 0x00, 
	0x00, 0x00, 0x00, 0x00, 0x00, 0x00, 0x00, 0x00, 
	0x00, 0x00, 0x00, 0x00, 0x00, 0x00, 0x00, 0x00, 
	0x00, 0x00, 0x00, 0x00, 0x00, 0x00, 0x00, 0x00, 
	0x00, 0x00, 0x00, 0x00, 0x00, 0x00, 0x00, 0x00, 
	0x00, 0x00, 0x00, 0x00, 0x00, 0x00, 0x00, 0x00, 
	0x00, 0x00, 0x00, 0x00, 0x00, 0x00, 0x00, 0x00, 
	0x00, 0x00, 0x00, 0x00, 0x00, 0x00, 0x00, 0x00, 
	0x00, 0x00, 0x00, 0x00, 0x00, 0x00, 0x00, 0x00, 
	0x00, 0x00, 0x00, 0x00, 0x00, 0x00, 0x00, 0x00, 
	0x00, 0x00, 0x00, 0x00, 0x00, 0x00, 0x00, 0x00, 
	0x00, 0x00, 0x00, 0x00, 0x00, 0x00, 0x00, 0x00, 
	0x00, 0x00, 0x00, 0x00, 0x00, 0x00, 0x00, 0x00, 
	0x00, 0x00, 0x00, 0x00, 0x00, 0x00, 0x00, 0x00, 
	0x00, 0x00, 0x00, 0x00, 0x00, 0x00, 0x00, 0x00, 
	0x00, 0x00, 0x00, 0x00, 0x00, 0x00, 0x00, 0x00, 
	0x00, 0x00, 0x00, 0x00, 0x00, 0x00, 0x00, 0x00, 
	0x00, 0x00, 0x00, 0x00, 0x00, 0x00, 0x00, 0x00, 
	0x00, 0x00, 0x00, 0x00, 0x00, 0x00, 0x00, 0x00, 
	0x00, 0x00, 0x00, 0x00, 0x00, 0x00, 0x00, 0x00, 
	0x00, 0x00, 0x00, 0x00, 0x00, 0x00, 0x00, 0x00, 
	0x00, 0x00, 0x00, 0x00, 0x00, 0x00, 0x00, 0x00, 
	0x00, 0x00, 0x00, 0x00, 0x00, 0x00, 0x00, 0x00, 
	0x00, 0x00, 0x00, 0x00, 0x00, 0x00, 0x00, 0x00, 
	0x00, 0x00, 0x00, 0x00, 0x00, 0x00, 0x00, 0x00, 
	0x00, 0x00, 0x00, 0x00, 0x00, 0x00, 0x00, 0x00, 
	0x00, 0x00, 0x00, 0x00, 0x00, 0x00, 0x00, 0x00, 
	0x00, 0x00, 0x00, 0x00, 0x00, 0x00, 0x00, 0x00, 
	0x00, 0x00, 0x00, 0x00, 0x00, 0x00, 0x00, 0x00, 
	0x00, 0x00, 0x00, 0x00, 0x00, 0x00, 0x00, 0x00, 
	0x00, 0x00, 0x00, 0x00, 0x00, 0x00, 0x00, 0x00, 
	0x00, 0x00, 0x00, 0x00, 0x00, 0x00, 0x00, 0x00, 
	0x00, 0x00, 0x00, 0x00, 0x00, 0x00, 0x00, 0x00, 
	0x00, 0x00, 0x00, 0x00, 0x00, 0x00, 0x00, 0x00, 
	0x00, 0x00, 0x00, 0x00, 0x00, 0x00, 0x00, 0x00, 
	0x01, 0x00, 0x00, 0x00, 0x00, 0x00, 0x00, 0x00, 
	0x00, 0x00, 0x00, 0x00, 0x00, 0x00, 0x00, 0x00, 
	0x00, 0x00, 0x00, 0x00, 0x00, 0x00, 0x00, 0x00, 
	0x00, 0x00, 0x00, 0x00, 0x00, 0x00, 0x00, 0x00, 
	0x02, 0x03, 0x00, 0x00, 0x00, 0x00, 0x00, 0x00, 
	0x00, 0x00, 0x00, 0x00, 0x00, 0x00, 0x00, 0x00, 
	0x00, 0x00, 0x00, 0x00, 0x00, 0x00, 0x00, 0x00, 
	0x00, 0x00, 0x00, 0x00, 0x00, 0x00, 0x00, 0x00, 
	0x04, 0x05, 0x06, 0x07, 0x00, 0x00, 0x00, 0x00, 
	0x00, 0x00, 0x00, 0x00, 0x00, 0x00, 0x00, 0x00, 
	0x00, 0x00, 0x00, 0x00, 0x00, 0x00, 0x00, 0x00, 
	0x00, 0x00, 0x00, 0x00, 0x00, 0x00, 0x00, 0x00, 
	0x04, 0x08, 0x09, 0x0a, 0x0b, 0x00, 0x00, 0x00, 
	0x00, 0x00, 0x00, 0x00, 0x00, 0x00, 0x00, 0x00, 
	0x00, 0x00, 0x00, 0x00, 0x00, 0x00, 0x00, 0x00, 
	0x00, 0x00, 0x00, 0x00, 0x00, 0x00, 0x00, 0x00, 
	0x04, 0x04, 0x0c, 0x0d, 0x0e, 0x0b, 0x00, 0x00, 
	0x00, 0x00, 0x00, 0x00, 0x00, 0x00, 0x00, 0x00, 
	0x00, 0x00, 0x00, 0x00, 0x00, 0x00, 0x00, 0x00, 
	0x00, 0x00, 0x00, 0x00, 0x00, 0x00, 0x00, 0x00, 
	0x04, 0x04, 0x0c, 0x0c, 0x0f, 0x10, 0x0b, 0x00, 
	0x00, 0x00, 0x00, 0x00, 0x00, 0x00, 0x00, 0x00, 
	0x00, 0x00, 0x00, 0x00, 0x00, 0x00, 0x00, 0x00, 
	0x00, 0x00, 0x00, 0x00, 0x00, 0x00, 0x00, 0x00, 
	0x11, 0x04, 0x04, 0x0c, 0x0c, 0x12, 0x13, 0x0b, 
	0x00, 0x00, 0x00, 0x00, 0x00, 0x00, 0x00, 0x00, 
	0x00, 0x00, 0x00, 0x00, 0x00, 0x00, 0x00, 0x00, 
	0x00, 0x00, 0x00, 0x00, 0x00, 0x00, 0x00, 0x00, 
	0x11, 0x04, 0x04, 0x0c, 0x14, 0x14, 0x15, 0x16, 
	0x0b, 0x00, 0x00, 0x00, 0x00, 0x00, 0x00, 0x00, 
	0x00, 0x00, 0x00, 0x00, 0x00, 0x00, 0x00, 0x00, 
	0x00, 0x00, 0x00, 0x00, 0x00, 0x00, 0x00, 0x00, 
	0x11, 0x11, 0x04, 0x0c, 0x14, 0x14, 0x14, 0x17, 
	0x0a, 0x0b, 0x00, 0x00, 0x00, 0x00, 0x00, 0x00, 
	0x00, 0x00, 0x00, 0x00, 0x00, 0x00, 0x00, 0x00, 
	0x00, 0x00, 0x00, 0x00, 0x00, 0x00, 0x00, 0x00, 
	0x18, 0x11, 0x04, 0x0c, 0x19, 0x1a, 0x1b, 0x1a, 
	0x1c, 0x16, 0x00, 0x00, 0x00, 0x00, 0x00, 0x00, 
	0x00, 0x00, 0x00, 0x00, 0x00, 0x00, 0x00, 0x00, 
	0x00, 0x00, 0x00, 0x00, 0x00, 0x00, 0x00, 0x00, 
	0x18, 0x11, 0x04, 0x0c, 0x19, 0x1a, 0x1d, 0x1e, 
	0x1d, 0x17, 0x1f, 0x00, 0x00, 0x00, 0x00, 0x00, 
	0x00, 0x00, 0x00, 0x00, 0x00, 0x00, 0x00, 0x00, 
	0x00, 0x00, 0x00, 0x00, 0x00, 0x00, 0x00, 0x00, 
	0x20, 0x11, 0x04, 0x0c, 0x1a, 0x1b, 0x1e, 0x21, 
	0x1e, 0x1d, 0x22, 0x1f, 0x00, 0x00, 0x00, 0x00, 
	0x00, 0x00, 0x00, 0x00, 0x00, 0x00, 0x00, 0x00, 
	0x00, 0x00, 0x00, 0x00, 0x00, 0x00, 0x00, 0x00, 
	0x23, 0x11, 0x04, 0x14, 0x1a, 0x21, 0x24, 0x24, 
	0x24, 0x25, 0x1e, 0x22, 0x1f, 0x00, 0x00, 0x00, 
	0x00, 0x00, 0x00, 0x00, 0x00, 0x00, 0x00, 0x00, 
	0x00, 0x00, 0x00, 0x00, 0x00, 0x00, 0x00, 0x00, 
	0x26, 0x20, 0x04, 0x14, 0x1d, 0x21, 0x27, 0x28, 
	0x28, 0x27, 0x21, 0x1e, 0x17, 0x16, 0x00, 0x00, 
	0x00, 0x00, 0x00, 0x00, 0x00, 0x00, 0x00, 0x00, 
	0x00, 0x00, 0x00, 0x00, 0x00, 0x00, 0x00, 0x00, 
	0x26, 0x20, 0x04, 0x1a, 0x25, 0x29, 0x2a, 0x2a, 
	0x2a, 0x28, 0x27, 0x24, 0x25, 0x2b, 0x2c, 0x00, 
	0x00, 0x00, 0x00, 0x00, 0x00, 0x00, 0x00, 0x00, 
	0x00, 0x00, 0x00, 0x00, 0x00, 0x00, 0x00, 0x00, 
	0x2d, 0x20, 0x04, 0x1a, 0x21, 0x2a, 0x2a, 0x2e, 
	0x2f, 0x2f, 0x28, 0x27, 0x24, 0x1e, 0x30, 0x31, 
	0x00, 0x00, 0x00, 0x00, 0x00, 0x00, 0x00, 0x00, 
	0x00, 0x00, 0x00, 0x00, 0x00, 0x00, 0x00, 0x00, 
	0x2d, 0x26, 0x11, 0x1a, 0x21, 0x2a, 0x32, 0x33, 
	0x33, 0x32, 0x2f, 0x2a, 0x27, 0x34, 0x1e, 0x35, 
	0x36, 0x00, 0x00, 0x00, 0x00, 0x00, 0x00, 0x00, 
	0x00, 0x00, 0x00, 0x00, 0x00, 0x00, 0x00, 0x00, 
	0x37, 0x2d, 0x23, 0x14, 0x21, 0x28, 0x33, 0x38, 
	0x33, 0x33, 0x2e, 0x2f, 0x28, 0x39, 0x21, 0x1d, 
	0x3a, 0x36, 0x00, 0x00, 0x00, 0x00, 0x00, 0x00, 
	0x00, 0x00, 0x00, 0x00, 0x00, 0x00, 0x00, 0x00, 
	0x37, 0x37, 0x26, 0x0c, 0x21, 0x2a, 0x33, 0x38, 
	0x33, 0x33, 0x33, 0x32, 0x28, 0x28, 0x29, 0x1e, 
	0x1d, 0x3b, 0x3c, 0x00, 0x00, 0x00, 0x00, 0x00, 
	0x00, 0x00, 0x00, 0x00, 0x00, 0x00, 0x00, 0x00, 
	
};

Gfx wf_dl_tile_5_4_pal_rgba16_aligner[] = {gsSPEndDisplayList()};
u8 wf_dl_tile_5_4_pal_rgba16[] = {
	0xff, 0xff, 0xde, 0x2f, 0x91, 0x89, 0xdd, 0xab, 
	0x88, 0x81, 0x91, 0x49, 0xd5, 0x6b, 0xff, 0xfd, 
	0x88, 0x83, 0x91, 0x47, 0xd5, 0x29, 0xff, 0xbd, 
	0x90, 0x81, 0x91, 0x07, 0xcc, 0xa5, 0x90, 0xc3, 
	0xc4, 0x61, 0x80, 0x81, 0x90, 0xc5, 0xcc, 0xe5, 
	0x98, 0x81, 0x99, 0x07, 0xd5, 0x27, 0xa1, 0x47, 
	0x80, 0x41, 0x98, 0x83, 0xa0, 0x81, 0xa8, 0x81, 
	0xa1, 0x07, 0xa8, 0xc1, 0xb0, 0xc1, 0xdd, 0xad, 
	0x78, 0x81, 0xb8, 0xc1, 0xa9, 0x89, 0x78, 0x41, 
	0xc0, 0xc1, 0xb8, 0xc3, 0x70, 0x41, 0xc9, 0x03, 
	0xd1, 0x03, 0xc1, 0x01, 0xd1, 0x01, 0xa9, 0x05, 
	0xdd, 0x69, 0x68, 0x41, 0xd9, 0x03, 0xd9, 0x01, 
	0xa9, 0x47, 0xe5, 0xad, 0xd9, 0x43, 0xe1, 0x43, 
	0xc1, 0x03, 0xa9, 0x49, 0xe5, 0xed, 0x60, 0x41, 
	0xe9, 0x43, 0xc0, 0xc3, 0xa1, 0x49, 0xa1, 0x8b, 
	0xe6, 0x71, 
};

Gfx wf_dl_tile_5_5_ci8_aligner[] = {gsSPEndDisplayList()};
u8 wf_dl_tile_5_5_ci8[] = {
	0x00, 0x01, 0x02, 0x03, 0x04, 0x05, 0x06, 0x07, 
	0x06, 0x06, 0x08, 0x09, 0x05, 0x0a, 0x04, 0x0b, 
	0x0c, 0x0d, 0x0e, 0x0e, 0x0e, 0x0e, 0x0e, 0x0e, 
	0x0e, 0x0e, 0x0e, 0x0e, 0x0e, 0x0e, 0x0e, 0x0e, 
	0x00, 0x00, 0x0f, 0x10, 0x04, 0x11, 0x06, 0x07, 
	0x06, 0x06, 0x06, 0x12, 0x05, 0x05, 0x13, 0x14, 
	0x0b, 0x15, 0x16, 0x0e, 0x0e, 0x0e, 0x0e, 0x0e, 
	0x0e, 0x0e, 0x0e, 0x0e, 0x0e, 0x0e, 0x0e, 0x0e, 
	0x00, 0x00, 0x01, 0x17, 0x14, 0x05, 0x06, 0x07, 
	0x07, 0x07, 0x06, 0x08, 0x09, 0x05, 0x18, 0x13, 
	0x14, 0x0b, 0x19, 0x1a, 0x0e, 0x0e, 0x0e, 0x0e, 
	0x0e, 0x0e, 0x0e, 0x0e, 0x0e, 0x0e, 0x0e, 0x0e, 
	0x00, 0x00, 0x00, 0x1b, 0x1c, 0x1d, 0x12, 0x07, 
	0x07, 0x07, 0x07, 0x06, 0x06, 0x08, 0x05, 0x05, 
	0x13, 0x04, 0x14, 0x1e, 0x1f, 0x0e, 0x0e, 0x0e, 
	0x0e, 0x0e, 0x0e, 0x0e, 0x0e, 0x0e, 0x0e, 0x0e, 
	0x20, 0x20, 0x00, 0x21, 0x03, 0x22, 0x12, 0x07, 
	0x23, 0x07, 0x07, 0x07, 0x06, 0x06, 0x06, 0x08, 
	0x05, 0x18, 0x04, 0x0b, 0x24, 0x25, 0x0e, 0x0e, 
	0x0e, 0x0e, 0x0e, 0x0e, 0x0e, 0x0e, 0x0e, 0x0e, 
	0x20, 0x26, 0x27, 0x00, 0x17, 0x04, 0x08, 0x06, 
	0x07, 0x28, 0x28, 0x07, 0x07, 0x06, 0x06, 0x06, 
	0x08, 0x05, 0x1d, 0x04, 0x29, 0x2a, 0x2b, 0x0e, 
	0x0e, 0x0e, 0x0e, 0x0e, 0x0e, 0x0e, 0x0e, 0x0e, 
	0x2c, 0x26, 0x26, 0x20, 0x02, 0x1c, 0x18, 0x06, 
	0x07, 0x28, 0x2d, 0x28, 0x07, 0x07, 0x07, 0x06, 
	0x06, 0x08, 0x05, 0x18, 0x13, 0x2e, 0x2a, 0x25, 
	0x0e, 0x0e, 0x0e, 0x0e, 0x0e, 0x0e, 0x0e, 0x0e, 
	0x2f, 0x30, 0x26, 0x27, 0x01, 0x10, 0x13, 0x08, 
	0x07, 0x07, 0x31, 0x28, 0x28, 0x28, 0x07, 0x07, 
	0x06, 0x06, 0x08, 0x08, 0x05, 0x32, 0x14, 0x33, 
	0x34, 0x0e, 0x0e, 0x0e, 0x0e, 0x0e, 0x0e, 0x0e, 
	0x35, 0x36, 0x37, 0x37, 0x00, 0x38, 0x0b, 0x1d, 
	0x06, 0x28, 0x2d, 0x2d, 0x2d, 0x2d, 0x2d, 0x07, 
	0x07, 0x07, 0x06, 0x06, 0x08, 0x11, 0x13, 0x29, 
	0x39, 0x3a, 0x0e, 0x0e, 0x0e, 0x0e, 0x0e, 0x0e, 
	0x3b, 0x3c, 0x3d, 0x37, 0x27, 0x0f, 0x10, 0x3e, 
	0x08, 0x07, 0x28, 0x2d, 0x2d, 0x2d, 0x2d, 0x28, 
	0x07, 0x07, 0x06, 0x06, 0x08, 0x08, 0x18, 0x04, 
	0x3f, 0x40, 0x3a, 0x0e, 0x0e, 0x0e, 0x0e, 0x0e, 
	0x41, 0x42, 0x43, 0x44, 0x26, 0x00, 0x38, 0x0b, 
	0x1d, 0x06, 0x07, 0x2d, 0x2d, 0x31, 0x2d, 0x2d, 
	0x2d, 0x28, 0x07, 0x06, 0x12, 0x08, 0x05, 0x45, 
	0x04, 0x46, 0x47, 0x0e, 0x0e, 0x0e, 0x0e, 0x0e, 
	0x41, 0x48, 0x49, 0x4a, 0x37, 0x27, 0x21, 0x03, 
	0x04, 0x05, 0x06, 0x28, 0x23, 0x31, 0x31, 0x2d, 
	0x31, 0x28, 0x07, 0x06, 0x06, 0x12, 0x11, 0x11, 
	0x32, 0x14, 0x4b, 0x4c, 0x0e, 0x0e, 0x0e, 0x0e, 
	0x4d, 0x48, 0x4e, 0x4f, 0x50, 0x26, 0x00, 0x51, 
	0x1c, 0x22, 0x08, 0x06, 0x23, 0x31, 0x31, 0x31, 
	0x31, 0x2d, 0x28, 0x07, 0x06, 0x06, 0x08, 0x11, 
	0x1d, 0x04, 0x0b, 0x1e, 0x1a, 0x0e, 0x0e, 0x0e, 
	0x4d, 0x41, 0x4e, 0x42, 0x52, 0x30, 0x20, 0x0f, 
	0x17, 0x14, 0x18, 0x12, 0x06, 0x07, 0x2d, 0x53, 
	0x2d, 0x28, 0x28, 0x07, 0x07, 0x06, 0x12, 0x08, 
	0x05, 0x0a, 0x14, 0x54, 0x55, 0x2b, 0x0e, 0x0e, 
	0x4d, 0x41, 0x48, 0x42, 0x56, 0x50, 0x26, 0x00, 
	0x02, 0x03, 0x04, 0x05, 0x12, 0x06, 0x07, 0x28, 
	0x28, 0x2d, 0x28, 0x07, 0x07, 0x06, 0x06, 0x09, 
	0x05, 0x18, 0x04, 0x14, 0x57, 0x58, 0x3a, 0x0e, 
	0x59, 0x41, 0x41, 0x4e, 0x5a, 0x5b, 0x30, 0x20, 
	0x00, 0x38, 0x5c, 0x0a, 0x05, 0x12, 0x06, 0x06, 
	0x28, 0x28, 0x28, 0x07, 0x07, 0x06, 0x06, 0x12, 
	0x11, 0x11, 0x32, 0x04, 0x0b, 0x5d, 0x5e, 0x5f, 
	0x60, 0x41, 0x3b, 0x3b, 0x42, 0x61, 0x4a, 0x26, 
	0x20, 0x01, 0x10, 0x0b, 0x22, 0x08, 0x12, 0x06, 
	0x07, 0x28, 0x28, 0x07, 0x28, 0x06, 0x06, 0x12, 
	0x09, 0x11, 0x18, 0x32, 0x14, 0x1c, 0x62, 0x63, 
	0x4d, 0x41, 0x60, 0x3b, 0x42, 0x42, 0x43, 0x44, 
	0x26, 0x00, 0x0f, 0x10, 0x14, 0x1d, 0x05, 0x06, 
	0x06, 0x07, 0x07, 0x28, 0x07, 0x07, 0x06, 0x06, 
	0x12, 0x11, 0x11, 0x18, 0x04, 0x14, 0x1c, 0x64, 
	0x4d, 0x41, 0x41, 0x3b, 0x42, 0x42, 0x49, 0x4a, 
	0x37, 0x20, 0x00, 0x02, 0x03, 0x14, 0x18, 0x08, 
	0x06, 0x06, 0x06, 0x07, 0x07, 0x07, 0x07, 0x06, 
	0x06, 0x12, 0x11, 0x18, 0x13, 0x04, 0x0b, 0x65, 
	0x4d, 0x41, 0x41, 0x48, 0x4e, 0x42, 0x42, 0x66, 
	0x3d, 0x37, 0x20, 0x01, 0x38, 0x1c, 0x14, 0x18, 
	0x08, 0x06, 0x06, 0x07, 0x07, 0x07, 0x07, 0x07, 
	0x06, 0x67, 0x12, 0x05, 0x13, 0x68, 0x69, 0x57, 
	0x4d, 0x41, 0x41, 0x48, 0x4e, 0x42, 0x6a, 0x49, 
	0x6b, 0x44, 0x26, 0x00, 0x0f, 0x17, 0x1c, 0x14, 
	0x1d, 0x08, 0x06, 0x07, 0x07, 0x28, 0x07, 0x07, 
	0x28, 0x06, 0x12, 0x6c, 0x6d, 0x6e, 0x33, 0x6f, 
	0x4d, 0x41, 0x48, 0x3b, 0x4e, 0x42, 0x6a, 0x42, 
	0x70, 0x71, 0x37, 0x20, 0x01, 0x1b, 0x10, 0x5c, 
	0x04, 0x1d, 0x08, 0x06, 0x07, 0x07, 0x07, 0x28, 
	0x72, 0x73, 0x74, 0x75, 0x76, 0x77, 0x78, 0x79, 
	0x4d, 0x41, 0x41, 0x3b, 0x4e, 0x42, 0x42, 0x7a, 
	0x49, 0x6b, 0x7b, 0x37, 0x20, 0x01, 0x38, 0x03, 
	0x0b, 0x04, 0x11, 0x12, 0x06, 0x06, 0x7c, 0x7d, 
	0x7e, 0x7f, 0x80, 0x81, 0x82, 0x83, 0x84, 0x85, 
	0x4d, 0x41, 0x60, 0x3b, 0x4e, 0x42, 0x42, 0x86, 
	0x42, 0x87, 0x71, 0x7b, 0x26, 0x00, 0x02, 0x17, 
	0x03, 0x14, 0x32, 0x05, 0x06, 0x06, 0x88, 0x89, 
	0x8a, 0x8b, 0x8c, 0x82, 0x8d, 0x8e, 0x8f, 0x90, 
	0x4d, 0x41, 0x3b, 0x3b, 0x4e, 0x4e, 0x7a, 0x7a, 
	0x42, 0x49, 0x91, 0x3d, 0x26, 0x20, 0x01, 0x02, 
	0x10, 0x03, 0x14, 0x18, 0x12, 0x92, 0x93, 0x94, 
	0x82, 0x82, 0x82, 0x82, 0x83, 0x84, 0x85, 0x95, 
	0x4d, 0x41, 0x41, 0x3b, 0x48, 0x42, 0x7a, 0x6a, 
	0x96, 0x6a, 0x97, 0x98, 0x37, 0x27, 0x00, 0x0f, 
	0x38, 0x10, 0x54, 0x04, 0x99, 0x9a, 0x1a, 0x82, 
	0x82, 0x82, 0x9b, 0x83, 0x84, 0x90, 0x9c, 0x9d, 
	0x4d, 0x41, 0x3b, 0x3b, 0x4e, 0x6a, 0x6a, 0x42, 
	0x96, 0x96, 0x9e, 0x9f, 0xa0, 0x26, 0x20, 0x00, 
	0x21, 0x38, 0x10, 0x54, 0xa1, 0x4c, 0x8d, 0x8d, 
	0x8d, 0x83, 0x84, 0x85, 0x95, 0xa2, 0xa3, 0xa4, 
	0x41, 0x41, 0x41, 0x4e, 0x42, 0x7a, 0xa5, 0x42, 
	0x96, 0x96, 0xa5, 0x84, 0xa6, 0xa7, 0x20, 0x00, 
	0x01, 0x0f, 0x38, 0xa8, 0xa9, 0x8e, 0xaa, 0x83, 
	0x83, 0x84, 0x90, 0xab, 0xac, 0xad, 0xae, 0xaf, 
	0x41, 0x41, 0x3b, 0x42, 0x6a, 0x4e, 0x42, 0x6a, 
	0x6a, 0x96, 0x7a, 0xb0, 0xb1, 0xb2, 0x27, 0x00, 
	0x00, 0x01, 0x21, 0xb3, 0xb4, 0x8f, 0x8e, 0x8e, 
	0xb5, 0x90, 0xa2, 0xb6, 0xb6, 0xb7, 0xab, 0xb8, 
	0x41, 0x41, 0x48, 0xb9, 0x42, 0x4e, 0x42, 0x42, 
	0x6a, 0x7a, 0x6a, 0xba, 0xbb, 0xbc, 0xbd, 0xbe, 
	0x00, 0x00, 0xbf, 0xc0, 0x9c, 0xc1, 0x84, 0x84, 
	0x90, 0xa2, 0xac, 0xc2, 0xc3, 0xc4, 0x84, 0x85, 
	0x41, 0x41, 0x42, 0x42, 0x4e, 0x42, 0x42, 0x42, 
	0x96, 0x7a, 0x6a, 0xc5, 0xc6, 0x0e, 0xc7, 0xc8, 
	0x20, 0x20, 0xa7, 0xc9, 0xb8, 0xc2, 0xca, 0xcb, 
	0xb8, 0x9d, 0x85, 0x83, 0x82, 0x83, 0x83, 0x84, 
	0x41, 0x4e, 0x42, 0x48, 0x4e, 0x42, 0x42, 0x42, 
	0x7a, 0x6a, 0x6a, 0x6a, 0xcc, 0x0e, 0x0e, 0xcd, 
	0xce, 0x20, 0xcf, 0xd0, 0xab, 0x9c, 0x90, 0x9c, 
	0xb7, 0x85, 0x82, 0x82, 0x82, 0x82, 0x8d, 0x83, 
	
};

Gfx wf_dl_tile_5_5_pal_rgba16_aligner[] = {gsSPEndDisplayList()};
u8 wf_dl_tile_5_5_pal_rgba16[] = {
	0x60, 0x41, 0x68, 0x41, 0x78, 0x41, 0x98, 0x81, 
	0xb8, 0xc1, 0xd1, 0x03, 0xe1, 0x43, 0xe9, 0x43, 
	0xd9, 0x03, 0xd9, 0x01, 0xc0, 0xc3, 0xa8, 0xc1, 
	0xa1, 0x49, 0xe5, 0xed, 0xff, 0xff, 0x70, 0x41, 
	0x90, 0x81, 0xd1, 0x01, 0xd9, 0x43, 0xc1, 0x01, 
	0xb0, 0xc1, 0xa1, 0x8b, 0xe6, 0x71, 0x88, 0x81, 
	0xc9, 0x01, 0xa9, 0xcb, 0xee, 0xb5, 0x78, 0x81, 
	0xa0, 0x81, 0xc9, 0x03, 0xb2, 0x4f, 0xee, 0xf5, 
	0x58, 0x41, 0x70, 0x81, 0xc1, 0x03, 0xe9, 0x85, 
	0xbb, 0x15, 0xf7, 0x37, 0x50, 0x81, 0x58, 0x81, 
	0xe9, 0x83, 0xb1, 0x03, 0xcb, 0x57, 0xf7, 0x39, 
	0x50, 0x83, 0xf1, 0x83, 0xb9, 0x03, 0x40, 0xc7, 
	0x48, 0x83, 0xf1, 0x85, 0xc0, 0xc1, 0xcb, 0x99, 
	0xff, 0x7b, 0x31, 0x4f, 0x40, 0xc5, 0x48, 0x81, 
	0x80, 0x81, 0xcc, 0x1f, 0xff, 0xbd, 0x29, 0xd1, 
	0x29, 0x0b, 0x40, 0xc3, 0xb8, 0xc3, 0xa9, 0x05, 
	0xd4, 0xa3, 0x2a, 0x13, 0x21, 0x91, 0x31, 0x09, 
	0x40, 0x83, 0xc8, 0xc1, 0xb1, 0x87, 0xe5, 0xab, 
	0x29, 0xd3, 0x21, 0x4f, 0x38, 0xc5, 0xa9, 0x89, 
	0xe6, 0x2f, 0x32, 0x13, 0x21, 0xd1, 0x29, 0x4b, 
	0x40, 0x85, 0x80, 0x41, 0x38, 0xc9, 0xf1, 0x43, 
	0xa0, 0xc1, 0xb2, 0xd3, 0x31, 0x8d, 0xa0, 0xc3, 
	0xc4, 0x1d, 0x32, 0x11, 0x21, 0x8f, 0x30, 0xc9, 
	0xa8, 0x81, 0x98, 0xc5, 0xd5, 0x27, 0xff, 0xfd, 
	0x2a, 0x11, 0x29, 0x4f, 0x99, 0x47, 0xe5, 0xef, 
	0xaa, 0x0f, 0x98, 0xc3, 0x29, 0x09, 0xd9, 0x41, 
	0xb9, 0x01, 0xa8, 0xc3, 0x19, 0x91, 0x30, 0xc5, 
	0xc9, 0x45, 0xca, 0x0b, 0xca, 0xd3, 0xcc, 0x1d, 
	0x21, 0x09, 0x38, 0xc3, 0xe1, 0x85, 0xda, 0x4b, 
	0xe3, 0xd9, 0xed, 0x69, 0xee, 0x2f, 0xee, 0xb3, 
	0xe6, 0xb3, 0xde, 0x73, 0x19, 0x4f, 0x40, 0x81, 
	0xe1, 0x83, 0xda, 0x09, 0xe4, 0x1b, 0xf6, 0x2f, 
	0xf6, 0xf7, 0xef, 0x39, 0xe7, 0x39, 0xde, 0xf7, 
	0xd6, 0xb5, 0xce, 0x73, 0x11, 0x4f, 0x20, 0xc9, 
	0xda, 0x4d, 0xed, 0x25, 0xf6, 0xf5, 0xef, 0x79, 
	0xef, 0x7b, 0xe6, 0xf7, 0xde, 0xb5, 0xce, 0x75, 
	0xc6, 0x31, 0x28, 0xc5, 0xda, 0x0b, 0xed, 0x27, 
	0xee, 0xf7, 0xbd, 0xf1, 0x19, 0x51, 0x5a, 0x95, 
	0x49, 0x07, 0xc1, 0x45, 0xe4, 0x5f, 0xe6, 0xf9, 
	0xbd, 0xef, 0xad, 0x6b, 0x6b, 0x5f, 0xac, 0xa5, 
	0x51, 0x05, 0xc2, 0xd3, 0xad, 0xad, 0x9d, 0x29, 
	0x94, 0xa7, 0x21, 0x93, 0xa4, 0x61, 0x58, 0xc5, 
	0x91, 0x47, 0xcd, 0x27, 0xde, 0xb7, 0xb5, 0xad, 
	0xa5, 0x6b, 0x94, 0xe7, 0x8c, 0xa5, 0x84, 0x63, 
	0x94, 0xa9, 0xf7, 0x7b, 0x93, 0x59, 0x92, 0x93, 
	0xcd, 0xed, 0xd6, 0x73, 0xa5, 0x29, 0xad, 0x6d, 
	0xb5, 0xef, 0x19, 0x8f, 0x42, 0x57, 0xf7, 0xbd, 
	0xef, 0x37, 0x8a, 0x93, 0x60, 0x83, 0x60, 0x81, 
	0xa4, 0x1f, 0xc6, 0x71, 0xbe, 0x31, 0xd6, 0xb7, 
	0xd6, 0xf7, 0x21, 0xd3, 0xce, 0xb5, 0xe6, 0xb5, 
	0x7a, 0x0f, 0xac, 0xe7, 0xc6, 0x73, 0xc6, 0x33, 
	0x8c, 0xa7, 0xd6, 0x31, 0x69, 0x47, 0x61, 0x8b, 
	0xad, 0x29, 
};

Gfx wf_dl_tile_5_6_ci8_aligner[] = {gsSPEndDisplayList()};
u8 wf_dl_tile_5_6_ci8[] = {
	0x00, 0x00, 0x01, 0x01, 0x02, 0x01, 0x01, 0x01, 
	0x03, 0x04, 0x05, 0x06, 0x07, 0x08, 0x09, 0x0a, 
	0x0b, 0x0b, 0x0c, 0x0d, 0x0e, 0x0f, 0x10, 0x11, 
	0x0e, 0x12, 0x13, 0x14, 0x15, 0x14, 0x14, 0x16, 
	0x00, 0x02, 0x01, 0x17, 0x02, 0x01, 0x01, 0x01, 
	0x04, 0x05, 0x05, 0x05, 0x18, 0x08, 0x08, 0x19, 
	0x1a, 0x0b, 0x1b, 0x1c, 0x1d, 0x1e, 0x1f, 0x1e, 
	0x20, 0x13, 0x15, 0x15, 0x15, 0x15, 0x21, 0x14, 
	0x02, 0x22, 0x00, 0x02, 0x02, 0x02, 0x01, 0x05, 
	0x04, 0x01, 0x03, 0x05, 0x23, 0x24, 0x08, 0x08, 
	0x25, 0x26, 0x27, 0x28, 0x12, 0x1d, 0x0e, 0x12, 
	0x1e, 0x29, 0x15, 0x15, 0x15, 0x15, 0x15, 0x14, 
	0x22, 0x2a, 0x17, 0x02, 0x02, 0x02, 0x01, 0x03, 
	0x01, 0x05, 0x03, 0x05, 0x06, 0x2b, 0x08, 0x08, 
	0x2c, 0x2d, 0x2e, 0x2f, 0x30, 0x12, 0x12, 0x12, 
	0x2b, 0x29, 0x15, 0x15, 0x15, 0x15, 0x15, 0x15, 
	0x2a, 0x00, 0x22, 0x17, 0x02, 0x01, 0x05, 0x05, 
	0x01, 0x03, 0x03, 0x03, 0x01, 0x31, 0x08, 0x08, 
	0x08, 0x32, 0x33, 0x34, 0x35, 0x36, 0x35, 0x1d, 
	0x16, 0x14, 0x15, 0x32, 0x32, 0x32, 0x15, 0x15, 
	0x2a, 0x37, 0x22, 0x22, 0x02, 0x05, 0x04, 0x01, 
	0x05, 0x03, 0x03, 0x05, 0x01, 0x38, 0x39, 0x08, 
	0x08, 0x08, 0x30, 0x3a, 0x34, 0x3b, 0x3c, 0x1e, 
	0x16, 0x14, 0x32, 0x32, 0x32, 0x32, 0x15, 0x15, 
	0x00, 0x22, 0x22, 0x02, 0x01, 0x04, 0x02, 0x01, 
	0x05, 0x03, 0x03, 0x05, 0x05, 0x3d, 0x3e, 0x08, 
	0x08, 0x08, 0x12, 0x3f, 0x40, 0x34, 0x3c, 0x0f, 
	0x16, 0x41, 0x32, 0x32, 0x32, 0x32, 0x32, 0x15, 
	0x00, 0x22, 0x22, 0x02, 0x05, 0x01, 0x02, 0x01, 
	0x03, 0x03, 0x05, 0x42, 0x03, 0x02, 0x11, 0x08, 
	0x08, 0x08, 0x43, 0x44, 0x45, 0x40, 0x2f, 0x1f, 
	0x16, 0x15, 0x32, 0x32, 0x32, 0x32, 0x32, 0x32, 
	0x17, 0x22, 0x17, 0x01, 0x02, 0x06, 0x01, 0x01, 
	0x05, 0x05, 0x03, 0x05, 0x05, 0x03, 0x3b, 0x08, 
	0x08, 0x08, 0x14, 0x46, 0x3f, 0x47, 0x3c, 0x1f, 
	0x48, 0x15, 0x32, 0x32, 0x32, 0x32, 0x32, 0x32, 
	0x17, 0x22, 0x01, 0x42, 0x02, 0x01, 0x01, 0x01, 
	0x05, 0x03, 0x03, 0x03, 0x05, 0x01, 0x49, 0x08, 
	0x08, 0x08, 0x32, 0x4a, 0x4b, 0x44, 0x3c, 0x1f, 
	0x14, 0x15, 0x32, 0x32, 0x32, 0x32, 0x32, 0x32, 
	0x17, 0x02, 0x01, 0x02, 0x01, 0x01, 0x01, 0x01, 
	0x03, 0x03, 0x03, 0x03, 0x03, 0x01, 0x23, 0x39, 
	0x08, 0x08, 0x08, 0x40, 0x4c, 0x46, 0x3c, 0x4d, 
	0x14, 0x15, 0x32, 0x32, 0x32, 0x32, 0x32, 0x32, 
	0x22, 0x01, 0x17, 0x06, 0x01, 0x01, 0x01, 0x05, 
	0x03, 0x03, 0x03, 0x05, 0x05, 0x01, 0x3d, 0x3e, 
	0x08, 0x08, 0x08, 0x1f, 0x4c, 0x4c, 0x33, 0x10, 
	0x14, 0x15, 0x32, 0x32, 0x32, 0x32, 0x32, 0x32, 
	0x01, 0x22, 0x17, 0x01, 0x01, 0x01, 0x01, 0x05, 
	0x05, 0x05, 0x03, 0x03, 0x04, 0x01, 0x01, 0x07, 
	0x08, 0x08, 0x08, 0x39, 0x4e, 0x4f, 0x3c, 0x1f, 
	0x14, 0x50, 0x32, 0x32, 0x32, 0x32, 0x32, 0x32, 
	0x17, 0x22, 0x01, 0x06, 0x01, 0x01, 0x01, 0x05, 
	0x04, 0x04, 0x03, 0x03, 0x05, 0x01, 0x51, 0x52, 
	0x08, 0x08, 0x08, 0x08, 0x08, 0x39, 0x53, 0x1f, 
	0x14, 0x32, 0x32, 0x32, 0x32, 0x32, 0x32, 0x32, 
	0x00, 0x02, 0x06, 0x01, 0x01, 0x01, 0x01, 0x01, 
	0x05, 0x04, 0x03, 0x03, 0x03, 0x05, 0x01, 0x54, 
	0x08, 0x08, 0x08, 0x08, 0x08, 0x08, 0x16, 0x1f, 
	0x14, 0x50, 0x32, 0x32, 0x32, 0x32, 0x32, 0x32, 
	0x22, 0x02, 0x02, 0x06, 0x01, 0x01, 0x05, 0x05, 
	0x04, 0x04, 0x03, 0x03, 0x03, 0x05, 0x01, 0x18, 
	0x08, 0x08, 0x08, 0x08, 0x08, 0x08, 0x16, 0x1f, 
	0x14, 0x32, 0x32, 0x32, 0x32, 0x32, 0x32, 0x32, 
	0x02, 0x02, 0x01, 0x01, 0x01, 0x01, 0x01, 0x05, 
	0x04, 0x04, 0x03, 0x03, 0x03, 0x05, 0x01, 0x55, 
	0x08, 0x08, 0x08, 0x08, 0x08, 0x08, 0x16, 0x1f, 
	0x14, 0x56, 0x32, 0x32, 0x32, 0x32, 0x32, 0x32, 
	0x02, 0x02, 0x06, 0x01, 0x01, 0x01, 0x01, 0x03, 
	0x04, 0x04, 0x03, 0x04, 0x03, 0x05, 0x05, 0x57, 
	0x08, 0x08, 0x08, 0x08, 0x08, 0x08, 0x16, 0x1f, 
	0x14, 0x32, 0x32, 0x32, 0x32, 0x32, 0x32, 0x32, 
	0x17, 0x02, 0x01, 0x01, 0x01, 0x05, 0x05, 0x03, 
	0x04, 0x04, 0x04, 0x04, 0x03, 0x05, 0x01, 0x57, 
	0x08, 0x08, 0x08, 0x08, 0x08, 0x08, 0x16, 0x1f, 
	0x14, 0x56, 0x32, 0x32, 0x32, 0x32, 0x32, 0x15, 
	0x02, 0x02, 0x01, 0x01, 0x01, 0x01, 0x05, 0x03, 
	0x04, 0x04, 0x04, 0x04, 0x04, 0x05, 0x05, 0x23, 
	0x39, 0x08, 0x08, 0x08, 0x08, 0x08, 0x16, 0x1f, 
	0x14, 0x32, 0x32, 0x32, 0x32, 0x15, 0x15, 0x15, 
	0x01, 0x01, 0x01, 0x01, 0x01, 0x05, 0x03, 0x03, 
	0x03, 0x03, 0x03, 0x03, 0x03, 0x04, 0x05, 0x58, 
	0x39, 0x08, 0x08, 0x08, 0x08, 0x08, 0x14, 0x1f, 
	0x14, 0x32, 0x32, 0x32, 0x15, 0x15, 0x15, 0x15, 
	0x02, 0x01, 0x01, 0x01, 0x01, 0x04, 0x03, 0x03, 
	0x04, 0x03, 0x03, 0x04, 0x04, 0x04, 0x01, 0x58, 
	0x59, 0x08, 0x08, 0x08, 0x08, 0x08, 0x14, 0x1f, 
	0x14, 0x32, 0x32, 0x32, 0x15, 0x15, 0x21, 0x21, 
	0x02, 0x02, 0x01, 0x01, 0x05, 0x03, 0x03, 0x03, 
	0x03, 0x04, 0x04, 0x04, 0x03, 0x05, 0x05, 0x23, 
	0x39, 0x08, 0x08, 0x08, 0x08, 0x08, 0x14, 0x1f, 
	0x14, 0x32, 0x32, 0x32, 0x15, 0x21, 0x14, 0x5a, 
	0x01, 0x01, 0x01, 0x05, 0x05, 0x04, 0x03, 0x03, 
	0x03, 0x04, 0x03, 0x03, 0x03, 0x03, 0x05, 0x5b, 
	0x39, 0x08, 0x08, 0x08, 0x08, 0x08, 0x14, 0x1f, 
	0x14, 0x32, 0x32, 0x15, 0x15, 0x14, 0x14, 0x16, 
	0x01, 0x01, 0x01, 0x01, 0x05, 0x03, 0x04, 0x04, 
	0x03, 0x5c, 0x03, 0x03, 0x03, 0x03, 0x05, 0x5b, 
	0x5d, 0x08, 0x08, 0x08, 0x08, 0x08, 0x14, 0x13, 
	0x21, 0x32, 0x32, 0x15, 0x15, 0x14, 0x16, 0x13, 
	0x01, 0x01, 0x01, 0x05, 0x03, 0x04, 0x03, 0x5c, 
	0x04, 0x03, 0x03, 0x04, 0x03, 0x03, 0x01, 0x5b, 
	0x08, 0x08, 0x08, 0x08, 0x08, 0x08, 0x14, 0x13, 
	0x14, 0x56, 0x32, 0x15, 0x15, 0x14, 0x16, 0x1f, 
	0x01, 0x01, 0x05, 0x05, 0x03, 0x04, 0x03, 0x5c, 
	0x03, 0x5c, 0x03, 0x03, 0x03, 0x03, 0x01, 0x49, 
	0x08, 0x08, 0x08, 0x08, 0x08, 0x08, 0x14, 0x1f, 
	0x14, 0x15, 0x32, 0x15, 0x14, 0x16, 0x13, 0x1e, 
	0x01, 0x01, 0x05, 0x03, 0x03, 0x04, 0x5c, 0x5c, 
	0x04, 0x5c, 0x5c, 0x03, 0x03, 0x03, 0x05, 0x31, 
	0x08, 0x08, 0x08, 0x08, 0x08, 0x08, 0x14, 0x13, 
	0x14, 0x5e, 0x15, 0x15, 0x14, 0x16, 0x13, 0x1d, 
	0x01, 0x05, 0x03, 0x04, 0x04, 0x04, 0x5c, 0x5f, 
	0x5f, 0x5c, 0x5c, 0x5c, 0x5c, 0x05, 0x01, 0x60, 
	0x08, 0x08, 0x08, 0x08, 0x08, 0x08, 0x14, 0x11, 
	0x16, 0x21, 0x15, 0x15, 0x14, 0x16, 0x1f, 0x4e, 
	0x01, 0x05, 0x03, 0x03, 0x04, 0x03, 0x5c, 0x5c, 
	0x5c, 0x5c, 0x5c, 0x5c, 0x03, 0x05, 0x01, 0x61, 
	0x08, 0x08, 0x08, 0x08, 0x08, 0x08, 0x14, 0x1f, 
	0x16, 0x14, 0x15, 0x15, 0x14, 0x16, 0x1f, 0x28, 
	0x01, 0x03, 0x03, 0x04, 0x03, 0x5c, 0x5c, 0x5c, 
	0x5c, 0x03, 0x5c, 0x5c, 0x04, 0x05, 0x01, 0x52, 
	0x08, 0x08, 0x08, 0x08, 0x08, 0x08, 0x14, 0x1f, 
	0x13, 0x14, 0x15, 0x15, 0x14, 0x16, 0x1f, 0x2f, 
	0x05, 0x03, 0x03, 0x03, 0x5c, 0x5c, 0x03, 0x5c, 
	0x5f, 0x5c, 0x5c, 0x5c, 0x05, 0x05, 0x01, 0x62, 
	0x08, 0x08, 0x08, 0x08, 0x08, 0x08, 0x14, 0x1e, 
	0x13, 0x48, 0x15, 0x15, 0x14, 0x16, 0x1f, 0x3c, 
	
};

Gfx wf_dl_tile_5_6_pal_rgba16_aligner[] = {gsSPEndDisplayList()};
u8 wf_dl_tile_5_6_pal_rgba16[] = {
	0x2a, 0x13, 0x21, 0x91, 0x21, 0xd1, 0x19, 0x51, 
	0x19, 0x4f, 0x19, 0x91, 0x21, 0xd3, 0xce, 0xb5, 
	0xff, 0xff, 0xe6, 0xb5, 0x7a, 0x0f, 0x58, 0x41, 
	0x58, 0xc5, 0xac, 0xe7, 0xb5, 0xef, 0xbe, 0x31, 
	0xc6, 0x73, 0xc6, 0x33, 0xad, 0x6b, 0xce, 0x73, 
	0xde, 0xf7, 0xe7, 0x39, 0xd6, 0xb5, 0x29, 0xd3, 
	0x8c, 0xa7, 0xd6, 0x31, 0x69, 0x47, 0x61, 0x8b, 
	0xad, 0x29, 0xb5, 0xad, 0xbd, 0xef, 0xc6, 0x31, 
	0xad, 0x6d, 0xe6, 0xf7, 0x29, 0xd1, 0x42, 0x99, 
	0xef, 0xbd, 0xc5, 0x27, 0x60, 0xc5, 0x72, 0x51, 
	0xa5, 0x29, 0xde, 0xf9, 0x32, 0x13, 0xce, 0x75, 
	0xff, 0xbd, 0xac, 0x1f, 0x7b, 0x19, 0x9c, 0xe7, 
	0xa5, 0x2b, 0x84, 0xa7, 0xef, 0x7b, 0x94, 0xa5, 
	0x94, 0xa7, 0x9d, 0x29, 0xa5, 0x6b, 0x2a, 0x11, 
	0x53, 0x1b, 0xf7, 0xbd, 0x84, 0x65, 0x94, 0xe9, 
	0x94, 0xe7, 0x32, 0x15, 0xdf, 0x39, 0x7c, 0x21, 
	0x8c, 0xa5, 0xe6, 0xf9, 0x19, 0x8f, 0xbd, 0xf1, 
	0x73, 0xdf, 0x84, 0x63, 0x6b, 0x5d, 0x84, 0x23, 
	0xde, 0xb7, 0x63, 0x5f, 0x6b, 0x9d, 0x73, 0x9f, 
	0x63, 0x5b, 0xc6, 0x71, 0xad, 0xad, 0x7b, 0xe1, 
	0xef, 0x39, 0x21, 0x93, 0xb5, 0xf1, 0xce, 0xb3, 
	0x9c, 0xe9, 0x6b, 0xe3, 0xef, 0x79, 0x4a, 0xd9, 
	0x42, 0x57, 0xf7, 0xbf, 0xde, 0xb5, 0x4a, 0xdb, 
	0x11, 0x4f, 0xf7, 0xff, 0xe7, 0x37, 0x11, 0x51, 
	0xa5, 0x6d, 0xad, 0xaf, 0xbd, 0xf3, 
};

Gfx wf_dl_tile_5_7_ci8_aligner[] = {gsSPEndDisplayList()};
u8 wf_dl_tile_5_7_ci8[] = {
	0x00, 0x01, 0x01, 0x02, 0x01, 0x03, 0x03, 0x03, 
	0x03, 0x01, 0x03, 0x03, 0x02, 0x04, 0x00, 0x05, 
	0x06, 0x06, 0x06, 0x06, 0x06, 0x06, 0x07, 0x08, 
	0x09, 0x07, 0x0a, 0x0a, 0x07, 0x0b, 0x08, 0x0c, 
	0x04, 0x01, 0x01, 0x01, 0x03, 0x03, 0x01, 0x03, 
	0x0d, 0x03, 0x03, 0x03, 0x04, 0x04, 0x00, 0x0e, 
	0x06, 0x06, 0x06, 0x06, 0x06, 0x06, 0x07, 0x0f, 
	0x09, 0x10, 0x0a, 0x0a, 0x07, 0x0b, 0x08, 0x11, 
	0x01, 0x01, 0x01, 0x01, 0x0d, 0x0d, 0x03, 0x03, 
	0x03, 0x03, 0x03, 0x01, 0x04, 0x00, 0x00, 0x12, 
	0x06, 0x06, 0x06, 0x06, 0x06, 0x06, 0x0a, 0x0f, 
	0x08, 0x0b, 0x07, 0x0a, 0x07, 0x09, 0x0f, 0x13, 
	0x01, 0x01, 0x01, 0x01, 0x03, 0x03, 0x03, 0x03, 
	0x03, 0x03, 0x03, 0x01, 0x04, 0x00, 0x00, 0x12, 
	0x06, 0x06, 0x06, 0x06, 0x06, 0x06, 0x14, 0x15, 
	0x08, 0x0b, 0x07, 0x07, 0x0b, 0x09, 0x16, 0x17, 
	0x01, 0x01, 0x01, 0x0d, 0x03, 0x03, 0x03, 0x03, 
	0x03, 0x03, 0x03, 0x01, 0x04, 0x00, 0x01, 0x12, 
	0x06, 0x06, 0x06, 0x06, 0x06, 0x06, 0x18, 0x19, 
	0x0f, 0x09, 0x0b, 0x07, 0x0b, 0x08, 0x1a, 0x1b, 
	0x01, 0x02, 0x01, 0x0d, 0x03, 0x03, 0x03, 0x03, 
	0x03, 0x03, 0x0d, 0x01, 0x00, 0x00, 0x03, 0x19, 
	0x06, 0x06, 0x06, 0x06, 0x06, 0x06, 0x06, 0x09, 
	0x0f, 0x08, 0x0b, 0x0b, 0x09, 0x0f, 0x1c, 0x1d, 
	0x01, 0x02, 0x0d, 0x01, 0x03, 0x03, 0x03, 0x03, 
	0x03, 0x03, 0x03, 0x01, 0x00, 0x00, 0x01, 0x1e, 
	0x06, 0x06, 0x06, 0x06, 0x06, 0x06, 0x06, 0x1f, 
	0x20, 0x19, 0x09, 0x21, 0x22, 0x16, 0x0c, 0x23, 
	0x03, 0x01, 0x03, 0x03, 0x03, 0x03, 0x03, 0x03, 
	0x03, 0x03, 0x01, 0x04, 0x00, 0x04, 0x02, 0x24, 
	0x06, 0x06, 0x06, 0x06, 0x06, 0x06, 0x06, 0x07, 
	0x16, 0x24, 0x08, 0x25, 0x1e, 0x26, 0x17, 0x27, 
	0x02, 0x03, 0x03, 0x03, 0x0d, 0x03, 0x28, 0x28, 
	0x03, 0x03, 0x04, 0x00, 0x00, 0x01, 0x02, 0x05, 
	0x06, 0x06, 0x06, 0x06, 0x06, 0x06, 0x06, 0x0a, 
	0x16, 0x24, 0x0f, 0x0f, 0x16, 0x29, 0x2a, 0x2b, 
	0x01, 0x03, 0x03, 0x03, 0x03, 0x28, 0x28, 0x28, 
	0x03, 0x03, 0x04, 0x00, 0x04, 0x01, 0x28, 0x1e, 
	0x06, 0x06, 0x06, 0x06, 0x06, 0x06, 0x06, 0x2c, 
	0x24, 0x26, 0x2d, 0x2e, 0x1c, 0x13, 0x1d, 0x2f, 
	0x03, 0x03, 0x03, 0x03, 0x28, 0x28, 0x28, 0x28, 
	0x0d, 0x02, 0x04, 0x00, 0x04, 0x01, 0x30, 0x1e, 
	0x06, 0x06, 0x06, 0x06, 0x06, 0x06, 0x06, 0x2c, 
	0x08, 0x31, 0x29, 0x0c, 0x32, 0x1d, 0x23, 0x2f, 
	0x03, 0x03, 0x28, 0x28, 0x28, 0x0d, 0x33, 0x33, 
	0x03, 0x04, 0x00, 0x00, 0x01, 0x28, 0x28, 0x05, 
	0x06, 0x06, 0x06, 0x06, 0x06, 0x06, 0x06, 0x2c, 
	0x0a, 0x29, 0x34, 0x34, 0x1d, 0x23, 0x2b, 0x35, 
	0x03, 0x03, 0x03, 0x28, 0x28, 0x28, 0x33, 0x0d, 
	0x02, 0x04, 0x00, 0x00, 0x01, 0x28, 0x28, 0x1e, 
	0x06, 0x06, 0x06, 0x06, 0x06, 0x06, 0x06, 0x18, 
	0x36, 0x37, 0x1b, 0x23, 0x23, 0x2b, 0x38, 0x23, 
	0x03, 0x03, 0x28, 0x28, 0x28, 0x28, 0x03, 0x03, 
	0x04, 0x00, 0x00, 0x04, 0x01, 0x28, 0x39, 0x22, 
	0x06, 0x06, 0x06, 0x06, 0x06, 0x06, 0x06, 0x06, 
	0x06, 0x06, 0x07, 0x1a, 0x13, 0x34, 0x32, 0x2d, 
	0x03, 0x28, 0x28, 0x28, 0x28, 0x28, 0x28, 0x01, 
	0x00, 0x00, 0x00, 0x04, 0x03, 0x28, 0x3a, 0x08, 
	0x06, 0x06, 0x06, 0x06, 0x06, 0x06, 0x06, 0x06, 
	0x06, 0x06, 0x06, 0x06, 0x18, 0x18, 0x18, 0x06, 
	0x03, 0x28, 0x28, 0x28, 0x28, 0x03, 0x03, 0x00, 
	0x00, 0x00, 0x00, 0x01, 0x03, 0x28, 0x3b, 0x21, 
	0x06, 0x06, 0x06, 0x06, 0x06, 0x06, 0x06, 0x06, 
	0x06, 0x06, 0x06, 0x06, 0x06, 0x06, 0x06, 0x06, 
	0x3c, 0x3c, 0x28, 0x28, 0x28, 0x03, 0x01, 0x04, 
	0x00, 0x00, 0x00, 0x01, 0x03, 0x28, 0x28, 0x37, 
	0x06, 0x06, 0x06, 0x06, 0x06, 0x06, 0x06, 0x06, 
	0x06, 0x06, 0x06, 0x06, 0x06, 0x06, 0x06, 0x06, 
	0x28, 0x3c, 0x28, 0x28, 0x28, 0x01, 0x00, 0x00, 
	0x00, 0x00, 0x00, 0x01, 0x28, 0x28, 0x02, 0x1f, 
	0x06, 0x06, 0x06, 0x06, 0x06, 0x06, 0x06, 0x06, 
	0x06, 0x06, 0x06, 0x06, 0x06, 0x06, 0x06, 0x06, 
	0x28, 0x28, 0x28, 0x28, 0x01, 0x04, 0x00, 0x00, 
	0x3d, 0x00, 0x00, 0x01, 0x0d, 0x3c, 0x3e, 0x3f, 
	0x06, 0x06, 0x06, 0x06, 0x06, 0x06, 0x06, 0x06, 
	0x06, 0x06, 0x06, 0x06, 0x06, 0x06, 0x06, 0x06, 
	0x28, 0x28, 0x28, 0x03, 0x04, 0x00, 0x00, 0x40, 
	0x3d, 0x00, 0x00, 0x01, 0x0d, 0x28, 0x3e, 0x3f, 
	0x06, 0x06, 0x06, 0x06, 0x06, 0x06, 0x06, 0x06, 
	0x06, 0x06, 0x06, 0x06, 0x06, 0x06, 0x06, 0x06, 
	0x28, 0x28, 0x03, 0x04, 0x00, 0x3d, 0x41, 0x41, 
	0x40, 0x3d, 0x00, 0x01, 0x0d, 0x28, 0x42, 0x43, 
	0x06, 0x06, 0x06, 0x06, 0x06, 0x06, 0x06, 0x06, 
	0x06, 0x06, 0x06, 0x06, 0x06, 0x06, 0x06, 0x06, 
	0x28, 0x0d, 0x01, 0x00, 0x3d, 0x40, 0x44, 0x44, 
	0x41, 0x3d, 0x00, 0x01, 0x0d, 0x3c, 0x45, 0x46, 
	0x06, 0x06, 0x06, 0x06, 0x06, 0x06, 0x06, 0x06, 
	0x06, 0x06, 0x06, 0x06, 0x06, 0x06, 0x06, 0x06, 
	0x03, 0x01, 0x00, 0x41, 0x41, 0x47, 0x44, 0x44, 
	0x41, 0x3d, 0x00, 0x01, 0x33, 0x39, 0x48, 0x49, 
	0x06, 0x06, 0x06, 0x06, 0x06, 0x06, 0x06, 0x06, 
	0x06, 0x06, 0x06, 0x06, 0x06, 0x06, 0x06, 0x06, 
	0x01, 0x00, 0x40, 0x4a, 0x44, 0x47, 0x47, 0x47, 
	0x41, 0x41, 0x00, 0x01, 0x33, 0x39, 0x4b, 0x06, 
	0x06, 0x06, 0x06, 0x06, 0x06, 0x06, 0x06, 0x06, 
	0x06, 0x06, 0x06, 0x06, 0x06, 0x06, 0x06, 0x06, 
	0x00, 0x40, 0x4a, 0x4a, 0x4a, 0x4a, 0x47, 0x44, 
	0x41, 0x3d, 0x00, 0x02, 0x28, 0x39, 0x4c, 0x06, 
	0x06, 0x06, 0x06, 0x06, 0x06, 0x06, 0x06, 0x06, 
	0x06, 0x06, 0x06, 0x06, 0x06, 0x06, 0x06, 0x06, 
	0x44, 0x4a, 0x4a, 0x4d, 0x4d, 0x4a, 0x4a, 0x44, 
	0x44, 0x3d, 0x00, 0x01, 0x33, 0x28, 0x4e, 0x06, 
	0x06, 0x06, 0x06, 0x06, 0x06, 0x06, 0x06, 0x06, 
	0x06, 0x06, 0x06, 0x06, 0x06, 0x06, 0x06, 0x06, 
	0x4a, 0x4f, 0x4d, 0x4f, 0x4f, 0x4a, 0x4a, 0x44, 
	0x40, 0x3d, 0x00, 0x01, 0x33, 0x3c, 0x50, 0x06, 
	0x06, 0x06, 0x06, 0x06, 0x06, 0x06, 0x06, 0x06, 
	0x06, 0x06, 0x06, 0x06, 0x06, 0x06, 0x06, 0x06, 
	0x4f, 0x4f, 0x4f, 0x4f, 0x4f, 0x4f, 0x4a, 0x44, 
	0x40, 0x3d, 0x00, 0x01, 0x33, 0x28, 0x05, 0x06, 
	0x06, 0x06, 0x06, 0x06, 0x06, 0x06, 0x06, 0x06, 
	0x06, 0x06, 0x06, 0x06, 0x06, 0x06, 0x06, 0x06, 
	0x4f, 0x4f, 0x4f, 0x4f, 0x4f, 0x4d, 0x4a, 0x44, 
	0x40, 0x41, 0x00, 0x01, 0x0d, 0x02, 0x37, 0x06, 
	0x06, 0x06, 0x06, 0x06, 0x06, 0x06, 0x06, 0x06, 
	0x06, 0x06, 0x06, 0x06, 0x06, 0x06, 0x06, 0x06, 
	0x4f, 0x4f, 0x4f, 0x4f, 0x4f, 0x4d, 0x4d, 0x4a, 
	0x44, 0x41, 0x00, 0x01, 0x28, 0x51, 0x52, 0x06, 
	0x06, 0x06, 0x06, 0x06, 0x06, 0x06, 0x06, 0x06, 
	0x06, 0x06, 0x06, 0x06, 0x06, 0x06, 0x06, 0x06, 
	0x4f, 0x4f, 0x53, 0x4f, 0x4f, 0x4d, 0x4a, 0x44, 
	0x44, 0x3d, 0x00, 0x01, 0x03, 0x40, 0x54, 0x06, 
	0x06, 0x06, 0x06, 0x06, 0x06, 0x06, 0x06, 0x06, 
	0x06, 0x06, 0x06, 0x06, 0x06, 0x06, 0x06, 0x06, 
	0x4f, 0x4f, 0x4f, 0x53, 0x4f, 0x4d, 0x4d, 0x44, 
	0x44, 0x41, 0x00, 0x01, 0x03, 0x55, 0x56, 0x06, 
	0x06, 0x06, 0x06, 0x06, 0x06, 0x06, 0x06, 0x06, 
	0x06, 0x06, 0x06, 0x06, 0x06, 0x06, 0x06, 0x06, 
	
};

Gfx wf_dl_tile_5_7_pal_rgba16_aligner[] = {gsSPEndDisplayList()};
u8 wf_dl_tile_5_7_pal_rgba16[] = {
	0x21, 0x91, 0x19, 0x51, 0x19, 0x4f, 0x11, 0x4f, 
	0x19, 0x91, 0xb5, 0xf1, 0xff, 0xff, 0xde, 0xf7, 
	0xc6, 0x31, 0xce, 0x73, 0xe7, 0x39, 0xd6, 0xb5, 
	0x9c, 0xe7, 0x11, 0x51, 0xbd, 0xf3, 0xbd, 0xef, 
	0xde, 0xb7, 0x94, 0xe7, 0xbe, 0x33, 0x94, 0xa5, 
	0xef, 0xbb, 0xbe, 0x2f, 0xb5, 0xad, 0x8c, 0x65, 
	0xf7, 0xbd, 0xbe, 0x31, 0xad, 0xad, 0x84, 0x63, 
	0xa5, 0x29, 0x7c, 0x21, 0xbd, 0xf1, 0xd6, 0xb7, 
	0xb5, 0xaf, 0xce, 0x75, 0xc6, 0x33, 0x73, 0xdf, 
	0xb5, 0xef, 0xc6, 0x73, 0xa5, 0x6b, 0x73, 0x9f, 
	0x11, 0x0f, 0x9d, 0x29, 0x84, 0x23, 0x6b, 0x9d, 
	0xef, 0x7b, 0xad, 0x6b, 0xad, 0x6d, 0x6b, 0x5b, 
	0x08, 0xcd, 0x9d, 0x27, 0x8c, 0xa5, 0x11, 0x11, 
	0x8c, 0x63, 0x6b, 0x5d, 0xf7, 0xfd, 0xce, 0xb5, 
	0x6b, 0xdf, 0x09, 0x0d, 0x11, 0x0d, 0x19, 0x0f, 
	0x09, 0x0f, 0x21, 0xd1, 0x21, 0x51, 0xde, 0xf9, 
	0x29, 0xd3, 0x29, 0xd1, 0x29, 0x93, 0xe7, 0x3b, 
	0x2a, 0x13, 0x32, 0x15, 0xef, 0x7d, 0x2a, 0x11, 
	0x42, 0x57, 0xf7, 0xbf, 0x32, 0x13, 0x5b, 0x1d, 
	0x84, 0x65, 0x32, 0x53, 0x8c, 0xa7, 0x3a, 0x53, 
	0xa5, 0x6d, 0x21, 0x93, 0xdf, 0x39, 0x3a, 0x93, 
	0xe7, 0x7b, 0x3a, 0x17, 0xef, 0xbd, 
};

Gfx wf_dl_tile_5_8_ci8_aligner[] = {gsSPEndDisplayList()};
u8 wf_dl_tile_5_8_ci8[] = {
	0x00, 0x00, 0x01, 0x00, 0x00, 0x02, 0x03, 0x04, 
	0x04, 0x05, 0x06, 0x07, 0x08, 0x09, 0x0a, 0x0b, 
	0x0b, 0x0b, 0x0b, 0x0b, 0x0b, 0x0b, 0x0b, 0x0b, 
	0x0b, 0x0b, 0x0b, 0x0b, 0x0b, 0x0b, 0x0b, 0x0b, 
	0x00, 0x00, 0x00, 0x01, 0x00, 0x02, 0x02, 0x04, 
	0x04, 0x0c, 0x06, 0x07, 0x08, 0x0d, 0x0e, 0x0b, 
	0x0b, 0x0b, 0x0b, 0x0b, 0x0b, 0x0b, 0x0b, 0x0b, 
	0x0b, 0x0b, 0x0b, 0x0b, 0x0b, 0x0b, 0x0b, 0x0b, 
	0x01, 0x01, 0x01, 0x00, 0x00, 0x02, 0x03, 0x04, 
	0x04, 0x0c, 0x06, 0x07, 0x08, 0x0f, 0x10, 0x0b, 
	0x0b, 0x0b, 0x0b, 0x0b, 0x0b, 0x0b, 0x0b, 0x0b, 
	0x0b, 0x0b, 0x0b, 0x0b, 0x0b, 0x0b, 0x0b, 0x0b, 
	0x11, 0x11, 0x01, 0x01, 0x00, 0x02, 0x03, 0x04, 
	0x04, 0x0c, 0x06, 0x07, 0x08, 0x12, 0x0b, 0x0b, 
	0x0b, 0x0b, 0x0b, 0x0b, 0x0b, 0x0b, 0x0b, 0x0b, 
	0x0b, 0x0b, 0x0b, 0x0b, 0x0b, 0x0b, 0x0b, 0x0b, 
	0x11, 0x11, 0x01, 0x01, 0x00, 0x02, 0x03, 0x04, 
	0x04, 0x0c, 0x06, 0x07, 0x13, 0x14, 0x0b, 0x0b, 
	0x0b, 0x0b, 0x0b, 0x0b, 0x0b, 0x0b, 0x0b, 0x0b, 
	0x0b, 0x0b, 0x0b, 0x0b, 0x0b, 0x0b, 0x0b, 0x0b, 
	0x15, 0x11, 0x01, 0x01, 0x00, 0x02, 0x03, 0x04, 
	0x04, 0x05, 0x06, 0x07, 0x08, 0x16, 0x0b, 0x0b, 
	0x0b, 0x0b, 0x0b, 0x0b, 0x0b, 0x0b, 0x0b, 0x0b, 
	0x0b, 0x0b, 0x0b, 0x0b, 0x0b, 0x0b, 0x0b, 0x0b, 
	0x15, 0x11, 0x01, 0x01, 0x00, 0x02, 0x02, 0x03, 
	0x04, 0x0c, 0x06, 0x07, 0x08, 0x17, 0x0b, 0x0b, 
	0x0b, 0x0b, 0x0b, 0x0b, 0x0b, 0x0b, 0x0b, 0x0b, 
	0x0b, 0x0b, 0x0b, 0x0b, 0x0b, 0x0b, 0x0b, 0x0b, 
	0x11, 0x11, 0x01, 0x01, 0x00, 0x00, 0x03, 0x03, 
	0x04, 0x0c, 0x06, 0x07, 0x07, 0x18, 0x0b, 0x0b, 
	0x0b, 0x0b, 0x0b, 0x0b, 0x0b, 0x0b, 0x0b, 0x0b, 
	0x0b, 0x0b, 0x0b, 0x0b, 0x0b, 0x0b, 0x0b, 0x0b, 
	0x11, 0x11, 0x01, 0x00, 0x00, 0x00, 0x02, 0x04, 
	0x04, 0x05, 0x06, 0x19, 0x06, 0x1a, 0x0b, 0x0b, 
	0x0b, 0x0b, 0x0b, 0x0b, 0x0b, 0x0b, 0x0b, 0x0b, 
	0x0b, 0x0b, 0x0b, 0x0b, 0x0b, 0x0b, 0x0b, 0x0b, 
	0x11, 0x11, 0x01, 0x00, 0x00, 0x00, 0x02, 0x04, 
	0x09, 0x0c, 0x06, 0x19, 0x1b, 0x1c, 0x0b, 0x0b, 
	0x0b, 0x0b, 0x0b, 0x0b, 0x0b, 0x0b, 0x0b, 0x0b, 
	0x0b, 0x0b, 0x0b, 0x0b, 0x0b, 0x0b, 0x0b, 0x0b, 
	0x15, 0x11, 0x01, 0x00, 0x00, 0x00, 0x03, 0x04, 
	0x0c, 0x05, 0x1d, 0x07, 0x1e, 0x10, 0x0b, 0x0b, 
	0x0b, 0x0b, 0x0b, 0x0b, 0x0b, 0x0b, 0x0b, 0x0b, 
	0x0b, 0x0b, 0x0b, 0x0b, 0x0b, 0x0b, 0x0b, 0x0b, 
	0x15, 0x11, 0x01, 0x00, 0x00, 0x00, 0x03, 0x03, 
	0x0c, 0x05, 0x1d, 0x19, 0x1f, 0x0b, 0x0b, 0x0b, 
	0x0b, 0x0b, 0x0b, 0x0b, 0x0b, 0x0b, 0x0b, 0x0b, 
	0x0b, 0x0b, 0x0b, 0x0b, 0x0b, 0x0b, 0x0b, 0x0b, 
	0x15, 0x15, 0x15, 0x00, 0x00, 0x00, 0x03, 0x04, 
	0x09, 0x06, 0x1d, 0x07, 0x20, 0x0b, 0x0b, 0x0b, 
	0x0b, 0x0b, 0x0b, 0x0b, 0x0b, 0x0b, 0x0b, 0x0b, 
	0x0b, 0x0b, 0x0b, 0x0b, 0x0b, 0x0b, 0x0b, 0x0b, 
	0x15, 0x15, 0x15, 0x00, 0x21, 0x02, 0x03, 0x04, 
	0x0c, 0x06, 0x1d, 0x07, 0x22, 0x0b, 0x0b, 0x0b, 
	0x0b, 0x0b, 0x0b, 0x0b, 0x0b, 0x0b, 0x0b, 0x0b, 
	0x0b, 0x0b, 0x0b, 0x0b, 0x0b, 0x0b, 0x0b, 0x0b, 
	0x15, 0x15, 0x15, 0x00, 0x00, 0x03, 0x04, 0x09, 
	0x05, 0x06, 0x19, 0x07, 0x23, 0x0b, 0x0b, 0x0b, 
	0x0b, 0x0b, 0x0b, 0x0b, 0x0b, 0x0b, 0x0b, 0x0b, 
	0x0b, 0x0b, 0x0b, 0x0b, 0x0b, 0x0b, 0x0b, 0x0b, 
	0x15, 0x15, 0x24, 0x00, 0x00, 0x03, 0x03, 0x09, 
	0x05, 0x06, 0x1d, 0x06, 0x18, 0x0b, 0x0b, 0x0b, 
	0x0b, 0x0b, 0x0b, 0x0b, 0x0b, 0x0b, 0x0b, 0x0b, 
	0x0b, 0x0b, 0x0b, 0x0b, 0x0b, 0x0b, 0x0b, 0x0b, 
	0x15, 0x15, 0x00, 0x00, 0x02, 0x03, 0x04, 0x0c, 
	0x05, 0x06, 0x1d, 0x25, 0x26, 0x0b, 0x0b, 0x0b, 
	0x0b, 0x0b, 0x0b, 0x0b, 0x0b, 0x0b, 0x0b, 0x0b, 
	0x0b, 0x0b, 0x0b, 0x0b, 0x0b, 0x0b, 0x0b, 0x0b, 
	0x15, 0x11, 0x00, 0x00, 0x03, 0x03, 0x04, 0x0c, 
	0x06, 0x06, 0x1d, 0x09, 0x27, 0x0b, 0x0b, 0x0b, 
	0x0b, 0x0b, 0x0b, 0x0b, 0x0b, 0x0b, 0x0b, 0x0b, 
	0x0b, 0x0b, 0x0b, 0x0b, 0x0b, 0x0b, 0x0b, 0x0b, 
	0x11, 0x01, 0x00, 0x02, 0x03, 0x04, 0x09, 0x05, 
	0x06, 0x06, 0x1d, 0x09, 0x28, 0x0b, 0x0b, 0x0b, 
	0x0b, 0x0b, 0x0b, 0x0b, 0x0b, 0x0b, 0x0b, 0x0b, 
	0x0b, 0x0b, 0x0b, 0x0b, 0x0b, 0x0b, 0x0b, 0x0b, 
	0x11, 0x00, 0x00, 0x02, 0x03, 0x04, 0x09, 0x05, 
	0x05, 0x06, 0x1d, 0x29, 0x2a, 0x0b, 0x0b, 0x0b, 
	0x0b, 0x0b, 0x0b, 0x0b, 0x0b, 0x0b, 0x0b, 0x0b, 
	0x0b, 0x0b, 0x0b, 0x0b, 0x0b, 0x0b, 0x0b, 0x0b, 
	0x00, 0x00, 0x02, 0x02, 0x03, 0x04, 0x09, 0x09, 
	0x05, 0x06, 0x1d, 0x0f, 0x10, 0x0b, 0x0b, 0x0b, 
	0x0b, 0x0b, 0x0b, 0x0b, 0x0b, 0x0b, 0x0b, 0x0b, 
	0x0b, 0x0b, 0x0b, 0x0b, 0x0b, 0x0b, 0x0b, 0x0b, 
	0x00, 0x00, 0x02, 0x02, 0x04, 0x04, 0x04, 0x0c, 
	0x05, 0x06, 0x1d, 0x2b, 0x10, 0x0b, 0x0b, 0x0b, 
	0x0b, 0x0b, 0x0b, 0x0b, 0x0b, 0x0b, 0x0b, 0x0b, 
	0x0b, 0x0b, 0x0b, 0x0b, 0x0b, 0x0b, 0x0b, 0x0b, 
	0x00, 0x00, 0x02, 0x02, 0x04, 0x04, 0x04, 0x09, 
	0x05, 0x06, 0x1d, 0x2b, 0x10, 0x0b, 0x0b, 0x0b, 
	0x0b, 0x0b, 0x0b, 0x0b, 0x0b, 0x0b, 0x0b, 0x0b, 
	0x0b, 0x0b, 0x0b, 0x0b, 0x0b, 0x0b, 0x0b, 0x0b, 
	0x00, 0x00, 0x02, 0x02, 0x03, 0x04, 0x04, 0x09, 
	0x05, 0x06, 0x1d, 0x2b, 0x2c, 0x0b, 0x0b, 0x0b, 
	0x0b, 0x0b, 0x0b, 0x0b, 0x0b, 0x0b, 0x0b, 0x0b, 
	0x0b, 0x0b, 0x0b, 0x0b, 0x0b, 0x0b, 0x0b, 0x0b, 
	0x00, 0x00, 0x02, 0x03, 0x03, 0x04, 0x04, 0x09, 
	0x09, 0x06, 0x1d, 0x1f, 0x2d, 0x0b, 0x0b, 0x0b, 
	0x0b, 0x0b, 0x0b, 0x0b, 0x0b, 0x0b, 0x0b, 0x0b, 
	0x0b, 0x0b, 0x0b, 0x0b, 0x0b, 0x0b, 0x0b, 0x0b, 
	0x00, 0x00, 0x00, 0x02, 0x02, 0x03, 0x04, 0x04, 
	0x09, 0x05, 0x06, 0x2e, 0x2d, 0x0b, 0x0b, 0x0b, 
	0x0b, 0x0b, 0x0b, 0x0b, 0x0b, 0x0b, 0x0b, 0x0b, 
	0x0b, 0x0b, 0x0b, 0x0b, 0x0b, 0x0b, 0x0b, 0x0b, 
	0x00, 0x00, 0x00, 0x00, 0x00, 0x02, 0x03, 0x04, 
	0x04, 0x05, 0x06, 0x2e, 0x10, 0x0b, 0x0b, 0x0b, 
	0x0b, 0x0b, 0x0b, 0x0b, 0x0b, 0x0b, 0x0b, 0x0b, 
	0x0b, 0x0b, 0x0b, 0x0b, 0x0b, 0x0b, 0x0b, 0x0b, 
	0x01, 0x01, 0x01, 0x01, 0x00, 0x00, 0x00, 0x03, 
	0x04, 0x04, 0x2f, 0x0f, 0x2a, 0x0b, 0x0b, 0x0b, 
	0x0b, 0x0b, 0x0b, 0x0b, 0x0b, 0x0b, 0x0b, 0x0b, 
	0x0b, 0x0b, 0x0b, 0x0b, 0x0b, 0x0b, 0x0b, 0x0b, 
	0x15, 0x15, 0x11, 0x11, 0x15, 0x11, 0x00, 0x00, 
	0x00, 0x03, 0x03, 0x03, 0x30, 0x0b, 0x0b, 0x0b, 
	0x0b, 0x0b, 0x0b, 0x0b, 0x0b, 0x0b, 0x0b, 0x0b, 
	0x0b, 0x0b, 0x0b, 0x0b, 0x0b, 0x0b, 0x0b, 0x0b, 
	0x31, 0x31, 0x31, 0x31, 0x31, 0x31, 0x15, 0x01, 
	0x00, 0x02, 0x03, 0x04, 0x29, 0x16, 0x10, 0x0b, 
	0x0b, 0x0b, 0x0b, 0x0b, 0x0b, 0x0b, 0x0b, 0x0b, 
	0x0b, 0x0b, 0x0b, 0x0b, 0x0b, 0x0b, 0x0b, 0x0b, 
	0x32, 0x33, 0x33, 0x33, 0x31, 0x31, 0x31, 0x15, 
	0x00, 0x03, 0x34, 0x35, 0x36, 0x37, 0x38, 0x0b, 
	0x0b, 0x0b, 0x0b, 0x0b, 0x0b, 0x0b, 0x0b, 0x0b, 
	0x0b, 0x0b, 0x0b, 0x0b, 0x0b, 0x0b, 0x0b, 0x0b, 
	0x39, 0x39, 0x33, 0x3a, 0x32, 0x32, 0x31, 0x3b, 
	0x3c, 0x3d, 0x3e, 0x3f, 0x3f, 0x40, 0x41, 0x42, 
	0x43, 0x44, 0x0b, 0x0b, 0x0b, 0x0b, 0x0b, 0x0b, 
	0x0b, 0x0b, 0x0b, 0x0b, 0x0b, 0x0b, 0x0b, 0x0b, 
	
};

Gfx wf_dl_tile_5_8_pal_rgba16_aligner[] = {gsSPEndDisplayList()};
u8 wf_dl_tile_5_8_pal_rgba16[] = {
	0x3a, 0x53, 0x3a, 0x93, 0x32, 0x53, 0x32, 0x13, 
	0x2a, 0x13, 0x21, 0xd1, 0x21, 0x91, 0x19, 0x51, 
	0x11, 0x4f, 0x29, 0xd3, 0xe7, 0x7b, 0xff, 0xff, 
	0x29, 0xd1, 0x3a, 0x17, 0xef, 0xbd, 0x42, 0x99, 
	0xf7, 0xbd, 0x42, 0x93, 0x5b, 0x1d, 0x11, 0x0f, 
	0x73, 0xe3, 0x42, 0x95, 0x8c, 0xa9, 0xa5, 0x6f, 
	0xbe, 0x33, 0x19, 0x4f, 0xd6, 0xb7, 0x29, 0xd5, 
	0xe7, 0x39, 0x19, 0x91, 0x3a, 0x59, 0x5b, 0x5f, 
	0x6b, 0xa1, 0x3a, 0x55, 0x84, 0x65, 0xad, 0xaf, 
	0x3a, 0x95, 0x21, 0x93, 0xce, 0xb5, 0xde, 0xf7, 
	0xdf, 0x39, 0x3a, 0x57, 0xef, 0x7b, 0x4a, 0xdb, 
	0xf7, 0xff, 0xf7, 0xbf, 0x53, 0x1d, 0x21, 0xd3, 
	0xb5, 0xf1, 0x4a, 0xd5, 0x4b, 0x15, 0x53, 0x17, 
	0x29, 0xcf, 0x21, 0x8f, 0x21, 0x4d, 0x31, 0xd1, 
	0xd6, 0xb5, 0x53, 0x57, 0x4b, 0x17, 0x42, 0x53, 
	0x39, 0xcf, 0x41, 0xcd, 0x52, 0x0f, 0x5a, 0x0f, 
	0x5a, 0x4f, 0x93, 0xdb, 0xc5, 0xa9, 0xde, 0xb3, 
	0xff, 0xbd, 
};

Gfx wf_dl_tile_5_9_ci8_aligner[] = {gsSPEndDisplayList()};
u8 wf_dl_tile_5_9_ci8[] = {
	0x00, 0x01, 0x01, 0x01, 0x02, 0x02, 0x02, 0x03, 
	0x04, 0x05, 0x06, 0x07, 0x08, 0x09, 0x0a, 0x0b, 
	0x0b, 0x0b, 0x0b, 0x0b, 0x0b, 0x0b, 0x0b, 0x0b, 
	0x0b, 0x0b, 0x0b, 0x0b, 0x0b, 0x0b, 0x0b, 0x0b, 
	0x0c, 0x0c, 0x01, 0x0d, 0x00, 0x00, 0x02, 0x0e, 
	0x0f, 0x10, 0x11, 0x12, 0x12, 0x13, 0x14, 0x15, 
	0x16, 0x17, 0x0b, 0x0b, 0x0b, 0x0b, 0x0b, 0x0b, 
	0x0b, 0x0b, 0x0b, 0x0b, 0x0b, 0x0b, 0x0b, 0x0b, 
	0x18, 0x0c, 0x0c, 0x0c, 0x01, 0x19, 0x1a, 0x1b, 
	0x1c, 0x1d, 0x1d, 0x1d, 0x1d, 0x1d, 0x1e, 0x1f, 
	0x20, 0x21, 0x22, 0x17, 0x0b, 0x0b, 0x0b, 0x0b, 
	0x0b, 0x0b, 0x0b, 0x0b, 0x0b, 0x0b, 0x0b, 0x0b, 
	0x18, 0x23, 0x0c, 0x24, 0x25, 0x26, 0x20, 0x27, 
	0x28, 0x29, 0x2a, 0x2a, 0x2b, 0x28, 0x28, 0x1d, 
	0x1e, 0x2c, 0x2d, 0x2e, 0x2f, 0x0b, 0x0b, 0x0b, 
	0x0b, 0x0b, 0x0b, 0x0b, 0x0b, 0x0b, 0x0b, 0x0b, 
	0x18, 0x30, 0x31, 0x32, 0x33, 0x34, 0x35, 0x35, 
	0x36, 0x36, 0x35, 0x35, 0x2a, 0x37, 0x28, 0x1d, 
	0x38, 0x1e, 0x2c, 0x39, 0x3a, 0x3b, 0x0b, 0x0b, 
	0x0b, 0x0b, 0x0b, 0x0b, 0x0b, 0x0b, 0x0b, 0x0b, 
	0x3c, 0x32, 0x3d, 0x3e, 0x3f, 0x40, 0x3f, 0x41, 
	0x3f, 0x3f, 0x40, 0x3e, 0x42, 0x43, 0x2b, 0x1d, 
	0x44, 0x1e, 0x2c, 0x39, 0x45, 0x3a, 0x46, 0x0b, 
	0x0b, 0x0b, 0x0b, 0x0b, 0x0b, 0x0b, 0x0b, 0x0b, 
	0x47, 0x48, 0x3f, 0x49, 0x49, 0x49, 0x4a, 0x49, 
	0x49, 0x3f, 0x40, 0x3e, 0x42, 0x43, 0x37, 0x28, 
	0x1d, 0x38, 0x2c, 0x39, 0x4b, 0x4c, 0x2e, 0x4d, 
	0x0b, 0x0b, 0x0b, 0x0b, 0x0b, 0x0b, 0x0b, 0x0b, 
	0x41, 0x49, 0x4e, 0x4e, 0x4e, 0x4f, 0x4e, 0x50, 
	0x49, 0x49, 0x51, 0x51, 0x3e, 0x42, 0x28, 0x28, 
	0x1d, 0x1e, 0x2c, 0x39, 0x45, 0x52, 0x53, 0x54, 
	0x0b, 0x0b, 0x0b, 0x0b, 0x0b, 0x0b, 0x0b, 0x0b, 
	0x55, 0x56, 0x56, 0x56, 0x57, 0x57, 0x56, 0x4e, 
	0x4e, 0x49, 0x58, 0x40, 0x35, 0x43, 0x37, 0x2b, 
	0x38, 0x1e, 0x2c, 0x39, 0x45, 0x52, 0x59, 0x5a, 
	0x5b, 0x0b, 0x0b, 0x0b, 0x0b, 0x0b, 0x0b, 0x0b, 
	0x5c, 0x5d, 0x5d, 0x5d, 0x5e, 0x5e, 0x5c, 0x56, 
	0x4e, 0x5f, 0x49, 0x40, 0x42, 0x37, 0x2b, 0x28, 
	0x38, 0x1e, 0x2c, 0x2c, 0x45, 0x60, 0x60, 0x61, 
	0x62, 0x0b, 0x0b, 0x0b, 0x0b, 0x0b, 0x0b, 0x0b, 
	0x63, 0x64, 0x63, 0x63, 0x65, 0x5e, 0x5c, 0x5c, 
	0x4e, 0x4e, 0x41, 0x51, 0x42, 0x28, 0x28, 0x28, 
	0x1e, 0x66, 0x2c, 0x2c, 0x67, 0x60, 0x68, 0x69, 
	0x6a, 0x5b, 0x0b, 0x0b, 0x0b, 0x0b, 0x0b, 0x0b, 
	0x64, 0x6b, 0x64, 0x63, 0x6c, 0x6d, 0x5c, 0x5c, 
	0x55, 0x4e, 0x51, 0x51, 0x42, 0x28, 0x28, 0x44, 
	0x1e, 0x66, 0x2c, 0x39, 0x67, 0x60, 0x68, 0x69, 
	0x6e, 0x6f, 0x0b, 0x0b, 0x0b, 0x0b, 0x0b, 0x0b, 
	0x70, 0x71, 0x6b, 0x6b, 0x72, 0x73, 0x5c, 0x74, 
	0x4f, 0x75, 0x51, 0x51, 0x37, 0x28, 0x1d, 0x1e, 
	0x66, 0x2c, 0x2c, 0x67, 0x76, 0x60, 0x68, 0x69, 
	0x77, 0x78, 0x0b, 0x0b, 0x0b, 0x0b, 0x0b, 0x0b, 
	0x79, 0x7a, 0x7a, 0x6b, 0x72, 0x73, 0x5c, 0x55, 
	0x5f, 0x75, 0x51, 0x42, 0x28, 0x28, 0x38, 0x1e, 
	0x2c, 0x2c, 0x39, 0x67, 0x76, 0x60, 0x69, 0x69, 
	0x7b, 0x7c, 0x2f, 0x0b, 0x0b, 0x0b, 0x0b, 0x0b, 
	0x79, 0x79, 0x71, 0x6b, 0x63, 0x73, 0x5c, 0x4f, 
	0x75, 0x51, 0x51, 0x42, 0x28, 0x1d, 0x1e, 0x1e, 
	0x2c, 0x2c, 0x4b, 0x45, 0x60, 0x60, 0x68, 0x7b, 
	0x7b, 0x7d, 0x7e, 0x0b, 0x0b, 0x0b, 0x0b, 0x0b, 
	0x79, 0x7f, 0x6b, 0x64, 0x5d, 0x5c, 0x55, 0x5f, 
	0x51, 0x51, 0x42, 0x28, 0x28, 0x38, 0x1e, 0x2c, 
	0x2c, 0x39, 0x45, 0x52, 0x60, 0x60, 0x69, 0x69, 
	0x7b, 0x80, 0x81, 0x0b, 0x0b, 0x0b, 0x0b, 0x0b, 
	0x71, 0x6b, 0x82, 0x6c, 0x5c, 0x55, 0x4f, 0x49, 
	0x51, 0x3e, 0x28, 0x28, 0x1d, 0x1e, 0x83, 0x2c, 
	0x39, 0x4b, 0x45, 0x60, 0x68, 0x68, 0x69, 0x6e, 
	0x84, 0x80, 0x78, 0x0b, 0x0b, 0x0b, 0x0b, 0x0b, 
	0x72, 0x63, 0x5d, 0x5c, 0x55, 0x4e, 0x75, 0x51, 
	0x51, 0x37, 0x28, 0x28, 0x1e, 0x83, 0x2c, 0x2c, 
	0x4b, 0x52, 0x76, 0x60, 0x68, 0x60, 0x69, 0x7b, 
	0x84, 0x80, 0x85, 0x0b, 0x0b, 0x0b, 0x0b, 0x0b, 
	0x73, 0x5d, 0x86, 0x57, 0x4f, 0x75, 0x87, 0x51, 
	0x42, 0x28, 0x28, 0x44, 0x1e, 0x2c, 0x2c, 0x67, 
	0x45, 0x52, 0x60, 0x60, 0x68, 0x69, 0x7b, 0x84, 
	0x77, 0x80, 0x88, 0x4d, 0x0b, 0x0b, 0x0b, 0x0b, 
	0x5e, 0x56, 0x89, 0x4e, 0x75, 0x51, 0x51, 0x42, 
	0x28, 0x28, 0x38, 0x1e, 0x2c, 0x2c, 0x4b, 0x67, 
	0x45, 0x4c, 0x68, 0x69, 0x69, 0x8a, 0x7b, 0x6e, 
	0x80, 0x80, 0x8b, 0x4d, 0x0b, 0x0b, 0x0b, 0x0b, 
	0x56, 0x4e, 0x75, 0x75, 0x41, 0x51, 0x42, 0x28, 
	0x28, 0x38, 0x83, 0x2c, 0x2c, 0x39, 0x67, 0x45, 
	0x52, 0x60, 0x68, 0x69, 0x69, 0x6e, 0x7b, 0x77, 
	0x77, 0x8c, 0x8b, 0x4d, 0x0b, 0x0b, 0x0b, 0x0b, 
	0x5f, 0x49, 0x51, 0x51, 0x3e, 0x43, 0x28, 0x28, 
	0x38, 0x1e, 0x8d, 0x2c, 0x2c, 0x67, 0x45, 0x76, 
	0x60, 0x68, 0x69, 0x69, 0x7b, 0x7b, 0x84, 0x84, 
	0x8c, 0x8c, 0x88, 0x4d, 0x0b, 0x0b, 0x0b, 0x0b, 
	0x51, 0x51, 0x51, 0x42, 0x43, 0x28, 0x28, 0x38, 
	0x1e, 0x83, 0x2c, 0x2c, 0x67, 0x52, 0x76, 0x60, 
	0x68, 0x60, 0x69, 0x69, 0x6e, 0x84, 0x84, 0x8c, 
	0x84, 0x80, 0x8e, 0x0b, 0x0b, 0x0b, 0x0b, 0x0b, 
	0x40, 0x42, 0x28, 0x28, 0x28, 0x8f, 0x38, 0x1e, 
	0x2c, 0x2c, 0x39, 0x67, 0x45, 0x52, 0x60, 0x60, 
	0x68, 0x69, 0x7b, 0x7b, 0x84, 0x77, 0x8c, 0x77, 
	0x80, 0x8c, 0x90, 0x0b, 0x0b, 0x0b, 0x0b, 0x0b, 
	0x28, 0x28, 0x28, 0x1d, 0x1d, 0x1e, 0x1e, 0x2c, 
	0x2c, 0x39, 0x45, 0x45, 0x45, 0x45, 0x60, 0x60, 
	0x69, 0x7b, 0x7b, 0x7b, 0x84, 0x80, 0x80, 0x80, 
	0x80, 0x80, 0x81, 0x0b, 0x0b, 0x0b, 0x0b, 0x0b, 
	0x28, 0x28, 0x38, 0x1e, 0x1e, 0x2c, 0x2c, 0x2c, 
	0x39, 0x45, 0x91, 0x4c, 0x60, 0x60, 0x68, 0x7b, 
	0x7b, 0x7b, 0x7b, 0x84, 0x8c, 0x77, 0x84, 0x80, 
	0x80, 0x92, 0x7e, 0x0b, 0x0b, 0x0b, 0x0b, 0x0b, 
	0x1e, 0x83, 0x2c, 0x1e, 0x2c, 0x2c, 0x4b, 0x67, 
	0x45, 0x45, 0x60, 0x68, 0x68, 0x68, 0x7b, 0x8a, 
	0x8a, 0x7b, 0x84, 0x80, 0x8c, 0x8c, 0x80, 0x80, 
	0x80, 0x1b, 0x46, 0x0b, 0x0b, 0x0b, 0x0b, 0x0b, 
	0x2c, 0x1e, 0x2c, 0x2c, 0x39, 0x45, 0x45, 0x45, 
	0x45, 0x93, 0x94, 0x94, 0x69, 0x8a, 0x8a, 0x8a, 
	0x84, 0x84, 0x84, 0x8c, 0x8c, 0x8c, 0x80, 0x80, 
	0x95, 0x96, 0x0b, 0x0b, 0x0b, 0x0b, 0x0b, 0x0b, 
	0x2c, 0x2c, 0x39, 0x45, 0x45, 0x45, 0x52, 0x60, 
	0x60, 0x68, 0x68, 0x69, 0x8a, 0x97, 0x84, 0x84, 
	0x84, 0x8c, 0x8c, 0x8c, 0x8c, 0x8c, 0x80, 0x98, 
	0x99, 0x4d, 0x0b, 0x0b, 0x0b, 0x0b, 0x0b, 0x0b, 
	0x45, 0x45, 0x52, 0x52, 0x60, 0x60, 0x60, 0x60, 
	0x68, 0x69, 0x7b, 0x84, 0x84, 0x84, 0x8c, 0x8c, 
	0x8c, 0x8c, 0x8c, 0x8c, 0x8c, 0x92, 0x9a, 0x9b, 
	0x4d, 0x0b, 0x0b, 0x0b, 0x0b, 0x0b, 0x0b, 0x0b, 
	0x60, 0x60, 0x4c, 0x4c, 0x69, 0x69, 0x97, 0x84, 
	0x84, 0x84, 0x8c, 0x80, 0x77, 0x8c, 0x8c, 0x80, 
	0x8c, 0x80, 0x80, 0x9c, 0x9d, 0x80, 0x9e, 0x0b, 
	0x0b, 0x0b, 0x0b, 0x0b, 0x0b, 0x0b, 0x0b, 0x0b, 
	0x7b, 0x84, 0x77, 0x8c, 0x8c, 0x80, 0x80, 0x80, 
	0x80, 0x80, 0x80, 0x92, 0x92, 0x9d, 0x9c, 0x9c, 
	0x9d, 0x9d, 0x80, 0x8a, 0x9f, 0x9f, 0x16, 0x0b, 
	0x0b, 0x0b, 0x0b, 0x0b, 0x0b, 0x0b, 0x0b, 0x0b, 
	
};

Gfx wf_dl_tile_5_9_pal_rgba16_aligner[] = {gsSPEndDisplayList()};
u8 wf_dl_tile_5_9_pal_rgba16[] = {
	0x4b, 0x15, 0x53, 0x17, 0x4a, 0xd5, 0x42, 0x95, 
	0x3a, 0x53, 0x32, 0x13, 0x29, 0xcf, 0x21, 0x8f, 
	0x21, 0x4d, 0x31, 0xd1, 0xd6, 0xb5, 0xff, 0xff, 
	0x53, 0x57, 0x4b, 0x17, 0x42, 0x53, 0x39, 0xcf, 
	0x41, 0xcd, 0x52, 0x0f, 0x5a, 0x0f, 0x5a, 0x4f, 
	0x93, 0xdb, 0xc5, 0xa9, 0xde, 0xb3, 0xff, 0xbd, 
	0x5b, 0x59, 0x4a, 0x93, 0x52, 0x51, 0x62, 0x51, 
	0x6a, 0x4f, 0x82, 0x8d, 0x7a, 0x4b, 0x7a, 0x4d, 
	0x7a, 0x8f, 0x9b, 0xdb, 0xd6, 0x2f, 0x5b, 0x57, 
	0x52, 0xd5, 0x5a, 0x91, 0x6a, 0x8f, 0x8a, 0xcf, 
	0x8a, 0x8d, 0x92, 0x8b, 0x8a, 0xcb, 0x8a, 0x8b, 
	0x72, 0x09, 0x72, 0x4d, 0xa4, 0xa1, 0xef, 0x39, 
	0x5b, 0x17, 0x5a, 0x93, 0x6a, 0xd1, 0x82, 0xcf, 
	0x8b, 0x0d, 0x93, 0x0d, 0x9b, 0x0d, 0x8a, 0xcd, 
	0x82, 0x4b, 0x6a, 0x09, 0x93, 0x99, 0xef, 0x37, 
	0x5a, 0xd3, 0x8a, 0xd1, 0x93, 0x0f, 0x9b, 0x4f, 
	0x9b, 0x0f, 0x9b, 0x51, 0x92, 0xcf, 0x92, 0xcd, 
	0x82, 0x4d, 0x61, 0xc7, 0xef, 0x79, 0x7a, 0xd1, 
	0x93, 0x11, 0xa3, 0x51, 0xa3, 0x93, 0x69, 0xc9, 
	0x59, 0x87, 0xf7, 0xbd, 0xab, 0x93, 0xab, 0x95, 
	0xa3, 0x91, 0x9b, 0x11, 0x61, 0x87, 0x61, 0xcb, 
	0xce, 0x2f, 0xb3, 0x95, 0xb3, 0xd5, 0xb3, 0xd7, 
	0xa3, 0x4f, 0x59, 0x45, 0x7b, 0x15, 0xef, 0x7b, 
	0xbb, 0xd7, 0xc4, 0x17, 0xbc, 0x17, 0xab, 0x53, 
	0x59, 0x85, 0x51, 0x47, 0xbd, 0x6b, 0xcc, 0x59, 
	0xd4, 0x99, 0xc4, 0x57, 0x7a, 0x09, 0x69, 0xc7, 
	0x51, 0x85, 0x51, 0x45, 0x72, 0xd3, 0xd4, 0x9b, 
	0xcc, 0x57, 0xc4, 0x59, 0x49, 0x05, 0xc5, 0xed, 
	0xdc, 0xdb, 0xdc, 0x9b, 0xd4, 0x5b, 0xc4, 0x19, 
	0xbb, 0xd5, 0xa3, 0x53, 0x61, 0x85, 0x40, 0xc3, 
	0x8b, 0xdb, 0xe4, 0xdd, 0xdc, 0xdd, 0x49, 0x03, 
	0x62, 0x4f, 0x39, 0x03, 0xce, 0x71, 0xdc, 0x9d, 
	0x38, 0xc3, 0xad, 0x27, 0xd4, 0x59, 0x7a, 0x49, 
	0x41, 0x03, 0x83, 0x99, 0xbc, 0x15, 0xa3, 0x11, 
	0x7b, 0x57, 0xb3, 0x93, 0x49, 0x45, 0x73, 0x15, 
	0x38, 0xc1, 0x72, 0x49, 0x73, 0x59, 0x82, 0x8b, 
	0x83, 0x9b, 0x61, 0xc9, 0x30, 0xc3, 0x59, 0xc7, 
	0x51, 0x87, 0x31, 0x05, 0xb5, 0x6b, 0x49, 0x43, 
	0x30, 0xc5, 0x8c, 0x61, 0x39, 0x07, 0x9c, 0xa5, 
	0x30, 0x83, 0x30, 0x81, 0xc5, 0xef, 0x59, 0xc9, 
	
};

Gfx wf_dl_tile_6_0_i8_aligner[] = {gsSPEndDisplayList()};
u8 wf_dl_tile_6_0_i8[] = {
	0xff, 0xff, 0xff, 0xff, 0xff, 0xff, 0xff, 0xff, 
	0xff, 0xff, 0xff, 0xff, 0xff, 0xff, 0xff, 0xff, 
	0xff, 0xff, 0xff, 0xff, 0xff, 0xff, 0xff, 0xff, 
	0xff, 0xff, 0xff, 0xff, 0xff, 0xff, 0xff, 0xff, 
	0xff, 0xff, 0xff, 0xff, 0xff, 0xff, 0xff, 0xff, 
	0xff, 0xff, 0xff, 0xff, 0xff, 0xff, 0xff, 0xff, 
	0xff, 0xff, 0xff, 0xff, 0xff, 0xff, 0xff, 0xff, 
	0xff, 0xff, 0xff, 0xff, 0xff, 0xff, 0xff, 0xff, 
	0xff, 0xff, 0xff, 0xff, 0xff, 0xff, 0xff, 0xff, 
	0xff, 0xff, 0xff, 0xff, 0xff, 0xff, 0xff, 0xff, 
	0xff, 0xff, 0xff, 0xff, 0xff, 0xff, 0xff, 0xff, 
	0xff, 0xff, 0xff, 0xff, 0xff, 0xff, 0xff, 0xff, 
	0xff, 0xff, 0xff, 0xff, 0xff, 0xff, 0xff, 0xff, 
	0xff, 0xff, 0xff, 0xff, 0xff, 0xff, 0xff, 0xff, 
	0xff, 0xff, 0xff, 0xff, 0xff, 0xff, 0xff, 0xff, 
	0xff, 0xff, 0xff, 0xff, 0xff, 0xff, 0xff, 0xff, 
	0xff, 0xff, 0xff, 0xff, 0xff, 0xff, 0xff, 0xff, 
	0xff, 0xff, 0xff, 0xff, 0xff, 0xff, 0xff, 0xff, 
	0xff, 0xff, 0xff, 0xff, 0xff, 0xff, 0xff, 0xff, 
	0xff, 0xff, 0xff, 0xff, 0xff, 0xff, 0xff, 0xff, 
	0xff, 0xff, 0xff, 0xff, 0xff, 0xff, 0xff, 0xff, 
	0xff, 0xff, 0xff, 0xff, 0xff, 0xff, 0xff, 0xff, 
	0xff, 0xff, 0xff, 0xff, 0xff, 0xff, 0xff, 0xff, 
	0xff, 0xff, 0xff, 0xff, 0xff, 0xff, 0xff, 0xff, 
	0xff, 0xff, 0xff, 0xff, 0xff, 0xff, 0xff, 0xff, 
	0xff, 0xff, 0xff, 0xff, 0xff, 0xff, 0xff, 0xff, 
	0xff, 0xff, 0xff, 0xff, 0xff, 0xff, 0xff, 0xff, 
	0xff, 0xff, 0xff, 0xff, 0xff, 0xff, 0xff, 0xff, 
	0xff, 0xff, 0xff, 0xff, 0xff, 0xff, 0xff, 0xff, 
	0xff, 0xff, 0xff, 0xff, 0xff, 0xff, 0xff, 0xff, 
	0xff, 0xff, 0xff, 0xff, 0xff, 0xff, 0xff, 0xff, 
	0xff, 0xff, 0xff, 0xff, 0xff, 0xff, 0xff, 0xff, 
	0xff, 0xff, 0xff, 0xff, 0xff, 0xff, 0xff, 0xff, 
	0xff, 0xff, 0xff, 0xff, 0xff, 0xff, 0xff, 0xff, 
	0xff, 0xff, 0xff, 0xff, 0xff, 0xff, 0xff, 0xff, 
	0xff, 0xff, 0xff, 0xff, 0xff, 0xff, 0xff, 0xff, 
	0xff, 0xff, 0xff, 0xff, 0xff, 0xff, 0xff, 0xff, 
	0xff, 0xff, 0xff, 0xff, 0xff, 0xff, 0xff, 0xff, 
	0xff, 0xff, 0xff, 0xff, 0xff, 0xff, 0xff, 0xff, 
	0xff, 0xff, 0xff, 0xff, 0xff, 0xff, 0xff, 0xff, 
	0xff, 0xff, 0xff, 0xff, 0xff, 0xff, 0xff, 0xff, 
	0xff, 0xff, 0xff, 0xff, 0xff, 0xff, 0xff, 0xff, 
	0xff, 0xff, 0xff, 0xff, 0xff, 0xff, 0xff, 0xff, 
	0xff, 0xff, 0xff, 0xff, 0xff, 0xff, 0xff, 0xff, 
	0xff, 0xff, 0xff, 0xff, 0xff, 0xff, 0xff, 0xff, 
	0xff, 0xff, 0xff, 0xff, 0xff, 0xff, 0xff, 0xff, 
	0xff, 0xff, 0xff, 0xff, 0xff, 0xff, 0xff, 0xff, 
	0xff, 0xff, 0xff, 0xff, 0xff, 0xff, 0xff, 0xff, 
	0xff, 0xff, 0xff, 0xff, 0xff, 0xff, 0xff, 0xff, 
	0xff, 0xff, 0xff, 0xff, 0xff, 0xff, 0xff, 0xff, 
	0xff, 0xff, 0xff, 0xff, 0xff, 0xff, 0xff, 0xff, 
	0xff, 0xff, 0xff, 0xff, 0xff, 0xff, 0xff, 0xff, 
	0xff, 0xff, 0xff, 0xff, 0xff, 0xff, 0xff, 0xff, 
	0xff, 0xff, 0xff, 0xff, 0xff, 0xff, 0xff, 0xff, 
	0xff, 0xff, 0xff, 0xff, 0xff, 0xff, 0xff, 0xff, 
	0xff, 0xff, 0xff, 0xff, 0xff, 0xff, 0xff, 0xff, 
	0xff, 0xff, 0xff, 0xff, 0xff, 0xff, 0xff, 0xff, 
	0xff, 0xff, 0xff, 0xff, 0xff, 0xff, 0xff, 0xff, 
	0xff, 0xff, 0xff, 0xff, 0xff, 0xff, 0xff, 0xff, 
	0xff, 0xff, 0xff, 0xff, 0xff, 0xff, 0xff, 0xff, 
	0xff, 0xff, 0xff, 0xff, 0xff, 0xff, 0xff, 0xff, 
	0xff, 0xff, 0xff, 0xff, 0xff, 0xff, 0xff, 0xff, 
	0xff, 0xff, 0xff, 0xff, 0xff, 0xff, 0xff, 0xff, 
	0xff, 0xff, 0xff, 0xff, 0xff, 0xff, 0xff, 0xff, 
	0xff, 0xff, 0xff, 0xff, 0xff, 0xff, 0xff, 0xff, 
	0xff, 0xff, 0xff, 0xff, 0xff, 0xff, 0xff, 0xff, 
	0xff, 0xff, 0xff, 0xff, 0xff, 0xff, 0xff, 0xff, 
	0xff, 0xff, 0xff, 0xff, 0xff, 0xff, 0xff, 0xff, 
	0xff, 0xff, 0xff, 0xff, 0xff, 0xff, 0xff, 0xff, 
	0xff, 0xff, 0xff, 0xff, 0xff, 0xff, 0xff, 0xff, 
	0xff, 0xff, 0xff, 0xff, 0xff, 0xff, 0xff, 0xff, 
	0xff, 0xff, 0xff, 0xff, 0xff, 0xff, 0xff, 0xff, 
	0xff, 0xff, 0xff, 0xff, 0xff, 0xff, 0xff, 0xff, 
	0xff, 0xff, 0xff, 0xff, 0xff, 0xff, 0xff, 0xff, 
	0xff, 0xff, 0xff, 0xff, 0xff, 0xff, 0xff, 0xff, 
	0xff, 0xff, 0xff, 0xff, 0xff, 0xff, 0xff, 0xff, 
	0xff, 0xff, 0xff, 0xff, 0xff, 0xff, 0xff, 0xff, 
	0xff, 0xff, 0xff, 0xff, 0xff, 0xff, 0xff, 0xff, 
	0xff, 0xff, 0xff, 0xff, 0xff, 0xff, 0xff, 0xff, 
	0xff, 0xff, 0xff, 0xff, 0xff, 0xff, 0xff, 0xff, 
	0xff, 0xff, 0xff, 0xff, 0xff, 0xff, 0xff, 0xff, 
	0xff, 0xff, 0xff, 0xff, 0xff, 0xff, 0xff, 0xff, 
	0xff, 0xff, 0xff, 0xff, 0xff, 0xff, 0xff, 0xff, 
	0xff, 0xff, 0xff, 0xff, 0xff, 0xff, 0xff, 0xff, 
	0xff, 0xff, 0xff, 0xff, 0xff, 0xff, 0xff, 0xff, 
	0xff, 0xff, 0xff, 0xff, 0xff, 0xff, 0xff, 0xff, 
	0xff, 0xff, 0xff, 0xff, 0xff, 0xff, 0xff, 0xff, 
	0xff, 0xff, 0xff, 0xff, 0xff, 0xff, 0xff, 0xff, 
	0xff, 0xff, 0xff, 0xff, 0xff, 0xff, 0xff, 0xff, 
	0xff, 0xff, 0xff, 0xff, 0xff, 0xff, 0xff, 0xff, 
	0xff, 0xff, 0xff, 0xff, 0xff, 0xff, 0xff, 0xff, 
	0xff, 0xff, 0xff, 0xff, 0xff, 0xff, 0xff, 0xff, 
	0xff, 0xff, 0xff, 0xff, 0xff, 0xff, 0xff, 0xff, 
	0xff, 0xff, 0xff, 0xff, 0xff, 0xff, 0xff, 0xff, 
	0xff, 0xff, 0xff, 0xff, 0xff, 0xff, 0xff, 0xff, 
	0xff, 0xff, 0xff, 0xff, 0xff, 0xff, 0xff, 0xff, 
	0xff, 0xff, 0xff, 0xff, 0xff, 0xff, 0xff, 0xff, 
	0xff, 0xff, 0xff, 0xff, 0xff, 0xff, 0xff, 0xff, 
	0xff, 0xff, 0xff, 0xff, 0xff, 0xff, 0xff, 0xff, 
	0xff, 0xff, 0xff, 0xff, 0xff, 0xff, 0xff, 0xff, 
	0xff, 0xff, 0xff, 0xff, 0xff, 0xff, 0xff, 0xff, 
	0xff, 0xff, 0xff, 0xff, 0xff, 0xff, 0xff, 0xff, 
	0xff, 0xff, 0xff, 0xff, 0xff, 0xff, 0xff, 0xff, 
	0xff, 0xff, 0xff, 0xff, 0xff, 0xff, 0xff, 0xff, 
	0xff, 0xff, 0xff, 0xff, 0xff, 0xff, 0xff, 0xff, 
	0xff, 0xff, 0xff, 0xff, 0xff, 0xff, 0xff, 0xff, 
	0xff, 0xff, 0xff, 0xff, 0xff, 0xff, 0xff, 0xff, 
	0xff, 0xff, 0xff, 0xff, 0xff, 0xff, 0xff, 0xff, 
	0xff, 0xff, 0xff, 0xff, 0xff, 0xff, 0xff, 0xff, 
	0xff, 0xff, 0xff, 0xff, 0xff, 0xff, 0xff, 0xff, 
	0xff, 0xff, 0xff, 0xff, 0xff, 0xff, 0xff, 0xff, 
	0xff, 0xff, 0xff, 0xff, 0xff, 0xff, 0xff, 0xff, 
	0xff, 0xff, 0xff, 0xff, 0xff, 0xff, 0xff, 0xff, 
	0xff, 0xff, 0xff, 0xff, 0xff, 0xff, 0xff, 0xff, 
	0xff, 0xff, 0xff, 0xff, 0xff, 0xff, 0xff, 0xff, 
	0xff, 0xff, 0xff, 0xff, 0xff, 0xff, 0xff, 0xff, 
	0xff, 0xff, 0xff, 0xff, 0xff, 0xff, 0xff, 0xff, 
	0xff, 0xff, 0xff, 0xff, 0xff, 0xff, 0xff, 0xff, 
	0xff, 0xff, 0xff, 0xff, 0xff, 0xff, 0xff, 0xff, 
	0xff, 0xff, 0xff, 0xff, 0xff, 0xff, 0xff, 0xff, 
	0xff, 0xff, 0xff, 0xff, 0xff, 0xff, 0xff, 0xff, 
	0xff, 0xff, 0xff, 0xff, 0xff, 0xff, 0xff, 0xff, 
	0xff, 0xff, 0xff, 0xff, 0xff, 0xff, 0xff, 0xff, 
	0xff, 0xff, 0xff, 0xff, 0xff, 0xff, 0xff, 0xff, 
	0xff, 0xff, 0xff, 0xff, 0xff, 0xff, 0xff, 0xff, 
	0xff, 0xff, 0xff, 0xff, 0xff, 0xff, 0xff, 0xff, 
	0xff, 0xff, 0xff, 0xff, 0xff, 0xff, 0xff, 0xff, 
	0xff, 0xff, 0xff, 0xff, 0xff, 0xff, 0xff, 0xff, 
	
};

Gfx wf_dl_tile_6_1_i8_aligner[] = {gsSPEndDisplayList()};
u8 wf_dl_tile_6_1_i8[] = {
	0xff, 0xff, 0xff, 0xff, 0xff, 0xff, 0xff, 0xff, 
	0xff, 0xff, 0xff, 0xff, 0xff, 0xff, 0xff, 0xff, 
	0xff, 0xff, 0xff, 0xff, 0xff, 0xff, 0xff, 0xff, 
	0xff, 0xff, 0xff, 0xff, 0xff, 0xff, 0xff, 0xff, 
	0xff, 0xff, 0xff, 0xff, 0xff, 0xff, 0xff, 0xff, 
	0xff, 0xff, 0xff, 0xff, 0xff, 0xff, 0xff, 0xff, 
	0xff, 0xff, 0xff, 0xff, 0xff, 0xff, 0xff, 0xff, 
	0xff, 0xff, 0xff, 0xff, 0xff, 0xff, 0xff, 0xff, 
	0xff, 0xff, 0xff, 0xff, 0xff, 0xff, 0xff, 0xff, 
	0xff, 0xff, 0xff, 0xff, 0xff, 0xff, 0xff, 0xff, 
	0xff, 0xff, 0xff, 0xff, 0xff, 0xff, 0xff, 0xff, 
	0xff, 0xff, 0xff, 0xff, 0xff, 0xff, 0xff, 0xff, 
	0xff, 0xff, 0xff, 0xff, 0xff, 0xff, 0xff, 0xff, 
	0xff, 0xff, 0xff, 0xff, 0xff, 0xff, 0xff, 0xff, 
	0xff, 0xff, 0xff, 0xff, 0xff, 0xff, 0xff, 0xff, 
	0xff, 0xff, 0xff, 0xff, 0xff, 0xff, 0xff, 0xff, 
	0xff, 0xff, 0xff, 0xff, 0xff, 0xff, 0xff, 0xff, 
	0xff, 0xff, 0xff, 0xff, 0xff, 0xff, 0xff, 0xff, 
	0xff, 0xff, 0xff, 0xff, 0xff, 0xff, 0xff, 0xff, 
	0xff, 0xff, 0xff, 0xff, 0xff, 0xff, 0xff, 0xff, 
	0xff, 0xff, 0xff, 0xff, 0xff, 0xff, 0xff, 0xff, 
	0xff, 0xff, 0xff, 0xff, 0xff, 0xff, 0xff, 0xff, 
	0xff, 0xff, 0xff, 0xff, 0xff, 0xff, 0xff, 0xff, 
	0xff, 0xff, 0xff, 0xff, 0xff, 0xff, 0xff, 0xff, 
	0xff, 0xff, 0xff, 0xff, 0xff, 0xff, 0xff, 0xff, 
	0xff, 0xff, 0xff, 0xff, 0xff, 0xff, 0xff, 0xff, 
	0xff, 0xff, 0xff, 0xff, 0xff, 0xff, 0xff, 0xff, 
	0xff, 0xff, 0xff, 0xff, 0xff, 0xff, 0xff, 0xff, 
	0xff, 0xff, 0xff, 0xff, 0xff, 0xff, 0xff, 0xff, 
	0xff, 0xff, 0xff, 0xff, 0xff, 0xff, 0xff, 0xff, 
	0xff, 0xff, 0xff, 0xff, 0xff, 0xff, 0xff, 0xff, 
	0xff, 0xff, 0xff, 0xff, 0xff, 0xff, 0xff, 0xff, 
	0xff, 0xff, 0xff, 0xff, 0xff, 0xff, 0xff, 0xff, 
	0xff, 0xff, 0xff, 0xff, 0xff, 0xff, 0xff, 0xff, 
	0xff, 0xff, 0xff, 0xff, 0xff, 0xff, 0xff, 0xff, 
	0xff, 0xff, 0xff, 0xff, 0xff, 0xff, 0xff, 0xff, 
	0xff, 0xff, 0xff, 0xff, 0xff, 0xff, 0xff, 0xff, 
	0xff, 0xff, 0xff, 0xff, 0xff, 0xff, 0xff, 0xff, 
	0xff, 0xff, 0xff, 0xff, 0xff, 0xff, 0xff, 0xff, 
	0xff, 0xff, 0xff, 0xff, 0xff, 0xff, 0xff, 0xff, 
	0xff, 0xff, 0xff, 0xff, 0xff, 0xff, 0xff, 0xff, 
	0xff, 0xff, 0xff, 0xff, 0xff, 0xff, 0xff, 0xff, 
	0xff, 0xff, 0xff, 0xff, 0xff, 0xff, 0xff, 0xff, 
	0xff, 0xff, 0xff, 0xff, 0xff, 0xff, 0xff, 0xff, 
	0xff, 0xff, 0xff, 0xff, 0xff, 0xff, 0xff, 0xff, 
	0xff, 0xff, 0xff, 0xff, 0xff, 0xff, 0xff, 0xff, 
	0xff, 0xff, 0xff, 0xff, 0xff, 0xff, 0xff, 0xff, 
	0xff, 0xff, 0xff, 0xff, 0xff, 0xff, 0xff, 0xff, 
	0xff, 0xff, 0xff, 0xff, 0xff, 0xff, 0xff, 0xff, 
	0xff, 0xff, 0xff, 0xff, 0xff, 0xff, 0xff, 0xff, 
	0xff, 0xff, 0xff, 0xff, 0xff, 0xff, 0xff, 0xff, 
	0xff, 0xff, 0xff, 0xff, 0xff, 0xff, 0xff, 0xff, 
	0xff, 0xff, 0xff, 0xff, 0xff, 0xff, 0xff, 0xff, 
	0xff, 0xff, 0xff, 0xff, 0xff, 0xff, 0xff, 0xff, 
	0xff, 0xff, 0xff, 0xff, 0xff, 0xff, 0xff, 0xff, 
	0xff, 0xff, 0xff, 0xff, 0xff, 0xff, 0xff, 0xff, 
	0xff, 0xff, 0xff, 0xff, 0xff, 0xff, 0xff, 0xff, 
	0xff, 0xff, 0xff, 0xff, 0xff, 0xff, 0xff, 0xff, 
	0xff, 0xff, 0xff, 0xff, 0xff, 0xff, 0xff, 0xff, 
	0xff, 0xff, 0xff, 0xff, 0xff, 0xff, 0xff, 0xff, 
	0xff, 0xff, 0xff, 0xff, 0xff, 0xff, 0xff, 0xff, 
	0xff, 0xff, 0xff, 0xff, 0xff, 0xff, 0xff, 0xff, 
	0xff, 0xff, 0xff, 0xff, 0xff, 0xff, 0xff, 0xff, 
	0xff, 0xff, 0xff, 0xff, 0xff, 0xff, 0xff, 0xff, 
	0xff, 0xff, 0xff, 0xff, 0xff, 0xff, 0xff, 0xff, 
	0xff, 0xff, 0xff, 0xff, 0xff, 0xff, 0xff, 0xff, 
	0xff, 0xff, 0xff, 0xff, 0xff, 0xff, 0xff, 0xff, 
	0xff, 0xff, 0xff, 0xff, 0xff, 0xff, 0xff, 0xff, 
	0xff, 0xff, 0xff, 0xff, 0xff, 0xff, 0xff, 0xff, 
	0xff, 0xff, 0xff, 0xff, 0xff, 0xff, 0xff, 0xff, 
	0xff, 0xff, 0xff, 0xff, 0xff, 0xff, 0xff, 0xff, 
	0xff, 0xff, 0xff, 0xff, 0xff, 0xff, 0xff, 0xff, 
	0xff, 0xff, 0xff, 0xff, 0xff, 0xff, 0xff, 0xff, 
	0xff, 0xff, 0xff, 0xff, 0xff, 0xff, 0xff, 0xff, 
	0xff, 0xff, 0xff, 0xff, 0xff, 0xff, 0xff, 0xff, 
	0xff, 0xff, 0xff, 0xff, 0xff, 0xff, 0xff, 0xff, 
	0xff, 0xff, 0xff, 0xff, 0xff, 0xff, 0xff, 0xff, 
	0xff, 0xff, 0xff, 0xff, 0xff, 0xff, 0xff, 0xff, 
	0xff, 0xff, 0xff, 0xff, 0xff, 0xff, 0xff, 0xff, 
	0xff, 0xff, 0xff, 0xff, 0xff, 0xff, 0xff, 0xff, 
	0xff, 0xff, 0xff, 0xff, 0xff, 0xff, 0xff, 0xff, 
	0xff, 0xff, 0xff, 0xff, 0xff, 0xff, 0xff, 0xff, 
	0xff, 0xff, 0xff, 0xff, 0xff, 0xff, 0xff, 0xff, 
	0xff, 0xff, 0xff, 0xff, 0xff, 0xff, 0xff, 0xff, 
	0xff, 0xff, 0xff, 0xff, 0xff, 0xff, 0xff, 0xff, 
	0xff, 0xff, 0xff, 0xff, 0xff, 0xff, 0xff, 0xff, 
	0xff, 0xff, 0xff, 0xff, 0xff, 0xff, 0xff, 0xff, 
	0xff, 0xff, 0xff, 0xff, 0xff, 0xff, 0xff, 0xff, 
	0xff, 0xff, 0xff, 0xff, 0xff, 0xff, 0xff, 0xff, 
	0xff, 0xff, 0xff, 0xff, 0xff, 0xff, 0xff, 0xff, 
	0xff, 0xff, 0xff, 0xff, 0xff, 0xff, 0xff, 0xff, 
	0xff, 0xff, 0xff, 0xff, 0xff, 0xff, 0xff, 0xff, 
	0xff, 0xff, 0xff, 0xff, 0xff, 0xff, 0xff, 0xff, 
	0xff, 0xff, 0xff, 0xff, 0xff, 0xff, 0xff, 0xff, 
	0xff, 0xff, 0xff, 0xff, 0xff, 0xff, 0xff, 0xff, 
	0xff, 0xff, 0xff, 0xff, 0xff, 0xff, 0xff, 0xff, 
	0xff, 0xff, 0xff, 0xff, 0xff, 0xff, 0xff, 0xff, 
	0xff, 0xff, 0xff, 0xff, 0xff, 0xff, 0xff, 0xff, 
	0xff, 0xff, 0xff, 0xff, 0xff, 0xff, 0xff, 0xff, 
	0xff, 0xff, 0xff, 0xff, 0xff, 0xff, 0xff, 0xff, 
	0xff, 0xff, 0xff, 0xff, 0xff, 0xff, 0xff, 0xff, 
	0xff, 0xff, 0xff, 0xff, 0xff, 0xff, 0xff, 0xff, 
	0xff, 0xff, 0xff, 0xff, 0xff, 0xff, 0xff, 0xff, 
	0xff, 0xff, 0xff, 0xff, 0xff, 0xff, 0xff, 0xff, 
	0xff, 0xff, 0xff, 0xff, 0xff, 0xff, 0xff, 0xff, 
	0xff, 0xff, 0xff, 0xff, 0xff, 0xff, 0xff, 0xff, 
	0xff, 0xff, 0xff, 0xff, 0xff, 0xff, 0xff, 0xff, 
	0xff, 0xff, 0xff, 0xff, 0xff, 0xff, 0xff, 0xff, 
	0xff, 0xff, 0xff, 0xff, 0xff, 0xff, 0xff, 0xff, 
	0xff, 0xff, 0xff, 0xff, 0xff, 0xff, 0xff, 0xff, 
	0xff, 0xff, 0xff, 0xff, 0xff, 0xff, 0xff, 0xff, 
	0xff, 0xff, 0xff, 0xff, 0xff, 0xff, 0xff, 0xff, 
	0xff, 0xff, 0xff, 0xff, 0xff, 0xff, 0xff, 0xff, 
	0xff, 0xff, 0xff, 0xff, 0xff, 0xff, 0xff, 0xff, 
	0xff, 0xff, 0xff, 0xff, 0xff, 0xff, 0xff, 0xff, 
	0xff, 0xff, 0xff, 0xff, 0xff, 0xff, 0xff, 0xff, 
	0xff, 0xff, 0xff, 0xff, 0xff, 0xff, 0xff, 0xff, 
	0xff, 0xff, 0xff, 0xff, 0xff, 0xff, 0xff, 0xff, 
	0xff, 0xff, 0xff, 0xff, 0xff, 0xff, 0xff, 0xff, 
	0xff, 0xff, 0xff, 0xff, 0xff, 0xff, 0xff, 0xff, 
	0xff, 0xff, 0xff, 0xff, 0xff, 0xff, 0xff, 0xff, 
	0xff, 0xff, 0xff, 0xff, 0xff, 0xff, 0xff, 0xff, 
	0xff, 0xff, 0xff, 0xff, 0xff, 0xff, 0xff, 0xff, 
	0xff, 0xff, 0xff, 0xff, 0xff, 0xff, 0xff, 0xff, 
	0xff, 0xff, 0xff, 0xff, 0xff, 0xff, 0xff, 0xff, 
	0xff, 0xff, 0xff, 0xff, 0xff, 0xff, 0xff, 0xff, 
	0xff, 0xff, 0xff, 0xff, 0xff, 0xff, 0xff, 0xff, 
	0xff, 0xff, 0xff, 0xff, 0xff, 0xff, 0xff, 0xff, 
	
};

Gfx wf_dl_tile_6_2_i8_aligner[] = {gsSPEndDisplayList()};
u8 wf_dl_tile_6_2_i8[] = {
	0xff, 0xff, 0xff, 0xff, 0xff, 0xff, 0xff, 0xff, 
	0xff, 0xff, 0xff, 0xff, 0xff, 0xff, 0xff, 0xff, 
	0xff, 0xff, 0xff, 0xff, 0xff, 0xff, 0xff, 0xff, 
	0xff, 0xff, 0xff, 0xff, 0xff, 0xff, 0xff, 0xff, 
	0xff, 0xff, 0xff, 0xff, 0xff, 0xff, 0xff, 0xff, 
	0xff, 0xff, 0xff, 0xff, 0xff, 0xff, 0xff, 0xff, 
	0xff, 0xff, 0xff, 0xff, 0xff, 0xff, 0xff, 0xff, 
	0xff, 0xff, 0xff, 0xff, 0xff, 0xff, 0xff, 0xff, 
	0xff, 0xff, 0xff, 0xff, 0xff, 0xff, 0xff, 0xff, 
	0xff, 0xff, 0xff, 0xff, 0xff, 0xff, 0xff, 0xff, 
	0xff, 0xff, 0xff, 0xff, 0xff, 0xff, 0xff, 0xff, 
	0xff, 0xff, 0xff, 0xff, 0xff, 0xff, 0xff, 0xff, 
	0xff, 0xff, 0xff, 0xff, 0xff, 0xff, 0xff, 0xff, 
	0xff, 0xff, 0xff, 0xff, 0xff, 0xff, 0xff, 0xff, 
	0xff, 0xff, 0xff, 0xff, 0xff, 0xff, 0xff, 0xff, 
	0xff, 0xff, 0xff, 0xff, 0xff, 0xff, 0xff, 0xff, 
	0xff, 0xff, 0xff, 0xff, 0xff, 0xff, 0xff, 0xff, 
	0xff, 0xff, 0xff, 0xff, 0xff, 0xff, 0xff, 0xff, 
	0xff, 0xff, 0xff, 0xff, 0xff, 0xff, 0xff, 0xff, 
	0xff, 0xff, 0xff, 0xff, 0xff, 0xff, 0xff, 0xff, 
	0xff, 0xff, 0xff, 0xff, 0xff, 0xff, 0xff, 0xff, 
	0xff, 0xff, 0xff, 0xff, 0xff, 0xff, 0xff, 0xff, 
	0xff, 0xff, 0xff, 0xff, 0xff, 0xff, 0xff, 0xff, 
	0xff, 0xff, 0xff, 0xff, 0xff, 0xff, 0xff, 0xff, 
	0xff, 0xff, 0xff, 0xff, 0xff, 0xff, 0xff, 0xff, 
	0xff, 0xff, 0xff, 0xff, 0xff, 0xff, 0xff, 0xff, 
	0xff, 0xff, 0xff, 0xff, 0xff, 0xff, 0xff, 0xff, 
	0xff, 0xff, 0xff, 0xff, 0xff, 0xff, 0xff, 0xff, 
	0xff, 0xff, 0xff, 0xff, 0xff, 0xff, 0xff, 0xff, 
	0xff, 0xff, 0xff, 0xff, 0xff, 0xff, 0xff, 0xff, 
	0xff, 0xff, 0xff, 0xff, 0xff, 0xff, 0xff, 0xff, 
	0xff, 0xff, 0xff, 0xff, 0xff, 0xff, 0xff, 0xff, 
	0xff, 0xff, 0xff, 0xff, 0xff, 0xff, 0xff, 0xff, 
	0xff, 0xff, 0xff, 0xff, 0xff, 0xff, 0xff, 0xff, 
	0xff, 0xff, 0xff, 0xff, 0xff, 0xff, 0xff, 0xff, 
	0xff, 0xff, 0xff, 0xff, 0xff, 0xff, 0xff, 0xff, 
	0xff, 0xff, 0xff, 0xff, 0xff, 0xff, 0xff, 0xff, 
	0xff, 0xff, 0xff, 0xff, 0xff, 0xff, 0xff, 0xff, 
	0xff, 0xff, 0xff, 0xff, 0xff, 0xff, 0xff, 0xff, 
	0xff, 0xff, 0xff, 0xff, 0xff, 0xff, 0xff, 0xff, 
	0xff, 0xff, 0xff, 0xff, 0xff, 0xff, 0xff, 0xff, 
	0xff, 0xff, 0xff, 0xff, 0xff, 0xff, 0xff, 0xff, 
	0xff, 0xff, 0xff, 0xff, 0xff, 0xff, 0xff, 0xff, 
	0xff, 0xff, 0xff, 0xff, 0xff, 0xff, 0xff, 0xff, 
	0xff, 0xff, 0xff, 0xff, 0xff, 0xff, 0xff, 0xff, 
	0xff, 0xff, 0xff, 0xff, 0xff, 0xff, 0xff, 0xff, 
	0xff, 0xff, 0xff, 0xff, 0xff, 0xff, 0xff, 0xff, 
	0xff, 0xff, 0xff, 0xff, 0xff, 0xff, 0xff, 0xff, 
	0xff, 0xff, 0xff, 0xff, 0xff, 0xff, 0xff, 0xff, 
	0xff, 0xff, 0xff, 0xff, 0xff, 0xff, 0xff, 0xff, 
	0xff, 0xff, 0xff, 0xff, 0xff, 0xff, 0xff, 0xff, 
	0xff, 0xff, 0xff, 0xff, 0xff, 0xff, 0xff, 0xff, 
	0xff, 0xff, 0xff, 0xff, 0xff, 0xff, 0xff, 0xff, 
	0xff, 0xff, 0xff, 0xff, 0xff, 0xff, 0xff, 0xff, 
	0xff, 0xff, 0xff, 0xff, 0xff, 0xff, 0xff, 0xff, 
	0xff, 0xff, 0xff, 0xff, 0xff, 0xff, 0xff, 0xff, 
	0xff, 0xff, 0xff, 0xff, 0xff, 0xff, 0xff, 0xff, 
	0xff, 0xff, 0xff, 0xff, 0xff, 0xff, 0xff, 0xff, 
	0xff, 0xff, 0xff, 0xff, 0xff, 0xff, 0xff, 0xff, 
	0xff, 0xff, 0xff, 0xff, 0xff, 0xff, 0xff, 0xff, 
	0xff, 0xff, 0xff, 0xff, 0xff, 0xff, 0xff, 0xff, 
	0xff, 0xff, 0xff, 0xff, 0xff, 0xff, 0xff, 0xff, 
	0xff, 0xff, 0xff, 0xff, 0xff, 0xff, 0xff, 0xff, 
	0xff, 0xff, 0xff, 0xff, 0xff, 0xff, 0xff, 0xff, 
	0xff, 0xff, 0xff, 0xff, 0xff, 0xff, 0xff, 0xff, 
	0xff, 0xff, 0xff, 0xff, 0xff, 0xff, 0xff, 0xff, 
	0xff, 0xff, 0xff, 0xff, 0xff, 0xff, 0xff, 0xff, 
	0xff, 0xff, 0xff, 0xff, 0xff, 0xff, 0xff, 0xff, 
	0xff, 0xff, 0xff, 0xff, 0xff, 0xff, 0xff, 0xff, 
	0xff, 0xff, 0xff, 0xff, 0xff, 0xff, 0xff, 0xff, 
	0xff, 0xff, 0xff, 0xff, 0xff, 0xff, 0xff, 0xff, 
	0xff, 0xff, 0xff, 0xff, 0xff, 0xff, 0xff, 0xff, 
	0xff, 0xff, 0xff, 0xff, 0xff, 0xff, 0xff, 0xff, 
	0xff, 0xff, 0xff, 0xff, 0xff, 0xff, 0xff, 0xff, 
	0xff, 0xff, 0xff, 0xff, 0xff, 0xff, 0xff, 0xff, 
	0xff, 0xff, 0xff, 0xff, 0xff, 0xff, 0xff, 0xff, 
	0xff, 0xff, 0xff, 0xff, 0xff, 0xff, 0xff, 0xff, 
	0xff, 0xff, 0xff, 0xff, 0xff, 0xff, 0xff, 0xff, 
	0xff, 0xff, 0xff, 0xff, 0xff, 0xff, 0xff, 0xff, 
	0xff, 0xff, 0xff, 0xff, 0xff, 0xff, 0xff, 0xff, 
	0xff, 0xff, 0xff, 0xff, 0xff, 0xff, 0xff, 0xff, 
	0xff, 0xff, 0xff, 0xff, 0xff, 0xff, 0xff, 0xff, 
	0xff, 0xff, 0xff, 0xff, 0xff, 0xff, 0xff, 0xff, 
	0xff, 0xff, 0xff, 0xff, 0xff, 0xff, 0xff, 0xff, 
	0xff, 0xff, 0xff, 0xff, 0xff, 0xff, 0xff, 0xff, 
	0xff, 0xff, 0xff, 0xff, 0xff, 0xff, 0xff, 0xff, 
	0xff, 0xff, 0xff, 0xff, 0xff, 0xff, 0xff, 0xff, 
	0xff, 0xff, 0xff, 0xff, 0xff, 0xff, 0xff, 0xff, 
	0xff, 0xff, 0xff, 0xff, 0xff, 0xff, 0xff, 0xff, 
	0xff, 0xff, 0xff, 0xff, 0xff, 0xff, 0xff, 0xff, 
	0xff, 0xff, 0xff, 0xff, 0xff, 0xff, 0xff, 0xff, 
	0xff, 0xff, 0xff, 0xff, 0xff, 0xff, 0xff, 0xff, 
	0xff, 0xff, 0xff, 0xff, 0xff, 0xff, 0xff, 0xff, 
	0xff, 0xff, 0xff, 0xff, 0xff, 0xff, 0xff, 0xff, 
	0xff, 0xff, 0xff, 0xff, 0xff, 0xff, 0xff, 0xff, 
	0xff, 0xff, 0xff, 0xff, 0xff, 0xff, 0xff, 0xff, 
	0xff, 0xff, 0xff, 0xff, 0xff, 0xff, 0xff, 0xff, 
	0xff, 0xff, 0xff, 0xff, 0xff, 0xff, 0xff, 0xff, 
	0xff, 0xff, 0xff, 0xff, 0xff, 0xff, 0xff, 0xff, 
	0xff, 0xff, 0xff, 0xff, 0xff, 0xff, 0xff, 0xff, 
	0xff, 0xff, 0xff, 0xff, 0xff, 0xff, 0xff, 0xff, 
	0xff, 0xff, 0xff, 0xff, 0xff, 0xff, 0xff, 0xff, 
	0xff, 0xff, 0xff, 0xff, 0xff, 0xff, 0xff, 0xff, 
	0xff, 0xff, 0xff, 0xff, 0xff, 0xff, 0xff, 0xff, 
	0xff, 0xff, 0xff, 0xff, 0xff, 0xff, 0xff, 0xff, 
	0xff, 0xff, 0xff, 0xff, 0xff, 0xff, 0xff, 0xff, 
	0xff, 0xff, 0xff, 0xff, 0xff, 0xff, 0xff, 0xff, 
	0xff, 0xff, 0xff, 0xff, 0xff, 0xff, 0xff, 0xff, 
	0xff, 0xff, 0xff, 0xff, 0xff, 0xff, 0xff, 0xff, 
	0xff, 0xff, 0xff, 0xff, 0xff, 0xff, 0xff, 0xff, 
	0xff, 0xff, 0xff, 0xff, 0xff, 0xff, 0xff, 0xff, 
	0xff, 0xff, 0xff, 0xff, 0xff, 0xff, 0xff, 0xff, 
	0xff, 0xff, 0xff, 0xff, 0xff, 0xff, 0xff, 0xff, 
	0xff, 0xff, 0xff, 0xff, 0xff, 0xff, 0xff, 0xff, 
	0xff, 0xff, 0xff, 0xff, 0xff, 0xff, 0xff, 0xff, 
	0xff, 0xff, 0xff, 0xff, 0xff, 0xff, 0xff, 0xff, 
	0xff, 0xff, 0xff, 0xff, 0xff, 0xff, 0xff, 0xff, 
	0xff, 0xff, 0xff, 0xff, 0xff, 0xff, 0xff, 0xff, 
	0xff, 0xff, 0xff, 0xff, 0xff, 0xff, 0xff, 0xff, 
	0xff, 0xff, 0xff, 0xff, 0xff, 0xff, 0xff, 0xff, 
	0xff, 0xff, 0xff, 0xff, 0xff, 0xff, 0xff, 0xff, 
	0xff, 0xff, 0xff, 0xff, 0xff, 0xff, 0xff, 0xff, 
	0xff, 0xff, 0xff, 0xff, 0xff, 0xff, 0xff, 0xff, 
	0xff, 0xff, 0xff, 0xff, 0xff, 0xff, 0xff, 0xff, 
	0xff, 0xff, 0xff, 0xff, 0xff, 0xff, 0xff, 0xff, 
	0xff, 0xff, 0xff, 0xff, 0xff, 0xff, 0xff, 0xff, 
	0xff, 0xff, 0xff, 0xff, 0xff, 0xff, 0xff, 0xff, 
	0xff, 0xff, 0xff, 0xff, 0xff, 0xff, 0xff, 0xff, 
	
};

Gfx wf_dl_tile_6_3_i8_aligner[] = {gsSPEndDisplayList()};
u8 wf_dl_tile_6_3_i8[] = {
	0xff, 0xff, 0xff, 0xff, 0xff, 0xff, 0xff, 0xff, 
	0xff, 0xff, 0xff, 0xff, 0xff, 0xff, 0xff, 0xff, 
	0xff, 0xff, 0xff, 0xff, 0xff, 0xff, 0xff, 0xff, 
	0xff, 0xff, 0xff, 0xff, 0xff, 0xff, 0xff, 0xff, 
	0xff, 0xff, 0xff, 0xff, 0xff, 0xff, 0xff, 0xff, 
	0xff, 0xff, 0xff, 0xff, 0xff, 0xff, 0xff, 0xff, 
	0xff, 0xff, 0xff, 0xff, 0xff, 0xff, 0xff, 0xff, 
	0xff, 0xff, 0xff, 0xff, 0xff, 0xff, 0xff, 0xff, 
	0xff, 0xff, 0xff, 0xff, 0xff, 0xff, 0xff, 0xff, 
	0xff, 0xff, 0xff, 0xff, 0xff, 0xff, 0xff, 0xff, 
	0xff, 0xff, 0xff, 0xff, 0xff, 0xff, 0xff, 0xff, 
	0xff, 0xff, 0xff, 0xff, 0xff, 0xff, 0xff, 0xff, 
	0xff, 0xff, 0xff, 0xff, 0xff, 0xff, 0xff, 0xff, 
	0xff, 0xff, 0xff, 0xff, 0xff, 0xff, 0xff, 0xff, 
	0xff, 0xff, 0xff, 0xff, 0xff, 0xff, 0xff, 0xff, 
	0xff, 0xff, 0xff, 0xff, 0xff, 0xff, 0xff, 0xff, 
	0xff, 0xff, 0xff, 0xff, 0xff, 0xff, 0xff, 0xff, 
	0xff, 0xff, 0xff, 0xff, 0xff, 0xff, 0xff, 0xff, 
	0xff, 0xff, 0xff, 0xff, 0xff, 0xff, 0xff, 0xff, 
	0xff, 0xff, 0xff, 0xff, 0xff, 0xff, 0xff, 0xff, 
	0xff, 0xff, 0xff, 0xff, 0xff, 0xff, 0xff, 0xff, 
	0xff, 0xff, 0xff, 0xff, 0xff, 0xff, 0xff, 0xff, 
	0xff, 0xff, 0xff, 0xff, 0xff, 0xff, 0xff, 0xff, 
	0xff, 0xff, 0xff, 0xff, 0xff, 0xff, 0xff, 0xff, 
	0xff, 0xff, 0xff, 0xff, 0xff, 0xff, 0xff, 0xff, 
	0xff, 0xff, 0xff, 0xff, 0xff, 0xff, 0xff, 0xff, 
	0xff, 0xff, 0xff, 0xff, 0xff, 0xff, 0xff, 0xff, 
	0xff, 0xff, 0xff, 0xff, 0xff, 0xff, 0xff, 0xff, 
	0xff, 0xff, 0xff, 0xff, 0xff, 0xff, 0xff, 0xff, 
	0xff, 0xff, 0xff, 0xff, 0xff, 0xff, 0xff, 0xff, 
	0xff, 0xff, 0xff, 0xff, 0xff, 0xff, 0xff, 0xff, 
	0xff, 0xff, 0xff, 0xff, 0xff, 0xff, 0xff, 0xff, 
	0xff, 0xff, 0xff, 0xff, 0xff, 0xff, 0xff, 0xff, 
	0xff, 0xff, 0xff, 0xff, 0xff, 0xff, 0xff, 0xff, 
	0xff, 0xff, 0xff, 0xff, 0xff, 0xff, 0xff, 0xff, 
	0xff, 0xff, 0xff, 0xff, 0xff, 0xff, 0xff, 0xff, 
	0xff, 0xff, 0xff, 0xff, 0xff, 0xff, 0xff, 0xff, 
	0xff, 0xff, 0xff, 0xff, 0xff, 0xff, 0xff, 0xff, 
	0xff, 0xff, 0xff, 0xff, 0xff, 0xff, 0xff, 0xff, 
	0xff, 0xff, 0xff, 0xff, 0xff, 0xff, 0xff, 0xff, 
	0xff, 0xff, 0xff, 0xff, 0xff, 0xff, 0xff, 0xff, 
	0xff, 0xff, 0xff, 0xff, 0xff, 0xff, 0xff, 0xff, 
	0xff, 0xff, 0xff, 0xff, 0xff, 0xff, 0xff, 0xff, 
	0xff, 0xff, 0xff, 0xff, 0xff, 0xff, 0xff, 0xff, 
	0xff, 0xff, 0xff, 0xff, 0xff, 0xff, 0xff, 0xff, 
	0xff, 0xff, 0xff, 0xff, 0xff, 0xff, 0xff, 0xff, 
	0xff, 0xff, 0xff, 0xff, 0xff, 0xff, 0xff, 0xff, 
	0xff, 0xff, 0xff, 0xff, 0xff, 0xff, 0xff, 0xff, 
	0xff, 0xff, 0xff, 0xff, 0xff, 0xff, 0xff, 0xff, 
	0xff, 0xff, 0xff, 0xff, 0xff, 0xff, 0xff, 0xff, 
	0xff, 0xff, 0xff, 0xff, 0xff, 0xff, 0xff, 0xff, 
	0xff, 0xff, 0xff, 0xff, 0xff, 0xff, 0xff, 0xff, 
	0xff, 0xff, 0xff, 0xff, 0xff, 0xff, 0xff, 0xff, 
	0xff, 0xff, 0xff, 0xff, 0xff, 0xff, 0xff, 0xff, 
	0xff, 0xff, 0xff, 0xff, 0xff, 0xff, 0xff, 0xff, 
	0xff, 0xff, 0xff, 0xff, 0xff, 0xff, 0xff, 0xff, 
	0xff, 0xff, 0xff, 0xff, 0xff, 0xff, 0xff, 0xff, 
	0xff, 0xff, 0xff, 0xff, 0xff, 0xff, 0xff, 0xff, 
	0xff, 0xff, 0xff, 0xff, 0xff, 0xff, 0xff, 0xff, 
	0xff, 0xff, 0xff, 0xff, 0xff, 0xff, 0xff, 0xff, 
	0xff, 0xff, 0xff, 0xff, 0xff, 0xff, 0xff, 0xff, 
	0xff, 0xff, 0xff, 0xff, 0xff, 0xff, 0xff, 0xff, 
	0xff, 0xff, 0xff, 0xff, 0xff, 0xff, 0xff, 0xff, 
	0xff, 0xff, 0xff, 0xff, 0xff, 0xff, 0xff, 0xff, 
	0xff, 0xff, 0xff, 0xff, 0xff, 0xff, 0xff, 0xff, 
	0xff, 0xff, 0xff, 0xff, 0xff, 0xff, 0xff, 0xff, 
	0xff, 0xff, 0xff, 0xff, 0xff, 0xff, 0xff, 0xff, 
	0xff, 0xff, 0xff, 0xff, 0xff, 0xff, 0xff, 0xff, 
	0xff, 0xff, 0xff, 0xff, 0xff, 0xff, 0xff, 0xff, 
	0xff, 0xff, 0xff, 0xff, 0xff, 0xff, 0xff, 0xff, 
	0xff, 0xff, 0xff, 0xff, 0xff, 0xff, 0xff, 0xff, 
	0xff, 0xff, 0xff, 0xff, 0xff, 0xff, 0xff, 0xff, 
	0xff, 0xff, 0xff, 0xff, 0xff, 0xff, 0xff, 0xff, 
	0xff, 0xff, 0xff, 0xff, 0xff, 0xff, 0xff, 0xff, 
	0xff, 0xff, 0xff, 0xff, 0xff, 0xff, 0xff, 0xff, 
	0xff, 0xff, 0xff, 0xff, 0xff, 0xff, 0xff, 0xff, 
	0xff, 0xff, 0xff, 0xff, 0xff, 0xff, 0xff, 0xff, 
	0xff, 0xff, 0xff, 0xff, 0xff, 0xff, 0xff, 0xff, 
	0xff, 0xff, 0xff, 0xff, 0xff, 0xff, 0xff, 0xff, 
	0xff, 0xff, 0xff, 0xff, 0xff, 0xff, 0xff, 0xff, 
	0xff, 0xff, 0xff, 0xff, 0xff, 0xff, 0xff, 0xff, 
	0xff, 0xff, 0xff, 0xff, 0xff, 0xff, 0xff, 0xff, 
	0xff, 0xff, 0xff, 0xff, 0xff, 0xff, 0xff, 0xff, 
	0xff, 0xff, 0xff, 0xff, 0xff, 0xff, 0xff, 0xff, 
	0xff, 0xff, 0xff, 0xff, 0xff, 0xff, 0xff, 0xff, 
	0xff, 0xff, 0xff, 0xff, 0xff, 0xff, 0xff, 0xff, 
	0xff, 0xff, 0xff, 0xff, 0xff, 0xff, 0xff, 0xff, 
	0xff, 0xff, 0xff, 0xff, 0xff, 0xff, 0xff, 0xff, 
	0xff, 0xff, 0xff, 0xff, 0xff, 0xff, 0xff, 0xff, 
	0xff, 0xff, 0xff, 0xff, 0xff, 0xff, 0xff, 0xff, 
	0xff, 0xff, 0xff, 0xff, 0xff, 0xff, 0xff, 0xff, 
	0xff, 0xff, 0xff, 0xff, 0xff, 0xff, 0xff, 0xff, 
	0xff, 0xff, 0xff, 0xff, 0xff, 0xff, 0xff, 0xff, 
	0xff, 0xff, 0xff, 0xff, 0xff, 0xff, 0xff, 0xff, 
	0xff, 0xff, 0xff, 0xff, 0xff, 0xff, 0xff, 0xff, 
	0xff, 0xff, 0xff, 0xff, 0xff, 0xff, 0xff, 0xff, 
	0xff, 0xff, 0xff, 0xff, 0xff, 0xff, 0xff, 0xff, 
	0xff, 0xff, 0xff, 0xff, 0xff, 0xff, 0xff, 0xff, 
	0xff, 0xff, 0xff, 0xff, 0xff, 0xff, 0xff, 0xff, 
	0xff, 0xff, 0xff, 0xff, 0xff, 0xff, 0xff, 0xff, 
	0xff, 0xff, 0xff, 0xff, 0xff, 0xff, 0xff, 0xff, 
	0xff, 0xff, 0xff, 0xff, 0xff, 0xff, 0xff, 0xff, 
	0xff, 0xff, 0xff, 0xff, 0xff, 0xff, 0xff, 0xff, 
	0xff, 0xff, 0xff, 0xff, 0xff, 0xff, 0xff, 0xff, 
	0xff, 0xff, 0xff, 0xff, 0xff, 0xff, 0xff, 0xff, 
	0xff, 0xff, 0xff, 0xff, 0xff, 0xff, 0xff, 0xff, 
	0xff, 0xff, 0xff, 0xff, 0xff, 0xff, 0xff, 0xff, 
	0xff, 0xff, 0xff, 0xff, 0xff, 0xff, 0xff, 0xff, 
	0xff, 0xff, 0xff, 0xff, 0xff, 0xff, 0xff, 0xff, 
	0xff, 0xff, 0xff, 0xff, 0xff, 0xff, 0xff, 0xff, 
	0xff, 0xff, 0xff, 0xff, 0xff, 0xff, 0xff, 0xff, 
	0xff, 0xff, 0xff, 0xff, 0xff, 0xff, 0xff, 0xff, 
	0xff, 0xff, 0xff, 0xff, 0xff, 0xff, 0xff, 0xff, 
	0xff, 0xff, 0xff, 0xff, 0xff, 0xff, 0xff, 0xff, 
	0xff, 0xff, 0xff, 0xff, 0xff, 0xff, 0xff, 0xff, 
	0xff, 0xff, 0xff, 0xff, 0xff, 0xff, 0xff, 0xff, 
	0xff, 0xff, 0xff, 0xff, 0xff, 0xff, 0xff, 0xff, 
	0xff, 0xff, 0xff, 0xff, 0xff, 0xff, 0xff, 0xff, 
	0xff, 0xff, 0xff, 0xff, 0xff, 0xff, 0xff, 0xff, 
	0xff, 0xff, 0xff, 0xff, 0xff, 0xff, 0xff, 0xff, 
	0xff, 0xff, 0xff, 0xff, 0xff, 0xff, 0xff, 0xff, 
	0xff, 0xff, 0xff, 0xff, 0xff, 0xff, 0xff, 0xff, 
	0xff, 0xff, 0xff, 0xff, 0xff, 0xff, 0xff, 0xff, 
	0xff, 0xff, 0xff, 0xff, 0xff, 0xff, 0xff, 0xff, 
	0xff, 0xff, 0xff, 0xff, 0xff, 0xff, 0xff, 0xff, 
	0xff, 0xff, 0xff, 0xff, 0xff, 0xff, 0xff, 0xff, 
	0xff, 0xff, 0xff, 0xff, 0xff, 0xff, 0xff, 0xff, 
	0xff, 0xff, 0xff, 0xff, 0xff, 0xff, 0xff, 0xff, 
	
};

Gfx wf_dl_tile_6_4_i8_aligner[] = {gsSPEndDisplayList()};
u8 wf_dl_tile_6_4_i8[] = {
	0xff, 0xff, 0xff, 0xff, 0xff, 0xff, 0xff, 0xff, 
	0xff, 0xff, 0xff, 0xff, 0xff, 0xff, 0xff, 0xff, 
	0xff, 0xff, 0xff, 0xff, 0xff, 0xff, 0xff, 0xff, 
	0xff, 0xff, 0xff, 0xff, 0xff, 0xff, 0xff, 0xff, 
	0xff, 0xff, 0xff, 0xff, 0xff, 0xff, 0xff, 0xff, 
	0xff, 0xff, 0xff, 0xff, 0xff, 0xff, 0xff, 0xff, 
	0xff, 0xff, 0xff, 0xff, 0xff, 0xff, 0xff, 0xff, 
	0xff, 0xff, 0xff, 0xff, 0xff, 0xff, 0xff, 0xff, 
	0xff, 0xff, 0xff, 0xff, 0xff, 0xff, 0xff, 0xff, 
	0xff, 0xff, 0xff, 0xff, 0xff, 0xff, 0xff, 0xff, 
	0xff, 0xff, 0xff, 0xff, 0xff, 0xff, 0xff, 0xff, 
	0xff, 0xff, 0xff, 0xff, 0xff, 0xff, 0xff, 0xff, 
	0xff, 0xff, 0xff, 0xff, 0xff, 0xff, 0xff, 0xff, 
	0xff, 0xff, 0xff, 0xff, 0xff, 0xff, 0xff, 0xff, 
	0xff, 0xff, 0xff, 0xff, 0xff, 0xff, 0xff, 0xff, 
	0xff, 0xff, 0xff, 0xff, 0xff, 0xff, 0xff, 0xff, 
	0xff, 0xff, 0xff, 0xff, 0xff, 0xff, 0xff, 0xff, 
	0xff, 0xff, 0xff, 0xff, 0xff, 0xff, 0xff, 0xff, 
	0xff, 0xff, 0xff, 0xff, 0xff, 0xff, 0xff, 0xff, 
	0xff, 0xff, 0xff, 0xff, 0xff, 0xff, 0xff, 0xff, 
	0xff, 0xff, 0xff, 0xff, 0xff, 0xff, 0xff, 0xff, 
	0xff, 0xff, 0xff, 0xff, 0xff, 0xff, 0xff, 0xff, 
	0xff, 0xff, 0xff, 0xff, 0xff, 0xff, 0xff, 0xff, 
	0xff, 0xff, 0xff, 0xff, 0xff, 0xff, 0xff, 0xff, 
	0xff, 0xff, 0xff, 0xff, 0xff, 0xff, 0xff, 0xff, 
	0xff, 0xff, 0xff, 0xff, 0xff, 0xff, 0xff, 0xff, 
	0xff, 0xff, 0xff, 0xff, 0xff, 0xff, 0xff, 0xff, 
	0xff, 0xff, 0xff, 0xff, 0xff, 0xff, 0xff, 0xff, 
	0xff, 0xff, 0xff, 0xff, 0xff, 0xff, 0xff, 0xff, 
	0xff, 0xff, 0xff, 0xff, 0xff, 0xff, 0xff, 0xff, 
	0xff, 0xff, 0xff, 0xff, 0xff, 0xff, 0xff, 0xff, 
	0xff, 0xff, 0xff, 0xff, 0xff, 0xff, 0xff, 0xff, 
	0xff, 0xff, 0xff, 0xff, 0xff, 0xff, 0xff, 0xff, 
	0xff, 0xff, 0xff, 0xff, 0xff, 0xff, 0xff, 0xff, 
	0xff, 0xff, 0xff, 0xff, 0xff, 0xff, 0xff, 0xff, 
	0xff, 0xff, 0xff, 0xff, 0xff, 0xff, 0xff, 0xff, 
	0xff, 0xff, 0xff, 0xff, 0xff, 0xff, 0xff, 0xff, 
	0xff, 0xff, 0xff, 0xff, 0xff, 0xff, 0xff, 0xff, 
	0xff, 0xff, 0xff, 0xff, 0xff, 0xff, 0xff, 0xff, 
	0xff, 0xff, 0xff, 0xff, 0xff, 0xff, 0xff, 0xff, 
	0xff, 0xff, 0xff, 0xff, 0xff, 0xff, 0xff, 0xff, 
	0xff, 0xff, 0xff, 0xff, 0xff, 0xff, 0xff, 0xff, 
	0xff, 0xff, 0xff, 0xff, 0xff, 0xff, 0xff, 0xff, 
	0xff, 0xff, 0xff, 0xff, 0xff, 0xff, 0xff, 0xff, 
	0xff, 0xff, 0xff, 0xff, 0xff, 0xff, 0xff, 0xff, 
	0xff, 0xff, 0xff, 0xff, 0xff, 0xff, 0xff, 0xff, 
	0xff, 0xff, 0xff, 0xff, 0xff, 0xff, 0xff, 0xff, 
	0xff, 0xff, 0xff, 0xff, 0xff, 0xff, 0xff, 0xff, 
	0xff, 0xff, 0xff, 0xff, 0xff, 0xff, 0xff, 0xff, 
	0xff, 0xff, 0xff, 0xff, 0xff, 0xff, 0xff, 0xff, 
	0xff, 0xff, 0xff, 0xff, 0xff, 0xff, 0xff, 0xff, 
	0xff, 0xff, 0xff, 0xff, 0xff, 0xff, 0xff, 0xff, 
	0xff, 0xff, 0xff, 0xff, 0xff, 0xff, 0xff, 0xff, 
	0xff, 0xff, 0xff, 0xff, 0xff, 0xff, 0xff, 0xff, 
	0xff, 0xff, 0xff, 0xff, 0xff, 0xff, 0xff, 0xff, 
	0xff, 0xff, 0xff, 0xff, 0xff, 0xff, 0xff, 0xff, 
	0xff, 0xff, 0xff, 0xff, 0xff, 0xff, 0xff, 0xff, 
	0xff, 0xff, 0xff, 0xff, 0xff, 0xff, 0xff, 0xff, 
	0xff, 0xff, 0xff, 0xff, 0xff, 0xff, 0xff, 0xff, 
	0xff, 0xff, 0xff, 0xff, 0xff, 0xff, 0xff, 0xff, 
	0xff, 0xff, 0xff, 0xff, 0xff, 0xff, 0xff, 0xff, 
	0xff, 0xff, 0xff, 0xff, 0xff, 0xff, 0xff, 0xff, 
	0xff, 0xff, 0xff, 0xff, 0xff, 0xff, 0xff, 0xff, 
	0xff, 0xff, 0xff, 0xff, 0xff, 0xff, 0xff, 0xff, 
	0xff, 0xff, 0xff, 0xff, 0xff, 0xff, 0xff, 0xff, 
	0xff, 0xff, 0xff, 0xff, 0xff, 0xff, 0xff, 0xff, 
	0xff, 0xff, 0xff, 0xff, 0xff, 0xff, 0xff, 0xff, 
	0xff, 0xff, 0xff, 0xff, 0xff, 0xff, 0xff, 0xff, 
	0xff, 0xff, 0xff, 0xff, 0xff, 0xff, 0xff, 0xff, 
	0xff, 0xff, 0xff, 0xff, 0xff, 0xff, 0xff, 0xff, 
	0xff, 0xff, 0xff, 0xff, 0xff, 0xff, 0xff, 0xff, 
	0xff, 0xff, 0xff, 0xff, 0xff, 0xff, 0xff, 0xff, 
	0xff, 0xff, 0xff, 0xff, 0xff, 0xff, 0xff, 0xff, 
	0xff, 0xff, 0xff, 0xff, 0xff, 0xff, 0xff, 0xff, 
	0xff, 0xff, 0xff, 0xff, 0xff, 0xff, 0xff, 0xff, 
	0xff, 0xff, 0xff, 0xff, 0xff, 0xff, 0xff, 0xff, 
	0xff, 0xff, 0xff, 0xff, 0xff, 0xff, 0xff, 0xff, 
	0xff, 0xff, 0xff, 0xff, 0xff, 0xff, 0xff, 0xff, 
	0xff, 0xff, 0xff, 0xff, 0xff, 0xff, 0xff, 0xff, 
	0xff, 0xff, 0xff, 0xff, 0xff, 0xff, 0xff, 0xff, 
	0xff, 0xff, 0xff, 0xff, 0xff, 0xff, 0xff, 0xff, 
	0xff, 0xff, 0xff, 0xff, 0xff, 0xff, 0xff, 0xff, 
	0xff, 0xff, 0xff, 0xff, 0xff, 0xff, 0xff, 0xff, 
	0xff, 0xff, 0xff, 0xff, 0xff, 0xff, 0xff, 0xff, 
	0xff, 0xff, 0xff, 0xff, 0xff, 0xff, 0xff, 0xff, 
	0xff, 0xff, 0xff, 0xff, 0xff, 0xff, 0xff, 0xff, 
	0xff, 0xff, 0xff, 0xff, 0xff, 0xff, 0xff, 0xff, 
	0xff, 0xff, 0xff, 0xff, 0xff, 0xff, 0xff, 0xff, 
	0xff, 0xff, 0xff, 0xff, 0xff, 0xff, 0xff, 0xff, 
	0xff, 0xff, 0xff, 0xff, 0xff, 0xff, 0xff, 0xff, 
	0xff, 0xff, 0xff, 0xff, 0xff, 0xff, 0xff, 0xff, 
	0xff, 0xff, 0xff, 0xff, 0xff, 0xff, 0xff, 0xff, 
	0xff, 0xff, 0xff, 0xff, 0xff, 0xff, 0xff, 0xff, 
	0xff, 0xff, 0xff, 0xff, 0xff, 0xff, 0xff, 0xff, 
	0xff, 0xff, 0xff, 0xff, 0xff, 0xff, 0xff, 0xff, 
	0xff, 0xff, 0xff, 0xff, 0xff, 0xff, 0xff, 0xff, 
	0xff, 0xff, 0xff, 0xff, 0xff, 0xff, 0xff, 0xff, 
	0xff, 0xff, 0xff, 0xff, 0xff, 0xff, 0xff, 0xff, 
	0xff, 0xff, 0xff, 0xff, 0xff, 0xff, 0xff, 0xff, 
	0xff, 0xff, 0xff, 0xff, 0xff, 0xff, 0xff, 0xff, 
	0xff, 0xff, 0xff, 0xff, 0xff, 0xff, 0xff, 0xff, 
	0xff, 0xff, 0xff, 0xff, 0xff, 0xff, 0xff, 0xff, 
	0xff, 0xff, 0xff, 0xff, 0xff, 0xff, 0xff, 0xff, 
	0xff, 0xff, 0xff, 0xff, 0xff, 0xff, 0xff, 0xff, 
	0xff, 0xff, 0xff, 0xff, 0xff, 0xff, 0xff, 0xff, 
	0xff, 0xff, 0xff, 0xff, 0xff, 0xff, 0xff, 0xff, 
	0xff, 0xff, 0xff, 0xff, 0xff, 0xff, 0xff, 0xff, 
	0xff, 0xff, 0xff, 0xff, 0xff, 0xff, 0xff, 0xff, 
	0xff, 0xff, 0xff, 0xff, 0xff, 0xff, 0xff, 0xff, 
	0xff, 0xff, 0xff, 0xff, 0xff, 0xff, 0xff, 0xff, 
	0xff, 0xff, 0xff, 0xff, 0xff, 0xff, 0xff, 0xff, 
	0xff, 0xff, 0xff, 0xff, 0xff, 0xff, 0xff, 0xff, 
	0xff, 0xff, 0xff, 0xff, 0xff, 0xff, 0xff, 0xff, 
	0xff, 0xff, 0xff, 0xff, 0xff, 0xff, 0xff, 0xff, 
	0xff, 0xff, 0xff, 0xff, 0xff, 0xff, 0xff, 0xff, 
	0xff, 0xff, 0xff, 0xff, 0xff, 0xff, 0xff, 0xff, 
	0xff, 0xff, 0xff, 0xff, 0xff, 0xff, 0xff, 0xff, 
	0xff, 0xff, 0xff, 0xff, 0xff, 0xff, 0xff, 0xff, 
	0xff, 0xff, 0xff, 0xff, 0xff, 0xff, 0xff, 0xff, 
	0xff, 0xff, 0xff, 0xff, 0xff, 0xff, 0xff, 0xff, 
	0xff, 0xff, 0xff, 0xff, 0xff, 0xff, 0xff, 0xff, 
	0xff, 0xff, 0xff, 0xff, 0xff, 0xff, 0xff, 0xff, 
	0xff, 0xff, 0xff, 0xff, 0xff, 0xff, 0xff, 0xff, 
	0xff, 0xff, 0xff, 0xff, 0xff, 0xff, 0xff, 0xff, 
	0xff, 0xff, 0xff, 0xff, 0xff, 0xff, 0xff, 0xff, 
	0xff, 0xff, 0xff, 0xff, 0xff, 0xff, 0xff, 0xff, 
	0xff, 0xff, 0xff, 0xff, 0xff, 0xff, 0xff, 0xff, 
	0xff, 0xff, 0xff, 0xff, 0xff, 0xff, 0xff, 0xff, 
	
};

Gfx wf_dl_tile_6_5_ci8_aligner[] = {gsSPEndDisplayList()};
u8 wf_dl_tile_6_5_ci8[] = {
	0x00, 0x00, 0x00, 0x00, 0x00, 0x00, 0x00, 0x00, 
	0x00, 0x00, 0x00, 0x00, 0x00, 0x00, 0x00, 0x00, 
	0x00, 0x00, 0x00, 0x00, 0x00, 0x00, 0x00, 0x00, 
	0x00, 0x00, 0x00, 0x00, 0x00, 0x00, 0x00, 0x00, 
	0x00, 0x00, 0x00, 0x00, 0x00, 0x00, 0x00, 0x00, 
	0x00, 0x00, 0x00, 0x00, 0x00, 0x00, 0x00, 0x00, 
	0x00, 0x00, 0x00, 0x00, 0x00, 0x00, 0x00, 0x00, 
	0x00, 0x00, 0x00, 0x00, 0x00, 0x00, 0x00, 0x00, 
	0x00, 0x00, 0x00, 0x00, 0x00, 0x00, 0x00, 0x00, 
	0x00, 0x00, 0x00, 0x00, 0x00, 0x00, 0x00, 0x00, 
	0x00, 0x00, 0x00, 0x00, 0x00, 0x00, 0x00, 0x00, 
	0x00, 0x00, 0x00, 0x00, 0x00, 0x00, 0x00, 0x00, 
	0x00, 0x00, 0x00, 0x00, 0x00, 0x00, 0x00, 0x00, 
	0x00, 0x00, 0x00, 0x00, 0x00, 0x00, 0x00, 0x00, 
	0x00, 0x00, 0x00, 0x00, 0x00, 0x00, 0x00, 0x00, 
	0x00, 0x00, 0x00, 0x00, 0x00, 0x00, 0x00, 0x00, 
	0x00, 0x00, 0x00, 0x00, 0x00, 0x00, 0x00, 0x00, 
	0x00, 0x00, 0x00, 0x00, 0x00, 0x00, 0x00, 0x00, 
	0x00, 0x00, 0x00, 0x00, 0x00, 0x00, 0x00, 0x00, 
	0x00, 0x00, 0x00, 0x00, 0x00, 0x00, 0x00, 0x00, 
	0x00, 0x00, 0x00, 0x00, 0x00, 0x00, 0x00, 0x00, 
	0x00, 0x00, 0x00, 0x00, 0x00, 0x00, 0x00, 0x00, 
	0x00, 0x00, 0x00, 0x00, 0x00, 0x00, 0x00, 0x00, 
	0x00, 0x00, 0x00, 0x00, 0x00, 0x00, 0x00, 0x00, 
	0x00, 0x00, 0x00, 0x00, 0x00, 0x00, 0x00, 0x00, 
	0x00, 0x00, 0x00, 0x00, 0x00, 0x00, 0x00, 0x00, 
	0x00, 0x00, 0x00, 0x00, 0x00, 0x00, 0x00, 0x00, 
	0x00, 0x00, 0x00, 0x00, 0x00, 0x00, 0x00, 0x00, 
	0x00, 0x00, 0x00, 0x00, 0x00, 0x00, 0x00, 0x00, 
	0x00, 0x00, 0x00, 0x00, 0x00, 0x00, 0x00, 0x00, 
	0x00, 0x00, 0x00, 0x00, 0x00, 0x00, 0x00, 0x00, 
	0x00, 0x00, 0x00, 0x00, 0x00, 0x00, 0x00, 0x00, 
	0x00, 0x00, 0x00, 0x00, 0x00, 0x00, 0x00, 0x00, 
	0x00, 0x00, 0x00, 0x00, 0x00, 0x00, 0x00, 0x00, 
	0x00, 0x00, 0x00, 0x00, 0x00, 0x00, 0x00, 0x00, 
	0x00, 0x00, 0x00, 0x00, 0x00, 0x00, 0x00, 0x00, 
	0x00, 0x00, 0x00, 0x00, 0x00, 0x00, 0x00, 0x00, 
	0x00, 0x00, 0x00, 0x00, 0x00, 0x00, 0x00, 0x00, 
	0x00, 0x00, 0x00, 0x00, 0x00, 0x00, 0x00, 0x00, 
	0x00, 0x00, 0x00, 0x00, 0x00, 0x00, 0x00, 0x00, 
	0x00, 0x00, 0x00, 0x00, 0x00, 0x00, 0x00, 0x00, 
	0x00, 0x00, 0x00, 0x00, 0x00, 0x00, 0x00, 0x00, 
	0x00, 0x00, 0x00, 0x00, 0x00, 0x00, 0x00, 0x00, 
	0x00, 0x00, 0x00, 0x00, 0x00, 0x00, 0x00, 0x00, 
	0x00, 0x00, 0x00, 0x00, 0x00, 0x00, 0x00, 0x00, 
	0x00, 0x00, 0x00, 0x00, 0x00, 0x00, 0x00, 0x00, 
	0x00, 0x00, 0x00, 0x00, 0x00, 0x00, 0x00, 0x00, 
	0x00, 0x00, 0x00, 0x00, 0x00, 0x00, 0x00, 0x00, 
	0x00, 0x00, 0x00, 0x00, 0x00, 0x00, 0x00, 0x00, 
	0x00, 0x00, 0x00, 0x00, 0x00, 0x00, 0x00, 0x00, 
	0x00, 0x00, 0x00, 0x00, 0x00, 0x00, 0x00, 0x00, 
	0x00, 0x00, 0x00, 0x00, 0x00, 0x00, 0x00, 0x00, 
	0x00, 0x00, 0x00, 0x00, 0x00, 0x00, 0x00, 0x00, 
	0x00, 0x00, 0x00, 0x00, 0x00, 0x00, 0x00, 0x00, 
	0x00, 0x00, 0x00, 0x00, 0x00, 0x00, 0x00, 0x00, 
	0x00, 0x00, 0x00, 0x00, 0x00, 0x00, 0x00, 0x00, 
	0x01, 0x00, 0x00, 0x00, 0x00, 0x00, 0x00, 0x00, 
	0x00, 0x00, 0x00, 0x00, 0x00, 0x00, 0x00, 0x00, 
	0x00, 0x00, 0x00, 0x00, 0x00, 0x00, 0x00, 0x00, 
	0x00, 0x00, 0x00, 0x00, 0x00, 0x00, 0x00, 0x00, 
	0x02, 0x03, 0x00, 0x00, 0x00, 0x00, 0x00, 0x00, 
	0x00, 0x00, 0x00, 0x00, 0x00, 0x00, 0x00, 0x00, 
	0x00, 0x00, 0x00, 0x00, 0x00, 0x00, 0x00, 0x00, 
	0x00, 0x00, 0x00, 0x00, 0x00, 0x00, 0x00, 0x00, 
	0x04, 0x05, 0x00, 0x00, 0x00, 0x00, 0x00, 0x00, 
	0x00, 0x00, 0x00, 0x00, 0x00, 0x00, 0x00, 0x00, 
	0x00, 0x00, 0x00, 0x00, 0x00, 0x00, 0x00, 0x00, 
	0x00, 0x00, 0x00, 0x00, 0x00, 0x00, 0x00, 0x00, 
	0x06, 0x07, 0x08, 0x00, 0x00, 0x00, 0x00, 0x00, 
	0x00, 0x00, 0x00, 0x00, 0x00, 0x00, 0x00, 0x00, 
	0x00, 0x00, 0x00, 0x00, 0x00, 0x00, 0x00, 0x00, 
	0x00, 0x00, 0x00, 0x00, 0x00, 0x00, 0x00, 0x00, 
	0x09, 0x0a, 0x0b, 0x0c, 0x00, 0x00, 0x00, 0x00, 
	0x00, 0x00, 0x00, 0x00, 0x00, 0x00, 0x00, 0x00, 
	0x00, 0x00, 0x00, 0x00, 0x00, 0x00, 0x00, 0x00, 
	0x00, 0x00, 0x00, 0x00, 0x00, 0x00, 0x00, 0x00, 
	0x0d, 0x0e, 0x0f, 0x10, 0x01, 0x00, 0x00, 0x00, 
	0x00, 0x00, 0x00, 0x00, 0x00, 0x00, 0x00, 0x00, 
	0x00, 0x00, 0x00, 0x00, 0x00, 0x00, 0x00, 0x00, 
	0x00, 0x00, 0x00, 0x00, 0x00, 0x00, 0x00, 0x00, 
	0x11, 0x12, 0x13, 0x14, 0x15, 0x16, 0x00, 0x00, 
	0x00, 0x00, 0x00, 0x00, 0x00, 0x00, 0x00, 0x00, 
	0x00, 0x00, 0x00, 0x00, 0x00, 0x00, 0x00, 0x00, 
	0x00, 0x00, 0x00, 0x00, 0x00, 0x00, 0x00, 0x00, 
	0x17, 0x18, 0x19, 0x19, 0x1a, 0x1a, 0x1a, 0x1b, 
	0x00, 0x00, 0x00, 0x00, 0x00, 0x00, 0x00, 0x00, 
	0x00, 0x00, 0x00, 0x00, 0x00, 0x00, 0x00, 0x00, 
	0x00, 0x00, 0x00, 0x00, 0x00, 0x00, 0x00, 0x00, 
	0x1c, 0x1a, 0x1d, 0x1e, 0x1f, 0x20, 0x21, 0x22, 
	0x1e, 0x16, 0x00, 0x00, 0x00, 0x00, 0x00, 0x00, 
	0x00, 0x00, 0x00, 0x00, 0x00, 0x00, 0x00, 0x00, 
	0x00, 0x00, 0x00, 0x00, 0x00, 0x00, 0x00, 0x00, 
	0x23, 0x24, 0x1f, 0x25, 0x26, 0x27, 0x28, 0x29, 
	0x2a, 0x25, 0x00, 0x00, 0x00, 0x00, 0x00, 0x00, 
	0x00, 0x00, 0x00, 0x00, 0x00, 0x00, 0x00, 0x00, 
	0x00, 0x00, 0x00, 0x00, 0x00, 0x00, 0x00, 0x00, 
	0x1a, 0x2b, 0x20, 0x2c, 0x27, 0x2d, 0x2e, 0x2f, 
	0x30, 0x31, 0x32, 0x00, 0x00, 0x00, 0x00, 0x00, 
	0x00, 0x00, 0x00, 0x00, 0x00, 0x00, 0x00, 0x00, 
	0x00, 0x00, 0x00, 0x00, 0x00, 0x00, 0x00, 0x00, 
	0x1f, 0x2c, 0x22, 0x28, 0x2e, 0x31, 0x2f, 0x33, 
	0x34, 0x33, 0x26, 0x00, 0x00, 0x00, 0x00, 0x00, 
	0x00, 0x00, 0x00, 0x00, 0x00, 0x00, 0x00, 0x00, 
	0x00, 0x00, 0x00, 0x00, 0x00, 0x00, 0x00, 0x00, 
	0x35, 0x36, 0x31, 0x2f, 0x33, 0x34, 0x37, 0x38, 
	0x38, 0x39, 0x2a, 0x00, 0x00, 0x00, 0x00, 0x00, 
	0x00, 0x00, 0x00, 0x00, 0x00, 0x00, 0x00, 0x00, 
	0x00, 0x00, 0x00, 0x00, 0x00, 0x00, 0x00, 0x00, 
	0x2e, 0x31, 0x3a, 0x3a, 0x2f, 0x33, 0x38, 0x3b, 
	0x3c, 0x38, 0x38, 0x00, 0x00, 0x00, 0x00, 0x00, 
	0x00, 0x00, 0x00, 0x00, 0x00, 0x00, 0x00, 0x00, 
	0x00, 0x00, 0x00, 0x00, 0x00, 0x00, 0x00, 0x00, 
	0x20, 0x25, 0x25, 0x25, 0x20, 0x2c, 0x35, 0x2e, 
	0x30, 0x38, 0x3c, 0x16, 0x00, 0x00, 0x00, 0x00, 
	0x00, 0x00, 0x00, 0x00, 0x00, 0x00, 0x00, 0x00, 
	0x00, 0x00, 0x00, 0x00, 0x00, 0x00, 0x00, 0x00, 
	0x1c, 0x1a, 0x1d, 0x24, 0x2b, 0x3d, 0x2c, 0x22, 
	0x2d, 0x3e, 0x33, 0x16, 0x00, 0x00, 0x00, 0x00, 
	0x00, 0x00, 0x00, 0x00, 0x00, 0x00, 0x00, 0x00, 
	0x00, 0x00, 0x00, 0x00, 0x00, 0x00, 0x00, 0x00, 
	0x1b, 0x1c, 0x1a, 0x1a, 0x24, 0x3f, 0x25, 0x26, 
	0x22, 0x2d, 0x2e, 0x1c, 0x00, 0x00, 0x00, 0x00, 
	0x00, 0x00, 0x00, 0x00, 0x00, 0x00, 0x00, 0x00, 
	0x00, 0x00, 0x00, 0x00, 0x00, 0x00, 0x00, 0x00, 
	0x15, 0x1b, 0x1c, 0x1a, 0x40, 0x24, 0x1f, 0x41, 
	0x26, 0x22, 0x2d, 0x2d, 0x42, 0x00, 0x00, 0x00, 
	0x00, 0x00, 0x00, 0x00, 0x00, 0x00, 0x00, 0x00, 
	0x00, 0x00, 0x00, 0x00, 0x00, 0x00, 0x00, 0x00, 
	
};

Gfx wf_dl_tile_6_5_pal_rgba16_aligner[] = {gsSPEndDisplayList()};
u8 wf_dl_tile_6_5_pal_rgba16[] = {
	0xff, 0xff, 0xff, 0xbd, 0xd5, 0x27, 0xff, 0xfd, 
	0x99, 0x47, 0xe5, 0xef, 0xa0, 0x81, 0xaa, 0x0f, 
	0xee, 0xb5, 0xa8, 0xc1, 0x98, 0xc3, 0xb3, 0x17, 
	0xf7, 0x39, 0xa8, 0xc3, 0xa0, 0xc3, 0x91, 0x05, 
	0xc4, 0x63, 0xcb, 0x99, 0xcc, 0x1d, 0xbc, 0x1d, 
	0xbc, 0xa1, 0xe6, 0xf7, 0xf7, 0xbd, 0xe6, 0xb3, 
	0xde, 0x73, 0xd6, 0x71, 0xce, 0x73, 0xde, 0xf7, 
	0xd6, 0xb5, 0xc6, 0x33, 0xbe, 0x31, 0xbd, 0xef, 
	0xb5, 0xad, 0xa5, 0x2b, 0xa5, 0x29, 0xce, 0x75, 
	0xc6, 0x31, 0xb5, 0xef, 0xad, 0xad, 0xa5, 0x6b, 
	0x9c, 0xe7, 0x8c, 0x65, 0x84, 0x23, 0xbd, 0xf1, 
	0xad, 0x6b, 0x94, 0xe7, 0x8c, 0xa5, 0x7c, 0x21, 
	0x7b, 0xe1, 0x84, 0x63, 0xe7, 0x39, 0x73, 0xdf, 
	0x6b, 0x9d, 0x9d, 0x29, 0x94, 0xa7, 0x6b, 0x5d, 
	0x63, 0x5b, 0x63, 0x5d, 0x8c, 0x63, 0x63, 0x1b, 
	0x5b, 0x19, 0xb5, 0xaf, 0x84, 0x65, 0xbe, 0x2f, 
	0xc6, 0x73, 0xb5, 0xed, 0xef, 0x7b, 
};

Gfx wf_dl_tile_6_6_ci8_aligner[] = {gsSPEndDisplayList()};
u8 wf_dl_tile_6_6_ci8[] = {
	0x00, 0x01, 0x02, 0x02, 0x03, 0x04, 0x05, 0x06, 
	0x07, 0x08, 0x09, 0x01, 0x0a, 0x0a, 0x0a, 0x0a, 
	0x0a, 0x0a, 0x0a, 0x0a, 0x0a, 0x0a, 0x0a, 0x0a, 
	0x0a, 0x0a, 0x0a, 0x0a, 0x0a, 0x0a, 0x0a, 0x0a, 
	0x0b, 0x00, 0x01, 0x02, 0x0c, 0x03, 0x0d, 0x0e, 
	0x06, 0x07, 0x08, 0x08, 0x0f, 0x0a, 0x0a, 0x0a, 
	0x0a, 0x0a, 0x0a, 0x0a, 0x0a, 0x0a, 0x0a, 0x0a, 
	0x0a, 0x0a, 0x0a, 0x0a, 0x0a, 0x0a, 0x0a, 0x0a, 
	0x10, 0x00, 0x00, 0x01, 0x02, 0x11, 0x03, 0x0d, 
	0x12, 0x13, 0x14, 0x15, 0x13, 0x16, 0x0a, 0x0a, 
	0x0a, 0x0a, 0x0a, 0x0a, 0x0a, 0x0a, 0x0a, 0x0a, 
	0x0a, 0x0a, 0x0a, 0x0a, 0x0a, 0x0a, 0x0a, 0x0a, 
	0x10, 0x10, 0x00, 0x17, 0x01, 0x0c, 0x03, 0x18, 
	0x0d, 0x12, 0x19, 0x14, 0x1a, 0x03, 0x0a, 0x0a, 
	0x0a, 0x0a, 0x0a, 0x0a, 0x0a, 0x0a, 0x0a, 0x0a, 
	0x0a, 0x0a, 0x0a, 0x0a, 0x0a, 0x0a, 0x0a, 0x0a, 
	0x10, 0x10, 0x0b, 0x00, 0x01, 0x02, 0x03, 0x03, 
	0x18, 0x05, 0x06, 0x07, 0x08, 0x08, 0x00, 0x0a, 
	0x0a, 0x0a, 0x0a, 0x0a, 0x0a, 0x0a, 0x0a, 0x0a, 
	0x0a, 0x0a, 0x0a, 0x0a, 0x0a, 0x0a, 0x0a, 0x0a, 
	0x10, 0x10, 0x1b, 0x00, 0x1c, 0x02, 0x03, 0x03, 
	0x18, 0x1d, 0x12, 0x13, 0x14, 0x15, 0x1e, 0x16, 
	0x0a, 0x0a, 0x0a, 0x0a, 0x0a, 0x0a, 0x0a, 0x0a, 
	0x0a, 0x0a, 0x0a, 0x0a, 0x0a, 0x0a, 0x0a, 0x0a, 
	0x0f, 0x10, 0x10, 0x0b, 0x1c, 0x01, 0x02, 0x03, 
	0x18, 0x1d, 0x05, 0x06, 0x07, 0x08, 0x1a, 0x03, 
	0x0a, 0x0a, 0x0a, 0x0a, 0x0a, 0x0a, 0x0a, 0x0a, 
	0x0a, 0x0a, 0x0a, 0x0a, 0x0a, 0x0a, 0x0a, 0x0a, 
	0x0f, 0x0f, 0x10, 0x1b, 0x00, 0x01, 0x02, 0x02, 
	0x03, 0x18, 0x0d, 0x12, 0x19, 0x1f, 0x1a, 0x1a, 
	0x10, 0x0a, 0x0a, 0x0a, 0x0a, 0x0a, 0x0a, 0x0a, 
	0x0a, 0x0a, 0x0a, 0x0a, 0x0a, 0x0a, 0x0a, 0x0a, 
	0x0f, 0x0f, 0x10, 0x10, 0x00, 0x1c, 0x01, 0x02, 
	0x20, 0x03, 0x1d, 0x0d, 0x1e, 0x07, 0x08, 0x09, 
	0x07, 0x0a, 0x0a, 0x0a, 0x0a, 0x0a, 0x0a, 0x0a, 
	0x0a, 0x0a, 0x0a, 0x0a, 0x0a, 0x0a, 0x0a, 0x0a, 
	0x0f, 0x0f, 0x0f, 0x10, 0x1b, 0x00, 0x01, 0x01, 
	0x02, 0x20, 0x03, 0x01, 0x21, 0x1f, 0x1f, 0x1a, 
	0x22, 0x01, 0x0a, 0x0a, 0x0a, 0x0a, 0x0a, 0x0a, 
	0x0a, 0x0a, 0x0a, 0x0a, 0x0a, 0x0a, 0x0a, 0x0a, 
	0x0f, 0x0f, 0x0f, 0x10, 0x10, 0x0b, 0x1c, 0x01, 
	0x23, 0x02, 0x03, 0x03, 0x10, 0x24, 0x1f, 0x14, 
	0x03, 0x1a, 0x16, 0x0a, 0x0a, 0x0a, 0x0a, 0x0a, 
	0x0a, 0x0a, 0x0a, 0x0a, 0x0a, 0x0a, 0x0a, 0x0a, 
	0x0f, 0x0f, 0x0f, 0x0f, 0x10, 0x10, 0x00, 0x01, 
	0x01, 0x02, 0x25, 0x1d, 0x0c, 0x0d, 0x26, 0x08, 
	0x01, 0x27, 0x03, 0x0a, 0x0a, 0x0a, 0x0a, 0x0a, 
	0x0a, 0x0a, 0x0a, 0x0a, 0x0a, 0x0a, 0x0a, 0x0a, 
	0x0f, 0x0f, 0x0f, 0x0f, 0x10, 0x10, 0x00, 0x00, 
	0x01, 0x02, 0x03, 0x03, 0x28, 0x05, 0x29, 0x08, 
	0x12, 0x19, 0x2a, 0x2b, 0x0a, 0x0a, 0x0a, 0x0a, 
	0x0a, 0x0a, 0x0a, 0x0a, 0x0a, 0x0a, 0x0a, 0x0a, 
	0x0f, 0x0f, 0x0f, 0x0f, 0x0f, 0x10, 0x10, 0x00, 
	0x1c, 0x01, 0x02, 0x03, 0x0d, 0x12, 0x2c, 0x08, 
	0x08, 0x28, 0x2d, 0x1d, 0x10, 0x0a, 0x0a, 0x0a, 
	0x0a, 0x0a, 0x0a, 0x0a, 0x0a, 0x0a, 0x0a, 0x0a, 
	0x0f, 0x0f, 0x0f, 0x0f, 0x0f, 0x0f, 0x10, 0x10, 
	0x00, 0x01, 0x02, 0x03, 0x0d, 0x12, 0x19, 0x08, 
	0x15, 0x08, 0x2e, 0x14, 0x0d, 0x0a, 0x0a, 0x0a, 
	0x0a, 0x0a, 0x0a, 0x0a, 0x0a, 0x0a, 0x0a, 0x0a, 
	0x0f, 0x0f, 0x0f, 0x0f, 0x0f, 0x0f, 0x10, 0x10, 
	0x00, 0x1c, 0x01, 0x03, 0x0d, 0x2f, 0x2f, 0x14, 
	0x15, 0x15, 0x2e, 0x30, 0x19, 0x0a, 0x0a, 0x0a, 
	0x0a, 0x0a, 0x0a, 0x0a, 0x0a, 0x0a, 0x0a, 0x0a, 
	0x0f, 0x0f, 0x0f, 0x0f, 0x0f, 0x0f, 0x0f, 0x10, 
	0x0b, 0x00, 0x01, 0x02, 0x0d, 0x12, 0x19, 0x14, 
	0x08, 0x15, 0x31, 0x32, 0x32, 0x16, 0x0a, 0x0a, 
	0x0a, 0x0a, 0x0a, 0x0a, 0x0a, 0x0a, 0x0a, 0x0a, 
	0x0f, 0x0f, 0x0f, 0x0f, 0x0f, 0x0f, 0x0f, 0x10, 
	0x10, 0x00, 0x01, 0x02, 0x18, 0x12, 0x19, 0x1f, 
	0x08, 0x15, 0x09, 0x26, 0x30, 0x10, 0x0a, 0x0a, 
	0x0a, 0x0a, 0x0a, 0x0a, 0x0a, 0x0a, 0x0a, 0x0a, 
	0x0f, 0x10, 0x0f, 0x10, 0x0f, 0x0f, 0x0f, 0x10, 
	0x10, 0x00, 0x01, 0x02, 0x03, 0x12, 0x14, 0x1a, 
	0x33, 0x08, 0x09, 0x31, 0x26, 0x05, 0x0a, 0x0a, 
	0x0a, 0x0a, 0x0a, 0x0a, 0x0a, 0x0a, 0x0a, 0x0a, 
	0x10, 0x10, 0x10, 0x10, 0x10, 0x0f, 0x0f, 0x0f, 
	0x10, 0x00, 0x01, 0x02, 0x03, 0x12, 0x14, 0x09, 
	0x08, 0x08, 0x09, 0x31, 0x26, 0x1a, 0x0a, 0x0a, 
	0x0a, 0x0a, 0x0a, 0x0a, 0x0a, 0x0a, 0x0a, 0x0a, 
	0x10, 0x10, 0x10, 0x10, 0x10, 0x10, 0x0f, 0x0f, 
	0x10, 0x0b, 0x1c, 0x02, 0x18, 0x12, 0x1f, 0x26, 
	0x1a, 0x07, 0x15, 0x2c, 0x30, 0x2a, 0x2b, 0x0a, 
	0x0a, 0x0a, 0x0a, 0x0a, 0x0a, 0x0a, 0x0a, 0x0a, 
	0x0b, 0x0b, 0x0b, 0x1b, 0x10, 0x10, 0x0f, 0x0f, 
	0x10, 0x0b, 0x1c, 0x02, 0x03, 0x06, 0x08, 0x32, 
	0x1a, 0x1e, 0x1f, 0x31, 0x30, 0x09, 0x05, 0x0a, 
	0x0a, 0x0a, 0x0a, 0x0a, 0x0a, 0x0a, 0x0a, 0x0a, 
	0x00, 0x1c, 0x1c, 0x1c, 0x00, 0x10, 0x10, 0x0f, 
	0x10, 0x10, 0x1c, 0x02, 0x03, 0x06, 0x09, 0x32, 
	0x34, 0x19, 0x07, 0x27, 0x32, 0x35, 0x15, 0x0a, 
	0x0a, 0x0a, 0x0a, 0x0a, 0x0a, 0x0a, 0x0a, 0x0a, 
	0x00, 0x01, 0x02, 0x02, 0x01, 0x00, 0x10, 0x0f, 
	0x10, 0x10, 0x00, 0x02, 0x0d, 0x1e, 0x09, 0x32, 
	0x36, 0x19, 0x07, 0x27, 0x30, 0x34, 0x34, 0x10, 
	0x0a, 0x0a, 0x0a, 0x0a, 0x0a, 0x0a, 0x0a, 0x0a, 
	0x01, 0x02, 0x04, 0x12, 0x12, 0x02, 0x10, 0x0f, 
	0x0f, 0x10, 0x1c, 0x03, 0x28, 0x1e, 0x31, 0x37, 
	0x38, 0x1e, 0x24, 0x31, 0x30, 0x2e, 0x34, 0x18, 
	0x0a, 0x0a, 0x0a, 0x0a, 0x0a, 0x0a, 0x0a, 0x0a, 
	0x01, 0x03, 0x39, 0x07, 0x0d, 0x06, 0x00, 0x0f, 
	0x0f, 0x10, 0x01, 0x18, 0x12, 0x1f, 0x26, 0x3a, 
	0x38, 0x09, 0x08, 0x26, 0x3b, 0x37, 0x30, 0x19, 
	0x0a, 0x0a, 0x0a, 0x0a, 0x0a, 0x0a, 0x0a, 0x0a, 
	0x02, 0x0d, 0x1f, 0x04, 0x00, 0x12, 0x02, 0x16, 
	0x0f, 0x0b, 0x01, 0x18, 0x13, 0x15, 0x30, 0x3c, 
	0x38, 0x3d, 0x09, 0x26, 0x38, 0x37, 0x30, 0x27, 
	0x16, 0x0a, 0x0a, 0x0a, 0x0a, 0x0a, 0x0a, 0x0a, 
	0x02, 0x12, 0x1a, 0x01, 0x10, 0x04, 0x12, 0x16, 
	0x0f, 0x10, 0x01, 0x03, 0x19, 0x1a, 0x3e, 0x3f, 
	0x40, 0x32, 0x09, 0x37, 0x41, 0x42, 0x30, 0x26, 
	0x0f, 0x0a, 0x0a, 0x0a, 0x0a, 0x0a, 0x0a, 0x0a, 
	0x03, 0x06, 0x14, 0x43, 0x10, 0x02, 0x07, 0x0f, 
	0x0f, 0x10, 0x01, 0x0d, 0x13, 0x2a, 0x30, 0x44, 
	0x38, 0x32, 0x3d, 0x45, 0x3a, 0x2e, 0x32, 0x09, 
	0x0a, 0x0a, 0x0a, 0x0a, 0x0a, 0x0a, 0x0a, 0x0a, 
	0x03, 0x07, 0x14, 0x10, 0x10, 0x03, 0x0d, 0x0f, 
	0x0f, 0x10, 0x46, 0x0d, 0x07, 0x27, 0x3b, 0x47, 
	0x48, 0x42, 0x3e, 0x38, 0x38, 0x32, 0x37, 0x12, 
	0x0a, 0x0a, 0x0a, 0x0a, 0x0a, 0x0a, 0x0a, 0x0a, 
	0x03, 0x1f, 0x14, 0x10, 0x10, 0x01, 0x10, 0x00, 
	0x0f, 0x10, 0x02, 0x12, 0x24, 0x34, 0x3a, 0x47, 
	0x45, 0x42, 0x32, 0x40, 0x49, 0x2e, 0x29, 0x10, 
	0x0a, 0x0a, 0x0a, 0x0a, 0x0a, 0x0a, 0x0a, 0x0a, 
	0x03, 0x08, 0x14, 0x00, 0x10, 0x0f, 0x0f, 0x00, 
	0x10, 0x00, 0x03, 0x13, 0x1a, 0x26, 0x4a, 0x4a, 
	0x49, 0x42, 0x45, 0x48, 0x42, 0x3b, 0x09, 0x0a, 
	0x0a, 0x0a, 0x0a, 0x0a, 0x0a, 0x0a, 0x0a, 0x0a, 
	
};

Gfx wf_dl_tile_6_6_pal_rgba16_aligner[] = {gsSPEndDisplayList()};
u8 wf_dl_tile_6_6_pal_rgba16[] = {
	0xde, 0xf7, 0xd6, 0xb5, 0xce, 0x73, 0xc6, 0x31, 
	0xbe, 0x2f, 0xb5, 0xef, 0xad, 0xad, 0xa5, 0x29, 
	0x94, 0xe7, 0x8c, 0xa5, 0xff, 0xff, 0xe6, 0xf7, 
	0xc6, 0x73, 0xbd, 0xef, 0xb5, 0xed, 0xef, 0x7b, 
	0xe7, 0x39, 0xc6, 0x71, 0xb5, 0xad, 0xad, 0x6b, 
	0x9d, 0x29, 0x94, 0xa7, 0xf7, 0xbd, 0xde, 0xb7, 
	0xbe, 0x31, 0xa5, 0x6b, 0x94, 0xa5, 0xe6, 0xf9, 
	0xde, 0xb5, 0xbd, 0xf1, 0xa5, 0x2b, 0x9c, 0xe7, 
	0xce, 0x33, 0xd6, 0xb7, 0x84, 0x61, 0xd6, 0x75, 
	0x9c, 0xe9, 0xc6, 0x33, 0x7c, 0x21, 0x8c, 0x63, 
	0xb5, 0xaf, 0x73, 0x9d, 0x8c, 0x65, 0xe7, 0x3b, 
	0x84, 0x21, 0x7b, 0xdf, 0x73, 0x9f, 0xad, 0x6d, 
	0x7b, 0xe1, 0x84, 0x63, 0x73, 0xdf, 0x94, 0xe9, 
	0x84, 0x23, 0x84, 0x65, 0x6b, 0x5b, 0x6b, 0x9d, 
	0x5b, 0x19, 0xad, 0xab, 0x63, 0x1b, 0x6b, 0x5d, 
	0x5a, 0xd7, 0x7c, 0x23, 0x73, 0xe1, 0x52, 0xd7, 
	0x52, 0xd9, 0x5a, 0xd9, 0x6b, 0x9f, 0xde, 0xf9, 
	0x42, 0x55, 0x63, 0x5b, 0xce, 0xb3, 0x4a, 0x55, 
	0x5b, 0x1b, 0x63, 0x5d, 0x52, 0x97, 
};

Gfx wf_dl_tile_6_7_ci8_aligner[] = {gsSPEndDisplayList()};
u8 wf_dl_tile_6_7_ci8[] = {
	0x00, 0x01, 0x02, 0x03, 0x03, 0x04, 0x03, 0x05, 
	0x06, 0x03, 0x07, 0x08, 0x09, 0x0a, 0x0b, 0x0c, 
	0x0d, 0x0e, 0x0f, 0x10, 0x11, 0x12, 0x13, 0x03, 
	0x14, 0x14, 0x14, 0x14, 0x14, 0x14, 0x14, 0x14, 
	0x00, 0x15, 0x02, 0x05, 0x03, 0x06, 0x06, 0x05, 
	0x03, 0x05, 0x00, 0x16, 0x17, 0x18, 0x19, 0x19, 
	0x11, 0x0e, 0x0d, 0x1a, 0x0e, 0x1b, 0x1c, 0x14, 
	0x14, 0x14, 0x14, 0x14, 0x14, 0x14, 0x14, 0x14, 
	0x1d, 0x17, 0x01, 0x04, 0x03, 0x03, 0x03, 0x03, 
	0x1e, 0x1f, 0x1d, 0x20, 0x1c, 0x0f, 0x21, 0x22, 
	0x1b, 0x0f, 0x1a, 0x0d, 0x0f, 0x1b, 0x23, 0x14, 
	0x14, 0x14, 0x14, 0x14, 0x14, 0x14, 0x14, 0x14, 
	0x08, 0x24, 0x17, 0x07, 0x05, 0x1e, 0x05, 0x05, 
	0x1f, 0x07, 0x25, 0x02, 0x26, 0x1b, 0x27, 0x28, 
	0x1b, 0x0f, 0x10, 0x0f, 0x29, 0x2a, 0x2b, 0x14, 
	0x14, 0x14, 0x14, 0x14, 0x14, 0x14, 0x14, 0x14, 
	0x2c, 0x26, 0x2d, 0x00, 0x04, 0x04, 0x04, 0x04, 
	0x00, 0x08, 0x02, 0x1c, 0x18, 0x1a, 0x10, 0x0d, 
	0x0f, 0x11, 0x11, 0x2e, 0x11, 0x2f, 0x14, 0x14, 
	0x14, 0x14, 0x14, 0x14, 0x14, 0x14, 0x14, 0x14, 
	0x30, 0x18, 0x22, 0x16, 0x00, 0x07, 0x00, 0x1d, 
	0x16, 0x01, 0x0a, 0x31, 0x0f, 0x27, 0x0d, 0x11, 
	0x2e, 0x11, 0x29, 0x12, 0x0a, 0x32, 0x14, 0x14, 
	0x14, 0x14, 0x14, 0x14, 0x14, 0x14, 0x14, 0x14, 
	0x01, 0x0f, 0x33, 0x34, 0x08, 0x2c, 0x35, 0x02, 
	0x1c, 0x0a, 0x2d, 0x2e, 0x0d, 0x0d, 0x0d, 0x12, 
	0x2e, 0x0d, 0x2d, 0x26, 0x03, 0x14, 0x14, 0x14, 
	0x14, 0x14, 0x14, 0x14, 0x14, 0x14, 0x14, 0x14, 
	0x24, 0x12, 0x21, 0x1a, 0x36, 0x1c, 0x37, 0x0a, 
	0x2e, 0x0f, 0x2d, 0x1b, 0x0d, 0x0d, 0x1b, 0x2d, 
	0x12, 0x18, 0x07, 0x14, 0x14, 0x14, 0x14, 0x14, 
	0x14, 0x14, 0x14, 0x14, 0x14, 0x14, 0x14, 0x14, 
	0x0a, 0x29, 0x10, 0x27, 0x0d, 0x0f, 0x26, 0x26, 
	0x0f, 0x29, 0x0d, 0x0d, 0x38, 0x12, 0x0a, 0x2a, 
	0x0f, 0x00, 0x14, 0x14, 0x14, 0x14, 0x14, 0x14, 
	0x14, 0x14, 0x14, 0x14, 0x14, 0x14, 0x14, 0x14, 
	0x18, 0x38, 0x0d, 0x39, 0x0b, 0x01, 0x32, 0x32, 
	0x1d, 0x24, 0x18, 0x0a, 0x26, 0x08, 0x05, 0x05, 
	0x3a, 0x14, 0x14, 0x14, 0x14, 0x14, 0x14, 0x14, 
	0x14, 0x14, 0x14, 0x14, 0x14, 0x14, 0x14, 0x14, 
	0x0f, 0x38, 0x38, 0x0d, 0x1b, 0x04, 0x14, 0x14, 
	0x14, 0x14, 0x14, 0x14, 0x14, 0x14, 0x14, 0x14, 
	0x14, 0x14, 0x14, 0x14, 0x14, 0x14, 0x14, 0x14, 
	0x14, 0x14, 0x14, 0x14, 0x14, 0x14, 0x14, 0x14, 
	0x29, 0x1b, 0x29, 0x29, 0x20, 0x32, 0x14, 0x14, 
	0x14, 0x14, 0x14, 0x14, 0x14, 0x14, 0x14, 0x14, 
	0x14, 0x14, 0x14, 0x14, 0x14, 0x14, 0x14, 0x14, 
	0x14, 0x14, 0x14, 0x14, 0x14, 0x14, 0x14, 0x14, 
	0x3b, 0x0f, 0x0f, 0x30, 0x06, 0x14, 0x14, 0x14, 
	0x14, 0x14, 0x14, 0x14, 0x14, 0x14, 0x14, 0x14, 
	0x14, 0x14, 0x14, 0x14, 0x14, 0x14, 0x14, 0x14, 
	0x14, 0x14, 0x14, 0x14, 0x14, 0x14, 0x14, 0x14, 
	0x1c, 0x16, 0x3c, 0x14, 0x14, 0x14, 0x14, 0x14, 
	0x14, 0x14, 0x14, 0x14, 0x14, 0x14, 0x14, 0x14, 
	0x14, 0x14, 0x14, 0x14, 0x14, 0x14, 0x14, 0x14, 
	0x14, 0x14, 0x14, 0x14, 0x14, 0x14, 0x14, 0x14, 
	0x32, 0x14, 0x14, 0x14, 0x14, 0x14, 0x14, 0x14, 
	0x14, 0x14, 0x14, 0x14, 0x14, 0x14, 0x14, 0x14, 
	0x14, 0x14, 0x14, 0x14, 0x14, 0x14, 0x14, 0x14, 
	0x14, 0x14, 0x14, 0x14, 0x14, 0x14, 0x14, 0x14, 
	0x14, 0x14, 0x14, 0x14, 0x14, 0x14, 0x14, 0x14, 
	0x14, 0x14, 0x14, 0x14, 0x14, 0x14, 0x14, 0x14, 
	0x14, 0x14, 0x14, 0x14, 0x14, 0x14, 0x14, 0x14, 
	0x14, 0x14, 0x14, 0x14, 0x14, 0x14, 0x14, 0x14, 
	0x14, 0x14, 0x14, 0x14, 0x14, 0x14, 0x14, 0x14, 
	0x14, 0x14, 0x14, 0x14, 0x14, 0x14, 0x14, 0x14, 
	0x14, 0x14, 0x14, 0x14, 0x14, 0x14, 0x14, 0x14, 
	0x14, 0x14, 0x14, 0x14, 0x14, 0x14, 0x14, 0x14, 
	0x14, 0x14, 0x14, 0x14, 0x14, 0x14, 0x14, 0x14, 
	0x14, 0x14, 0x14, 0x14, 0x14, 0x14, 0x14, 0x14, 
	0x14, 0x14, 0x14, 0x14, 0x14, 0x14, 0x14, 0x14, 
	0x14, 0x14, 0x14, 0x14, 0x14, 0x14, 0x14, 0x14, 
	0x14, 0x14, 0x14, 0x14, 0x14, 0x14, 0x14, 0x14, 
	0x14, 0x14, 0x14, 0x14, 0x14, 0x14, 0x14, 0x14, 
	0x14, 0x14, 0x14, 0x14, 0x14, 0x14, 0x14, 0x14, 
	0x14, 0x14, 0x14, 0x14, 0x14, 0x14, 0x14, 0x14, 
	0x14, 0x14, 0x14, 0x14, 0x14, 0x14, 0x14, 0x14, 
	0x14, 0x14, 0x14, 0x14, 0x14, 0x14, 0x14, 0x14, 
	0x14, 0x14, 0x14, 0x14, 0x14, 0x14, 0x14, 0x14, 
	0x14, 0x14, 0x14, 0x14, 0x14, 0x14, 0x14, 0x14, 
	0x14, 0x14, 0x14, 0x14, 0x14, 0x14, 0x14, 0x14, 
	0x14, 0x14, 0x14, 0x14, 0x14, 0x14, 0x14, 0x14, 
	0x14, 0x14, 0x14, 0x14, 0x14, 0x14, 0x14, 0x14, 
	0x14, 0x14, 0x14, 0x14, 0x14, 0x14, 0x14, 0x14, 
	0x14, 0x14, 0x14, 0x14, 0x14, 0x14, 0x14, 0x14, 
	0x14, 0x14, 0x14, 0x14, 0x14, 0x14, 0x14, 0x14, 
	0x14, 0x14, 0x14, 0x14, 0x14, 0x14, 0x14, 0x14, 
	0x14, 0x14, 0x14, 0x14, 0x14, 0x14, 0x14, 0x14, 
	0x14, 0x14, 0x14, 0x14, 0x14, 0x14, 0x14, 0x14, 
	0x14, 0x14, 0x14, 0x14, 0x14, 0x14, 0x14, 0x14, 
	0x14, 0x14, 0x14, 0x14, 0x14, 0x14, 0x14, 0x14, 
	0x14, 0x14, 0x14, 0x14, 0x14, 0x14, 0x14, 0x14, 
	0x14, 0x14, 0x14, 0x14, 0x14, 0x14, 0x14, 0x14, 
	0x14, 0x14, 0x14, 0x14, 0x14, 0x14, 0x14, 0x14, 
	0x14, 0x14, 0x14, 0x14, 0x14, 0x14, 0x14, 0x14, 
	0x14, 0x14, 0x14, 0x14, 0x14, 0x14, 0x14, 0x14, 
	0x14, 0x14, 0x14, 0x14, 0x14, 0x14, 0x14, 0x14, 
	0x14, 0x14, 0x14, 0x14, 0x14, 0x14, 0x14, 0x14, 
	0x14, 0x14, 0x14, 0x14, 0x14, 0x14, 0x14, 0x14, 
	0x14, 0x14, 0x14, 0x14, 0x14, 0x14, 0x14, 0x14, 
	0x14, 0x14, 0x14, 0x14, 0x14, 0x14, 0x14, 0x14, 
	0x14, 0x14, 0x14, 0x14, 0x14, 0x14, 0x14, 0x14, 
	0x14, 0x14, 0x14, 0x14, 0x14, 0x14, 0x14, 0x14, 
	0x14, 0x14, 0x14, 0x14, 0x14, 0x14, 0x14, 0x14, 
	0x14, 0x14, 0x14, 0x14, 0x14, 0x14, 0x14, 0x14, 
	0x14, 0x14, 0x14, 0x14, 0x14, 0x14, 0x14, 0x14, 
	0x14, 0x14, 0x14, 0x14, 0x14, 0x14, 0x14, 0x14, 
	0x14, 0x14, 0x14, 0x14, 0x14, 0x14, 0x14, 0x14, 
	0x14, 0x14, 0x14, 0x14, 0x14, 0x14, 0x14, 0x14, 
	0x14, 0x14, 0x14, 0x14, 0x14, 0x14, 0x14, 0x14, 
	0x14, 0x14, 0x14, 0x14, 0x14, 0x14, 0x14, 0x14, 
	0x14, 0x14, 0x14, 0x14, 0x14, 0x14, 0x14, 0x14, 
	0x14, 0x14, 0x14, 0x14, 0x14, 0x14, 0x14, 0x14, 
	0x14, 0x14, 0x14, 0x14, 0x14, 0x14, 0x14, 0x14, 
	0x14, 0x14, 0x14, 0x14, 0x14, 0x14, 0x14, 0x14, 
	0x14, 0x14, 0x14, 0x14, 0x14, 0x14, 0x14, 0x14, 
	0x14, 0x14, 0x14, 0x14, 0x14, 0x14, 0x14, 0x14, 
	0x14, 0x14, 0x14, 0x14, 0x14, 0x14, 0x14, 0x14, 
	0x14, 0x14, 0x14, 0x14, 0x14, 0x14, 0x14, 0x14, 
	0x14, 0x14, 0x14, 0x14, 0x14, 0x14, 0x14, 0x14, 
	0x14, 0x14, 0x14, 0x14, 0x14, 0x14, 0x14, 0x14, 
	0x14, 0x14, 0x14, 0x14, 0x14, 0x14, 0x14, 0x14, 
	0x14, 0x14, 0x14, 0x14, 0x14, 0x14, 0x14, 0x14, 
	0x14, 0x14, 0x14, 0x14, 0x14, 0x14, 0x14, 0x14, 
	0x14, 0x14, 0x14, 0x14, 0x14, 0x14, 0x14, 0x14, 
	0x14, 0x14, 0x14, 0x14, 0x14, 0x14, 0x14, 0x14, 
	0x14, 0x14, 0x14, 0x14, 0x14, 0x14, 0x14, 0x14, 
	0x14, 0x14, 0x14, 0x14, 0x14, 0x14, 0x14, 0x14, 
	
};

Gfx wf_dl_tile_6_7_pal_rgba16_aligner[] = {gsSPEndDisplayList()};
u8 wf_dl_tile_6_7_pal_rgba16[] = {
	0xc6, 0x31, 0x9c, 0xe7, 0x9d, 0x29, 0xe7, 0x39, 
	0xd6, 0xb5, 0xde, 0xf7, 0xef, 0x7b, 0xce, 0x73, 
	0xb5, 0xad, 0x9c, 0xe9, 0x84, 0x23, 0x63, 0x1b, 
	0x4a, 0x55, 0x63, 0x5b, 0x6b, 0x9f, 0x73, 0xdf, 
	0x52, 0xd9, 0x63, 0x5d, 0x73, 0x9f, 0x73, 0x9d, 
	0xff, 0xff, 0x94, 0xe7, 0xad, 0x6b, 0x94, 0xa5, 
	0x7c, 0x21, 0x52, 0x97, 0x5b, 0x1b, 0x6b, 0x5d, 
	0x8c, 0xa5, 0xbd, 0xef, 0xe6, 0xf9, 0xde, 0xb7, 
	0xa5, 0x2b, 0x4a, 0x95, 0x5b, 0x19, 0xc6, 0x73, 
	0x8c, 0x65, 0xad, 0x6d, 0x84, 0x63, 0x4a, 0x97, 
	0x5b, 0x5b, 0x6b, 0x9d, 0x84, 0x21, 0xf7, 0xff, 
	0xad, 0xad, 0x7b, 0xe1, 0x73, 0xe1, 0xbd, 0xf1, 
	0xa5, 0x29, 0x7b, 0xdf, 0xf7, 0xbd, 0x4a, 0x53, 
	0x8c, 0x63, 0xa5, 0x6b, 0x94, 0xa7, 0x84, 0x65, 
	0x6b, 0x5b, 0x63, 0x19, 0xef, 0x7d, 0x6b, 0xdf, 
	0xd6, 0xf7, 
};

Gfx wf_dl_tile_6_8_i8_aligner[] = {gsSPEndDisplayList()};
u8 wf_dl_tile_6_8_i8[] = {
	0xff, 0xff, 0xff, 0xff, 0xff, 0xff, 0xff, 0xff, 
	0xff, 0xff, 0xff, 0xff, 0xff, 0xff, 0xff, 0xff, 
	0xff, 0xff, 0xff, 0xff, 0xff, 0xff, 0xff, 0xff, 
	0xff, 0xff, 0xff, 0xff, 0xff, 0xff, 0xff, 0xff, 
	0xff, 0xff, 0xff, 0xff, 0xff, 0xff, 0xff, 0xff, 
	0xff, 0xff, 0xff, 0xff, 0xff, 0xff, 0xff, 0xff, 
	0xff, 0xff, 0xff, 0xff, 0xff, 0xff, 0xff, 0xff, 
	0xff, 0xff, 0xff, 0xff, 0xff, 0xff, 0xff, 0xff, 
	0xff, 0xff, 0xff, 0xff, 0xff, 0xff, 0xff, 0xff, 
	0xff, 0xff, 0xff, 0xff, 0xff, 0xff, 0xff, 0xff, 
	0xff, 0xff, 0xff, 0xff, 0xff, 0xff, 0xff, 0xff, 
	0xff, 0xff, 0xff, 0xff, 0xff, 0xff, 0xff, 0xff, 
	0xff, 0xff, 0xff, 0xff, 0xff, 0xff, 0xff, 0xff, 
	0xff, 0xff, 0xff, 0xff, 0xff, 0xff, 0xff, 0xff, 
	0xff, 0xff, 0xff, 0xff, 0xff, 0xff, 0xff, 0xff, 
	0xff, 0xff, 0xff, 0xff, 0xff, 0xff, 0xff, 0xff, 
	0xff, 0xff, 0xff, 0xff, 0xff, 0xff, 0xff, 0xff, 
	0xff, 0xff, 0xff, 0xff, 0xff, 0xff, 0xff, 0xff, 
	0xff, 0xff, 0xff, 0xff, 0xff, 0xff, 0xff, 0xff, 
	0xff, 0xff, 0xff, 0xff, 0xff, 0xff, 0xff, 0xff, 
	0xff, 0xff, 0xff, 0xff, 0xff, 0xff, 0xff, 0xff, 
	0xff, 0xff, 0xff, 0xff, 0xff, 0xff, 0xff, 0xff, 
	0xff, 0xff, 0xff, 0xff, 0xff, 0xff, 0xff, 0xff, 
	0xff, 0xff, 0xff, 0xff, 0xff, 0xff, 0xff, 0xff, 
	0xff, 0xff, 0xff, 0xff, 0xff, 0xff, 0xff, 0xff, 
	0xff, 0xff, 0xff, 0xff, 0xff, 0xff, 0xff, 0xff, 
	0xff, 0xff, 0xff, 0xff, 0xff, 0xff, 0xff, 0xff, 
	0xff, 0xff, 0xff, 0xff, 0xff, 0xff, 0xff, 0xff, 
	0xff, 0xff, 0xff, 0xff, 0xff, 0xff, 0xff, 0xff, 
	0xff, 0xff, 0xff, 0xff, 0xff, 0xff, 0xff, 0xff, 
	0xff, 0xff, 0xff, 0xff, 0xff, 0xff, 0xff, 0xff, 
	0xff, 0xff, 0xff, 0xff, 0xff, 0xff, 0xff, 0xff, 
	0xff, 0xff, 0xff, 0xff, 0xff, 0xff, 0xff, 0xff, 
	0xff, 0xff, 0xff, 0xff, 0xff, 0xff, 0xff, 0xff, 
	0xff, 0xff, 0xff, 0xff, 0xff, 0xff, 0xff, 0xff, 
	0xff, 0xff, 0xff, 0xff, 0xff, 0xff, 0xff, 0xff, 
	0xff, 0xff, 0xff, 0xff, 0xff, 0xff, 0xff, 0xff, 
	0xff, 0xff, 0xff, 0xff, 0xff, 0xff, 0xff, 0xff, 
	0xff, 0xff, 0xff, 0xff, 0xff, 0xff, 0xff, 0xff, 
	0xff, 0xff, 0xff, 0xff, 0xff, 0xff, 0xff, 0xff, 
	0xff, 0xff, 0xff, 0xff, 0xff, 0xff, 0xff, 0xff, 
	0xff, 0xff, 0xff, 0xff, 0xff, 0xff, 0xff, 0xff, 
	0xff, 0xff, 0xff, 0xff, 0xff, 0xff, 0xff, 0xff, 
	0xff, 0xff, 0xff, 0xff, 0xff, 0xff, 0xff, 0xff, 
	0xff, 0xff, 0xff, 0xff, 0xff, 0xff, 0xff, 0xff, 
	0xff, 0xff, 0xff, 0xff, 0xff, 0xff, 0xff, 0xff, 
	0xff, 0xff, 0xff, 0xff, 0xff, 0xff, 0xff, 0xff, 
	0xff, 0xff, 0xff, 0xff, 0xff, 0xff, 0xff, 0xff, 
	0xff, 0xff, 0xff, 0xff, 0xff, 0xff, 0xff, 0xff, 
	0xff, 0xff, 0xff, 0xff, 0xff, 0xff, 0xff, 0xff, 
	0xff, 0xff, 0xff, 0xff, 0xff, 0xff, 0xff, 0xff, 
	0xff, 0xff, 0xff, 0xff, 0xff, 0xff, 0xff, 0xff, 
	0xff, 0xff, 0xff, 0xff, 0xff, 0xff, 0xff, 0xff, 
	0xff, 0xff, 0xff, 0xff, 0xff, 0xff, 0xff, 0xff, 
	0xff, 0xff, 0xff, 0xff, 0xff, 0xff, 0xff, 0xff, 
	0xff, 0xff, 0xff, 0xff, 0xff, 0xff, 0xff, 0xff, 
	0xff, 0xff, 0xff, 0xff, 0xff, 0xff, 0xff, 0xff, 
	0xff, 0xff, 0xff, 0xff, 0xff, 0xff, 0xff, 0xff, 
	0xff, 0xff, 0xff, 0xff, 0xff, 0xff, 0xff, 0xff, 
	0xff, 0xff, 0xff, 0xff, 0xff, 0xff, 0xff, 0xff, 
	0xff, 0xff, 0xff, 0xff, 0xff, 0xff, 0xff, 0xff, 
	0xff, 0xff, 0xff, 0xff, 0xff, 0xff, 0xff, 0xff, 
	0xff, 0xff, 0xff, 0xff, 0xff, 0xff, 0xff, 0xff, 
	0xff, 0xff, 0xff, 0xff, 0xff, 0xff, 0xff, 0xff, 
	0xff, 0xff, 0xff, 0xff, 0xff, 0xff, 0xff, 0xff, 
	0xff, 0xff, 0xff, 0xff, 0xff, 0xff, 0xff, 0xff, 
	0xff, 0xff, 0xff, 0xff, 0xff, 0xff, 0xff, 0xff, 
	0xff, 0xff, 0xff, 0xff, 0xff, 0xff, 0xff, 0xff, 
	0xff, 0xff, 0xff, 0xff, 0xff, 0xff, 0xff, 0xff, 
	0xff, 0xff, 0xff, 0xff, 0xff, 0xff, 0xff, 0xff, 
	0xff, 0xff, 0xff, 0xff, 0xff, 0xff, 0xff, 0xff, 
	0xff, 0xff, 0xff, 0xff, 0xff, 0xff, 0xff, 0xff, 
	0xff, 0xff, 0xff, 0xff, 0xff, 0xff, 0xff, 0xff, 
	0xff, 0xff, 0xff, 0xff, 0xff, 0xff, 0xff, 0xff, 
	0xff, 0xff, 0xff, 0xff, 0xff, 0xff, 0xff, 0xff, 
	0xff, 0xff, 0xff, 0xff, 0xff, 0xff, 0xff, 0xff, 
	0xff, 0xff, 0xff, 0xff, 0xff, 0xff, 0xff, 0xff, 
	0xff, 0xff, 0xff, 0xff, 0xff, 0xff, 0xff, 0xff, 
	0xff, 0xff, 0xff, 0xff, 0xff, 0xff, 0xff, 0xff, 
	0xff, 0xff, 0xff, 0xff, 0xff, 0xff, 0xff, 0xff, 
	0xff, 0xff, 0xff, 0xff, 0xff, 0xff, 0xff, 0xff, 
	0xff, 0xff, 0xff, 0xff, 0xff, 0xff, 0xff, 0xff, 
	0xff, 0xff, 0xff, 0xff, 0xff, 0xff, 0xff, 0xff, 
	0xff, 0xff, 0xff, 0xff, 0xff, 0xff, 0xff, 0xff, 
	0xff, 0xff, 0xff, 0xff, 0xff, 0xff, 0xff, 0xff, 
	0xff, 0xff, 0xff, 0xff, 0xff, 0xff, 0xff, 0xff, 
	0xff, 0xff, 0xff, 0xff, 0xff, 0xff, 0xff, 0xff, 
	0xff, 0xff, 0xff, 0xff, 0xff, 0xff, 0xff, 0xff, 
	0xff, 0xff, 0xff, 0xff, 0xff, 0xff, 0xff, 0xff, 
	0xff, 0xff, 0xff, 0xff, 0xff, 0xff, 0xff, 0xff, 
	0xff, 0xff, 0xff, 0xff, 0xff, 0xff, 0xff, 0xff, 
	0xff, 0xff, 0xff, 0xff, 0xff, 0xff, 0xff, 0xff, 
	0xff, 0xff, 0xff, 0xff, 0xff, 0xff, 0xff, 0xff, 
	0xff, 0xff, 0xff, 0xff, 0xff, 0xff, 0xff, 0xff, 
	0xff, 0xff, 0xff, 0xff, 0xff, 0xff, 0xff, 0xff, 
	0xff, 0xff, 0xff, 0xff, 0xff, 0xff, 0xff, 0xff, 
	0xff, 0xff, 0xff, 0xff, 0xff, 0xff, 0xff, 0xff, 
	0xff, 0xff, 0xff, 0xff, 0xff, 0xff, 0xff, 0xff, 
	0xff, 0xff, 0xff, 0xff, 0xff, 0xff, 0xff, 0xff, 
	0xff, 0xff, 0xff, 0xff, 0xff, 0xff, 0xff, 0xff, 
	0xff, 0xff, 0xff, 0xff, 0xff, 0xff, 0xff, 0xff, 
	0xff, 0xff, 0xff, 0xff, 0xff, 0xff, 0xff, 0xff, 
	0xff, 0xff, 0xff, 0xff, 0xff, 0xff, 0xff, 0xff, 
	0xff, 0xff, 0xff, 0xff, 0xff, 0xff, 0xff, 0xff, 
	0xff, 0xff, 0xff, 0xff, 0xff, 0xff, 0xff, 0xff, 
	0xff, 0xff, 0xff, 0xff, 0xff, 0xff, 0xff, 0xff, 
	0xff, 0xff, 0xff, 0xff, 0xff, 0xff, 0xff, 0xff, 
	0xff, 0xff, 0xff, 0xff, 0xff, 0xff, 0xff, 0xff, 
	0xff, 0xff, 0xff, 0xff, 0xff, 0xff, 0xff, 0xff, 
	0xff, 0xff, 0xff, 0xff, 0xff, 0xff, 0xff, 0xff, 
	0xff, 0xff, 0xff, 0xff, 0xff, 0xff, 0xff, 0xff, 
	0xff, 0xff, 0xff, 0xff, 0xff, 0xff, 0xff, 0xff, 
	0xff, 0xff, 0xff, 0xff, 0xff, 0xff, 0xff, 0xff, 
	0xff, 0xff, 0xff, 0xff, 0xff, 0xff, 0xff, 0xff, 
	0xff, 0xff, 0xff, 0xff, 0xff, 0xff, 0xff, 0xff, 
	0xff, 0xff, 0xff, 0xff, 0xff, 0xff, 0xff, 0xff, 
	0xff, 0xff, 0xff, 0xff, 0xff, 0xff, 0xff, 0xff, 
	0xff, 0xff, 0xff, 0xff, 0xff, 0xff, 0xff, 0xff, 
	0xff, 0xff, 0xff, 0xff, 0xff, 0xff, 0xff, 0xff, 
	0xff, 0xff, 0xff, 0xff, 0xff, 0xff, 0xff, 0xff, 
	0xff, 0xff, 0xff, 0xff, 0xff, 0xff, 0xff, 0xff, 
	0xff, 0xff, 0xff, 0xff, 0xff, 0xff, 0xff, 0xff, 
	0xff, 0xff, 0xff, 0xff, 0xff, 0xff, 0xff, 0xff, 
	0xff, 0xff, 0xff, 0xff, 0xff, 0xff, 0xff, 0xff, 
	0xff, 0xff, 0xff, 0xff, 0xff, 0xff, 0xff, 0xff, 
	0xff, 0xff, 0xff, 0xff, 0xff, 0xff, 0xff, 0xff, 
	0xff, 0xff, 0xff, 0xff, 0xff, 0xff, 0xff, 0xff, 
	0xff, 0xff, 0xff, 0xff, 0xff, 0xff, 0xff, 0xff, 
	
};

Gfx wf_dl_tile_6_9_i8_aligner[] = {gsSPEndDisplayList()};
u8 wf_dl_tile_6_9_i8[] = {
	0xff, 0xff, 0xff, 0xff, 0xff, 0xff, 0xff, 0xff, 
	0xff, 0xff, 0xff, 0xff, 0xff, 0xff, 0xff, 0xff, 
	0xff, 0xff, 0xff, 0xff, 0xff, 0xff, 0xff, 0xff, 
	0xff, 0xff, 0xff, 0xff, 0xff, 0xff, 0xff, 0xff, 
	0xff, 0xff, 0xff, 0xff, 0xff, 0xff, 0xff, 0xff, 
	0xff, 0xff, 0xff, 0xff, 0xff, 0xff, 0xff, 0xff, 
	0xff, 0xff, 0xff, 0xff, 0xff, 0xff, 0xff, 0xff, 
	0xff, 0xff, 0xff, 0xff, 0xff, 0xff, 0xff, 0xff, 
	0xff, 0xff, 0xff, 0xff, 0xff, 0xff, 0xff, 0xff, 
	0xff, 0xff, 0xff, 0xff, 0xff, 0xff, 0xff, 0xff, 
	0xff, 0xff, 0xff, 0xff, 0xff, 0xff, 0xff, 0xff, 
	0xff, 0xff, 0xff, 0xff, 0xff, 0xff, 0xff, 0xff, 
	0xff, 0xff, 0xff, 0xff, 0xff, 0xff, 0xff, 0xff, 
	0xff, 0xff, 0xff, 0xff, 0xff, 0xff, 0xff, 0xff, 
	0xff, 0xff, 0xff, 0xff, 0xff, 0xff, 0xff, 0xff, 
	0xff, 0xff, 0xff, 0xff, 0xff, 0xff, 0xff, 0xff, 
	0xff, 0xff, 0xff, 0xff, 0xff, 0xff, 0xff, 0xff, 
	0xff, 0xff, 0xff, 0xff, 0xff, 0xff, 0xff, 0xff, 
	0xff, 0xff, 0xff, 0xff, 0xff, 0xff, 0xff, 0xff, 
	0xff, 0xff, 0xff, 0xff, 0xff, 0xff, 0xff, 0xff, 
	0xff, 0xff, 0xff, 0xff, 0xff, 0xff, 0xff, 0xff, 
	0xff, 0xff, 0xff, 0xff, 0xff, 0xff, 0xff, 0xff, 
	0xff, 0xff, 0xff, 0xff, 0xff, 0xff, 0xff, 0xff, 
	0xff, 0xff, 0xff, 0xff, 0xff, 0xff, 0xff, 0xff, 
	0xff, 0xff, 0xff, 0xff, 0xff, 0xff, 0xff, 0xff, 
	0xff, 0xff, 0xff, 0xff, 0xff, 0xff, 0xff, 0xff, 
	0xff, 0xff, 0xff, 0xff, 0xff, 0xff, 0xff, 0xff, 
	0xff, 0xff, 0xff, 0xff, 0xff, 0xff, 0xff, 0xff, 
	0xff, 0xff, 0xff, 0xff, 0xff, 0xff, 0xff, 0xff, 
	0xff, 0xff, 0xff, 0xff, 0xff, 0xff, 0xff, 0xff, 
	0xff, 0xff, 0xff, 0xff, 0xff, 0xff, 0xff, 0xff, 
	0xff, 0xff, 0xff, 0xff, 0xff, 0xff, 0xff, 0xff, 
	0xff, 0xff, 0xff, 0xff, 0xff, 0xff, 0xff, 0xff, 
	0xff, 0xff, 0xff, 0xff, 0xff, 0xff, 0xff, 0xff, 
	0xff, 0xff, 0xff, 0xff, 0xff, 0xff, 0xff, 0xff, 
	0xff, 0xff, 0xff, 0xff, 0xff, 0xff, 0xff, 0xff, 
	0xff, 0xff, 0xff, 0xff, 0xff, 0xff, 0xff, 0xff, 
	0xff, 0xff, 0xff, 0xff, 0xff, 0xff, 0xff, 0xff, 
	0xff, 0xff, 0xff, 0xff, 0xff, 0xff, 0xff, 0xff, 
	0xff, 0xff, 0xff, 0xff, 0xff, 0xff, 0xff, 0xff, 
	0xff, 0xff, 0xff, 0xff, 0xff, 0xff, 0xff, 0xff, 
	0xff, 0xff, 0xff, 0xff, 0xff, 0xff, 0xff, 0xff, 
	0xff, 0xff, 0xff, 0xff, 0xff, 0xff, 0xff, 0xff, 
	0xff, 0xff, 0xff, 0xff, 0xff, 0xff, 0xff, 0xff, 
	0xff, 0xff, 0xff, 0xff, 0xff, 0xff, 0xff, 0xff, 
	0xff, 0xff, 0xff, 0xff, 0xff, 0xff, 0xff, 0xff, 
	0xff, 0xff, 0xff, 0xff, 0xff, 0xff, 0xff, 0xff, 
	0xff, 0xff, 0xff, 0xff, 0xff, 0xff, 0xff, 0xff, 
	0xff, 0xff, 0xff, 0xff, 0xff, 0xff, 0xff, 0xff, 
	0xff, 0xff, 0xff, 0xff, 0xff, 0xff, 0xff, 0xff, 
	0xff, 0xff, 0xff, 0xff, 0xff, 0xff, 0xff, 0xff, 
	0xff, 0xff, 0xff, 0xff, 0xff, 0xff, 0xff, 0xff, 
	0xff, 0xff, 0xff, 0xff, 0xff, 0xff, 0xff, 0xff, 
	0xff, 0xff, 0xff, 0xff, 0xff, 0xff, 0xff, 0xff, 
	0xff, 0xff, 0xff, 0xff, 0xff, 0xff, 0xff, 0xff, 
	0xff, 0xff, 0xff, 0xff, 0xff, 0xff, 0xff, 0xff, 
	0xff, 0xff, 0xff, 0xff, 0xff, 0xff, 0xff, 0xff, 
	0xff, 0xff, 0xff, 0xff, 0xff, 0xff, 0xff, 0xff, 
	0xff, 0xff, 0xff, 0xff, 0xff, 0xff, 0xff, 0xff, 
	0xff, 0xff, 0xff, 0xff, 0xff, 0xff, 0xff, 0xff, 
	0xff, 0xff, 0xff, 0xff, 0xff, 0xff, 0xff, 0xff, 
	0xff, 0xff, 0xff, 0xff, 0xff, 0xff, 0xff, 0xff, 
	0xff, 0xff, 0xff, 0xff, 0xff, 0xff, 0xff, 0xff, 
	0xff, 0xff, 0xff, 0xff, 0xff, 0xff, 0xff, 0xff, 
	0xff, 0xff, 0xff, 0xff, 0xff, 0xff, 0xff, 0xff, 
	0xff, 0xff, 0xff, 0xff, 0xff, 0xff, 0xff, 0xff, 
	0xff, 0xff, 0xff, 0xff, 0xff, 0xff, 0xff, 0xff, 
	0xff, 0xff, 0xff, 0xff, 0xff, 0xff, 0xff, 0xff, 
	0xff, 0xff, 0xff, 0xff, 0xff, 0xff, 0xff, 0xff, 
	0xff, 0xff, 0xff, 0xff, 0xff, 0xff, 0xff, 0xff, 
	0xff, 0xff, 0xff, 0xff, 0xff, 0xff, 0xff, 0xff, 
	0xff, 0xff, 0xff, 0xff, 0xff, 0xff, 0xff, 0xff, 
	0xff, 0xff, 0xff, 0xff, 0xff, 0xff, 0xff, 0xff, 
	0xff, 0xff, 0xff, 0xff, 0xff, 0xff, 0xff, 0xff, 
	0xff, 0xff, 0xff, 0xff, 0xff, 0xff, 0xff, 0xff, 
	0xff, 0xff, 0xff, 0xff, 0xff, 0xff, 0xff, 0xff, 
	0xff, 0xff, 0xff, 0xff, 0xff, 0xff, 0xff, 0xff, 
	0xff, 0xff, 0xff, 0xff, 0xff, 0xff, 0xff, 0xff, 
	0xff, 0xff, 0xff, 0xff, 0xff, 0xff, 0xff, 0xff, 
	0xff, 0xff, 0xff, 0xff, 0xff, 0xff, 0xff, 0xff, 
	0xff, 0xff, 0xff, 0xff, 0xff, 0xff, 0xff, 0xff, 
	0xff, 0xff, 0xff, 0xff, 0xff, 0xff, 0xff, 0xff, 
	0xff, 0xff, 0xff, 0xff, 0xff, 0xff, 0xff, 0xff, 
	0xff, 0xff, 0xff, 0xff, 0xff, 0xff, 0xff, 0xff, 
	0xff, 0xff, 0xff, 0xff, 0xff, 0xff, 0xff, 0xff, 
	0xff, 0xff, 0xff, 0xff, 0xff, 0xff, 0xff, 0xff, 
	0xff, 0xff, 0xff, 0xff, 0xff, 0xff, 0xff, 0xff, 
	0xff, 0xff, 0xff, 0xff, 0xff, 0xff, 0xff, 0xff, 
	0xff, 0xff, 0xff, 0xff, 0xff, 0xff, 0xff, 0xff, 
	0xff, 0xff, 0xff, 0xff, 0xff, 0xff, 0xff, 0xff, 
	0xff, 0xff, 0xff, 0xff, 0xff, 0xff, 0xff, 0xff, 
	0xff, 0xff, 0xff, 0xff, 0xff, 0xff, 0xff, 0xff, 
	0xff, 0xff, 0xff, 0xff, 0xff, 0xff, 0xff, 0xff, 
	0xff, 0xff, 0xff, 0xff, 0xff, 0xff, 0xff, 0xff, 
	0xff, 0xff, 0xff, 0xff, 0xff, 0xff, 0xff, 0xff, 
	0xff, 0xff, 0xff, 0xff, 0xff, 0xff, 0xff, 0xff, 
	0xff, 0xff, 0xff, 0xff, 0xff, 0xff, 0xff, 0xff, 
	0xff, 0xff, 0xff, 0xff, 0xff, 0xff, 0xff, 0xff, 
	0xff, 0xff, 0xff, 0xff, 0xff, 0xff, 0xff, 0xff, 
	0xff, 0xff, 0xff, 0xff, 0xff, 0xff, 0xff, 0xff, 
	0xff, 0xff, 0xff, 0xff, 0xff, 0xff, 0xff, 0xff, 
	0xff, 0xff, 0xff, 0xff, 0xff, 0xff, 0xff, 0xff, 
	0xff, 0xff, 0xff, 0xff, 0xff, 0xff, 0xff, 0xff, 
	0xff, 0xff, 0xff, 0xff, 0xff, 0xff, 0xff, 0xff, 
	0xff, 0xff, 0xff, 0xff, 0xff, 0xff, 0xff, 0xff, 
	0xff, 0xff, 0xff, 0xff, 0xff, 0xff, 0xff, 0xff, 
	0xff, 0xff, 0xff, 0xff, 0xff, 0xff, 0xff, 0xff, 
	0xff, 0xff, 0xff, 0xff, 0xff, 0xff, 0xff, 0xff, 
	0xff, 0xff, 0xff, 0xff, 0xff, 0xff, 0xff, 0xff, 
	0xff, 0xff, 0xff, 0xff, 0xff, 0xff, 0xff, 0xff, 
	0xff, 0xff, 0xff, 0xff, 0xff, 0xff, 0xff, 0xff, 
	0xff, 0xff, 0xff, 0xff, 0xff, 0xff, 0xff, 0xff, 
	0xff, 0xff, 0xff, 0xff, 0xff, 0xff, 0xff, 0xff, 
	0xff, 0xff, 0xff, 0xff, 0xff, 0xff, 0xff, 0xff, 
	0xff, 0xff, 0xff, 0xff, 0xff, 0xff, 0xff, 0xff, 
	0xff, 0xff, 0xff, 0xff, 0xff, 0xff, 0xff, 0xff, 
	0xff, 0xff, 0xff, 0xff, 0xff, 0xff, 0xff, 0xff, 
	0xff, 0xff, 0xff, 0xff, 0xff, 0xff, 0xff, 0xff, 
	0xff, 0xff, 0xff, 0xff, 0xff, 0xff, 0xff, 0xff, 
	0xff, 0xff, 0xff, 0xff, 0xff, 0xff, 0xff, 0xff, 
	0xff, 0xff, 0xff, 0xff, 0xff, 0xff, 0xff, 0xff, 
	0xff, 0xff, 0xff, 0xff, 0xff, 0xff, 0xff, 0xff, 
	0xff, 0xff, 0xff, 0xff, 0xff, 0xff, 0xff, 0xff, 
	0xff, 0xff, 0xff, 0xff, 0xff, 0xff, 0xff, 0xff, 
	0xff, 0xff, 0xff, 0xff, 0xff, 0xff, 0xff, 0xff, 
	0xff, 0xff, 0xff, 0xff, 0xff, 0xff, 0xff, 0xff, 
	0xff, 0xff, 0xff, 0xff, 0xff, 0xff, 0xff, 0xff, 
	0xff, 0xff, 0xff, 0xff, 0xff, 0xff, 0xff, 0xff, 
	
};

Gfx wf_dl_tile_bottom_0_ci8_aligner[] = {gsSPEndDisplayList()};
u8 wf_dl_tile_bottom_0_ci8[] = {
	0x00, 0x00, 0x00, 0x00, 0x00, 0x00, 0x00, 0x00, 
	0x00, 0x00, 0x00, 0x00, 0x00, 0x00, 0x00, 0x00, 
	0x00, 0x00, 0x00, 0x00, 0x00, 0x00, 0x00, 0x00, 
	0x00, 0x00, 0x00, 0x00, 0x00, 0x00, 0x00, 0x00, 
	0x00, 0x00, 0x00, 0x00, 0x00, 0x00, 0x00, 0x01, 
	0x02, 0x03, 0x04, 0x05, 0x05, 0x06, 0x06, 0x07, 
	0x07, 0x06, 0x08, 0x08, 0x06, 0x09, 0x09, 0x09, 
	0x0a, 0x05, 0x04, 0x04, 0x04, 0x0b, 0x02, 0x02, 
	0x00, 0x00, 0x00, 0x00, 0x00, 0x00, 0x00, 0x00, 
	0x00, 0x00, 0x00, 0x00, 0x00, 0x00, 0x00, 0x00, 
	0x00, 0x00, 0x00, 0x00, 0x00, 0x00, 0x00, 0x00, 
	0x00, 0x00, 0x00, 0x00, 0x00, 0x00, 0x00, 0x00, 
	0x00, 0x00, 0x00, 0x00, 0x00, 0x00, 0x00, 0x0c, 
	0x0d, 0x08, 0x0e, 0x02, 0x02, 0x03, 0x03, 0x02, 
	0x02, 0x02, 0x02, 0x02, 0x0f, 0x10, 0x0f, 0x0b, 
	0x0f, 0x0f, 0x0f, 0x0f, 0x02, 0x11, 0x11, 0x0f, 
	0x00, 0x00, 0x00, 0x00, 0x00, 0x00, 0x00, 0x00, 
	0x00, 0x00, 0x00, 0x00, 0x00, 0x00, 0x00, 0x00, 
	0x00, 0x00, 0x00, 0x00, 0x00, 0x00, 0x00, 0x00, 
	0x00, 0x00, 0x00, 0x00, 0x00, 0x00, 0x00, 0x00, 
	0x00, 0x00, 0x00, 0x00, 0x00, 0x00, 0x00, 0x12, 
	0x13, 0x14, 0x14, 0x15, 0x16, 0x17, 0x18, 0x18, 
	0x19, 0x0b, 0x0b, 0x0f, 0x0f, 0x0f, 0x02, 0x02, 
	0x1a, 0x1b, 0x11, 0x1a, 0x1b, 0x1a, 0x1b, 0x1a, 
	0x00, 0x00, 0x00, 0x00, 0x00, 0x00, 0x00, 0x00, 
	0x00, 0x00, 0x00, 0x00, 0x00, 0x00, 0x00, 0x00, 
	0x00, 0x00, 0x00, 0x00, 0x00, 0x00, 0x00, 0x00, 
	0x00, 0x00, 0x00, 0x00, 0x00, 0x00, 0x00, 0x00, 
	0x00, 0x00, 0x00, 0x00, 0x00, 0x00, 0x00, 0x1c, 
	0x1d, 0x1e, 0x1e, 0x1f, 0x1f, 0x20, 0x21, 0x22, 
	0x23, 0x24, 0x25, 0x25, 0x16, 0x26, 0x27, 0x28, 
	0x28, 0x29, 0x29, 0x29, 0x08, 0x08, 0x2a, 0x08, 
	0x00, 0x00, 0x00, 0x00, 0x00, 0x00, 0x00, 0x00, 
	0x00, 0x00, 0x00, 0x00, 0x00, 0x00, 0x00, 0x00, 
	0x00, 0x00, 0x00, 0x00, 0x00, 0x00, 0x00, 0x00, 
	0x00, 0x00, 0x00, 0x00, 0x00, 0x00, 0x00, 0x00, 
	0x00, 0x00, 0x00, 0x00, 0x00, 0x00, 0x00, 0x00, 
	0x2b, 0x2c, 0x2d, 0x2e, 0x14, 0x14, 0x2f, 0x2f, 
	0x2f, 0x2f, 0x2f, 0x2f, 0x2f, 0x2f, 0x14, 0x14, 
	0x14, 0x14, 0x1e, 0x1e, 0x23, 0x30, 0x31, 0x32, 
	0x00, 0x00, 0x00, 0x00, 0x00, 0x00, 0x00, 0x00, 
	0x00, 0x00, 0x00, 0x00, 0x00, 0x00, 0x00, 0x00, 
	0x00, 0x00, 0x00, 0x00, 0x00, 0x00, 0x00, 0x00, 
	0x00, 0x00, 0x00, 0x00, 0x00, 0x00, 0x00, 0x00, 
	0x00, 0x00, 0x00, 0x00, 0x00, 0x00, 0x00, 0x00, 
	0x00, 0x00, 0x00, 0x2b, 0x33, 0x34, 0x35, 0x36, 
	0x21, 0x37, 0x38, 0x37, 0x23, 0x39, 0x1e, 0x39, 
	0x30, 0x30, 0x3a, 0x3a, 0x3b, 0x24, 0x32, 0x32, 
	0x00, 0x00, 0x00, 0x00, 0x00, 0x00, 0x00, 0x00, 
	0x00, 0x00, 0x00, 0x00, 0x00, 0x00, 0x00, 0x00, 
	0x00, 0x00, 0x00, 0x00, 0x00, 0x00, 0x00, 0x00, 
	0x00, 0x00, 0x00, 0x00, 0x00, 0x00, 0x00, 0x00, 
	0x00, 0x00, 0x00, 0x00, 0x00, 0x00, 0x00, 0x00, 
	0x00, 0x00, 0x00, 0x00, 0x00, 0x00, 0x00, 0x00, 
	0x00, 0x00, 0x00, 0x3c, 0x3d, 0x3e, 0x3f, 0x40, 
	0x41, 0x41, 0x42, 0x43, 0x44, 0x45, 0x1c, 0x2b, 
	0x00, 0x00, 0x00, 0x00, 0x00, 0x00, 0x00, 0x00, 
	0x00, 0x00, 0x00, 0x00, 0x00, 0x00, 0x00, 0x00, 
	0x00, 0x00, 0x00, 0x00, 0x00, 0x00, 0x00, 0x00, 
	0x00, 0x00, 0x00, 0x00, 0x00, 0x00, 0x00, 0x00, 
	0x00, 0x00, 0x00, 0x00, 0x00, 0x00, 0x00, 0x00, 
	0x00, 0x00, 0x00, 0x00, 0x00, 0x00, 0x00, 0x00, 
	0x00, 0x00, 0x00, 0x00, 0x00, 0x00, 0x00, 0x00, 
	0x00, 0x00, 0x00, 0x00, 0x00, 0x00, 0x00, 0x00, 
	0x00, 0x00, 0x00, 0x00, 0x00, 0x00, 0x00, 0x00, 
	0x00, 0x00, 0x00, 0x00, 0x00, 0x00, 0x00, 0x00, 
	0x00, 0x00, 0x00, 0x00, 0x00, 0x00, 0x00, 0x00, 
	0x00, 0x00, 0x00, 0x00, 0x00, 0x00, 0x00, 0x00, 
	0x00, 0x00, 0x00, 0x00, 0x00, 0x00, 0x00, 0x00, 
	0x00, 0x00, 0x00, 0x00, 0x00, 0x00, 0x00, 0x00, 
	0x00, 0x00, 0x00, 0x00, 0x00, 0x00, 0x00, 0x00, 
	0x00, 0x00, 0x00, 0x00, 0x00, 0x00, 0x00, 0x00, 
	0x00, 0x00, 0x00, 0x00, 0x00, 0x00, 0x00, 0x00, 
	0x00, 0x00, 0x00, 0x00, 0x00, 0x00, 0x00, 0x00, 
	0x00, 0x00, 0x00, 0x00, 0x00, 0x00, 0x00, 0x00, 
	0x00, 0x00, 0x00, 0x00, 0x00, 0x00, 0x00, 0x00, 
	0x00, 0x00, 0x00, 0x00, 0x00, 0x00, 0x00, 0x00, 
	0x00, 0x00, 0x00, 0x00, 0x00, 0x00, 0x00, 0x00, 
	0x00, 0x00, 0x00, 0x00, 0x00, 0x00, 0x00, 0x00, 
	0x00, 0x00, 0x00, 0x00, 0x00, 0x00, 0x00, 0x00, 
	0x00, 0x00, 0x00, 0x00, 0x00, 0x00, 0x00, 0x00, 
	0x00, 0x00, 0x00, 0x00, 0x00, 0x00, 0x00, 0x00, 
	0x00, 0x00, 0x00, 0x00, 0x00, 0x00, 0x00, 0x00, 
	0x00, 0x00, 0x00, 0x00, 0x00, 0x00, 0x00, 0x00, 
	0x00, 0x00, 0x00, 0x00, 0x00, 0x00, 0x00, 0x00, 
	0x00, 0x00, 0x00, 0x00, 0x00, 0x00, 0x00, 0x00, 
	0x00, 0x00, 0x00, 0x00, 0x00, 0x00, 0x00, 0x00, 
	0x00, 0x00, 0x00, 0x00, 0x00, 0x00, 0x00, 0x00, 
	0x00, 0x00, 0x00, 0x00, 0x00, 0x00, 0x00, 0x00, 
	0x00, 0x00, 0x00, 0x00, 0x00, 0x00, 0x00, 0x00, 
	0x00, 0x00, 0x00, 0x00, 0x00, 0x00, 0x00, 0x00, 
	0x00, 0x00, 0x00, 0x00, 0x00, 0x00, 0x00, 0x00, 
	0x00, 0x00, 0x00, 0x00, 0x00, 0x00, 0x00, 0x00, 
	0x00, 0x00, 0x00, 0x00, 0x00, 0x00, 0x00, 0x00, 
	0x00, 0x00, 0x00, 0x00, 0x00, 0x00, 0x00, 0x00, 
	0x00, 0x00, 0x00, 0x00, 0x00, 0x00, 0x00, 0x00, 
	0x00, 0x00, 0x00, 0x00, 0x00, 0x00, 0x00, 0x00, 
	0x00, 0x00, 0x00, 0x00, 0x00, 0x00, 0x00, 0x00, 
	0x00, 0x00, 0x00, 0x00, 0x00, 0x00, 0x00, 0x00, 
	0x00, 0x00, 0x00, 0x00, 0x00, 0x00, 0x00, 0x00, 
	0x00, 0x00, 0x00, 0x00, 0x00, 0x00, 0x00, 0x00, 
	0x00, 0x00, 0x00, 0x00, 0x00, 0x00, 0x00, 0x00, 
	0x00, 0x00, 0x00, 0x00, 0x00, 0x00, 0x00, 0x00, 
	0x00, 0x00, 0x00, 0x00, 0x00, 0x00, 0x00, 0x00, 
	0x00, 0x00, 0x00, 0x00, 0x00, 0x00, 0x00, 0x00, 
	0x00, 0x00, 0x00, 0x00, 0x00, 0x00, 0x00, 0x00, 
	0x00, 0x00, 0x00, 0x00, 0x00, 0x00, 0x00, 0x00, 
	0x00, 0x00, 0x00, 0x00, 0x00, 0x00, 0x00, 0x00, 
	0x00, 0x00, 0x00, 0x00, 0x00, 0x00, 0x00, 0x00, 
	0x00, 0x00, 0x00, 0x00, 0x00, 0x00, 0x00, 0x00, 
	0x00, 0x00, 0x00, 0x00, 0x00, 0x00, 0x00, 0x00, 
	0x00, 0x00, 0x00, 0x00, 0x00, 0x00, 0x00, 0x00, 
	0x00, 0x00, 0x00, 0x00, 0x00, 0x00, 0x00, 0x00, 
	0x00, 0x00, 0x00, 0x00, 0x00, 0x00, 0x00, 0x00, 
	0x00, 0x00, 0x00, 0x00, 0x00, 0x00, 0x00, 0x00, 
	0x00, 0x00, 0x00, 0x00, 0x00, 0x00, 0x00, 0x00, 
	0x00, 0x00, 0x00, 0x00, 0x00, 0x00, 0x00, 0x00, 
	0x00, 0x00, 0x00, 0x00, 0x00, 0x00, 0x00, 0x00, 
	0x00, 0x00, 0x00, 0x00, 0x00, 0x00, 0x00, 0x00, 
	0x00, 0x00, 0x00, 0x00, 0x00, 0x00, 0x00, 0x00, 
	0x00, 0x00, 0x00, 0x00, 0x00, 0x00, 0x00, 0x00, 
	0x00, 0x00, 0x00, 0x00, 0x00, 0x00, 0x00, 0x00, 
	0x00, 0x00, 0x00, 0x00, 0x00, 0x00, 0x00, 0x00, 
	0x00, 0x00, 0x00, 0x00, 0x00, 0x00, 0x00, 0x00, 
	0x00, 0x00, 0x00, 0x00, 0x00, 0x00, 0x00, 0x00, 
	0x00, 0x00, 0x00, 0x00, 0x00, 0x00, 0x00, 0x00, 
	0x00, 0x00, 0x00, 0x00, 0x00, 0x00, 0x00, 0x00, 
	0x00, 0x00, 0x00, 0x00, 0x00, 0x00, 0x00, 0x00, 
	
};

Gfx wf_dl_tile_bottom_0_pal_rgba16_aligner[] = {gsSPEndDisplayList()};
u8 wf_dl_tile_bottom_0_pal_rgba16[] = {
	0xff, 0xff, 0xb5, 0x27, 0x38, 0xc1, 0x40, 0xc1, 
	0x41, 0x03, 0x49, 0x45, 0x51, 0x85, 0x51, 0x87, 
	0x59, 0x87, 0x51, 0x45, 0x49, 0x43, 0x40, 0xc3, 
	0xde, 0xb5, 0x7a, 0x8f, 0x49, 0x01, 0x38, 0xc3, 
	0x41, 0x05, 0x30, 0xc3, 0xe6, 0xf5, 0x93, 0x13, 
	0xa3, 0x53, 0x82, 0x8f, 0x72, 0x0b, 0x59, 0x45, 
	0x49, 0x03, 0x41, 0x01, 0x30, 0xc1, 0x30, 0x81, 
	0xef, 0x39, 0xa3, 0xd9, 0x9b, 0x11, 0xab, 0x95, 
	0xab, 0xd5, 0xa3, 0x93, 0x9b, 0x53, 0x93, 0x11, 
	0x8a, 0x8d, 0x7a, 0x4d, 0x6a, 0x0b, 0x6a, 0x09, 
	0x69, 0xc9, 0x61, 0xc7, 0x61, 0xc9, 0xf7, 0x79, 
	0xbd, 0x25, 0x9b, 0x55, 0x92, 0xd1, 0xab, 0x93, 
	0x92, 0xcf, 0x8a, 0xcf, 0x82, 0x8d, 0xd6, 0x2d, 
	0xbc, 0xe3, 0xb4, 0x5f, 0xb3, 0xd9, 0x9b, 0x51, 
	0x93, 0x4f, 0x9b, 0x0f, 0x93, 0x0f, 0x8a, 0xcd, 
	0xff, 0xbd, 0xff, 0xbb, 0xee, 0xf7, 0xdd, 0xeb, 
	0xcd, 0x23, 0xc4, 0xe3, 0xbc, 0x9f, 0xc5, 0x25, 
	0xde, 0x71, 0xef, 0x37, 
};

Gfx wf_dl_tile_bottom_1_ci8_aligner[] = {gsSPEndDisplayList()};
u8 wf_dl_tile_bottom_1_ci8[] = {
	0x00, 0x01, 0x02, 0x02, 0x02, 0x03, 0x03, 0x03, 
	0x03, 0x03, 0x03, 0x03, 0x03, 0x04, 0x04, 0x04, 
	0x04, 0x03, 0x03, 0x03, 0x05, 0x06, 0x07, 0x00, 
	0x08, 0x09, 0x06, 0x0a, 0x09, 0x0b, 0x09, 0x0c, 
	0x0d, 0x0e, 0x0e, 0x0e, 0x0e, 0x0e, 0x0e, 0x0e, 
	0x0e, 0x0e, 0x0e, 0x0e, 0x0e, 0x0e, 0x0e, 0x0e, 
	0x0e, 0x0e, 0x0e, 0x0e, 0x0e, 0x0e, 0x0e, 0x0e, 
	0x0e, 0x0e, 0x0e, 0x0e, 0x0f, 0x10, 0x11, 0x11, 
	0x02, 0x04, 0x04, 0x03, 0x04, 0x04, 0x04, 0x12, 
	0x13, 0x14, 0x14, 0x14, 0x14, 0x14, 0x03, 0x00, 
	0x05, 0x15, 0x0c, 0x0b, 0x16, 0x07, 0x17, 0x04, 
	0x07, 0x18, 0x0c, 0x18, 0x19, 0x1a, 0x1b, 0x1c, 
	0x0e, 0x0e, 0x0e, 0x0e, 0x0e, 0x0e, 0x0e, 0x0e, 
	0x0e, 0x0e, 0x0e, 0x0e, 0x0e, 0x0e, 0x0e, 0x0e, 
	0x0e, 0x0e, 0x0e, 0x0e, 0x0e, 0x0e, 0x0e, 0x0e, 
	0x0e, 0x0e, 0x0e, 0x0e, 0x0e, 0x0e, 0x1d, 0x1e, 
	0x14, 0x13, 0x14, 0x13, 0x1f, 0x12, 0x00, 0x00, 
	0x00, 0x05, 0x05, 0x07, 0x09, 0x0b, 0x16, 0x0b, 
	0x0b, 0x0c, 0x0c, 0x20, 0x21, 0x22, 0x23, 0x24, 
	0x25, 0x1c, 0x26, 0x27, 0x0e, 0x0e, 0x0e, 0x0e, 
	0x0e, 0x0e, 0x0e, 0x0e, 0x0e, 0x0e, 0x0e, 0x0e, 
	0x0e, 0x0e, 0x0e, 0x0e, 0x0e, 0x0e, 0x0e, 0x0e, 
	0x0e, 0x0e, 0x0e, 0x0e, 0x0e, 0x0e, 0x0e, 0x0e, 
	0x0e, 0x0e, 0x0e, 0x0e, 0x0e, 0x0e, 0x0e, 0x0e, 
	0x06, 0x06, 0x16, 0x06, 0x0c, 0x16, 0x0c, 0x16, 
	0x0b, 0x16, 0x0b, 0x0b, 0x0b, 0x0b, 0x0b, 0x09, 
	0x07, 0x20, 0x28, 0x1d, 0x0e, 0x0e, 0x0e, 0x0e, 
	0x0e, 0x0e, 0x0e, 0x0e, 0x0e, 0x0e, 0x0e, 0x0e, 
	0x0e, 0x0e, 0x0e, 0x0e, 0x0e, 0x0e, 0x0e, 0x0e, 
	0x0e, 0x0e, 0x0e, 0x0e, 0x0e, 0x0e, 0x0e, 0x0e, 
	0x0e, 0x0e, 0x0e, 0x0e, 0x0e, 0x0e, 0x0e, 0x0e, 
	0x0e, 0x0e, 0x0e, 0x0e, 0x0e, 0x0e, 0x0e, 0x0e, 
	0x11, 0x29, 0x2a, 0x2b, 0x2c, 0x2d, 0x16, 0x16, 
	0x0b, 0x16, 0x06, 0x06, 0x07, 0x2e, 0x20, 0x2f, 
	0x30, 0x0e, 0x0e, 0x0e, 0x0e, 0x0e, 0x0e, 0x0e, 
	0x0e, 0x0e, 0x0e, 0x0e, 0x0e, 0x0e, 0x0e, 0x0e, 
	0x0e, 0x0e, 0x0e, 0x0e, 0x0e, 0x0e, 0x0e, 0x0e, 
	0x0e, 0x0e, 0x0e, 0x0e, 0x0e, 0x0e, 0x0e, 0x0e, 
	0x0e, 0x0e, 0x0e, 0x0e, 0x0e, 0x0e, 0x0e, 0x0e, 
	0x0e, 0x0e, 0x0e, 0x0e, 0x0e, 0x0e, 0x0e, 0x0e, 
	0x31, 0x32, 0x2b, 0x2b, 0x2c, 0x33, 0x33, 0x34, 
	0x34, 0x35, 0x36, 0x37, 0x1c, 0x38, 0x0e, 0x0e, 
	0x0e, 0x0e, 0x0e, 0x0e, 0x0e, 0x0e, 0x0e, 0x0e, 
	0x0e, 0x0e, 0x0e, 0x0e, 0x0e, 0x0e, 0x0e, 0x0e, 
	0x0e, 0x0e, 0x0e, 0x0e, 0x0e, 0x0e, 0x0e, 0x0e, 
	0x0e, 0x0e, 0x0e, 0x0e, 0x0e, 0x0e, 0x0e, 0x0e, 
	0x0e, 0x0e, 0x0e, 0x0e, 0x0e, 0x0e, 0x0e, 0x0e, 
	0x0e, 0x0e, 0x0e, 0x0e, 0x0e, 0x0e, 0x0e, 0x0e, 
	0x1e, 0x39, 0x3a, 0x3b, 0x3a, 0x39, 0x38, 0x22, 
	0x0e, 0x0e, 0x0e, 0x0e, 0x0e, 0x0e, 0x0e, 0x0e, 
	0x0e, 0x0e, 0x0e, 0x0e, 0x0e, 0x0e, 0x0e, 0x0e, 
	0x0e, 0x0e, 0x0e, 0x0e, 0x0e, 0x0e, 0x0e, 0x0e, 
	0x0e, 0x0e, 0x0e, 0x0e, 0x0e, 0x0e, 0x0e, 0x0e, 
	0x0e, 0x0e, 0x0e, 0x0e, 0x0e, 0x0e, 0x0e, 0x0e, 
	0x0e, 0x0e, 0x0e, 0x0e, 0x0e, 0x0e, 0x0e, 0x0e, 
	0x0e, 0x0e, 0x0e, 0x0e, 0x0e, 0x0e, 0x0e, 0x0e, 
	0x0e, 0x0e, 0x0e, 0x0e, 0x0e, 0x0e, 0x0e, 0x0e, 
	0x0e, 0x0e, 0x0e, 0x0e, 0x0e, 0x0e, 0x0e, 0x0e, 
	0x0e, 0x0e, 0x0e, 0x0e, 0x0e, 0x0e, 0x0e, 0x0e, 
	0x0e, 0x0e, 0x0e, 0x0e, 0x0e, 0x0e, 0x0e, 0x0e, 
	0x0e, 0x0e, 0x0e, 0x0e, 0x0e, 0x0e, 0x0e, 0x0e, 
	0x0e, 0x0e, 0x0e, 0x0e, 0x0e, 0x0e, 0x0e, 0x0e, 
	0x0e, 0x0e, 0x0e, 0x0e, 0x0e, 0x0e, 0x0e, 0x0e, 
	0x0e, 0x0e, 0x0e, 0x0e, 0x0e, 0x0e, 0x0e, 0x0e, 
	0x0e, 0x0e, 0x0e, 0x0e, 0x0e, 0x0e, 0x0e, 0x0e, 
	0x0e, 0x0e, 0x0e, 0x0e, 0x0e, 0x0e, 0x0e, 0x0e, 
	0x0e, 0x0e, 0x0e, 0x0e, 0x0e, 0x0e, 0x0e, 0x0e, 
	0x0e, 0x0e, 0x0e, 0x0e, 0x0e, 0x0e, 0x0e, 0x0e, 
	0x0e, 0x0e, 0x0e, 0x0e, 0x0e, 0x0e, 0x0e, 0x0e, 
	0x0e, 0x0e, 0x0e, 0x0e, 0x0e, 0x0e, 0x0e, 0x0e, 
	0x0e, 0x0e, 0x0e, 0x0e, 0x0e, 0x0e, 0x0e, 0x0e, 
	0x0e, 0x0e, 0x0e, 0x0e, 0x0e, 0x0e, 0x0e, 0x0e, 
	0x0e, 0x0e, 0x0e, 0x0e, 0x0e, 0x0e, 0x0e, 0x0e, 
	0x0e, 0x0e, 0x0e, 0x0e, 0x0e, 0x0e, 0x0e, 0x0e, 
	0x0e, 0x0e, 0x0e, 0x0e, 0x0e, 0x0e, 0x0e, 0x0e, 
	0x0e, 0x0e, 0x0e, 0x0e, 0x0e, 0x0e, 0x0e, 0x0e, 
	0x0e, 0x0e, 0x0e, 0x0e, 0x0e, 0x0e, 0x0e, 0x0e, 
	0x0e, 0x0e, 0x0e, 0x0e, 0x0e, 0x0e, 0x0e, 0x0e, 
	0x0e, 0x0e, 0x0e, 0x0e, 0x0e, 0x0e, 0x0e, 0x0e, 
	0x0e, 0x0e, 0x0e, 0x0e, 0x0e, 0x0e, 0x0e, 0x0e, 
	0x0e, 0x0e, 0x0e, 0x0e, 0x0e, 0x0e, 0x0e, 0x0e, 
	0x0e, 0x0e, 0x0e, 0x0e, 0x0e, 0x0e, 0x0e, 0x0e, 
	0x0e, 0x0e, 0x0e, 0x0e, 0x0e, 0x0e, 0x0e, 0x0e, 
	0x0e, 0x0e, 0x0e, 0x0e, 0x0e, 0x0e, 0x0e, 0x0e, 
	0x0e, 0x0e, 0x0e, 0x0e, 0x0e, 0x0e, 0x0e, 0x0e, 
	0x0e, 0x0e, 0x0e, 0x0e, 0x0e, 0x0e, 0x0e, 0x0e, 
	0x0e, 0x0e, 0x0e, 0x0e, 0x0e, 0x0e, 0x0e, 0x0e, 
	0x0e, 0x0e, 0x0e, 0x0e, 0x0e, 0x0e, 0x0e, 0x0e, 
	0x0e, 0x0e, 0x0e, 0x0e, 0x0e, 0x0e, 0x0e, 0x0e, 
	0x0e, 0x0e, 0x0e, 0x0e, 0x0e, 0x0e, 0x0e, 0x0e, 
	0x0e, 0x0e, 0x0e, 0x0e, 0x0e, 0x0e, 0x0e, 0x0e, 
	0x0e, 0x0e, 0x0e, 0x0e, 0x0e, 0x0e, 0x0e, 0x0e, 
	0x0e, 0x0e, 0x0e, 0x0e, 0x0e, 0x0e, 0x0e, 0x0e, 
	0x0e, 0x0e, 0x0e, 0x0e, 0x0e, 0x0e, 0x0e, 0x0e, 
	0x0e, 0x0e, 0x0e, 0x0e, 0x0e, 0x0e, 0x0e, 0x0e, 
	0x0e, 0x0e, 0x0e, 0x0e, 0x0e, 0x0e, 0x0e, 0x0e, 
	0x0e, 0x0e, 0x0e, 0x0e, 0x0e, 0x0e, 0x0e, 0x0e, 
	0x0e, 0x0e, 0x0e, 0x0e, 0x0e, 0x0e, 0x0e, 0x0e, 
	0x0e, 0x0e, 0x0e, 0x0e, 0x0e, 0x0e, 0x0e, 0x0e, 
	0x0e, 0x0e, 0x0e, 0x0e, 0x0e, 0x0e, 0x0e, 0x0e, 
	0x0e, 0x0e, 0x0e, 0x0e, 0x0e, 0x0e, 0x0e, 0x0e, 
	0x0e, 0x0e, 0x0e, 0x0e, 0x0e, 0x0e, 0x0e, 0x0e, 
	0x0e, 0x0e, 0x0e, 0x0e, 0x0e, 0x0e, 0x0e, 0x0e, 
	0x0e, 0x0e, 0x0e, 0x0e, 0x0e, 0x0e, 0x0e, 0x0e, 
	0x0e, 0x0e, 0x0e, 0x0e, 0x0e, 0x0e, 0x0e, 0x0e, 
	0x0e, 0x0e, 0x0e, 0x0e, 0x0e, 0x0e, 0x0e, 0x0e, 
	0x0e, 0x0e, 0x0e, 0x0e, 0x0e, 0x0e, 0x0e, 0x0e, 
	0x0e, 0x0e, 0x0e, 0x0e, 0x0e, 0x0e, 0x0e, 0x0e, 
	0x0e, 0x0e, 0x0e, 0x0e, 0x0e, 0x0e, 0x0e, 0x0e, 
	0x0e, 0x0e, 0x0e, 0x0e, 0x0e, 0x0e, 0x0e, 0x0e, 
	0x0e, 0x0e, 0x0e, 0x0e, 0x0e, 0x0e, 0x0e, 0x0e, 
	0x0e, 0x0e, 0x0e, 0x0e, 0x0e, 0x0e, 0x0e, 0x0e, 
	0x0e, 0x0e, 0x0e, 0x0e, 0x0e, 0x0e, 0x0e, 0x0e, 
	0x0e, 0x0e, 0x0e, 0x0e, 0x0e, 0x0e, 0x0e, 0x0e, 
	0x0e, 0x0e, 0x0e, 0x0e, 0x0e, 0x0e, 0x0e, 0x0e, 
	0x0e, 0x0e, 0x0e, 0x0e, 0x0e, 0x0e, 0x0e, 0x0e, 
	0x0e, 0x0e, 0x0e, 0x0e, 0x0e, 0x0e, 0x0e, 0x0e, 
	0x0e, 0x0e, 0x0e, 0x0e, 0x0e, 0x0e, 0x0e, 0x0e, 
	0x0e, 0x0e, 0x0e, 0x0e, 0x0e, 0x0e, 0x0e, 0x0e, 
	0x0e, 0x0e, 0x0e, 0x0e, 0x0e, 0x0e, 0x0e, 0x0e, 
	0x0e, 0x0e, 0x0e, 0x0e, 0x0e, 0x0e, 0x0e, 0x0e, 
	0x0e, 0x0e, 0x0e, 0x0e, 0x0e, 0x0e, 0x0e, 0x0e, 
	0x0e, 0x0e, 0x0e, 0x0e, 0x0e, 0x0e, 0x0e, 0x0e, 
	0x0e, 0x0e, 0x0e, 0x0e, 0x0e, 0x0e, 0x0e, 0x0e, 
	0x0e, 0x0e, 0x0e, 0x0e, 0x0e, 0x0e, 0x0e, 0x0e, 
	0x0e, 0x0e, 0x0e, 0x0e, 0x0e, 0x0e, 0x0e, 0x0e, 
	0x0e, 0x0e, 0x0e, 0x0e, 0x0e, 0x0e, 0x0e, 0x0e, 
	0x0e, 0x0e, 0x0e, 0x0e, 0x0e, 0x0e, 0x0e, 0x0e, 
	
};

Gfx wf_dl_tile_bottom_1_pal_rgba16_aligner[] = {gsSPEndDisplayList()};
u8 wf_dl_tile_bottom_1_pal_rgba16[] = {
	0x41, 0x03, 0x40, 0xc3, 0x38, 0xc1, 0x38, 0xc3, 
	0x30, 0xc3, 0x49, 0x45, 0x59, 0x87, 0x51, 0x87, 
	0x51, 0x85, 0x59, 0xc7, 0x62, 0x09, 0x61, 0xc7, 
	0x59, 0xc9, 0x9c, 0x5f, 0xff, 0xff, 0xff, 0xfd, 
	0xb4, 0xa1, 0x93, 0x11, 0x30, 0x83, 0x30, 0xc1, 
	0x30, 0x81, 0x51, 0x89, 0x61, 0xc9, 0x28, 0xc3, 
	0x51, 0x47, 0x6a, 0x4f, 0x83, 0x99, 0x9c, 0xa1, 
	0xde, 0xb5, 0xf7, 0xbb, 0xde, 0x71, 0x28, 0x83, 
	0x72, 0xd3, 0xd6, 0x2f, 0xff, 0xbd, 0xde, 0xf5, 
	0xa4, 0xa5, 0xbd, 0xab, 0xe7, 0x37, 0xf7, 0xbd, 
	0xbd, 0x69, 0x92, 0xcf, 0x8a, 0xcf, 0x82, 0x8d, 
	0x7a, 0x4b, 0x72, 0x4b, 0x62, 0x0b, 0x94, 0x1d, 
	0xde, 0xb3, 0x8a, 0xcd, 0x8a, 0x8d, 0x7a, 0x8d, 
	0x72, 0x8f, 0x7b, 0x15, 0x8b, 0x9b, 0xb5, 0x27, 
	0xf7, 0x7b, 0xef, 0x37, 0xef, 0x39, 0xf7, 0x79, 
	
};

Gfx wf_dl_tile_bottom_2_ci8_aligner[] = {gsSPEndDisplayList()};
u8 wf_dl_tile_bottom_2_ci8[] = {
	0x00, 0x01, 0x02, 0x02, 0x03, 0x04, 0x04, 0x04, 
	0x05, 0x06, 0x07, 0x08, 0x07, 0x09, 0x09, 0x09, 
	0x0a, 0x07, 0x07, 0x07, 0x0b, 0x0b, 0x0c, 0x0c, 
	0x0c, 0x0d, 0x0b, 0x0c, 0x0c, 0x0c, 0x0c, 0x0c, 
	0x0b, 0x0b, 0x07, 0x07, 0x0a, 0x0e, 0x0e, 0x0e, 
	0x0f, 0x10, 0x11, 0x0f, 0x0f, 0x10, 0x0f, 0x10, 
	0x10, 0x12, 0x13, 0x10, 0x14, 0x15, 0x15, 0x15, 
	0x15, 0x15, 0x15, 0x15, 0x15, 0x15, 0x15, 0x15, 
	0x15, 0x15, 0x16, 0x17, 0x18, 0x01, 0x19, 0x1a, 
	0x1b, 0x1c, 0x1d, 0x1e, 0x1f, 0x20, 0x20, 0x21, 
	0x06, 0x0c, 0x22, 0x09, 0x23, 0x09, 0x09, 0x09, 
	0x09, 0x0e, 0x09, 0x24, 0x0e, 0x0e, 0x09, 0x0e, 
	0x11, 0x0f, 0x0f, 0x10, 0x10, 0x10, 0x10, 0x10, 
	0x10, 0x25, 0x25, 0x13, 0x12, 0x12, 0x13, 0x13, 
	0x10, 0x24, 0x26, 0x26, 0x27, 0x15, 0x15, 0x15, 
	0x15, 0x15, 0x15, 0x15, 0x15, 0x15, 0x15, 0x15, 
	0x15, 0x15, 0x15, 0x15, 0x15, 0x15, 0x15, 0x15, 
	0x15, 0x15, 0x15, 0x15, 0x28, 0x29, 0x2a, 0x2b, 
	0x2c, 0x2c, 0x2c, 0x2c, 0x02, 0x21, 0x2d, 0x06, 
	0x0d, 0x07, 0x09, 0x09, 0x11, 0x0f, 0x0f, 0x0f, 
	0x0f, 0x0f, 0x0f, 0x2e, 0x25, 0x10, 0x0f, 0x10, 
	0x25, 0x2f, 0x30, 0x31, 0x32, 0x24, 0x33, 0x26, 
	0x08, 0x08, 0x08, 0x34, 0x35, 0x15, 0x15, 0x15, 
	0x15, 0x15, 0x15, 0x15, 0x15, 0x15, 0x15, 0x15, 
	0x15, 0x15, 0x15, 0x15, 0x15, 0x15, 0x15, 0x15, 
	0x15, 0x15, 0x15, 0x15, 0x15, 0x00, 0x36, 0x37, 
	0x02, 0x02, 0x03, 0x2c, 0x38, 0x38, 0x39, 0x3a, 
	0x3b, 0x38, 0x3c, 0x2c, 0x03, 0x02, 0x02, 0x3d, 
	0x3e, 0x21, 0x21, 0x3f, 0x40, 0x41, 0x06, 0x06, 
	0x42, 0x42, 0x0c, 0x43, 0x0b, 0x26, 0x0b, 0x43, 
	0x0b, 0x26, 0x0b, 0x44, 0x45, 0x15, 0x15, 0x15, 
	0x15, 0x15, 0x15, 0x15, 0x15, 0x15, 0x15, 0x15, 
	0x15, 0x15, 0x15, 0x15, 0x15, 0x15, 0x15, 0x15, 
	0x15, 0x15, 0x15, 0x15, 0x15, 0x15, 0x15, 0x15, 
	0x46, 0x47, 0x19, 0x48, 0x05, 0x03, 0x03, 0x49, 
	0x3c, 0x38, 0x49, 0x38, 0x38, 0x49, 0x04, 0x04, 
	0x2c, 0x03, 0x4a, 0x4b, 0x4b, 0x2b, 0x2b, 0x2b, 
	0x4c, 0x3d, 0x21, 0x4d, 0x06, 0x4e, 0x4e, 0x4f, 
	0x24, 0x50, 0x51, 0x52, 0x15, 0x15, 0x15, 0x15, 
	0x15, 0x15, 0x15, 0x15, 0x15, 0x15, 0x15, 0x15, 
	0x15, 0x15, 0x15, 0x15, 0x15, 0x15, 0x15, 0x15, 
	0x15, 0x15, 0x15, 0x15, 0x15, 0x15, 0x15, 0x15, 
	0x15, 0x15, 0x15, 0x15, 0x52, 0x53, 0x54, 0x55, 
	0x56, 0x57, 0x58, 0x05, 0x02, 0x59, 0x02, 0x5a, 
	0x2b, 0x2b, 0x5a, 0x5b, 0x5c, 0x5c, 0x5d, 0x5d, 
	0x5e, 0x3f, 0x41, 0x3f, 0x5f, 0x60, 0x61, 0x62, 
	0x52, 0x15, 0x15, 0x15, 0x15, 0x15, 0x15, 0x15, 
	0x15, 0x15, 0x15, 0x15, 0x15, 0x15, 0x15, 0x15, 
	0x15, 0x15, 0x15, 0x15, 0x15, 0x15, 0x15, 0x15, 
	0x15, 0x15, 0x15, 0x15, 0x15, 0x15, 0x15, 0x15, 
	0x15, 0x15, 0x15, 0x15, 0x15, 0x15, 0x15, 0x15, 
	0x15, 0x00, 0x00, 0x63, 0x63, 0x16, 0x16, 0x52, 
	0x64, 0x65, 0x65, 0x65, 0x66, 0x64, 0x46, 0x46, 
	0x16, 0x63, 0x15, 0x15, 0x15, 0x15, 0x15, 0x15, 
	0x15, 0x15, 0x15, 0x15, 0x15, 0x15, 0x15, 0x15, 
	0x15, 0x15, 0x15, 0x15, 0x15, 0x15, 0x15, 0x15, 
	0x15, 0x15, 0x15, 0x15, 0x15, 0x15, 0x15, 0x15, 
	0x15, 0x15, 0x15, 0x15, 0x15, 0x15, 0x15, 0x15, 
	0x15, 0x15, 0x15, 0x15, 0x15, 0x15, 0x15, 0x15, 
	0x15, 0x15, 0x15, 0x15, 0x15, 0x15, 0x15, 0x15, 
	0x15, 0x15, 0x15, 0x15, 0x15, 0x15, 0x15, 0x15, 
	0x15, 0x15, 0x15, 0x15, 0x15, 0x15, 0x15, 0x15, 
	0x15, 0x15, 0x15, 0x15, 0x15, 0x15, 0x15, 0x15, 
	0x15, 0x15, 0x15, 0x15, 0x15, 0x15, 0x15, 0x15, 
	0x15, 0x15, 0x15, 0x15, 0x15, 0x15, 0x15, 0x15, 
	0x15, 0x15, 0x15, 0x15, 0x15, 0x15, 0x15, 0x15, 
	0x15, 0x15, 0x15, 0x15, 0x15, 0x15, 0x15, 0x15, 
	0x15, 0x15, 0x15, 0x15, 0x15, 0x15, 0x15, 0x15, 
	0x15, 0x15, 0x15, 0x15, 0x15, 0x15, 0x15, 0x15, 
	0x15, 0x15, 0x15, 0x15, 0x15, 0x15, 0x15, 0x15, 
	0x15, 0x15, 0x15, 0x15, 0x15, 0x15, 0x15, 0x15, 
	0x15, 0x15, 0x15, 0x15, 0x15, 0x15, 0x15, 0x15, 
	0x15, 0x15, 0x15, 0x15, 0x15, 0x15, 0x15, 0x15, 
	0x15, 0x15, 0x15, 0x15, 0x15, 0x15, 0x15, 0x15, 
	0x15, 0x15, 0x15, 0x15, 0x15, 0x15, 0x15, 0x15, 
	0x15, 0x15, 0x15, 0x15, 0x15, 0x15, 0x15, 0x15, 
	0x15, 0x15, 0x15, 0x15, 0x15, 0x15, 0x15, 0x15, 
	0x15, 0x15, 0x15, 0x15, 0x15, 0x15, 0x15, 0x15, 
	0x15, 0x15, 0x15, 0x15, 0x15, 0x15, 0x15, 0x15, 
	0x15, 0x15, 0x15, 0x15, 0x15, 0x15, 0x15, 0x15, 
	0x15, 0x15, 0x15, 0x15, 0x15, 0x15, 0x15, 0x15, 
	0x15, 0x15, 0x15, 0x15, 0x15, 0x15, 0x15, 0x15, 
	0x15, 0x15, 0x15, 0x15, 0x15, 0x15, 0x15, 0x15, 
	0x15, 0x15, 0x15, 0x15, 0x15, 0x15, 0x15, 0x15, 
	0x15, 0x15, 0x15, 0x15, 0x15, 0x15, 0x15, 0x15, 
	0x15, 0x15, 0x15, 0x15, 0x15, 0x15, 0x15, 0x15, 
	0x15, 0x15, 0x15, 0x15, 0x15, 0x15, 0x15, 0x15, 
	0x15, 0x15, 0x15, 0x15, 0x15, 0x15, 0x15, 0x15, 
	0x15, 0x15, 0x15, 0x15, 0x15, 0x15, 0x15, 0x15, 
	0x15, 0x15, 0x15, 0x15, 0x15, 0x15, 0x15, 0x15, 
	0x15, 0x15, 0x15, 0x15, 0x15, 0x15, 0x15, 0x15, 
	0x15, 0x15, 0x15, 0x15, 0x15, 0x15, 0x15, 0x15, 
	0x15, 0x15, 0x15, 0x15, 0x15, 0x15, 0x15, 0x15, 
	0x15, 0x15, 0x15, 0x15, 0x15, 0x15, 0x15, 0x15, 
	0x15, 0x15, 0x15, 0x15, 0x15, 0x15, 0x15, 0x15, 
	0x15, 0x15, 0x15, 0x15, 0x15, 0x15, 0x15, 0x15, 
	0x15, 0x15, 0x15, 0x15, 0x15, 0x15, 0x15, 0x15, 
	0x15, 0x15, 0x15, 0x15, 0x15, 0x15, 0x15, 0x15, 
	0x15, 0x15, 0x15, 0x15, 0x15, 0x15, 0x15, 0x15, 
	0x15, 0x15, 0x15, 0x15, 0x15, 0x15, 0x15, 0x15, 
	0x15, 0x15, 0x15, 0x15, 0x15, 0x15, 0x15, 0x15, 
	0x15, 0x15, 0x15, 0x15, 0x15, 0x15, 0x15, 0x15, 
	0x15, 0x15, 0x15, 0x15, 0x15, 0x15, 0x15, 0x15, 
	0x15, 0x15, 0x15, 0x15, 0x15, 0x15, 0x15, 0x15, 
	0x15, 0x15, 0x15, 0x15, 0x15, 0x15, 0x15, 0x15, 
	0x15, 0x15, 0x15, 0x15, 0x15, 0x15, 0x15, 0x15, 
	0x15, 0x15, 0x15, 0x15, 0x15, 0x15, 0x15, 0x15, 
	0x15, 0x15, 0x15, 0x15, 0x15, 0x15, 0x15, 0x15, 
	0x15, 0x15, 0x15, 0x15, 0x15, 0x15, 0x15, 0x15, 
	0x15, 0x15, 0x15, 0x15, 0x15, 0x15, 0x15, 0x15, 
	0x15, 0x15, 0x15, 0x15, 0x15, 0x15, 0x15, 0x15, 
	0x15, 0x15, 0x15, 0x15, 0x15, 0x15, 0x15, 0x15, 
	0x15, 0x15, 0x15, 0x15, 0x15, 0x15, 0x15, 0x15, 
	0x15, 0x15, 0x15, 0x15, 0x15, 0x15, 0x15, 0x15, 
	0x15, 0x15, 0x15, 0x15, 0x15, 0x15, 0x15, 0x15, 
	0x15, 0x15, 0x15, 0x15, 0x15, 0x15, 0x15, 0x15, 
	0x15, 0x15, 0x15, 0x15, 0x15, 0x15, 0x15, 0x15, 
	0x15, 0x15, 0x15, 0x15, 0x15, 0x15, 0x15, 0x15, 
	0x15, 0x15, 0x15, 0x15, 0x15, 0x15, 0x15, 0x15, 
	0x15, 0x15, 0x15, 0x15, 0x15, 0x15, 0x15, 0x15, 
	0x15, 0x15, 0x15, 0x15, 0x15, 0x15, 0x15, 0x15, 
	0x15, 0x15, 0x15, 0x15, 0x15, 0x15, 0x15, 0x15, 
	0x15, 0x15, 0x15, 0x15, 0x15, 0x15, 0x15, 0x15, 
	0x15, 0x15, 0x15, 0x15, 0x15, 0x15, 0x15, 0x15, 
	0x15, 0x15, 0x15, 0x15, 0x15, 0x15, 0x15, 0x15, 
	0x15, 0x15, 0x15, 0x15, 0x15, 0x15, 0x15, 0x15, 
	0x15, 0x15, 0x15, 0x15, 0x15, 0x15, 0x15, 0x15, 
	0x15, 0x15, 0x15, 0x15, 0x15, 0x15, 0x15, 0x15, 
	
};

Gfx wf_dl_tile_bottom_2_pal_rgba16_aligner[] = {gsSPEndDisplayList()};
u8 wf_dl_tile_bottom_2_pal_rgba16[] = {
	0xff, 0xfd, 0xb4, 0xa1, 0x93, 0x11, 0x9b, 0x51, 
	0xa3, 0x51, 0x9b, 0x53, 0x69, 0xc9, 0x51, 0x45, 
	0x61, 0xc9, 0x49, 0x03, 0x49, 0x43, 0x59, 0x87, 
	0x59, 0x85, 0x61, 0x87, 0x41, 0x03, 0x38, 0xc1, 
	0x38, 0xc3, 0x40, 0xc3, 0x30, 0x83, 0x30, 0x81, 
	0xc5, 0xef, 0xff, 0xff, 0xf7, 0xbb, 0xde, 0x71, 
	0xc5, 0xa9, 0xac, 0x1b, 0xab, 0xd9, 0x9b, 0x55, 
	0x7a, 0x8f, 0x8b, 0x59, 0x9c, 0x1d, 0x93, 0x57, 
	0x8a, 0xd1, 0x82, 0x8d, 0x51, 0x03, 0x40, 0xc1, 
	0x49, 0x45, 0x30, 0xc3, 0x59, 0xc9, 0xde, 0xb3, 
	0xee, 0xf7, 0xa4, 0x1d, 0x92, 0xd1, 0x9b, 0x11, 
	0xa3, 0x53, 0x7a, 0x0b, 0x30, 0xc1, 0x30, 0xc5, 
	0x39, 0x05, 0x41, 0x05, 0x41, 0x45, 0x51, 0x89, 
	0x62, 0x09, 0xde, 0xf5, 0xde, 0xb1, 0xac, 0x5d, 
	0xab, 0x93, 0xb3, 0xd5, 0xb3, 0x95, 0xab, 0x95, 
	0xa3, 0x93, 0x8a, 0xcf, 0x82, 0x8f, 0x7a, 0x4b, 
	0x72, 0x4d, 0x72, 0x09, 0x61, 0xc7, 0x59, 0xc7, 
	0x7b, 0x55, 0xef, 0x7b, 0xf7, 0x79, 0xc5, 0x67, 
	0xa3, 0x97, 0xa3, 0x91, 0x9b, 0x4f, 0xa3, 0x11, 
	0x92, 0xcf, 0x72, 0x4b, 0x51, 0x87, 0x51, 0x85, 
	0x72, 0x8f, 0xac, 0xe5, 0xf7, 0x7b, 0xe6, 0xf5, 
	0xd5, 0xeb, 0xbc, 0xe3, 0xb4, 0x5d, 0xab, 0xd7, 
	0xa3, 0x95, 0x93, 0x4f, 0x93, 0x0f, 0x9b, 0x0f, 
	0x8a, 0x8d, 0x82, 0x4b, 0x82, 0x4d, 0x8b, 0x55, 
	0x8b, 0x9b, 0x8b, 0xdb, 0xc5, 0xab, 0xff, 0xbd, 
	0xf7, 0x39, 0xef, 0x37, 0xef, 0x39, 
};

Gfx wf_dl_tile_bottom_3_i8_aligner[] = {gsSPEndDisplayList()};
u8 wf_dl_tile_bottom_3_i8[] = {
	0xff, 0xff, 0xff, 0xff, 0xff, 0xff, 0xff, 0xff, 
	0xff, 0xff, 0xff, 0xff, 0xff, 0xff, 0xff, 0xff, 
	0xff, 0xff, 0xff, 0xff, 0xff, 0xff, 0xff, 0xff, 
	0xff, 0xff, 0xff, 0xff, 0xff, 0xff, 0xff, 0xff, 
	0xff, 0xff, 0xff, 0xff, 0xff, 0xff, 0xff, 0xff, 
	0xff, 0xff, 0xff, 0xff, 0xff, 0xff, 0xff, 0xff, 
	0xff, 0xff, 0xff, 0xff, 0xff, 0xff, 0xff, 0xff, 
	0xff, 0xff, 0xff, 0xff, 0xff, 0xff, 0xff, 0xff, 
	0xff, 0xff, 0xff, 0xff, 0xff, 0xff, 0xff, 0xff, 
	0xff, 0xff, 0xff, 0xff, 0xff, 0xff, 0xff, 0xff, 
	0xff, 0xff, 0xff, 0xff, 0xff, 0xff, 0xff, 0xff, 
	0xff, 0xff, 0xff, 0xff, 0xff, 0xff, 0xff, 0xff, 
	0xff, 0xff, 0xff, 0xff, 0xff, 0xff, 0xff, 0xff, 
	0xff, 0xff, 0xff, 0xff, 0xff, 0xff, 0xff, 0xff, 
	0xff, 0xff, 0xff, 0xff, 0xff, 0xff, 0xff, 0xff, 
	0xff, 0xff, 0xff, 0xff, 0xff, 0xff, 0xff, 0xff, 
	0xff, 0xff, 0xff, 0xff, 0xff, 0xff, 0xff, 0xff, 
	0xff, 0xff, 0xff, 0xff, 0xff, 0xff, 0xff, 0xff, 
	0xff, 0xff, 0xff, 0xff, 0xff, 0xff, 0xff, 0xff, 
	0xff, 0xff, 0xff, 0xff, 0xff, 0xff, 0xff, 0xff, 
	0xff, 0xff, 0xff, 0xff, 0xff, 0xff, 0xff, 0xff, 
	0xff, 0xff, 0xff, 0xff, 0xff, 0xff, 0xff, 0xff, 
	0xff, 0xff, 0xff, 0xff, 0xff, 0xff, 0xff, 0xff, 
	0xff, 0xff, 0xff, 0xff, 0xff, 0xff, 0xff, 0xff, 
	0xff, 0xff, 0xff, 0xff, 0xff, 0xff, 0xff, 0xff, 
	0xff, 0xff, 0xff, 0xff, 0xff, 0xff, 0xff, 0xff, 
	0xff, 0xff, 0xff, 0xff, 0xff, 0xff, 0xff, 0xff, 
	0xff, 0xff, 0xff, 0xff, 0xff, 0xff, 0xff, 0xff, 
	0xff, 0xff, 0xff, 0xff, 0xff, 0xff, 0xff, 0xff, 
	0xff, 0xff, 0xff, 0xff, 0xff, 0xff, 0xff, 0xff, 
	0xff, 0xff, 0xff, 0xff, 0xff, 0xff, 0xff, 0xff, 
	0xff, 0xff, 0xff, 0xff, 0xff, 0xff, 0xff, 0xff, 
	0xff, 0xff, 0xff, 0xff, 0xff, 0xff, 0xff, 0xff, 
	0xff, 0xff, 0xff, 0xff, 0xff, 0xff, 0xff, 0xff, 
	0xff, 0xff, 0xff, 0xff, 0xff, 0xff, 0xff, 0xff, 
	0xff, 0xff, 0xff, 0xff, 0xff, 0xff, 0xff, 0xff, 
	0xff, 0xff, 0xff, 0xff, 0xff, 0xff, 0xff, 0xff, 
	0xff, 0xff, 0xff, 0xff, 0xff, 0xff, 0xff, 0xff, 
	0xff, 0xff, 0xff, 0xff, 0xff, 0xff, 0xff, 0xff, 
	0xff, 0xff, 0xff, 0xff, 0xff, 0xff, 0xff, 0xff, 
	0xff, 0xff, 0xff, 0xff, 0xff, 0xff, 0xff, 0xff, 
	0xff, 0xff, 0xff, 0xff, 0xff, 0xff, 0xff, 0xff, 
	0xff, 0xff, 0xff, 0xff, 0xff, 0xff, 0xff, 0xff, 
	0xff, 0xff, 0xff, 0xff, 0xff, 0xff, 0xff, 0xff, 
	0xff, 0xff, 0xff, 0xff, 0xff, 0xff, 0xff, 0xff, 
	0xff, 0xff, 0xff, 0xff, 0xff, 0xff, 0xff, 0xff, 
	0xff, 0xff, 0xff, 0xff, 0xff, 0xff, 0xff, 0xff, 
	0xff, 0xff, 0xff, 0xff, 0xff, 0xff, 0xff, 0xff, 
	0xff, 0xff, 0xff, 0xff, 0xff, 0xff, 0xff, 0xff, 
	0xff, 0xff, 0xff, 0xff, 0xff, 0xff, 0xff, 0xff, 
	0xff, 0xff, 0xff, 0xff, 0xff, 0xff, 0xff, 0xff, 
	0xff, 0xff, 0xff, 0xff, 0xff, 0xff, 0xff, 0xff, 
	0xff, 0xff, 0xff, 0xff, 0xff, 0xff, 0xff, 0xff, 
	0xff, 0xff, 0xff, 0xff, 0xff, 0xff, 0xff, 0xff, 
	0xff, 0xff, 0xff, 0xff, 0xff, 0xff, 0xff, 0xff, 
	0xff, 0xff, 0xff, 0xff, 0xff, 0xff, 0xff, 0xff, 
	0xff, 0xff, 0xff, 0xff, 0xff, 0xff, 0xff, 0xff, 
	0xff, 0xff, 0xff, 0xff, 0xff, 0xff, 0xff, 0xff, 
	0xff, 0xff, 0xff, 0xff, 0xff, 0xff, 0xff, 0xff, 
	0xff, 0xff, 0xff, 0xff, 0xff, 0xff, 0xff, 0xff, 
	0xff, 0xff, 0xff, 0xff, 0xff, 0xff, 0xff, 0xff, 
	0xff, 0xff, 0xff, 0xff, 0xff, 0xff, 0xff, 0xff, 
	0xff, 0xff, 0xff, 0xff, 0xff, 0xff, 0xff, 0xff, 
	0xff, 0xff, 0xff, 0xff, 0xff, 0xff, 0xff, 0xff, 
	0xff, 0xff, 0xff, 0xff, 0xff, 0xff, 0xff, 0xff, 
	0xff, 0xff, 0xff, 0xff, 0xff, 0xff, 0xff, 0xff, 
	0xff, 0xff, 0xff, 0xff, 0xff, 0xff, 0xff, 0xff, 
	0xff, 0xff, 0xff, 0xff, 0xff, 0xff, 0xff, 0xff, 
	0xff, 0xff, 0xff, 0xff, 0xff, 0xff, 0xff, 0xff, 
	0xff, 0xff, 0xff, 0xff, 0xff, 0xff, 0xff, 0xff, 
	0xff, 0xff, 0xff, 0xff, 0xff, 0xff, 0xff, 0xff, 
	0xff, 0xff, 0xff, 0xff, 0xff, 0xff, 0xff, 0xff, 
	0xff, 0xff, 0xff, 0xff, 0xff, 0xff, 0xff, 0xff, 
	0xff, 0xff, 0xff, 0xff, 0xff, 0xff, 0xff, 0xff, 
	0xff, 0xff, 0xff, 0xff, 0xff, 0xff, 0xff, 0xff, 
	0xff, 0xff, 0xff, 0xff, 0xff, 0xff, 0xff, 0xff, 
	0xff, 0xff, 0xff, 0xff, 0xff, 0xff, 0xff, 0xff, 
	0xff, 0xff, 0xff, 0xff, 0xff, 0xff, 0xff, 0xff, 
	0xff, 0xff, 0xff, 0xff, 0xff, 0xff, 0xff, 0xff, 
	0xff, 0xff, 0xff, 0xff, 0xff, 0xff, 0xff, 0xff, 
	0xff, 0xff, 0xff, 0xff, 0xff, 0xff, 0xff, 0xff, 
	0xff, 0xff, 0xff, 0xff, 0xff, 0xff, 0xff, 0xff, 
	0xff, 0xff, 0xff, 0xff, 0xff, 0xff, 0xff, 0xff, 
	0xff, 0xff, 0xff, 0xff, 0xff, 0xff, 0xff, 0xff, 
	0xff, 0xff, 0xff, 0xff, 0xff, 0xff, 0xff, 0xff, 
	0xff, 0xff, 0xff, 0xff, 0xff, 0xff, 0xff, 0xff, 
	0xff, 0xff, 0xff, 0xff, 0xff, 0xff, 0xff, 0xff, 
	0xff, 0xff, 0xff, 0xff, 0xff, 0xff, 0xff, 0xff, 
	0xff, 0xff, 0xff, 0xff, 0xff, 0xff, 0xff, 0xff, 
	0xff, 0xff, 0xff, 0xff, 0xff, 0xff, 0xff, 0xff, 
	0xff, 0xff, 0xff, 0xff, 0xff, 0xff, 0xff, 0xff, 
	0xff, 0xff, 0xff, 0xff, 0xff, 0xff, 0xff, 0xff, 
	0xff, 0xff, 0xff, 0xff, 0xff, 0xff, 0xff, 0xff, 
	0xff, 0xff, 0xff, 0xff, 0xff, 0xff, 0xff, 0xff, 
	0xff, 0xff, 0xff, 0xff, 0xff, 0xff, 0xff, 0xff, 
	0xff, 0xff, 0xff, 0xff, 0xff, 0xff, 0xff, 0xff, 
	0xff, 0xff, 0xff, 0xff, 0xff, 0xff, 0xff, 0xff, 
	0xff, 0xff, 0xff, 0xff, 0xff, 0xff, 0xff, 0xff, 
	0xff, 0xff, 0xff, 0xff, 0xff, 0xff, 0xff, 0xff, 
	0xff, 0xff, 0xff, 0xff, 0xff, 0xff, 0xff, 0xff, 
	0xff, 0xff, 0xff, 0xff, 0xff, 0xff, 0xff, 0xff, 
	0xff, 0xff, 0xff, 0xff, 0xff, 0xff, 0xff, 0xff, 
	0xff, 0xff, 0xff, 0xff, 0xff, 0xff, 0xff, 0xff, 
	0xff, 0xff, 0xff, 0xff, 0xff, 0xff, 0xff, 0xff, 
	0xff, 0xff, 0xff, 0xff, 0xff, 0xff, 0xff, 0xff, 
	0xff, 0xff, 0xff, 0xff, 0xff, 0xff, 0xff, 0xff, 
	0xff, 0xff, 0xff, 0xff, 0xff, 0xff, 0xff, 0xff, 
	0xff, 0xff, 0xff, 0xff, 0xff, 0xff, 0xff, 0xff, 
	0xff, 0xff, 0xff, 0xff, 0xff, 0xff, 0xff, 0xff, 
	0xff, 0xff, 0xff, 0xff, 0xff, 0xff, 0xff, 0xff, 
	0xff, 0xff, 0xff, 0xff, 0xff, 0xff, 0xff, 0xff, 
	0xff, 0xff, 0xff, 0xff, 0xff, 0xff, 0xff, 0xff, 
	0xff, 0xff, 0xff, 0xff, 0xff, 0xff, 0xff, 0xff, 
	0xff, 0xff, 0xff, 0xff, 0xff, 0xff, 0xff, 0xff, 
	0xff, 0xff, 0xff, 0xff, 0xff, 0xff, 0xff, 0xff, 
	0xff, 0xff, 0xff, 0xff, 0xff, 0xff, 0xff, 0xff, 
	0xff, 0xff, 0xff, 0xff, 0xff, 0xff, 0xff, 0xff, 
	0xff, 0xff, 0xff, 0xff, 0xff, 0xff, 0xff, 0xff, 
	0xff, 0xff, 0xff, 0xff, 0xff, 0xff, 0xff, 0xff, 
	0xff, 0xff, 0xff, 0xff, 0xff, 0xff, 0xff, 0xff, 
	0xff, 0xff, 0xff, 0xff, 0xff, 0xff, 0xff, 0xff, 
	0xff, 0xff, 0xff, 0xff, 0xff, 0xff, 0xff, 0xff, 
	0xff, 0xff, 0xff, 0xff, 0xff, 0xff, 0xff, 0xff, 
	0xff, 0xff, 0xff, 0xff, 0xff, 0xff, 0xff, 0xff, 
	0xff, 0xff, 0xff, 0xff, 0xff, 0xff, 0xff, 0xff, 
	0xff, 0xff, 0xff, 0xff, 0xff, 0xff, 0xff, 0xff, 
	0xff, 0xff, 0xff, 0xff, 0xff, 0xff, 0xff, 0xff, 
	0xff, 0xff, 0xff, 0xff, 0xff, 0xff, 0xff, 0xff, 
	
};

Gfx wf_dl_SUPER_MARIO_64_3C99819F_0_2_all_ci8_aligner[] = {gsSPEndDisplayList()};
u8 wf_dl_SUPER_MARIO_64_3C99819F_0_2_all_ci8[] = {
	0x00, 0x01, 0x01, 0x01, 0x02, 0x03, 0x04, 0x04, 
	0x03, 0x02, 0x02, 0x05, 0x06, 0x07, 0x08, 0x05, 
	0x00, 0x01, 0x01, 0x09, 0x09, 0x01, 0x01, 0x02, 
	0x00, 0x01, 0x01, 0x08, 0x0a, 0x06, 0x02, 0x0b, 
	0x02, 0x00, 0x01, 0x00, 0x02, 0x0c, 0x03, 0x04, 
	0x03, 0x02, 0x01, 0x01, 0x05, 0x05, 0x02, 0x00, 
	0x00, 0x0d, 0x00, 0x01, 0x0e, 0x09, 0x01, 0x02, 
	0x00, 0x01, 0x01, 0x04, 0x0f, 0x04, 0x02, 0x02, 
	0x02, 0x0b, 0x0d, 0x02, 0x05, 0x02, 0x03, 0x04, 
	0x03, 0x02, 0x01, 0x01, 0x00, 0x00, 0x01, 0x0e, 
	0x09, 0x01, 0x00, 0x00, 0x01, 0x01, 0x02, 0x05, 
	0x01, 0x01, 0x02, 0x06, 0x10, 0x06, 0x03, 0x02, 
	0x03, 0x02, 0x02, 0x02, 0x02, 0x02, 0x05, 0x06, 
	0x06, 0x02, 0x01, 0x11, 0x01, 0x00, 0x09, 0x12, 
	0x12, 0x12, 0x12, 0x09, 0x00, 0x13, 0x06, 0x03, 
	0x02, 0x02, 0x06, 0x14, 0x04, 0x15, 0x15, 0x04, 
	0x05, 0x02, 0x02, 0x00, 0x00, 0x02, 0x02, 0x04, 
	0x14, 0x05, 0x01, 0x0e, 0x01, 0x01, 0x12, 0x12, 
	0x16, 0x17, 0x12, 0x12, 0x01, 0x14, 0x0f, 0x18, 
	0x04, 0x03, 0x14, 0x06, 0x03, 0x04, 0x15, 0x15, 
	0x02, 0x02, 0x02, 0x02, 0x00, 0x00, 0x02, 0x04, 
	0x04, 0x03, 0x02, 0x01, 0x01, 0x01, 0x12, 0x12, 
	0x16, 0x16, 0x19, 0x12, 0x0e, 0x06, 0x0f, 0x18, 
	0x15, 0x1a, 0x03, 0x02, 0x02, 0x02, 0x02, 0x02, 
	0x00, 0x00, 0x01, 0x01, 0x01, 0x02, 0x05, 0x04, 
	0x06, 0x02, 0x02, 0x00, 0x00, 0x01, 0x09, 0x12, 
	0x12, 0x12, 0x12, 0x12, 0x12, 0x05, 0x14, 0x06, 
	0x14, 0x15, 0x05, 0x02, 0x0b, 0x00, 0x01, 0x01, 
	0x01, 0x01, 0x01, 0x01, 0x01, 0x02, 0x02, 0x03, 
	0x06, 0x0b, 0x01, 0x01, 0x01, 0x00, 0x01, 0x01, 
	0x09, 0x12, 0x12, 0x12, 0x09, 0x01, 0x06, 0x07, 
	0x14, 0x03, 0x02, 0x02, 0x00, 0x00, 0x01, 0x01, 
	0x01, 0x01, 0x01, 0x00, 0x02, 0x05, 0x05, 0x06, 
	0x06, 0x0b, 0x01, 0x12, 0x09, 0x01, 0x05, 0x0b, 
	0x01, 0x01, 0x09, 0x09, 0x0e, 0x01, 0x10, 0x07, 
	0x04, 0x02, 0x02, 0x02, 0x02, 0x00, 0x01, 0x01, 
	0x01, 0x01, 0x00, 0x02, 0x05, 0x05, 0x05, 0x04, 
	0x14, 0x02, 0x01, 0x01, 0x09, 0x01, 0x05, 0x05, 
	0x02, 0x0b, 0x01, 0x01, 0x01, 0x00, 0x04, 0x07, 
	0x04, 0x05, 0x02, 0x05, 0x02, 0x02, 0x0b, 0x00, 
	0x00, 0x01, 0x01, 0x00, 0x00, 0x00, 0x00, 0x06, 
	0x15, 0x02, 0x01, 0x0e, 0x12, 0x12, 0x01, 0x05, 
	0x03, 0x03, 0x02, 0x02, 0x02, 0x02, 0x06, 0x07, 
	0x04, 0x03, 0x0c, 0x07, 0x0f, 0x04, 0x03, 0x03, 
	0x00, 0x00, 0x00, 0x01, 0x01, 0x01, 0x00, 0x03, 
	0x06, 0x02, 0x01, 0x0e, 0x09, 0x09, 0x01, 0x02, 
	0x10, 0x14, 0x03, 0x02, 0x02, 0x02, 0x04, 0x0f, 
	0x15, 0x0c, 0x02, 0x15, 0x1b, 0x1c, 0x1d, 0x0f, 
	0x02, 0x0d, 0x00, 0x01, 0x01, 0x01, 0x01, 0x02, 
	0x05, 0x02, 0x01, 0x01, 0x01, 0x02, 0x01, 0x01, 
	0x03, 0x04, 0x04, 0x0c, 0x02, 0x06, 0x0f, 0x07, 
	0x04, 0x0c, 0x02, 0x03, 0x1d, 0x18, 0x15, 0x18, 
	0x05, 0x02, 0x01, 0x01, 0x01, 0x01, 0x01, 0x00, 
	0x02, 0x02, 0x01, 0x01, 0x03, 0x03, 0x02, 0x05, 
	0x04, 0x07, 0x0f, 0x07, 0x04, 0x07, 0x07, 0x03, 
	0x06, 0x04, 0x06, 0x03, 0x04, 0x1e, 0x03, 0x02, 
	0x05, 0x00, 0x01, 0x01, 0x01, 0x01, 0x01, 0x00, 
	0x02, 0x02, 0x01, 0x02, 0x03, 0x04, 0x03, 0x04, 
	0x15, 0x15, 0x15, 0x18, 0x1d, 0x07, 0x03, 0x02, 
	0x03, 0x07, 0x15, 0x15, 0x18, 0x15, 0x03, 0x02, 
	0x03, 0x02, 0x00, 0x01, 0x01, 0x01, 0x01, 0x02, 
	0x02, 0x03, 0x02, 0x05, 0x06, 0x14, 0x04, 0x14, 
	0x04, 0x1f, 0x03, 0x20, 0x21, 0x04, 0x02, 0x02, 
	0x02, 0x04, 0x15, 0x07, 0x18, 0x18, 0x14, 0x03, 
	0x03, 0x05, 0x02, 0x03, 0x1a, 0x04, 0x03, 0x06, 
	0x04, 0x1d, 0x04, 0x02, 0x03, 0x06, 0x06, 0x04, 
	0x04, 0x03, 0x04, 0x22, 0x18, 0x03, 0x02, 0x02, 
	0x02, 0x02, 0x03, 0x14, 0x15, 0x14, 0x04, 0x03, 
	0x05, 0x05, 0x05, 0x15, 0x23, 0x23, 0x07, 0x18, 
	0x0f, 0x18, 0x04, 0x03, 0x03, 0x06, 0x03, 0x04, 
	0x18, 0x07, 0x0f, 0x0f, 0x18, 0x06, 0x05, 0x02, 
	0x00, 0x01, 0x02, 0x10, 0x07, 0x04, 0x02, 0x02, 
	0x05, 0x05, 0x05, 0x05, 0x03, 0x10, 0x03, 0x04, 
	0x14, 0x04, 0x03, 0x06, 0x06, 0x03, 0x06, 0x14, 
	0x0f, 0x21, 0x24, 0x07, 0x04, 0x1e, 0x02, 0x01, 
	0x01, 0x01, 0x00, 0x13, 0x14, 0x14, 0x03, 0x03, 
	0x05, 0x13, 0x03, 0x05, 0x02, 0x02, 0x0b, 0x02, 
	0x03, 0x03, 0x02, 0x05, 0x05, 0x02, 0x05, 0x03, 
	0x03, 0x21, 0x21, 0x04, 0x03, 0x14, 0x03, 0x02, 
	0x0b, 0x01, 0x01, 0x02, 0x03, 0x14, 0x03, 0x03, 
	0x05, 0x03, 0x06, 0x0c, 0x02, 0x01, 0x02, 0x03, 
	0x06, 0x03, 0x02, 0x00, 0x00, 0x02, 0x05, 0x00, 
	0x01, 0x10, 0x20, 0x25, 0x26, 0x14, 0x15, 0x03, 
	0x02, 0x01, 0x01, 0x02, 0x03, 0x04, 0x02, 0x02, 
	0x03, 0x03, 0x03, 0x03, 0x05, 0x03, 0x14, 0x14, 
	0x06, 0x02, 0x01, 0x01, 0x00, 0x05, 0x00, 0x01, 
	0x01, 0x0d, 0x03, 0x0a, 0x18, 0x27, 0x0f, 0x14, 
	0x02, 0x01, 0x00, 0x02, 0x02, 0x04, 0x0c, 0x02, 
	0x05, 0x02, 0x05, 0x06, 0x06, 0x06, 0x14, 0x06, 
	0x03, 0x0b, 0x01, 0x00, 0x02, 0x00, 0x01, 0x01, 
	0x01, 0x01, 0x02, 0x05, 0x03, 0x15, 0x18, 0x14, 
	0x03, 0x02, 0x02, 0x02, 0x02, 0x14, 0x03, 0x02, 
	0x00, 0x02, 0x05, 0x03, 0x04, 0x06, 0x03, 0x03, 
	0x04, 0x02, 0x02, 0x02, 0x02, 0x01, 0x01, 0x01, 
	0x00, 0x01, 0x02, 0x02, 0x02, 0x02, 0x02, 0x03, 
	0x04, 0x15, 0x15, 0x03, 0x03, 0x15, 0x04, 0x02, 
	0x02, 0x03, 0x06, 0x03, 0x06, 0x03, 0x05, 0x05, 
	0x15, 0x21, 0x07, 0x03, 0x02, 0x00, 0x00, 0x0b, 
	0x0b, 0x02, 0x02, 0x02, 0x02, 0x00, 0x01, 0x02, 
	0x03, 0x14, 0x07, 0x25, 0x15, 0x1d, 0x25, 0x03, 
	0x05, 0x06, 0x03, 0x02, 0x05, 0x05, 0x02, 0x02, 
	0x02, 0x18, 0x07, 0x02, 0x02, 0x02, 0x02, 0x1e, 
	0x25, 0x25, 0x04, 0x03, 0x02, 0x02, 0x02, 0x02, 
	0x03, 0x14, 0x04, 0x20, 0x23, 0x21, 0x18, 0x03, 
	0x03, 0x05, 0x02, 0x02, 0x05, 0x06, 0x05, 0x02, 
	0x0b, 0x02, 0x02, 0x02, 0x03, 0x03, 0x03, 0x15, 
	0x1d, 0x1c, 0x1d, 0x15, 0x04, 0x03, 0x03, 0x14, 
	0x15, 0x08, 0x04, 0x15, 0x20, 0x21, 0x25, 0x26, 
	0x05, 0x02, 0x0d, 0x02, 0x05, 0x06, 0x03, 0x02, 
	0x02, 0x0c, 0x02, 0x02, 0x03, 0x03, 0x05, 0x02, 
	0x02, 0x04, 0x15, 0x15, 0x0f, 0x14, 0x04, 0x04, 
	0x14, 0x10, 0x05, 0x02, 0x13, 0x15, 0x20, 0x0f, 
	0x02, 0x00, 0x00, 0x02, 0x02, 0x06, 0x04, 0x05, 
	0x06, 0x06, 0x05, 0x02, 0x05, 0x02, 0x00, 0x01, 
	0x01, 0x00, 0x03, 0x04, 0x14, 0x14, 0x04, 0x03, 
	0x03, 0x02, 0x00, 0x00, 0x01, 0x02, 0x10, 0x28, 
	0x02, 0x00, 0x00, 0x00, 0x05, 0x04, 0x04, 0x04, 
	0x04, 0x03, 0x02, 0x02, 0x0d, 0x01, 0x01, 0x01, 
	0x01, 0x01, 0x02, 0x03, 0x06, 0x06, 0x03, 0x02, 
	0x0d, 0x00, 0x00, 0x00, 0x00, 0x01, 0x02, 0x03, 
	0x00, 0x00, 0x00, 0x02, 0x06, 0x14, 0x04, 0x08, 
	0x03, 0x02, 0x02, 0x00, 0x01, 0x01, 0x01, 0x01, 
	0x01, 0x01, 0x05, 0x06, 0x03, 0x03, 0x02, 0x00, 
	0x01, 0x01, 0x00, 0x00, 0x00, 0x01, 0x0d, 0x05, 
	0x0b, 0x00, 0x02, 0x05, 0x06, 0x14, 0x06, 0x04, 
	0x06, 0x03, 0x05, 0x02, 0x00, 0x00, 0x00, 0x00, 
	0x00, 0x02, 0x03, 0x14, 0x06, 0x05, 0x02, 0x00, 
	0x00, 0x01, 0x00, 0x00, 0x00, 0x00, 0x02, 0x06, 
	
};

Gfx wf_dl_SUPER_MARIO_64_3C99819F_0_2_all_pal_rgba16_aligner[] = {gsSPEndDisplayList()};
u8 wf_dl_SUPER_MARIO_64_3C99819F_0_2_all_pal_rgba16[] = {
	0x63, 0x97, 0x63, 0x99, 0x5b, 0x57, 0x53, 0x15, 
	0x4a, 0xd3, 0x5b, 0x55, 0x53, 0x13, 0x42, 0x8f, 
	0x4a, 0x91, 0x6b, 0xd9, 0x42, 0x4f, 0x5b, 0x97, 
	0x53, 0x55, 0x63, 0x57, 0x63, 0xd9, 0x3a, 0x4d, 
	0x52, 0xd3, 0x63, 0xdb, 0x6b, 0xdb, 0x5b, 0x15, 
	0x4a, 0xd1, 0x42, 0x91, 0x74, 0x1d, 0x74, 0x1b, 
	0x3a, 0x4f, 0x6c, 0x1d, 0x42, 0xd1, 0x21, 0x87, 
	0x21, 0x89, 0x32, 0x0d, 0x4b, 0x13, 0x53, 0x57, 
	0x32, 0x0b, 0x29, 0xc9, 0x31, 0xcb, 0x29, 0xcb, 
	0x29, 0xc7, 0x3a, 0x8f, 0x4b, 0x15, 0x32, 0x4d, 
	0x3a, 0x0b, 
};

Gfx wf_dl_SUPER_MARIO_64_1CA18F8F_0_2_all_ia4_aligner[] = {gsSPEndDisplayList()};
u8 wf_dl_SUPER_MARIO_64_1CA18F8F_0_2_all_ia4[] = {
	0x77, 0x77, 0x77, 0x77, 0x77, 0x97, 0x77, 0x79, 
	0x97, 0x77, 0x77, 0x77, 0x77, 0x77, 0x77, 0x77, 
	0x77, 0x77, 0x79, 0x77, 0x77, 0x77, 0x77, 0x79, 
	0x97, 0x77, 0x77, 0x77, 0x77, 0x97, 0x77, 0x77, 
	0x77, 0x77, 0x99, 0x99, 0x97, 0x77, 0x77, 0x77, 
	0x77, 0x75, 0x77, 0x77, 0x77, 0x77, 0x77, 0x77, 
	0x77, 0x99, 0x99, 0x99, 0x77, 0x77, 0x77, 0x77, 
	0x79, 0x97, 0x77, 0x77, 0x77, 0x77, 0x77, 0x97, 
	0x79, 0x97, 0x77, 0x77, 0x77, 0x77, 0x77, 0x77, 
	0x77, 0x99, 0x79, 0x75, 0x75, 0x57, 0x77, 0x77, 
	0x97, 0x77, 0x77, 0x77, 0x77, 0x77, 0x77, 0x77, 
	0x77, 0x79, 0x99, 0x97, 0x75, 0x57, 0x75, 0x55, 
	0x97, 0x77, 0x77, 0x77, 0x77, 0x77, 0x77, 0x77, 
	0x77, 0x77, 0x99, 0x97, 0x77, 0x77, 0x75, 0x75, 
	0x99, 0x77, 0x77, 0x77, 0x97, 0x77, 0x77, 0x77, 
	0x77, 0x77, 0x99, 0x77, 0x77, 0x77, 0x77, 0x77, 
	0x99, 0x97, 0x77, 0x77, 0x99, 0x77, 0x77, 0x77, 
	0x79, 0x99, 0x97, 0x97, 0x77, 0x75, 0x57, 0x77, 
	0x77, 0x99, 0x77, 0x99, 0x99, 0x97, 0x77, 0x79, 
	0x99, 0x97, 0x77, 0x79, 0x97, 0x77, 0x77, 0x77, 
	0x77, 0x99, 0x79, 0x77, 0x79, 0x99, 0x97, 0x99, 
	0x97, 0x77, 0x77, 0x77, 0x77, 0x77, 0x77, 0x77, 
	0x77, 0x79, 0x99, 0x77, 0x77, 0x77, 0x77, 0x99, 
	0x77, 0x77, 0x77, 0x77, 0x77, 0x77, 0x77, 0x77, 
	0x77, 0x79, 0x97, 0x77, 0x77, 0x97, 0x77, 0x99, 
	0x77, 0x77, 0x77, 0x77, 0x77, 0x77, 0x77, 0x77, 
	0x77, 0x79, 0x97, 0x77, 0x79, 0x77, 0x77, 0x97, 
	0x77, 0x77, 0x77, 0x97, 0x77, 0x77, 0x77, 0x77, 
	0x77, 0x79, 0x99, 0x99, 0x97, 0x77, 0x77, 0x77, 
	0x77, 0x77, 0x79, 0x77, 0x77, 0x77, 0x77, 0x77, 
	0x77, 0x77, 0x97, 0x99, 0x77, 0x79, 0x77, 0x77, 
	0x97, 0x77, 0x77, 0x77, 0x77, 0x77, 0x77, 0x77, 
	0x77, 0x77, 0x77, 0x77, 0x77, 0x79, 0x99, 0x79, 
	0x77, 0x77, 0x77, 0x77, 0x77, 0x99, 0x77, 0x77, 
	0x77, 0x77, 0x77, 0x77, 0x77, 0x77, 0x79, 0x99, 
	0x97, 0x57, 0x77, 0x97, 0x79, 0x99, 0x77, 0x77, 
	0x77, 0x77, 0x77, 0x97, 0x77, 0x77, 0x77, 0x99, 
	0x97, 0x77, 0x77, 0x99, 0x79, 0x97, 0x77, 0x77, 
	0x77, 0x75, 0x77, 0x99, 0x99, 0x77, 0x77, 0x97, 
	0x99, 0x77, 0x77, 0x79, 0x97, 0x77, 0x77, 0x77, 
	0x77, 0x77, 0x77, 0x99, 0x97, 0x77, 0x79, 0x77, 
	0x77, 0x97, 0x77, 0x99, 0x77, 0x77, 0x77, 0x77, 
	0x77, 0x77, 0x79, 0x97, 0x77, 0x77, 0x79, 0x77, 
	0x77, 0x77, 0x77, 0x97, 0x77, 0x77, 0x77, 0x77, 
	0x79, 0x99, 0x79, 0x97, 0x77, 0x77, 0x77, 0x77, 
	0x77, 0x77, 0x77, 0x77, 0x77, 0x77, 0x77, 0x77, 
	0x77, 0x99, 0x99, 0x97, 0x77, 0x77, 0x79, 0x77, 
	0x77, 0x77, 0x77, 0x77, 0x77, 0x77, 0x77, 0x77, 
	0x77, 0x79, 0x99, 0x97, 0x77, 0x77, 0x79, 0x77, 
	0x77, 0x77, 0x77, 0x77, 0x77, 0x77, 0x77, 0x79, 
	0x79, 0x9b, 0x97, 0x99, 0x97, 0x77, 0x79, 0x99, 
	0x77, 0x77, 0x77, 0x77, 0x77, 0x77, 0x77, 0x99, 
	0x99, 0x99, 0x77, 0x77, 0x99, 0x77, 0x77, 0x99, 
	0x97, 0x77, 0x77, 0x77, 0x77, 0x77, 0x77, 0x97, 
	0x99, 0x77, 0x77, 0x77, 0x79, 0x77, 0x99, 0x99, 
	0x77, 0x77, 0x97, 0x77, 0x77, 0x77, 0x77, 0x77, 
	0x77, 0x77, 0x77, 0x77, 0x79, 0x97, 0x99, 0x97, 
	0x77, 0x77, 0x77, 0x99, 0x77, 0x77, 0x77, 0x77, 
	0x77, 0x77, 0x77, 0x77, 0x77, 0x99, 0x97, 0x77, 
	0x77, 0x77, 0x77, 0x77, 0x77, 0x97, 0x77, 0x77, 
	0x77, 0x77, 0x77, 0x77, 0x77, 0x99, 0x77, 0x77, 
	0x77, 0x77, 0x77, 0x77, 0x77, 0x77, 0x77, 0x77, 
	0x77, 0x77, 0x77, 0x77, 0x77, 0x99, 0x77, 0x77, 
	0x77, 0x77, 0x77, 0x77, 0x77, 0x77, 0x77, 0x77, 
	
};

Vtx wf_dl_Cube_mesh_layer_1_vtx_cull[8] = {
	{{{-9952, -1380, 4770}, 0, {0, 0}, {0x00, 0x00, 0x00, 0x00}}},
	{{{-9952, 1523, 4770}, 0, {0, 0}, {0x00, 0x00, 0x00, 0x00}}},
	{{{-9952, 1523, -4770}, 0, {0, 0}, {0x00, 0x00, 0x00, 0x00}}},
	{{{-9952, -1380, -4770}, 0, {0, 0}, {0x00, 0x00, 0x00, 0x00}}},
	{{{1379, -1380, 4770}, 0, {0, 0}, {0x00, 0x00, 0x00, 0x00}}},
	{{{1379, 1523, 4770}, 0, {0, 0}, {0x00, 0x00, 0x00, 0x00}}},
	{{{1379, 1523, -4770}, 0, {0, 0}, {0x00, 0x00, 0x00, 0x00}}},
	{{{1379, -1380, -4770}, 0, {0, 0}, {0x00, 0x00, 0x00, 0x00}}},
};

Vtx wf_dl_Cube_mesh_layer_1_vtx_0[53] = {
	{{{-1523, -1380, 1523}, 0, {-8847, 6565}, {0xFF, 0xFF, 0xFF, 0xFF}}},
	{{{-1523, 1523, 1523}, 0, {-8848, -9109}, {0xFF, 0xFF, 0xFF, 0xFF}}},
	{{{-1523, -1378, 172}, 0, {-1549, 6565}, {0xFF, 0xFF, 0xFF, 0xFF}}},
	{{{1379, -1379, -1379}, 0, {9209, 6571}, {0xFF, 0xFF, 0xFF, 0xFF}}},
	{{{-1379, 1379, -1379}, 0, {-5693, -8331}, {0xFF, 0xFF, 0xFF, 0xFF}}},
	{{{-1379, -1379, -1379}, 0, {-5693, 6571}, {0xFF, 0xFF, 0xFF, 0xFF}}},
	{{{1379, 1379, -1379}, 0, {9209, -8331}, {0xFF, 0xFF, 0xFF, 0xFF}}},
	{{{1379, -1379, 1379}, 0, {-8069, 6571}, {0xFF, 0xFF, 0xFF, 0xFF}}},
	{{{1379, 1379, -1379}, 0, {6833, -8331}, {0xFF, 0xFF, 0xFF, 0xFF}}},
	{{{1379, -1379, -1379}, 0, {6833, 6571}, {0xFF, 0xFF, 0xFF, 0xFF}}},
	{{{1379, 1379, 1379}, 0, {-8069, -8331}, {0xFF, 0xFF, 0xFF, 0xFF}}},
	{{{-1379, -1379, 1379}, 0, {-5693, 6571}, {0xFF, 0xFF, 0xFF, 0xFF}}},
	{{{1379, 1379, 1379}, 0, {9209, -8331}, {0xFF, 0xFF, 0xFF, 0xFF}}},
	{{{1379, -1379, 1379}, 0, {9209, 6571}, {0xFF, 0xFF, 0xFF, 0xFF}}},
	{{{-1379, 1379, 1379}, 0, {-5693, -8331}, {0xFF, 0xFF, 0xFF, 0xFF}}},
	{{{1379, 1379, 1379}, 0, {9209, 9162}, {0xFF, 0xFF, 0xFF, 0xFF}}},
	{{{-1379, 1379, -1379}, 0, {-5693, -5740}, {0xFF, 0xFF, 0xFF, 0xFF}}},
	{{{1379, 1379, -1379}, 0, {9209, -5740}, {0xFF, 0xFF, 0xFF, 0xFF}}},
	{{{-1379, 1379, 1379}, 0, {-5693, 9162}, {0xFF, 0xFF, 0xFF, 0xFF}}},
	{{{-1379, -862, 172}, 0, {-5693, 2642}, {0xFF, 0xFF, 0xFF, 0xFF}}},
	{{{-1523, -862, -172}, 0, {-6471, 780}, {0xFF, 0xFF, 0xFF, 0xFF}}},
	{{{-1379, -862, -172}, 0, {-5693, 780}, {0xFF, 0xFF, 0xFF, 0xFF}}},
	{{{-1523, -862, 172}, 0, {-6471, 2642}, {0xFF, 0xFF, 0xFF, 0xFF}}},
	{{{-1379, -862, -172}, 0, {-5693, 3777}, {0xFF, 0xFF, 0xFF, 0xFF}}},
	{{{-1523, -1379, -172}, 0, {-6471, 6571}, {0xFF, 0xFF, 0xFF, 0xFF}}},
	{{{-1379, -1379, -172}, 0, {-5693, 6571}, {0xFF, 0xFF, 0xFF, 0xFF}}},
	{{{-1523, -862, -172}, 0, {-6471, 3777}, {0xFF, 0xFF, 0xFF, 0xFF}}},
	{{{-1523, -1378, 172}, 0, {-6471, 6571}, {0xFF, 0xFF, 0xFF, 0xFF}}},
	{{{-1379, -862, 172}, 0, {-5693, 3777}, {0xFF, 0xFF, 0xFF, 0xFF}}},
	{{{-1379, -1379, 172}, 0, {-5693, 6571}, {0xFF, 0xFF, 0xFF, 0xFF}}},
	{{{-1523, -862, 172}, 0, {-6471, 3777}, {0xFF, 0xFF, 0xFF, 0xFF}}},
	{{{-1523, 1523, -1523}, 0, {7611, -9109}, {0xFF, 0xFF, 0xFF, 0xFF}}},
	{{{-1523, -1380, -1523}, 0, {7611, 6565}, {0xFF, 0xFF, 0xFF, 0xFF}}},
	{{{-1523, -1379, -172}, 0, {313, 6565}, {0xFF, 0xFF, 0xFF, 0xFF}}},
	{{{-1523, -862, -172}, 0, {313, 3777}, {0xFF, 0xFF, 0xFF, 0xFF}}},
	{{{-1523, 1523, 1523}, 0, {-8848, -9109}, {0xFF, 0xFF, 0xFF, 0xFF}}},
	{{{-1523, -862, 172}, 0, {-1549, 3777}, {0xFF, 0xFF, 0xFF, 0xFF}}},
	{{{-1379, -1379, -172}, 0, {313, 6571}, {0xFF, 0xFF, 0xFF, 0xFF}}},
	{{{-1379, -1379, -1379}, 0, {6833, 6571}, {0xFF, 0xFF, 0xFF, 0xFF}}},
	{{{-1379, -862, -172}, 0, {313, 3777}, {0xFF, 0xFF, 0xFF, 0xFF}}},
	{{{-1379, 1379, -1379}, 0, {6833, -8331}, {0xFF, 0xFF, 0xFF, 0xFF}}},
	{{{-1379, -862, 172}, 0, {-1549, 3777}, {0xFF, 0xFF, 0xFF, 0xFF}}},
	{{{-1379, 1379, 1379}, 0, {-8069, -8331}, {0xFF, 0xFF, 0xFF, 0xFF}}},
	{{{-1379, -1379, 1379}, 0, {-8069, 6571}, {0xFF, 0xFF, 0xFF, 0xFF}}},
	{{{-1379, -1379, 172}, 0, {-1549, 6571}, {0xFF, 0xFF, 0xFF, 0xFF}}},
	{{{1379, -1379, -1379}, 0, {9209, -5740}, {0xFF, 0xFF, 0xFF, 0xFF}}},
	{{{-1379, -1379, -1379}, 0, {-5693, -5740}, {0xFF, 0xFF, 0xFF, 0xFF}}},
	{{{-1379, -1379, -172}, 0, {-5693, 780}, {0xFF, 0xFF, 0xFF, 0xFF}}},
	{{{-1379, -1379, 172}, 0, {-5693, 2642}, {0xFF, 0xFF, 0xFF, 0xFF}}},
	{{{-1523, -1379, -172}, 0, {-6471, 780}, {0xFF, 0xFF, 0xFF, 0xFF}}},
	{{{-1523, -1378, 172}, 0, {-6471, 2642}, {0xFF, 0xFF, 0xFF, 0xFF}}},
	{{{1379, -1379, 1379}, 0, {9209, 9162}, {0xFF, 0xFF, 0xFF, 0xFF}}},
	{{{-1379, -1379, 1379}, 0, {-5693, 9162}, {0xFF, 0xFF, 0xFF, 0xFF}}},
};

Gfx wf_dl_Cube_mesh_layer_1_tri_0[] = {
	gsSPVertex(wf_dl_Cube_mesh_layer_1_vtx_0 + 0, 31, 0),
	gsSP2Triangles(0, 1, 2, 0, 3, 4, 5, 0),
	gsSP2Triangles(3, 6, 4, 0, 7, 8, 9, 0),
	gsSP2Triangles(7, 10, 8, 0, 11, 12, 13, 0),
	gsSP2Triangles(11, 14, 12, 0, 15, 16, 17, 0),
	gsSP2Triangles(15, 18, 16, 0, 19, 20, 21, 0),
	gsSP2Triangles(19, 22, 20, 0, 23, 24, 25, 0),
	gsSP2Triangles(23, 26, 24, 0, 27, 28, 29, 0),
	gsSP2Triangles(27, 30, 28, 0, 30, 27, 1, 0),
	gsSPVertex(wf_dl_Cube_mesh_layer_1_vtx_0 + 31, 22, 0),
	gsSP2Triangles(0, 1, 2, 0, 2, 3, 0, 0),
	gsSP2Triangles(3, 4, 0, 0, 3, 5, 4, 0),
	gsSP2Triangles(6, 7, 8, 0, 7, 9, 8, 0),
	gsSP2Triangles(9, 10, 8, 0, 9, 11, 10, 0),
	gsSP2Triangles(11, 12, 10, 0, 12, 13, 10, 0),
	gsSP2Triangles(14, 15, 16, 0, 14, 16, 17, 0),
	gsSP2Triangles(18, 17, 16, 0, 18, 19, 17, 0),
	gsSP2Triangles(17, 20, 14, 0, 17, 21, 20, 0),
	gsSPEndDisplayList(),
};

Vtx wf_dl_Cube_mesh_layer_1_vtx_1[16] = {
	{{{-9952, -1380, 4770}, 0, {-6267, 894}, {0x00, 0x7F, 0x00, 0xFF}}},
	{{{-1523, -1380, 4770}, 0, {62, 7223}, {0x00, 0x7F, 0x00, 0xFF}}},
	{{{-1523, -1380, 1523}, 0, {2500, 4785}, {0x00, 0x7F, 0x00, 0xFF}}},
	{{{-9952, -1380, -4770}, 0, {896, -6269}, {0x00, 0x7F, 0x00, 0xFF}}},
	{{{-1523, -1380, -1523}, 0, {4788, 2497}, {0x00, 0x7F, 0x00, 0xFF}}},
	{{{-1523, -1380, -4770}, 0, {7225, 60}, {0x00, 0x7F, 0x00, 0xFF}}},
	{{{-1523, -1380, 1523}, 0, {2500, 4785}, {0x00, 0x7F, 0x00, 0xFF}}},
	{{{-1523, -1378, 172}, 0, {3514, 3771}, {0x00, 0x7F, 0x00, 0xFF}}},
	{{{-9952, -1380, 4770}, 0, {-6267, 894}, {0x00, 0x7F, 0x00, 0xFF}}},
	{{{-1523, -1380, -1523}, 0, {4788, 2497}, {0x00, 0x7F, 0x00, 0xFF}}},
	{{{-9952, -1380, -4770}, 0, {896, -6269}, {0x00, 0x7F, 0x00, 0xFF}}},
	{{{-1523, -1379, -172}, 0, {3773, 3512}, {0x00, 0x7F, 0x00, 0xFF}}},
	{{{-1523, -1378, 172}, 0, {3514, 3771}, {0x00, 0x7F, 0x00, 0xFF}}},
	{{{-1523, -1379, -172}, 0, {3773, 3512}, {0x00, 0x7F, 0x00, 0xFF}}},
	{{{-9952, -1380, 4770}, 0, {-6267, 894}, {0x00, 0x7F, 0x00, 0xFF}}},
	{{{-1523, -1379, -172}, 0, {3773, 3512}, {0x00, 0x7F, 0x00, 0xFF}}},
};

Gfx wf_dl_Cube_mesh_layer_1_tri_1[] = {
	gsSPVertex(wf_dl_Cube_mesh_layer_1_vtx_1 + 0, 16, 0),
	gsSP2Triangles(0, 1, 2, 0, 3, 4, 5, 0),
	gsSP2Triangles(6, 7, 8, 0, 9, 10, 11, 0),
	gsSP2Triangles(12, 13, 14, 0, 0, 15, 3, 0),
	gsSPEndDisplayList(),
};

Vtx wf_dl_Cube_mesh_layer_1_vtx_2[12] = {
	{{{-1523, 1523, -4770}, 0, {-1826, -1826}, {0xFF, 0xFF, 0xFF, 0xFF}}},
	{{{-1523, -1380, -1523}, 0, {-1826, -1826}, {0xFF, 0xFF, 0xFF, 0xFF}}},
	{{{-1523, 1523, -1523}, 0, {-1826, -1826}, {0xFF, 0xFF, 0xFF, 0xFF}}},
	{{{-1523, -1380, -4770}, 0, {-1826, -1826}, {0xFF, 0xFF, 0xFF, 0xFF}}},
	{{{-9952, 1523, -4770}, 0, {2050, -1826}, {0xFF, 0xFF, 0xFF, 0xFF}}},
	{{{-1523, 1523, 4770}, 0, {-1826, 2050}, {0xFF, 0xFF, 0xFF, 0xFF}}},
	{{{-9952, 1523, 4770}, 0, {2050, 2050}, {0xFF, 0xFF, 0xFF, 0xFF}}},
	{{{-9952, -1380, 4770}, 0, {2050, 2050}, {0xFF, 0xFF, 0xFF, 0xFF}}},
	{{{-1523, -1380, 4770}, 0, {-1826, 2050}, {0xFF, 0xFF, 0xFF, 0xFF}}},
	{{{-1523, 1523, 1523}, 0, {-1826, 2050}, {0xFF, 0xFF, 0xFF, 0xFF}}},
	{{{-1523, -1380, 1523}, 0, {-1826, 2050}, {0xFF, 0xFF, 0xFF, 0xFF}}},
	{{{-9952, -1380, -4770}, 0, {2050, -1826}, {0xFF, 0xFF, 0xFF, 0xFF}}},
};

Gfx wf_dl_Cube_mesh_layer_1_tri_2[] = {
	gsSPVertex(wf_dl_Cube_mesh_layer_1_vtx_2 + 0, 12, 0),
	gsSP2Triangles(0, 1, 2, 0, 0, 3, 1, 0),
	gsSP2Triangles(3, 0, 4, 0, 5, 4, 0, 0),
	gsSP2Triangles(5, 6, 4, 0, 7, 6, 5, 0),
	gsSP2Triangles(7, 5, 8, 0, 8, 5, 9, 0),
	gsSP2Triangles(8, 9, 10, 0, 11, 6, 7, 0),
	gsSP2Triangles(11, 4, 6, 0, 3, 4, 11, 0),
	gsSPEndDisplayList(),
};

Vtx wf_dl_madmarcus_mesh_layer_1_vtx_cull[8] = {
	{{{-148, -117, 187}, 0, {0, 0}, {0x00, 0x00, 0x00, 0x00}}},
	{{{-148, 217, 187}, 0, {0, 0}, {0x00, 0x00, 0x00, 0x00}}},
	{{{-148, 217, -315}, 0, {0, 0}, {0x00, 0x00, 0x00, 0x00}}},
	{{{-148, -117, -315}, 0, {0, 0}, {0x00, 0x00, 0x00, 0x00}}},
	{{{148, -117, 187}, 0, {0, 0}, {0x00, 0x00, 0x00, 0x00}}},
	{{{148, 217, 187}, 0, {0, 0}, {0x00, 0x00, 0x00, 0x00}}},
	{{{148, 217, -315}, 0, {0, 0}, {0x00, 0x00, 0x00, 0x00}}},
	{{{148, -117, -315}, 0, {0, 0}, {0x00, 0x00, 0x00, 0x00}}},
};

Vtx wf_dl_madmarcus_mesh_layer_1_vtx_0[4] = {
	{{{-148, -86, -315}, 0, {16, 976}, {0x00, 0xF8, 0x81, 0xFF}}},
	{{{-105, -117, -300}, 0, {976, 16}, {0x00, 0xC9, 0x8D, 0xFF}}},
	{{{-148, -117, -300}, 0, {16, 16}, {0x00, 0xC9, 0x8D, 0xFF}}},
	{{{-105, -86, -315}, 0, {976, 976}, {0x00, 0xF8, 0x81, 0xFF}}},
};

Gfx wf_dl_madmarcus_mesh_layer_1_tri_0[] = {
	gsSPVertex(wf_dl_madmarcus_mesh_layer_1_vtx_0 + 0, 4, 0),
	gsSP2Triangles(0, 1, 2, 0, 0, 3, 1, 0),
	gsSPEndDisplayList(),
};

Vtx wf_dl_madmarcus_mesh_layer_1_vtx_1[4] = {
	{{{-148, -54, -305}, 0, {16, 976}, {0x00, 0x4C, 0x9B, 0xFF}}},
	{{{-105, -86, -315}, 0, {976, 16}, {0x00, 0xF8, 0x81, 0xFF}}},
	{{{-148, -86, -315}, 0, {16, 16}, {0x00, 0xF8, 0x81, 0xFF}}},
	{{{-105, -54, -305}, 0, {976, 976}, {0x00, 0x4C, 0x9B, 0xFF}}},
};

Gfx wf_dl_madmarcus_mesh_layer_1_tri_1[] = {
	gsSPVertex(wf_dl_madmarcus_mesh_layer_1_vtx_1 + 0, 4, 0),
	gsSP2Triangles(0, 1, 2, 0, 0, 3, 1, 0),
	gsSPEndDisplayList(),
};

Vtx wf_dl_madmarcus_mesh_layer_1_vtx_2[4] = {
	{{{-148, -26, -263}, 0, {16, 976}, {0x00, 0x73, 0xCA, 0xFF}}},
	{{{-105, -54, -305}, 0, {976, 16}, {0x00, 0x4C, 0x9B, 0xFF}}},
	{{{-148, -54, -305}, 0, {16, 16}, {0x00, 0x4C, 0x9B, 0xFF}}},
	{{{-105, -26, -263}, 0, {976, 976}, {0x00, 0x73, 0xCA, 0xFF}}},
};

Gfx wf_dl_madmarcus_mesh_layer_1_tri_2[] = {
	gsSPVertex(wf_dl_madmarcus_mesh_layer_1_vtx_2 + 0, 4, 0),
	gsSP2Triangles(0, 1, 2, 0, 0, 3, 1, 0),
	gsSPEndDisplayList(),
};

Vtx wf_dl_madmarcus_mesh_layer_1_vtx_3[4] = {
	{{{-148, -5, -190}, 0, {16, 976}, {0x00, 0x7D, 0xEB, 0xFF}}},
	{{{-105, -26, -263}, 0, {976, 16}, {0x00, 0x73, 0xCA, 0xFF}}},
	{{{-148, -26, -263}, 0, {16, 16}, {0x00, 0x73, 0xCA, 0xFF}}},
	{{{-105, -5, -190}, 0, {976, 976}, {0x00, 0x7D, 0xEB, 0xFF}}},
};

Gfx wf_dl_madmarcus_mesh_layer_1_tri_3[] = {
	gsSPVertex(wf_dl_madmarcus_mesh_layer_1_vtx_3 + 0, 4, 0),
	gsSP2Triangles(0, 1, 2, 0, 0, 3, 1, 0),
	gsSPEndDisplayList(),
};

Vtx wf_dl_madmarcus_mesh_layer_1_vtx_4[4] = {
	{{{-148, 0, -103}, 0, {16, 976}, {0x00, 0x7F, 0xFC, 0xFF}}},
	{{{-105, -5, -190}, 0, {976, 16}, {0x00, 0x7D, 0xEB, 0xFF}}},
	{{{-148, -5, -190}, 0, {16, 16}, {0x00, 0x7D, 0xEB, 0xFF}}},
	{{{-105, 0, -103}, 0, {976, 976}, {0x00, 0x7F, 0xFC, 0xFF}}},
};

Gfx wf_dl_madmarcus_mesh_layer_1_tri_4[] = {
	gsSPVertex(wf_dl_madmarcus_mesh_layer_1_vtx_4 + 0, 4, 0),
	gsSP2Triangles(0, 1, 2, 0, 0, 3, 1, 0),
	gsSPEndDisplayList(),
};

Vtx wf_dl_madmarcus_mesh_layer_1_vtx_5[4] = {
	{{{-148, 0, 22}, 0, {16, 976}, {0x00, 0x71, 0xC6, 0xFF}}},
	{{{-105, 0, -103}, 0, {976, 16}, {0x00, 0x7F, 0xFC, 0xFF}}},
	{{{-148, 0, -103}, 0, {16, 16}, {0x00, 0x7F, 0xFC, 0xFF}}},
	{{{-105, 0, 22}, 0, {976, 976}, {0x00, 0x71, 0xC6, 0xFF}}},
};

Gfx wf_dl_madmarcus_mesh_layer_1_tri_5[] = {
	gsSPVertex(wf_dl_madmarcus_mesh_layer_1_vtx_5 + 0, 4, 0),
	gsSP2Triangles(0, 1, 2, 0, 0, 3, 1, 0),
	gsSPEndDisplayList(),
};

Vtx wf_dl_madmarcus_mesh_layer_1_vtx_6[4] = {
	{{{-148, 81, 81}, 0, {16, 976}, {0x00, 0x71, 0xC6, 0xFF}}},
	{{{-105, 0, 22}, 0, {976, 16}, {0x00, 0x71, 0xC6, 0xFF}}},
	{{{-148, 0, 22}, 0, {16, 16}, {0x00, 0x71, 0xC6, 0xFF}}},
	{{{-105, 81, 81}, 0, {976, 976}, {0x36, 0x6A, 0xD3, 0xFF}}},
};

Gfx wf_dl_madmarcus_mesh_layer_1_tri_6[] = {
	gsSPVertex(wf_dl_madmarcus_mesh_layer_1_vtx_6 + 0, 4, 0),
	gsSP2Triangles(0, 1, 2, 0, 0, 3, 1, 0),
	gsSPEndDisplayList(),
};

Vtx wf_dl_madmarcus_mesh_layer_1_vtx_7[4] = {
	{{{-148, 81, 180}, 0, {16, 976}, {0x00, 0x50, 0x9D, 0xFF}}},
	{{{-105, 81, 81}, 0, {976, 16}, {0x36, 0x6A, 0xD3, 0xFF}}},
	{{{-148, 81, 81}, 0, {16, 16}, {0x00, 0x71, 0xC6, 0xFF}}},
	{{{-105, 81, 180}, 0, {976, 976}, {0xF6, 0x31, 0x8B, 0xFF}}},
};

Gfx wf_dl_madmarcus_mesh_layer_1_tri_7[] = {
	gsSPVertex(wf_dl_madmarcus_mesh_layer_1_vtx_7 + 0, 4, 0),
	gsSP2Triangles(0, 1, 2, 0, 0, 3, 1, 0),
	gsSPEndDisplayList(),
};

Vtx wf_dl_madmarcus_mesh_layer_1_vtx_8[4] = {
	{{{-148, 159, 163}, 0, {16, 976}, {0x00, 0x13, 0x82, 0xFF}}},
	{{{-105, 81, 180}, 0, {976, 16}, {0xF6, 0x31, 0x8B, 0xFF}}},
	{{{-148, 81, 180}, 0, {16, 16}, {0x00, 0x50, 0x9D, 0xFF}}},
	{{{-105, 159, 163}, 0, {976, 976}, {0xFC, 0x18, 0x83, 0xFF}}},
};

Gfx wf_dl_madmarcus_mesh_layer_1_tri_8[] = {
	gsSPVertex(wf_dl_madmarcus_mesh_layer_1_vtx_8 + 0, 4, 0),
	gsSP2Triangles(0, 1, 2, 0, 0, 3, 1, 0),
	gsSPEndDisplayList(),
};

Vtx wf_dl_madmarcus_mesh_layer_1_vtx_9[4] = {
	{{{-148, 201, 187}, 0, {16, 976}, {0x00, 0x20, 0x85, 0xFF}}},
	{{{-105, 159, 163}, 0, {976, 16}, {0xFC, 0x18, 0x83, 0xFF}}},
	{{{-148, 159, 163}, 0, {16, 16}, {0x00, 0x13, 0x82, 0xFF}}},
	{{{-105, 201, 187}, 0, {976, 976}, {0x00, 0x20, 0x85, 0xFF}}},
};

Gfx wf_dl_madmarcus_mesh_layer_1_tri_9[] = {
	gsSPVertex(wf_dl_madmarcus_mesh_layer_1_vtx_9 + 0, 4, 0),
	gsSP2Triangles(0, 1, 2, 0, 0, 3, 1, 0),
	gsSPEndDisplayList(),
};

Vtx wf_dl_madmarcus_mesh_layer_1_vtx_10[4] = {
	{{{-105, -86, -315}, 0, {16, 976}, {0x00, 0xF8, 0x81, 0xFF}}},
	{{{-63, -117, -300}, 0, {976, 16}, {0x00, 0xC9, 0x8D, 0xFF}}},
	{{{-105, -117, -300}, 0, {16, 16}, {0x00, 0xC9, 0x8D, 0xFF}}},
	{{{-63, -86, -315}, 0, {976, 976}, {0x00, 0xF8, 0x81, 0xFF}}},
};

Gfx wf_dl_madmarcus_mesh_layer_1_tri_10[] = {
	gsSPVertex(wf_dl_madmarcus_mesh_layer_1_vtx_10 + 0, 4, 0),
	gsSP2Triangles(0, 1, 2, 0, 0, 3, 1, 0),
	gsSPEndDisplayList(),
};

Vtx wf_dl_madmarcus_mesh_layer_1_vtx_11[4] = {
	{{{-105, -54, -305}, 0, {16, 976}, {0x00, 0x4C, 0x9B, 0xFF}}},
	{{{-63, -86, -315}, 0, {976, 16}, {0x00, 0xF8, 0x81, 0xFF}}},
	{{{-105, -86, -315}, 0, {16, 16}, {0x00, 0xF8, 0x81, 0xFF}}},
	{{{-63, -54, -305}, 0, {976, 976}, {0x00, 0x4C, 0x9B, 0xFF}}},
};

Gfx wf_dl_madmarcus_mesh_layer_1_tri_11[] = {
	gsSPVertex(wf_dl_madmarcus_mesh_layer_1_vtx_11 + 0, 4, 0),
	gsSP2Triangles(0, 1, 2, 0, 0, 3, 1, 0),
	gsSPEndDisplayList(),
};

Vtx wf_dl_madmarcus_mesh_layer_1_vtx_12[4] = {
	{{{-105, -26, -263}, 0, {16, 976}, {0x00, 0x73, 0xCA, 0xFF}}},
	{{{-63, -54, -305}, 0, {976, 16}, {0x00, 0x4C, 0x9B, 0xFF}}},
	{{{-105, -54, -305}, 0, {16, 16}, {0x00, 0x4C, 0x9B, 0xFF}}},
	{{{-63, -26, -263}, 0, {976, 976}, {0x00, 0x73, 0xCA, 0xFF}}},
};

Gfx wf_dl_madmarcus_mesh_layer_1_tri_12[] = {
	gsSPVertex(wf_dl_madmarcus_mesh_layer_1_vtx_12 + 0, 4, 0),
	gsSP2Triangles(0, 1, 2, 0, 0, 3, 1, 0),
	gsSPEndDisplayList(),
};

Vtx wf_dl_madmarcus_mesh_layer_1_vtx_13[4] = {
	{{{-105, -5, -190}, 0, {16, 976}, {0x00, 0x7D, 0xEB, 0xFF}}},
	{{{-63, -26, -263}, 0, {976, 16}, {0x00, 0x73, 0xCA, 0xFF}}},
	{{{-105, -26, -263}, 0, {16, 16}, {0x00, 0x73, 0xCA, 0xFF}}},
	{{{-63, -5, -190}, 0, {976, 976}, {0x00, 0x7D, 0xEB, 0xFF}}},
};

Gfx wf_dl_madmarcus_mesh_layer_1_tri_13[] = {
	gsSPVertex(wf_dl_madmarcus_mesh_layer_1_vtx_13 + 0, 4, 0),
	gsSP2Triangles(0, 1, 2, 0, 0, 3, 1, 0),
	gsSPEndDisplayList(),
};

Vtx wf_dl_madmarcus_mesh_layer_1_vtx_14[4] = {
	{{{-105, 0, -103}, 0, {16, 976}, {0x00, 0x7F, 0xFC, 0xFF}}},
	{{{-63, -5, -190}, 0, {976, 16}, {0x00, 0x7D, 0xEB, 0xFF}}},
	{{{-105, -5, -190}, 0, {16, 16}, {0x00, 0x7D, 0xEB, 0xFF}}},
	{{{-63, 0, -103}, 0, {976, 976}, {0x00, 0x7F, 0xFC, 0xFF}}},
};

Gfx wf_dl_madmarcus_mesh_layer_1_tri_14[] = {
	gsSPVertex(wf_dl_madmarcus_mesh_layer_1_vtx_14 + 0, 4, 0),
	gsSP2Triangles(0, 1, 2, 0, 0, 3, 1, 0),
	gsSPEndDisplayList(),
};

Vtx wf_dl_madmarcus_mesh_layer_1_vtx_15[4] = {
	{{{-105, 0, 22}, 0, {16, 976}, {0x00, 0x71, 0xC6, 0xFF}}},
	{{{-63, 0, -103}, 0, {976, 16}, {0x00, 0x7F, 0xFC, 0xFF}}},
	{{{-105, 0, -103}, 0, {16, 16}, {0x00, 0x7F, 0xFC, 0xFF}}},
	{{{-63, 0, 22}, 0, {976, 976}, {0x13, 0x7C, 0xEC, 0xFF}}},
};

Gfx wf_dl_madmarcus_mesh_layer_1_tri_15[] = {
	gsSPVertex(wf_dl_madmarcus_mesh_layer_1_vtx_15 + 0, 4, 0),
	gsSP2Triangles(0, 1, 2, 0, 0, 3, 1, 0),
	gsSPEndDisplayList(),
};

Vtx wf_dl_madmarcus_mesh_layer_1_vtx_16[4] = {
	{{{-105, 81, 81}, 0, {16, 976}, {0x36, 0x6A, 0xD3, 0xFF}}},
	{{{-63, 0, 22}, 0, {976, 16}, {0x13, 0x7C, 0xEC, 0xFF}}},
	{{{-105, 0, 22}, 0, {16, 16}, {0x00, 0x71, 0xC6, 0xFF}}},
	{{{-63, 0, 64}, 0, {976, 976}, {0x42, 0x6D, 0x00, 0xFF}}},
};

Gfx wf_dl_madmarcus_mesh_layer_1_tri_16[] = {
	gsSPVertex(wf_dl_madmarcus_mesh_layer_1_vtx_16 + 0, 4, 0),
	gsSP2Triangles(0, 1, 2, 0, 0, 3, 1, 0),
	gsSPEndDisplayList(),
};

Vtx wf_dl_madmarcus_mesh_layer_1_vtx_17[4] = {
	{{{-105, 81, 180}, 0, {16, 976}, {0xF6, 0x31, 0x8B, 0xFF}}},
	{{{-63, 0, 64}, 0, {976, 16}, {0x42, 0x6D, 0x00, 0xFF}}},
	{{{-105, 81, 81}, 0, {16, 16}, {0x36, 0x6A, 0xD3, 0xFF}}},
	{{{-63, 0, 163}, 0, {976, 976}, {0x34, 0x57, 0xB3, 0xFF}}},
};

Gfx wf_dl_madmarcus_mesh_layer_1_tri_17[] = {
	gsSPVertex(wf_dl_madmarcus_mesh_layer_1_vtx_17 + 0, 4, 0),
	gsSP2Triangles(0, 1, 2, 0, 0, 3, 1, 0),
	gsSPEndDisplayList(),
};

Vtx wf_dl_madmarcus_mesh_layer_1_vtx_18[4] = {
	{{{-105, 159, 163}, 0, {16, 976}, {0xFC, 0x18, 0x83, 0xFF}}},
	{{{-63, 0, 163}, 0, {976, 16}, {0x34, 0x57, 0xB3, 0xFF}}},
	{{{-105, 81, 180}, 0, {16, 16}, {0xF6, 0x31, 0x8B, 0xFF}}},
	{{{-63, 159, 163}, 0, {976, 976}, {0x00, 0x20, 0x85, 0xFF}}},
};

Gfx wf_dl_madmarcus_mesh_layer_1_tri_18[] = {
	gsSPVertex(wf_dl_madmarcus_mesh_layer_1_vtx_18 + 0, 4, 0),
	gsSP2Triangles(0, 1, 2, 0, 0, 3, 1, 0),
	gsSPEndDisplayList(),
};

Vtx wf_dl_madmarcus_mesh_layer_1_vtx_19[4] = {
	{{{-105, 201, 187}, 0, {16, 976}, {0x00, 0x20, 0x85, 0xFF}}},
	{{{-63, 159, 163}, 0, {976, 16}, {0x00, 0x20, 0x85, 0xFF}}},
	{{{-105, 159, 163}, 0, {16, 16}, {0xFC, 0x18, 0x83, 0xFF}}},
	{{{-63, 201, 187}, 0, {976, 976}, {0x00, 0x20, 0x85, 0xFF}}},
};

Gfx wf_dl_madmarcus_mesh_layer_1_tri_19[] = {
	gsSPVertex(wf_dl_madmarcus_mesh_layer_1_vtx_19 + 0, 4, 0),
	gsSP2Triangles(0, 1, 2, 0, 0, 3, 1, 0),
	gsSPEndDisplayList(),
};

Vtx wf_dl_madmarcus_mesh_layer_1_vtx_20[4] = {
	{{{-63, -86, -315}, 0, {16, 976}, {0x00, 0xF8, 0x81, 0xFF}}},
	{{{-21, -117, -300}, 0, {976, 16}, {0x00, 0xC9, 0x8D, 0xFF}}},
	{{{-63, -117, -300}, 0, {16, 16}, {0x00, 0xC9, 0x8D, 0xFF}}},
	{{{-21, -86, -315}, 0, {976, 976}, {0x00, 0xF8, 0x81, 0xFF}}},
};

Gfx wf_dl_madmarcus_mesh_layer_1_tri_20[] = {
	gsSPVertex(wf_dl_madmarcus_mesh_layer_1_vtx_20 + 0, 4, 0),
	gsSP2Triangles(0, 1, 2, 0, 0, 3, 1, 0),
	gsSPEndDisplayList(),
};

Vtx wf_dl_madmarcus_mesh_layer_1_vtx_21[4] = {
	{{{-63, -54, -305}, 0, {16, 976}, {0x00, 0x4C, 0x9B, 0xFF}}},
	{{{-21, -86, -315}, 0, {976, 16}, {0x00, 0xF8, 0x81, 0xFF}}},
	{{{-63, -86, -315}, 0, {16, 16}, {0x00, 0xF8, 0x81, 0xFF}}},
	{{{-21, -54, -305}, 0, {976, 976}, {0x00, 0x4C, 0x9B, 0xFF}}},
};

Gfx wf_dl_madmarcus_mesh_layer_1_tri_21[] = {
	gsSPVertex(wf_dl_madmarcus_mesh_layer_1_vtx_21 + 0, 4, 0),
	gsSP2Triangles(0, 1, 2, 0, 0, 3, 1, 0),
	gsSPEndDisplayList(),
};

Vtx wf_dl_madmarcus_mesh_layer_1_vtx_22[4] = {
	{{{-63, -26, -263}, 0, {16, 976}, {0x00, 0x73, 0xCA, 0xFF}}},
	{{{-21, -54, -305}, 0, {976, 16}, {0x00, 0x4C, 0x9B, 0xFF}}},
	{{{-63, -54, -305}, 0, {16, 16}, {0x00, 0x4C, 0x9B, 0xFF}}},
	{{{-21, -26, -263}, 0, {976, 976}, {0x00, 0x73, 0xCA, 0xFF}}},
};

Gfx wf_dl_madmarcus_mesh_layer_1_tri_22[] = {
	gsSPVertex(wf_dl_madmarcus_mesh_layer_1_vtx_22 + 0, 4, 0),
	gsSP2Triangles(0, 1, 2, 0, 0, 3, 1, 0),
	gsSPEndDisplayList(),
};

Vtx wf_dl_madmarcus_mesh_layer_1_vtx_23[4] = {
	{{{-63, -5, -190}, 0, {16, 976}, {0x00, 0x7D, 0xEB, 0xFF}}},
	{{{-21, -26, -263}, 0, {976, 16}, {0x00, 0x73, 0xCA, 0xFF}}},
	{{{-63, -26, -263}, 0, {16, 16}, {0x00, 0x73, 0xCA, 0xFF}}},
	{{{-21, -5, -190}, 0, {976, 976}, {0x00, 0x7D, 0xEB, 0xFF}}},
};

Gfx wf_dl_madmarcus_mesh_layer_1_tri_23[] = {
	gsSPVertex(wf_dl_madmarcus_mesh_layer_1_vtx_23 + 0, 4, 0),
	gsSP2Triangles(0, 1, 2, 0, 0, 3, 1, 0),
	gsSPEndDisplayList(),
};

Vtx wf_dl_madmarcus_mesh_layer_1_vtx_24[4] = {
	{{{-63, 0, -103}, 0, {16, 976}, {0x00, 0x7F, 0xFC, 0xFF}}},
	{{{-21, -5, -190}, 0, {976, 16}, {0x00, 0x7D, 0xEB, 0xFF}}},
	{{{-63, -5, -190}, 0, {16, 16}, {0x00, 0x7D, 0xEB, 0xFF}}},
	{{{-21, 0, -103}, 0, {976, 976}, {0x00, 0x7F, 0xFC, 0xFF}}},
};

Gfx wf_dl_madmarcus_mesh_layer_1_tri_24[] = {
	gsSPVertex(wf_dl_madmarcus_mesh_layer_1_vtx_24 + 0, 4, 0),
	gsSP2Triangles(0, 1, 2, 0, 0, 3, 1, 0),
	gsSPEndDisplayList(),
};

Vtx wf_dl_madmarcus_mesh_layer_1_vtx_25[4] = {
	{{{-63, 0, 22}, 0, {16, 976}, {0x13, 0x7C, 0xEC, 0xFF}}},
	{{{-21, 0, -103}, 0, {976, 16}, {0x00, 0x7F, 0xFC, 0xFF}}},
	{{{-63, 0, -103}, 0, {16, 16}, {0x00, 0x7F, 0xFC, 0xFF}}},
	{{{-21, 0, 22}, 0, {976, 976}, {0x00, 0x7F, 0x00, 0xFF}}},
};

Gfx wf_dl_madmarcus_mesh_layer_1_tri_25[] = {
	gsSPVertex(wf_dl_madmarcus_mesh_layer_1_vtx_25 + 0, 4, 0),
	gsSP2Triangles(0, 1, 2, 0, 0, 3, 1, 0),
	gsSPEndDisplayList(),
};

Vtx wf_dl_madmarcus_mesh_layer_1_vtx_26[4] = {
	{{{-63, 0, 64}, 0, {16, 976}, {0x42, 0x6D, 0x00, 0xFF}}},
	{{{-21, 0, 22}, 0, {976, 16}, {0x00, 0x7F, 0x00, 0xFF}}},
	{{{-63, 0, 22}, 0, {16, 16}, {0x13, 0x7C, 0xEC, 0xFF}}},
	{{{-21, 0, 64}, 0, {976, 976}, {0x00, 0x7F, 0x00, 0xFF}}},
};

Gfx wf_dl_madmarcus_mesh_layer_1_tri_26[] = {
	gsSPVertex(wf_dl_madmarcus_mesh_layer_1_vtx_26 + 0, 4, 0),
	gsSP2Triangles(0, 1, 2, 0, 0, 3, 1, 0),
	gsSPEndDisplayList(),
};

Vtx wf_dl_madmarcus_mesh_layer_1_vtx_27[4] = {
	{{{-63, 0, 163}, 0, {16, 976}, {0x34, 0x57, 0xB3, 0xFF}}},
	{{{-21, 0, 64}, 0, {976, 16}, {0x00, 0x7F, 0x00, 0xFF}}},
	{{{-63, 0, 64}, 0, {16, 16}, {0x42, 0x6D, 0x00, 0xFF}}},
	{{{-21, 0, 163}, 0, {976, 976}, {0x00, 0x5A, 0xA6, 0xFF}}},
};

Gfx wf_dl_madmarcus_mesh_layer_1_tri_27[] = {
	gsSPVertex(wf_dl_madmarcus_mesh_layer_1_vtx_27 + 0, 4, 0),
	gsSP2Triangles(0, 1, 2, 0, 0, 3, 1, 0),
	gsSPEndDisplayList(),
};

Vtx wf_dl_madmarcus_mesh_layer_1_vtx_28[4] = {
	{{{-63, 159, 163}, 0, {16, 976}, {0x00, 0x20, 0x85, 0xFF}}},
	{{{-21, 0, 163}, 0, {976, 16}, {0x00, 0x5A, 0xA6, 0xFF}}},
	{{{-63, 0, 163}, 0, {16, 16}, {0x34, 0x57, 0xB3, 0xFF}}},
	{{{-21, 159, 163}, 0, {976, 976}, {0x00, 0x20, 0x85, 0xFF}}},
};

Gfx wf_dl_madmarcus_mesh_layer_1_tri_28[] = {
	gsSPVertex(wf_dl_madmarcus_mesh_layer_1_vtx_28 + 0, 4, 0),
	gsSP2Triangles(0, 1, 2, 0, 0, 3, 1, 0),
	gsSPEndDisplayList(),
};

Vtx wf_dl_madmarcus_mesh_layer_1_vtx_29[4] = {
	{{{-63, 201, 187}, 0, {16, 976}, {0x00, 0x20, 0x85, 0xFF}}},
	{{{-21, 159, 163}, 0, {976, 16}, {0x00, 0x20, 0x85, 0xFF}}},
	{{{-63, 159, 163}, 0, {16, 16}, {0x00, 0x20, 0x85, 0xFF}}},
	{{{-21, 201, 187}, 0, {976, 976}, {0x00, 0x20, 0x85, 0xFF}}},
};

Gfx wf_dl_madmarcus_mesh_layer_1_tri_29[] = {
	gsSPVertex(wf_dl_madmarcus_mesh_layer_1_vtx_29 + 0, 4, 0),
	gsSP2Triangles(0, 1, 2, 0, 0, 3, 1, 0),
	gsSPEndDisplayList(),
};

Vtx wf_dl_madmarcus_mesh_layer_1_vtx_30[4] = {
	{{{-21, -86, -315}, 0, {16, 976}, {0x00, 0xF8, 0x81, 0xFF}}},
	{{{21, -117, -300}, 0, {976, 16}, {0x00, 0xC9, 0x8D, 0xFF}}},
	{{{-21, -117, -300}, 0, {16, 16}, {0x00, 0xC9, 0x8D, 0xFF}}},
	{{{21, -86, -315}, 0, {976, 976}, {0x00, 0xF8, 0x81, 0xFF}}},
};

Gfx wf_dl_madmarcus_mesh_layer_1_tri_30[] = {
	gsSPVertex(wf_dl_madmarcus_mesh_layer_1_vtx_30 + 0, 4, 0),
	gsSP2Triangles(0, 1, 2, 0, 0, 3, 1, 0),
	gsSPEndDisplayList(),
};

Vtx wf_dl_madmarcus_mesh_layer_1_vtx_31[4] = {
	{{{-21, -54, -305}, 0, {16, 976}, {0x00, 0x4C, 0x9B, 0xFF}}},
	{{{21, -86, -315}, 0, {976, 16}, {0x00, 0xF8, 0x81, 0xFF}}},
	{{{-21, -86, -315}, 0, {16, 16}, {0x00, 0xF8, 0x81, 0xFF}}},
	{{{21, -54, -305}, 0, {976, 976}, {0x00, 0x4C, 0x9B, 0xFF}}},
};

Gfx wf_dl_madmarcus_mesh_layer_1_tri_31[] = {
	gsSPVertex(wf_dl_madmarcus_mesh_layer_1_vtx_31 + 0, 4, 0),
	gsSP2Triangles(0, 1, 2, 0, 0, 3, 1, 0),
	gsSPEndDisplayList(),
};

Vtx wf_dl_madmarcus_mesh_layer_1_vtx_32[4] = {
	{{{-21, -26, -263}, 0, {16, 976}, {0x00, 0x73, 0xCA, 0xFF}}},
	{{{21, -54, -305}, 0, {976, 16}, {0x00, 0x4C, 0x9B, 0xFF}}},
	{{{-21, -54, -305}, 0, {16, 16}, {0x00, 0x4C, 0x9B, 0xFF}}},
	{{{21, -26, -263}, 0, {976, 976}, {0x00, 0x73, 0xCA, 0xFF}}},
};

Gfx wf_dl_madmarcus_mesh_layer_1_tri_32[] = {
	gsSPVertex(wf_dl_madmarcus_mesh_layer_1_vtx_32 + 0, 4, 0),
	gsSP2Triangles(0, 1, 2, 0, 0, 3, 1, 0),
	gsSPEndDisplayList(),
};

Vtx wf_dl_madmarcus_mesh_layer_1_vtx_33[4] = {
	{{{-21, -5, -190}, 0, {16, 976}, {0x00, 0x7D, 0xEB, 0xFF}}},
	{{{21, -26, -263}, 0, {976, 16}, {0x00, 0x73, 0xCA, 0xFF}}},
	{{{-21, -26, -263}, 0, {16, 16}, {0x00, 0x73, 0xCA, 0xFF}}},
	{{{21, -5, -190}, 0, {976, 976}, {0x00, 0x7D, 0xEB, 0xFF}}},
};

Gfx wf_dl_madmarcus_mesh_layer_1_tri_33[] = {
	gsSPVertex(wf_dl_madmarcus_mesh_layer_1_vtx_33 + 0, 4, 0),
	gsSP2Triangles(0, 1, 2, 0, 0, 3, 1, 0),
	gsSPEndDisplayList(),
};

Vtx wf_dl_madmarcus_mesh_layer_1_vtx_34[4] = {
	{{{-21, 0, -103}, 0, {16, 976}, {0x00, 0x7F, 0xFC, 0xFF}}},
	{{{21, -5, -190}, 0, {976, 16}, {0x00, 0x7D, 0xEB, 0xFF}}},
	{{{-21, -5, -190}, 0, {16, 16}, {0x00, 0x7D, 0xEB, 0xFF}}},
	{{{21, 0, -103}, 0, {976, 976}, {0x00, 0x7F, 0xFC, 0xFF}}},
};

Gfx wf_dl_madmarcus_mesh_layer_1_tri_34[] = {
	gsSPVertex(wf_dl_madmarcus_mesh_layer_1_vtx_34 + 0, 4, 0),
	gsSP2Triangles(0, 1, 2, 0, 0, 3, 1, 0),
	gsSPEndDisplayList(),
};

Vtx wf_dl_madmarcus_mesh_layer_1_vtx_35[4] = {
	{{{-21, 0, 22}, 0, {16, 976}, {0x00, 0x7F, 0x00, 0xFF}}},
	{{{21, 0, -103}, 0, {976, 16}, {0x00, 0x7F, 0xFC, 0xFF}}},
	{{{-21, 0, -103}, 0, {16, 16}, {0x00, 0x7F, 0xFC, 0xFF}}},
	{{{21, 0, 22}, 0, {976, 976}, {0x00, 0x7F, 0x00, 0xFF}}},
};

Gfx wf_dl_madmarcus_mesh_layer_1_tri_35[] = {
	gsSPVertex(wf_dl_madmarcus_mesh_layer_1_vtx_35 + 0, 4, 0),
	gsSP2Triangles(0, 1, 2, 0, 0, 3, 1, 0),
	gsSPEndDisplayList(),
};

Vtx wf_dl_madmarcus_mesh_layer_1_vtx_36[4] = {
	{{{-21, 0, 64}, 0, {16, 976}, {0x00, 0x7F, 0x00, 0xFF}}},
	{{{21, 0, 22}, 0, {976, 16}, {0x00, 0x7F, 0x00, 0xFF}}},
	{{{-21, 0, 22}, 0, {16, 16}, {0x00, 0x7F, 0x00, 0xFF}}},
	{{{21, 0, 64}, 0, {976, 976}, {0x00, 0x7F, 0x00, 0xFF}}},
};

Gfx wf_dl_madmarcus_mesh_layer_1_tri_36[] = {
	gsSPVertex(wf_dl_madmarcus_mesh_layer_1_vtx_36 + 0, 4, 0),
	gsSP2Triangles(0, 1, 2, 0, 0, 3, 1, 0),
	gsSPEndDisplayList(),
};

Vtx wf_dl_madmarcus_mesh_layer_1_vtx_37[4] = {
	{{{-21, 0, 163}, 0, {16, 976}, {0x00, 0x5A, 0xA6, 0xFF}}},
	{{{21, 0, 64}, 0, {976, 16}, {0x00, 0x7F, 0x00, 0xFF}}},
	{{{-21, 0, 64}, 0, {16, 16}, {0x00, 0x7F, 0x00, 0xFF}}},
	{{{21, 0, 163}, 0, {976, 976}, {0x00, 0x5A, 0xA6, 0xFF}}},
};

Gfx wf_dl_madmarcus_mesh_layer_1_tri_37[] = {
	gsSPVertex(wf_dl_madmarcus_mesh_layer_1_vtx_37 + 0, 4, 0),
	gsSP2Triangles(0, 1, 2, 0, 0, 3, 1, 0),
	gsSPEndDisplayList(),
};

Vtx wf_dl_madmarcus_mesh_layer_1_vtx_38[4] = {
	{{{-21, 159, 163}, 0, {16, 976}, {0x00, 0x20, 0x85, 0xFF}}},
	{{{21, 0, 163}, 0, {976, 16}, {0x00, 0x5A, 0xA6, 0xFF}}},
	{{{-21, 0, 163}, 0, {16, 16}, {0x00, 0x5A, 0xA6, 0xFF}}},
	{{{21, 159, 163}, 0, {976, 976}, {0x00, 0x20, 0x85, 0xFF}}},
};

Gfx wf_dl_madmarcus_mesh_layer_1_tri_38[] = {
	gsSPVertex(wf_dl_madmarcus_mesh_layer_1_vtx_38 + 0, 4, 0),
	gsSP2Triangles(0, 1, 2, 0, 0, 3, 1, 0),
	gsSPEndDisplayList(),
};

Vtx wf_dl_madmarcus_mesh_layer_1_vtx_39[4] = {
	{{{-21, 201, 187}, 0, {16, 976}, {0x00, 0x20, 0x85, 0xFF}}},
	{{{21, 159, 163}, 0, {976, 16}, {0x00, 0x20, 0x85, 0xFF}}},
	{{{-21, 159, 163}, 0, {16, 16}, {0x00, 0x20, 0x85, 0xFF}}},
	{{{21, 201, 187}, 0, {976, 976}, {0x00, 0x20, 0x85, 0xFF}}},
};

Gfx wf_dl_madmarcus_mesh_layer_1_tri_39[] = {
	gsSPVertex(wf_dl_madmarcus_mesh_layer_1_vtx_39 + 0, 4, 0),
	gsSP2Triangles(0, 1, 2, 0, 0, 3, 1, 0),
	gsSPEndDisplayList(),
};

Vtx wf_dl_madmarcus_mesh_layer_1_vtx_40[4] = {
	{{{21, -86, -315}, 0, {16, 976}, {0x00, 0xF8, 0x81, 0xFF}}},
	{{{63, -117, -300}, 0, {976, 16}, {0x00, 0xC9, 0x8D, 0xFF}}},
	{{{21, -117, -300}, 0, {16, 16}, {0x00, 0xC9, 0x8D, 0xFF}}},
	{{{63, -86, -315}, 0, {976, 976}, {0x00, 0xF8, 0x81, 0xFF}}},
};

Gfx wf_dl_madmarcus_mesh_layer_1_tri_40[] = {
	gsSPVertex(wf_dl_madmarcus_mesh_layer_1_vtx_40 + 0, 4, 0),
	gsSP2Triangles(0, 1, 2, 0, 0, 3, 1, 0),
	gsSPEndDisplayList(),
};

Vtx wf_dl_madmarcus_mesh_layer_1_vtx_41[4] = {
	{{{21, -54, -305}, 0, {16, 976}, {0x00, 0x4C, 0x9B, 0xFF}}},
	{{{63, -86, -315}, 0, {976, 16}, {0x00, 0xF8, 0x81, 0xFF}}},
	{{{21, -86, -315}, 0, {16, 16}, {0x00, 0xF8, 0x81, 0xFF}}},
	{{{63, -54, -305}, 0, {976, 976}, {0x00, 0x4C, 0x9B, 0xFF}}},
};

Gfx wf_dl_madmarcus_mesh_layer_1_tri_41[] = {
	gsSPVertex(wf_dl_madmarcus_mesh_layer_1_vtx_41 + 0, 4, 0),
	gsSP2Triangles(0, 1, 2, 0, 0, 3, 1, 0),
	gsSPEndDisplayList(),
};

Vtx wf_dl_madmarcus_mesh_layer_1_vtx_42[4] = {
	{{{21, -26, -263}, 0, {16, 976}, {0x00, 0x73, 0xCA, 0xFF}}},
	{{{63, -54, -305}, 0, {976, 16}, {0x00, 0x4C, 0x9B, 0xFF}}},
	{{{21, -54, -305}, 0, {16, 16}, {0x00, 0x4C, 0x9B, 0xFF}}},
	{{{63, -26, -263}, 0, {976, 976}, {0x00, 0x73, 0xCA, 0xFF}}},
};

Gfx wf_dl_madmarcus_mesh_layer_1_tri_42[] = {
	gsSPVertex(wf_dl_madmarcus_mesh_layer_1_vtx_42 + 0, 4, 0),
	gsSP2Triangles(0, 1, 2, 0, 0, 3, 1, 0),
	gsSPEndDisplayList(),
};

Vtx wf_dl_madmarcus_mesh_layer_1_vtx_43[4] = {
	{{{21, -5, -190}, 0, {16, 976}, {0x00, 0x7D, 0xEB, 0xFF}}},
	{{{63, -26, -263}, 0, {976, 16}, {0x00, 0x73, 0xCA, 0xFF}}},
	{{{21, -26, -263}, 0, {16, 16}, {0x00, 0x73, 0xCA, 0xFF}}},
	{{{63, -5, -190}, 0, {976, 976}, {0x00, 0x7D, 0xEB, 0xFF}}},
};

Gfx wf_dl_madmarcus_mesh_layer_1_tri_43[] = {
	gsSPVertex(wf_dl_madmarcus_mesh_layer_1_vtx_43 + 0, 4, 0),
	gsSP2Triangles(0, 1, 2, 0, 0, 3, 1, 0),
	gsSPEndDisplayList(),
};

Vtx wf_dl_madmarcus_mesh_layer_1_vtx_44[4] = {
	{{{21, 0, -103}, 0, {16, 976}, {0x00, 0x7F, 0xFC, 0xFF}}},
	{{{63, -5, -190}, 0, {976, 16}, {0x00, 0x7D, 0xEB, 0xFF}}},
	{{{21, -5, -190}, 0, {16, 16}, {0x00, 0x7D, 0xEB, 0xFF}}},
	{{{63, 0, -103}, 0, {976, 976}, {0x00, 0x7F, 0xFC, 0xFF}}},
};

Gfx wf_dl_madmarcus_mesh_layer_1_tri_44[] = {
	gsSPVertex(wf_dl_madmarcus_mesh_layer_1_vtx_44 + 0, 4, 0),
	gsSP2Triangles(0, 1, 2, 0, 0, 3, 1, 0),
	gsSPEndDisplayList(),
};

Vtx wf_dl_madmarcus_mesh_layer_1_vtx_45[4] = {
	{{{21, 0, 22}, 0, {16, 976}, {0x00, 0x7F, 0x00, 0xFF}}},
	{{{63, 0, -103}, 0, {976, 16}, {0x00, 0x7F, 0xFC, 0xFF}}},
	{{{21, 0, -103}, 0, {16, 16}, {0x00, 0x7F, 0xFC, 0xFF}}},
	{{{63, 0, 22}, 0, {976, 976}, {0x00, 0x7F, 0x00, 0xFF}}},
};

Gfx wf_dl_madmarcus_mesh_layer_1_tri_45[] = {
	gsSPVertex(wf_dl_madmarcus_mesh_layer_1_vtx_45 + 0, 4, 0),
	gsSP2Triangles(0, 1, 2, 0, 0, 3, 1, 0),
	gsSPEndDisplayList(),
};

Vtx wf_dl_madmarcus_mesh_layer_1_vtx_46[4] = {
	{{{21, 0, 64}, 0, {16, 976}, {0x00, 0x7F, 0x00, 0xFF}}},
	{{{63, 0, 22}, 0, {976, 16}, {0x00, 0x7F, 0x00, 0xFF}}},
	{{{21, 0, 22}, 0, {16, 16}, {0x00, 0x7F, 0x00, 0xFF}}},
	{{{63, 0, 64}, 0, {976, 976}, {0xD1, 0x74, 0xED, 0xFF}}},
};

Gfx wf_dl_madmarcus_mesh_layer_1_tri_46[] = {
	gsSPVertex(wf_dl_madmarcus_mesh_layer_1_vtx_46 + 0, 4, 0),
	gsSP2Triangles(0, 1, 2, 0, 0, 3, 1, 0),
	gsSPEndDisplayList(),
};

Vtx wf_dl_madmarcus_mesh_layer_1_vtx_47[4] = {
	{{{21, 0, 163}, 0, {16, 976}, {0x00, 0x5A, 0xA6, 0xFF}}},
	{{{63, 0, 64}, 0, {976, 16}, {0xD1, 0x74, 0xED, 0xFF}}},
	{{{21, 0, 64}, 0, {16, 16}, {0x00, 0x7F, 0x00, 0xFF}}},
	{{{63, 0, 163}, 0, {976, 976}, {0xCD, 0x58, 0xB4, 0xFF}}},
};

Gfx wf_dl_madmarcus_mesh_layer_1_tri_47[] = {
	gsSPVertex(wf_dl_madmarcus_mesh_layer_1_vtx_47 + 0, 4, 0),
	gsSP2Triangles(0, 1, 2, 0, 0, 3, 1, 0),
	gsSPEndDisplayList(),
};

Vtx wf_dl_madmarcus_mesh_layer_1_vtx_48[4] = {
	{{{21, 159, 163}, 0, {16, 976}, {0x00, 0x20, 0x85, 0xFF}}},
	{{{63, 0, 163}, 0, {976, 16}, {0xCD, 0x58, 0xB4, 0xFF}}},
	{{{21, 0, 163}, 0, {16, 16}, {0x00, 0x5A, 0xA6, 0xFF}}},
	{{{63, 159, 163}, 0, {976, 976}, {0x04, 0x1B, 0x84, 0xFF}}},
};

Gfx wf_dl_madmarcus_mesh_layer_1_tri_48[] = {
	gsSPVertex(wf_dl_madmarcus_mesh_layer_1_vtx_48 + 0, 4, 0),
	gsSP2Triangles(0, 1, 2, 0, 0, 3, 1, 0),
	gsSPEndDisplayList(),
};

Vtx wf_dl_madmarcus_mesh_layer_1_vtx_49[4] = {
	{{{21, 201, 187}, 0, {16, 976}, {0x00, 0x20, 0x85, 0xFF}}},
	{{{63, 159, 163}, 0, {976, 16}, {0x04, 0x1B, 0x84, 0xFF}}},
	{{{21, 159, 163}, 0, {16, 16}, {0x00, 0x20, 0x85, 0xFF}}},
	{{{63, 201, 187}, 0, {976, 976}, {0x00, 0x20, 0x85, 0xFF}}},
};

Gfx wf_dl_madmarcus_mesh_layer_1_tri_49[] = {
	gsSPVertex(wf_dl_madmarcus_mesh_layer_1_vtx_49 + 0, 4, 0),
	gsSP2Triangles(0, 1, 2, 0, 0, 3, 1, 0),
	gsSPEndDisplayList(),
};

Vtx wf_dl_madmarcus_mesh_layer_1_vtx_50[4] = {
	{{{63, -86, -315}, 0, {16, 976}, {0x00, 0xF8, 0x81, 0xFF}}},
	{{{105, -117, -300}, 0, {976, 16}, {0x00, 0xC9, 0x8D, 0xFF}}},
	{{{63, -117, -300}, 0, {16, 16}, {0x00, 0xC9, 0x8D, 0xFF}}},
	{{{105, -86, -315}, 0, {976, 976}, {0x00, 0xF8, 0x81, 0xFF}}},
};

Gfx wf_dl_madmarcus_mesh_layer_1_tri_50[] = {
	gsSPVertex(wf_dl_madmarcus_mesh_layer_1_vtx_50 + 0, 4, 0),
	gsSP2Triangles(0, 1, 2, 0, 0, 3, 1, 0),
	gsSPEndDisplayList(),
};

Vtx wf_dl_madmarcus_mesh_layer_1_vtx_51[4] = {
	{{{63, -54, -305}, 0, {16, 976}, {0x00, 0x4C, 0x9B, 0xFF}}},
	{{{105, -86, -315}, 0, {976, 16}, {0x00, 0xF8, 0x81, 0xFF}}},
	{{{63, -86, -315}, 0, {16, 16}, {0x00, 0xF8, 0x81, 0xFF}}},
	{{{105, -54, -305}, 0, {976, 976}, {0x00, 0x4C, 0x9B, 0xFF}}},
};

Gfx wf_dl_madmarcus_mesh_layer_1_tri_51[] = {
	gsSPVertex(wf_dl_madmarcus_mesh_layer_1_vtx_51 + 0, 4, 0),
	gsSP2Triangles(0, 1, 2, 0, 0, 3, 1, 0),
	gsSPEndDisplayList(),
};

Vtx wf_dl_madmarcus_mesh_layer_1_vtx_52[4] = {
	{{{63, -26, -263}, 0, {16, 976}, {0x00, 0x73, 0xCA, 0xFF}}},
	{{{105, -54, -305}, 0, {976, 16}, {0x00, 0x4C, 0x9B, 0xFF}}},
	{{{63, -54, -305}, 0, {16, 16}, {0x00, 0x4C, 0x9B, 0xFF}}},
	{{{105, -26, -263}, 0, {976, 976}, {0x00, 0x73, 0xCA, 0xFF}}},
};

Gfx wf_dl_madmarcus_mesh_layer_1_tri_52[] = {
	gsSPVertex(wf_dl_madmarcus_mesh_layer_1_vtx_52 + 0, 4, 0),
	gsSP2Triangles(0, 1, 2, 0, 0, 3, 1, 0),
	gsSPEndDisplayList(),
};

Vtx wf_dl_madmarcus_mesh_layer_1_vtx_53[4] = {
	{{{63, -5, -190}, 0, {16, 976}, {0x00, 0x7D, 0xEB, 0xFF}}},
	{{{105, -26, -263}, 0, {976, 16}, {0x00, 0x73, 0xCA, 0xFF}}},
	{{{63, -26, -263}, 0, {16, 16}, {0x00, 0x73, 0xCA, 0xFF}}},
	{{{105, -5, -190}, 0, {976, 976}, {0x00, 0x7D, 0xEB, 0xFF}}},
};

Gfx wf_dl_madmarcus_mesh_layer_1_tri_53[] = {
	gsSPVertex(wf_dl_madmarcus_mesh_layer_1_vtx_53 + 0, 4, 0),
	gsSP2Triangles(0, 1, 2, 0, 0, 3, 1, 0),
	gsSPEndDisplayList(),
};

Vtx wf_dl_madmarcus_mesh_layer_1_vtx_54[4] = {
	{{{63, 0, -103}, 0, {16, 976}, {0x00, 0x7F, 0xFC, 0xFF}}},
	{{{105, -5, -190}, 0, {976, 16}, {0x00, 0x7D, 0xEB, 0xFF}}},
	{{{63, -5, -190}, 0, {16, 16}, {0x00, 0x7D, 0xEB, 0xFF}}},
	{{{105, 0, -103}, 0, {976, 976}, {0x00, 0x7F, 0xFC, 0xFF}}},
};

Gfx wf_dl_madmarcus_mesh_layer_1_tri_54[] = {
	gsSPVertex(wf_dl_madmarcus_mesh_layer_1_vtx_54 + 0, 4, 0),
	gsSP2Triangles(0, 1, 2, 0, 0, 3, 1, 0),
	gsSPEndDisplayList(),
};

Vtx wf_dl_madmarcus_mesh_layer_1_vtx_55[4] = {
	{{{63, 0, 22}, 0, {16, 976}, {0x00, 0x7F, 0x00, 0xFF}}},
	{{{105, 0, -103}, 0, {976, 16}, {0x00, 0x7F, 0xFC, 0xFF}}},
	{{{63, 0, -103}, 0, {16, 16}, {0x00, 0x7F, 0xFC, 0xFF}}},
	{{{105, 0, 22}, 0, {976, 976}, {0xF0, 0x76, 0xD4, 0xFF}}},
};

Gfx wf_dl_madmarcus_mesh_layer_1_tri_55[] = {
	gsSPVertex(wf_dl_madmarcus_mesh_layer_1_vtx_55 + 0, 4, 0),
	gsSP2Triangles(0, 1, 2, 0, 0, 3, 1, 0),
	gsSPEndDisplayList(),
};

Vtx wf_dl_madmarcus_mesh_layer_1_vtx_56[4] = {
	{{{63, 0, 64}, 0, {16, 976}, {0xD1, 0x74, 0xED, 0xFF}}},
	{{{105, 0, 22}, 0, {976, 16}, {0xF0, 0x76, 0xD4, 0xFF}}},
	{{{63, 0, 22}, 0, {16, 16}, {0x00, 0x7F, 0x00, 0xFF}}},
	{{{105, 81, 81}, 0, {976, 976}, {0xC8, 0x67, 0xD0, 0xFF}}},
};

Gfx wf_dl_madmarcus_mesh_layer_1_tri_56[] = {
	gsSPVertex(wf_dl_madmarcus_mesh_layer_1_vtx_56 + 0, 4, 0),
	gsSP2Triangles(0, 1, 2, 0, 0, 3, 1, 0),
	gsSPEndDisplayList(),
};

Vtx wf_dl_madmarcus_mesh_layer_1_vtx_57[4] = {
	{{{63, 0, 163}, 0, {16, 976}, {0xCD, 0x58, 0xB4, 0xFF}}},
	{{{105, 81, 81}, 0, {976, 16}, {0xC8, 0x67, 0xD0, 0xFF}}},
	{{{63, 0, 64}, 0, {16, 16}, {0xD1, 0x74, 0xED, 0xFF}}},
	{{{105, 81, 180}, 0, {976, 976}, {0xF2, 0x34, 0x8D, 0xFF}}},
};

Gfx wf_dl_madmarcus_mesh_layer_1_tri_57[] = {
	gsSPVertex(wf_dl_madmarcus_mesh_layer_1_vtx_57 + 0, 4, 0),
	gsSP2Triangles(0, 1, 2, 0, 0, 3, 1, 0),
	gsSPEndDisplayList(),
};

Vtx wf_dl_madmarcus_mesh_layer_1_vtx_58[4] = {
	{{{63, 159, 163}, 0, {16, 976}, {0x04, 0x1B, 0x84, 0xFF}}},
	{{{105, 81, 180}, 0, {976, 16}, {0xF2, 0x34, 0x8D, 0xFF}}},
	{{{63, 0, 163}, 0, {16, 16}, {0xCD, 0x58, 0xB4, 0xFF}}},
	{{{105, 159, 163}, 0, {976, 976}, {0x00, 0x13, 0x82, 0xFF}}},
};

Gfx wf_dl_madmarcus_mesh_layer_1_tri_58[] = {
	gsSPVertex(wf_dl_madmarcus_mesh_layer_1_vtx_58 + 0, 4, 0),
	gsSP2Triangles(0, 1, 2, 0, 0, 3, 1, 0),
	gsSPEndDisplayList(),
};

Vtx wf_dl_madmarcus_mesh_layer_1_vtx_59[4] = {
	{{{63, 201, 187}, 0, {16, 976}, {0x00, 0x20, 0x85, 0xFF}}},
	{{{105, 159, 163}, 0, {976, 16}, {0x00, 0x13, 0x82, 0xFF}}},
	{{{63, 159, 163}, 0, {16, 16}, {0x04, 0x1B, 0x84, 0xFF}}},
	{{{105, 201, 187}, 0, {976, 976}, {0x00, 0x20, 0x85, 0xFF}}},
};

Gfx wf_dl_madmarcus_mesh_layer_1_tri_59[] = {
	gsSPVertex(wf_dl_madmarcus_mesh_layer_1_vtx_59 + 0, 4, 0),
	gsSP2Triangles(0, 1, 2, 0, 0, 3, 1, 0),
	gsSPEndDisplayList(),
};

Vtx wf_dl_madmarcus_mesh_layer_1_vtx_60[4] = {
	{{{105, -86, -315}, 0, {16, 976}, {0x00, 0xF8, 0x81, 0xFF}}},
	{{{148, -117, -300}, 0, {976, 16}, {0x00, 0xC9, 0x8D, 0xFF}}},
	{{{105, -117, -300}, 0, {16, 16}, {0x00, 0xC9, 0x8D, 0xFF}}},
	{{{148, -86, -315}, 0, {976, 976}, {0x00, 0xF8, 0x81, 0xFF}}},
};

Gfx wf_dl_madmarcus_mesh_layer_1_tri_60[] = {
	gsSPVertex(wf_dl_madmarcus_mesh_layer_1_vtx_60 + 0, 4, 0),
	gsSP2Triangles(0, 1, 2, 0, 0, 3, 1, 0),
	gsSPEndDisplayList(),
};

Vtx wf_dl_madmarcus_mesh_layer_1_vtx_61[4] = {
	{{{105, -54, -305}, 0, {16, 976}, {0x00, 0x4C, 0x9B, 0xFF}}},
	{{{148, -86, -315}, 0, {976, 16}, {0x00, 0xF8, 0x81, 0xFF}}},
	{{{105, -86, -315}, 0, {16, 16}, {0x00, 0xF8, 0x81, 0xFF}}},
	{{{148, -54, -305}, 0, {976, 976}, {0x00, 0x4C, 0x9B, 0xFF}}},
};

Gfx wf_dl_madmarcus_mesh_layer_1_tri_61[] = {
	gsSPVertex(wf_dl_madmarcus_mesh_layer_1_vtx_61 + 0, 4, 0),
	gsSP2Triangles(0, 1, 2, 0, 0, 3, 1, 0),
	gsSPEndDisplayList(),
};

Vtx wf_dl_madmarcus_mesh_layer_1_vtx_62[4] = {
	{{{105, -26, -263}, 0, {16, 976}, {0x00, 0x73, 0xCA, 0xFF}}},
	{{{148, -54, -305}, 0, {976, 16}, {0x00, 0x4C, 0x9B, 0xFF}}},
	{{{105, -54, -305}, 0, {16, 16}, {0x00, 0x4C, 0x9B, 0xFF}}},
	{{{148, -26, -263}, 0, {976, 976}, {0x00, 0x73, 0xCA, 0xFF}}},
};

Gfx wf_dl_madmarcus_mesh_layer_1_tri_62[] = {
	gsSPVertex(wf_dl_madmarcus_mesh_layer_1_vtx_62 + 0, 4, 0),
	gsSP2Triangles(0, 1, 2, 0, 0, 3, 1, 0),
	gsSPEndDisplayList(),
};

Vtx wf_dl_madmarcus_mesh_layer_1_vtx_63[4] = {
	{{{105, -5, -190}, 0, {16, 976}, {0x00, 0x7D, 0xEB, 0xFF}}},
	{{{148, -26, -263}, 0, {976, 16}, {0x00, 0x73, 0xCA, 0xFF}}},
	{{{105, -26, -263}, 0, {16, 16}, {0x00, 0x73, 0xCA, 0xFF}}},
	{{{148, -5, -190}, 0, {976, 976}, {0x00, 0x7D, 0xEB, 0xFF}}},
};

Gfx wf_dl_madmarcus_mesh_layer_1_tri_63[] = {
	gsSPVertex(wf_dl_madmarcus_mesh_layer_1_vtx_63 + 0, 4, 0),
	gsSP2Triangles(0, 1, 2, 0, 0, 3, 1, 0),
	gsSPEndDisplayList(),
};

Vtx wf_dl_madmarcus_mesh_layer_1_vtx_64[4] = {
	{{{105, 0, -103}, 0, {16, 976}, {0x00, 0x7F, 0xFC, 0xFF}}},
	{{{148, -5, -190}, 0, {976, 16}, {0x00, 0x7D, 0xEB, 0xFF}}},
	{{{105, -5, -190}, 0, {16, 16}, {0x00, 0x7D, 0xEB, 0xFF}}},
	{{{148, 0, -103}, 0, {976, 976}, {0x00, 0x7F, 0xFC, 0xFF}}},
};

Gfx wf_dl_madmarcus_mesh_layer_1_tri_64[] = {
	gsSPVertex(wf_dl_madmarcus_mesh_layer_1_vtx_64 + 0, 4, 0),
	gsSP2Triangles(0, 1, 2, 0, 0, 3, 1, 0),
	gsSPEndDisplayList(),
};

Vtx wf_dl_madmarcus_mesh_layer_1_vtx_65[4] = {
	{{{105, 0, 22}, 0, {16, 976}, {0xF0, 0x76, 0xD4, 0xFF}}},
	{{{148, 0, -103}, 0, {976, 16}, {0x00, 0x7F, 0xFC, 0xFF}}},
	{{{105, 0, -103}, 0, {16, 16}, {0x00, 0x7F, 0xFC, 0xFF}}},
	{{{148, 0, 22}, 0, {976, 976}, {0x00, 0x71, 0xC6, 0xFF}}},
};

Gfx wf_dl_madmarcus_mesh_layer_1_tri_65[] = {
	gsSPVertex(wf_dl_madmarcus_mesh_layer_1_vtx_65 + 0, 4, 0),
	gsSP2Triangles(0, 1, 2, 0, 0, 3, 1, 0),
	gsSPEndDisplayList(),
};

Vtx wf_dl_madmarcus_mesh_layer_1_vtx_66[4] = {
	{{{105, 81, 81}, 0, {16, 976}, {0xC8, 0x67, 0xD0, 0xFF}}},
	{{{148, 0, 22}, 0, {976, 16}, {0x00, 0x71, 0xC6, 0xFF}}},
	{{{105, 0, 22}, 0, {16, 16}, {0xF0, 0x76, 0xD4, 0xFF}}},
	{{{148, 81, 81}, 0, {976, 976}, {0x00, 0x71, 0xC6, 0xFF}}},
};

Gfx wf_dl_madmarcus_mesh_layer_1_tri_66[] = {
	gsSPVertex(wf_dl_madmarcus_mesh_layer_1_vtx_66 + 0, 4, 0),
	gsSP2Triangles(0, 1, 2, 0, 0, 3, 1, 0),
	gsSPEndDisplayList(),
};

Vtx wf_dl_madmarcus_mesh_layer_1_vtx_67[4] = {
	{{{105, 81, 180}, 0, {16, 976}, {0xF2, 0x34, 0x8D, 0xFF}}},
	{{{148, 81, 81}, 0, {976, 16}, {0x00, 0x71, 0xC6, 0xFF}}},
	{{{105, 81, 81}, 0, {16, 16}, {0xC8, 0x67, 0xD0, 0xFF}}},
	{{{148, 81, 180}, 0, {976, 976}, {0x00, 0x50, 0x9D, 0xFF}}},
};

Gfx wf_dl_madmarcus_mesh_layer_1_tri_67[] = {
	gsSPVertex(wf_dl_madmarcus_mesh_layer_1_vtx_67 + 0, 4, 0),
	gsSP2Triangles(0, 1, 2, 0, 0, 3, 1, 0),
	gsSPEndDisplayList(),
};

Vtx wf_dl_madmarcus_mesh_layer_1_vtx_68[4] = {
	{{{105, 159, 163}, 0, {16, 976}, {0x00, 0x13, 0x82, 0xFF}}},
	{{{148, 81, 180}, 0, {976, 16}, {0x00, 0x50, 0x9D, 0xFF}}},
	{{{105, 81, 180}, 0, {16, 16}, {0xF2, 0x34, 0x8D, 0xFF}}},
	{{{148, 159, 163}, 0, {976, 976}, {0x00, 0x13, 0x82, 0xFF}}},
};

Gfx wf_dl_madmarcus_mesh_layer_1_tri_68[] = {
	gsSPVertex(wf_dl_madmarcus_mesh_layer_1_vtx_68 + 0, 4, 0),
	gsSP2Triangles(0, 1, 2, 0, 0, 3, 1, 0),
	gsSPEndDisplayList(),
};

Vtx wf_dl_madmarcus_mesh_layer_1_vtx_69[4] = {
	{{{105, 201, 187}, 0, {16, 976}, {0x00, 0x20, 0x85, 0xFF}}},
	{{{148, 159, 163}, 0, {976, 16}, {0x00, 0x13, 0x82, 0xFF}}},
	{{{105, 159, 163}, 0, {16, 16}, {0x00, 0x13, 0x82, 0xFF}}},
	{{{148, 201, 187}, 0, {976, 976}, {0x00, 0x20, 0x85, 0xFF}}},
};

Gfx wf_dl_madmarcus_mesh_layer_1_tri_69[] = {
	gsSPVertex(wf_dl_madmarcus_mesh_layer_1_vtx_69 + 0, 4, 0),
	gsSP2Triangles(0, 1, 2, 0, 0, 3, 1, 0),
	gsSPEndDisplayList(),
};

Vtx wf_dl_madmarcus_mesh_layer_1_vtx_70[6] = {
	{{{-148, 217, 187}, 0, {16, 368}, {0x00, 0x00, 0x81, 0xFF}}},
	{{{-105, 201, 187}, 0, {976, 16}, {0x00, 0x20, 0x85, 0xFF}}},
	{{{-148, 201, 187}, 0, {16, 16}, {0x00, 0x20, 0x85, 0xFF}}},
	{{{-105, 217, 187}, 0, {976, 368}, {0x00, 0x00, 0x81, 0xFF}}},
	{{{-63, 201, 187}, 0, {1936, 16}, {0x00, 0x20, 0x85, 0xFF}}},
	{{{-63, 217, 187}, 0, {1936, 368}, {0x00, 0x00, 0x81, 0xFF}}},
};

Gfx wf_dl_madmarcus_mesh_layer_1_tri_70[] = {
	gsSPVertex(wf_dl_madmarcus_mesh_layer_1_vtx_70 + 0, 6, 0),
	gsSP2Triangles(0, 1, 2, 0, 0, 3, 1, 0),
	gsSP2Triangles(3, 4, 1, 0, 3, 5, 4, 0),
	gsSPEndDisplayList(),
};

Vtx wf_dl_madmarcus_mesh_layer_1_vtx_71[6] = {
	{{{-63, 217, 187}, 0, {16, 368}, {0x00, 0x00, 0x81, 0xFF}}},
	{{{-21, 201, 187}, 0, {976, 16}, {0x00, 0x20, 0x85, 0xFF}}},
	{{{-63, 201, 187}, 0, {16, 16}, {0x00, 0x20, 0x85, 0xFF}}},
	{{{-21, 217, 187}, 0, {976, 368}, {0x00, 0x00, 0x81, 0xFF}}},
	{{{21, 201, 187}, 0, {1936, 16}, {0x00, 0x20, 0x85, 0xFF}}},
	{{{21, 217, 187}, 0, {1936, 368}, {0x00, 0x00, 0x81, 0xFF}}},
};

Gfx wf_dl_madmarcus_mesh_layer_1_tri_71[] = {
	gsSPVertex(wf_dl_madmarcus_mesh_layer_1_vtx_71 + 0, 6, 0),
	gsSP2Triangles(0, 1, 2, 0, 0, 3, 1, 0),
	gsSP2Triangles(3, 4, 1, 0, 3, 5, 4, 0),
	gsSPEndDisplayList(),
};

Vtx wf_dl_madmarcus_mesh_layer_1_vtx_72[6] = {
	{{{21, 217, 187}, 0, {16, 368}, {0x00, 0x00, 0x81, 0xFF}}},
	{{{63, 201, 187}, 0, {976, 16}, {0x00, 0x20, 0x85, 0xFF}}},
	{{{21, 201, 187}, 0, {16, 16}, {0x00, 0x20, 0x85, 0xFF}}},
	{{{63, 217, 187}, 0, {976, 368}, {0x00, 0x00, 0x81, 0xFF}}},
	{{{105, 201, 187}, 0, {1936, 16}, {0x00, 0x20, 0x85, 0xFF}}},
	{{{105, 217, 187}, 0, {1936, 368}, {0x00, 0x00, 0x81, 0xFF}}},
};

Gfx wf_dl_madmarcus_mesh_layer_1_tri_72[] = {
	gsSPVertex(wf_dl_madmarcus_mesh_layer_1_vtx_72 + 0, 6, 0),
	gsSP2Triangles(0, 1, 2, 0, 0, 3, 1, 0),
	gsSP2Triangles(3, 4, 1, 0, 3, 5, 4, 0),
	gsSPEndDisplayList(),
};

Vtx wf_dl_madmarcus_mesh_layer_1_vtx_73[4] = {
	{{{105, 217, 187}, 0, {16, 368}, {0x00, 0x00, 0x81, 0xFF}}},
	{{{148, 201, 187}, 0, {976, 16}, {0x00, 0x20, 0x85, 0xFF}}},
	{{{105, 201, 187}, 0, {16, 16}, {0x00, 0x20, 0x85, 0xFF}}},
	{{{148, 217, 187}, 0, {976, 368}, {0x00, 0x00, 0x81, 0xFF}}},
};

Gfx wf_dl_madmarcus_mesh_layer_1_tri_73[] = {
	gsSPVertex(wf_dl_madmarcus_mesh_layer_1_vtx_73 + 0, 4, 0),
	gsSP2Triangles(0, 1, 2, 0, 0, 3, 1, 0),
	gsSPEndDisplayList(),
};

Vtx wf_dl_pipes_mesh_layer_1_vtx_cull[8] = {
	{{{-444, -5155, 3378}, 0, {0, 0}, {0x00, 0x00, 0x00, 0x00}}},
	{{{-444, 444, 3378}, 0, {0, 0}, {0x00, 0x00, 0x00, 0x00}}},
	{{{-444, 444, -444}, 0, {0, 0}, {0x00, 0x00, 0x00, 0x00}}},
	{{{-444, -5155, -444}, 0, {0, 0}, {0x00, 0x00, 0x00, 0x00}}},
	{{{444, -5155, 3378}, 0, {0, 0}, {0x00, 0x00, 0x00, 0x00}}},
	{{{444, 444, 3378}, 0, {0, 0}, {0x00, 0x00, 0x00, 0x00}}},
	{{{444, 444, -444}, 0, {0, 0}, {0x00, 0x00, 0x00, 0x00}}},
	{{{444, -5155, -444}, 0, {0, 0}, {0x00, 0x00, 0x00, 0x00}}},
};

Vtx wf_dl_pipes_mesh_layer_1_vtx_0[62] = {
	{{{-444, -2355, 444}, 0, {-1040, 6435}, {0x5A, 0x00, 0xA6, 0xFF}}},
	{{{-444, 444, -444}, 0, {1008, -16}, {0x49, 0xB7, 0x49, 0xFF}}},
	{{{-444, 444, 444}, 0, {-1040, -16}, {0x49, 0xB7, 0xB7, 0xFF}}},
	{{{-444, -2355, -444}, 0, {1008, 6435}, {0x5A, 0x00, 0x5A, 0xFF}}},
	{{{-444, -3755, 444}, 0, {-1040, 9661}, {0x5A, 0x00, 0xA6, 0xFF}}},
	{{{-444, -3755, -444}, 0, {1008, 9661}, {0x5A, 0x00, 0x5A, 0xFF}}},
	{{{-444, -4455, 444}, 0, {-1040, 11274}, {0x73, 0xDA, 0xDA, 0xFF}}},
	{{{-444, -4455, -444}, 0, {1008, 11274}, {0x5A, 0x00, 0x5A, 0xFF}}},
	{{{-444, -5155, 444}, 0, {-1040, 12887}, {0x5A, 0x5A, 0x00, 0xFF}}},
	{{{-444, -4455, 3378}, 0, {-7800, 11274}, {0x49, 0xB7, 0xB7, 0xFF}}},
	{{{-444, -5155, 3378}, 0, {-7800, 12887}, {0x49, 0x49, 0xB7, 0xFF}}},
	{{{-444, -5155, -444}, 0, {1008, 12887}, {0x49, 0x49, 0x49, 0xFF}}},
	{{{-444, -2355, -444}, 0, {-1040, 6435}, {0x5A, 0x00, 0x5A, 0xFF}}},
	{{{444, 444, -444}, 0, {1008, -16}, {0xB7, 0xB7, 0x49, 0xFF}}},
	{{{-444, 444, -444}, 0, {-1040, -16}, {0x49, 0xB7, 0x49, 0xFF}}},
	{{{444, -2355, -444}, 0, {1008, 6435}, {0xA6, 0x00, 0x5A, 0xFF}}},
	{{{-444, -3755, -444}, 0, {-1040, 9661}, {0x5A, 0x00, 0x5A, 0xFF}}},
	{{{444, -3755, -444}, 0, {1008, 9661}, {0xA6, 0x00, 0x5A, 0xFF}}},
	{{{-444, -4455, -444}, 0, {-1040, 11274}, {0x5A, 0x00, 0x5A, 0xFF}}},
	{{{444, -4455, -444}, 0, {1008, 11274}, {0xA6, 0x00, 0x5A, 0xFF}}},
	{{{-444, -5155, -444}, 0, {-1040, 12887}, {0x49, 0x49, 0x49, 0xFF}}},
	{{{444, -5155, -444}, 0, {1008, 12887}, {0xB7, 0x49, 0x49, 0xFF}}},
	{{{444, -2355, -444}, 0, {-1040, 6435}, {0xA6, 0x00, 0x5A, 0xFF}}},
	{{{444, 444, 444}, 0, {1008, -16}, {0xB7, 0xB7, 0xB7, 0xFF}}},
	{{{444, 444, -444}, 0, {-1040, -16}, {0xB7, 0xB7, 0x49, 0xFF}}},
	{{{444, -2355, 444}, 0, {1008, 6435}, {0xA6, 0x00, 0xA6, 0xFF}}},
	{{{444, -3755, -444}, 0, {-1040, 9661}, {0xA6, 0x00, 0x5A, 0xFF}}},
	{{{444, -3755, 444}, 0, {1008, 9661}, {0xA6, 0x00, 0xA6, 0xFF}}},
	{{{444, -4455, -444}, 0, {-1040, 11274}, {0xA6, 0x00, 0x5A, 0xFF}}},
	{{{444, -4455, 444}, 0, {1008, 11274}, {0x8D, 0xDA, 0xDA, 0xFF}}},
	{{{444, -5155, -444}, 0, {-1040, 12887}, {0xB7, 0x49, 0x49, 0xFF}}},
	{{{444, -5155, 444}, 0, {1008, 12887}, {0xA6, 0x5A, 0x00, 0xFF}}},
	{{{444, -4455, 444}, 0, {1008, 11274}, {0x8D, 0xDA, 0xDA, 0xFF}}},
	{{{444, -5155, 444}, 0, {1008, 12887}, {0xA6, 0x5A, 0x00, 0xFF}}},
	{{{444, -5155, 3378}, 0, {7768, 12887}, {0xB7, 0x49, 0xB7, 0xFF}}},
	{{{444, -4455, 3378}, 0, {7768, 11274}, {0xB7, 0xB7, 0xB7, 0xFF}}},
	{{{444, -2355, 444}, 0, {-1040, 6435}, {0xA6, 0x00, 0xA6, 0xFF}}},
	{{{-444, 444, 444}, 0, {1008, -16}, {0x49, 0xB7, 0xB7, 0xFF}}},
	{{{444, 444, 444}, 0, {-1040, -16}, {0xB7, 0xB7, 0xB7, 0xFF}}},
	{{{-444, -2355, 444}, 0, {1008, 6435}, {0x5A, 0x00, 0xA6, 0xFF}}},
	{{{444, -3755, 444}, 0, {-1040, 9661}, {0xA6, 0x00, 0xA6, 0xFF}}},
	{{{-444, -3755, 444}, 0, {1008, 9661}, {0x5A, 0x00, 0xA6, 0xFF}}},
	{{{444, -4455, 444}, 0, {-1040, 11274}, {0x8D, 0xDA, 0xDA, 0xFF}}},
	{{{-444, -4455, 444}, 0, {1008, 11274}, {0x73, 0xDA, 0xDA, 0xFF}}},
	{{{-444, -5155, -444}, 0, {-1040, -16}, {0x49, 0x49, 0x49, 0xFF}}},
	{{{444, -5155, 444}, 0, {1008, 2032}, {0xA6, 0x5A, 0x00, 0xFF}}},
	{{{444, -5155, -444}, 0, {1008, -16}, {0xB7, 0x49, 0x49, 0xFF}}},
	{{{-444, -5155, 444}, 0, {-1040, 2032}, {0x5A, 0x5A, 0x00, 0xFF}}},
	{{{-444, -5155, 3378}, 0, {-1040, 8792}, {0x49, 0x49, 0xB7, 0xFF}}},
	{{{444, -5155, 3378}, 0, {1008, 8792}, {0xB7, 0x49, 0xB7, 0xFF}}},
	{{{444, 444, -444}, 0, {-1040, -16}, {0xB7, 0xB7, 0x49, 0xFF}}},
	{{{444, 444, 444}, 0, {-1040, 2032}, {0xB7, 0xB7, 0xB7, 0xFF}}},
	{{{-444, 444, 444}, 0, {1008, 2032}, {0x49, 0xB7, 0xB7, 0xFF}}},
	{{{-444, 444, -444}, 0, {1008, -16}, {0x49, 0xB7, 0x49, 0xFF}}},
	{{{444, -5155, 3378}, 0, {-1040, 12887}, {0xB7, 0x49, 0xB7, 0xFF}}},
	{{{-444, -5155, 3378}, 0, {1008, 12887}, {0x49, 0x49, 0xB7, 0xFF}}},
	{{{-444, -4455, 3378}, 0, {1008, 11274}, {0x49, 0xB7, 0xB7, 0xFF}}},
	{{{444, -4455, 3378}, 0, {-1040, 11274}, {0xB7, 0xB7, 0xB7, 0xFF}}},
	{{{-444, -4455, 444}, 0, {1008, 2032}, {0x73, 0xDA, 0xDA, 0xFF}}},
	{{{444, -4455, 444}, 0, {-1040, 2032}, {0x8D, 0xDA, 0xDA, 0xFF}}},
	{{{444, -4455, 3378}, 0, {-1040, 8792}, {0xB7, 0xB7, 0xB7, 0xFF}}},
	{{{-444, -4455, 3378}, 0, {1008, 8792}, {0x49, 0xB7, 0xB7, 0xFF}}},
};

Gfx wf_dl_pipes_mesh_layer_1_tri_0[] = {
	gsSPVertex(wf_dl_pipes_mesh_layer_1_vtx_0 + 0, 32, 0),
	gsSP2Triangles(0, 1, 2, 0, 0, 3, 1, 0),
	gsSP2Triangles(4, 3, 0, 0, 4, 5, 3, 0),
	gsSP2Triangles(6, 5, 4, 0, 6, 7, 5, 0),
	gsSP2Triangles(8, 7, 6, 0, 8, 6, 9, 0),
	gsSP2Triangles(8, 9, 10, 0, 8, 11, 7, 0),
	gsSP2Triangles(12, 13, 14, 0, 12, 15, 13, 0),
	gsSP2Triangles(16, 15, 12, 0, 16, 17, 15, 0),
	gsSP2Triangles(18, 17, 16, 0, 18, 19, 17, 0),
	gsSP2Triangles(20, 19, 18, 0, 20, 21, 19, 0),
	gsSP2Triangles(22, 23, 24, 0, 22, 25, 23, 0),
	gsSP2Triangles(26, 25, 22, 0, 26, 27, 25, 0),
	gsSP2Triangles(28, 27, 26, 0, 28, 29, 27, 0),
	gsSP2Triangles(30, 29, 28, 0, 30, 31, 29, 0),
	gsSPVertex(wf_dl_pipes_mesh_layer_1_vtx_0 + 32, 30, 0),
	gsSP2Triangles(0, 1, 2, 0, 0, 2, 3, 0),
	gsSP2Triangles(4, 5, 6, 0, 4, 7, 5, 0),
	gsSP2Triangles(8, 7, 4, 0, 8, 9, 7, 0),
	gsSP2Triangles(10, 9, 8, 0, 10, 11, 9, 0),
	gsSP2Triangles(12, 13, 14, 0, 12, 15, 13, 0),
	gsSP2Triangles(13, 15, 16, 0, 13, 16, 17, 0),
	gsSP2Triangles(18, 19, 20, 0, 18, 20, 21, 0),
	gsSP2Triangles(22, 23, 24, 0, 22, 24, 25, 0),
	gsSP2Triangles(26, 27, 28, 0, 26, 28, 29, 0),
	gsSPEndDisplayList(),
};

Vtx wf_dl_room_mesh_layer_1_vtx_0[26] = {
	{{{-10096, 10492, -10096}, 0, {-5594, -5594}, {0xFF, 0xFF, 0xFF, 0xFF}}},
	{{{10096, 10492, 10096}, 0, {6586, 6586}, {0xFF, 0xFF, 0xFF, 0xFF}}},
	{{{-10096, 10492, 10096}, 0, {-5594, 6586}, {0xFF, 0xFF, 0xFF, 0xFF}}},
	{{{10096, 10492, -10096}, 0, {6586, -5594}, {0xFF, 0xFF, 0xFF, 0xFF}}},
	{{{10096, 10492, 10096}, 0, {-5594, -2381}, {0xFF, 0xFF, 0xFF, 0xFF}}},
	{{{10096, 0, -10096}, 0, {6586, 3948}, {0xFF, 0xFF, 0xFF, 0xFF}}},
	{{{10096, 0, 10096}, 0, {-5594, 3948}, {0xFF, 0xFF, 0xFF, 0xFF}}},
	{{{10096, 10492, -10096}, 0, {6586, -2381}, {0xFF, 0xFF, 0xFF, 0xFF}}},
	{{{-10096, 0, -10096}, 0, {-5594, 3948}, {0xFF, 0xFF, 0xFF, 0xFF}}},
	{{{-10096, 10492, -10096}, 0, {-5594, -2381}, {0xFF, 0xFF, 0xFF, 0xFF}}},
	{{{-10096, 10492, -10096}, 0, {6586, -2381}, {0xFF, 0xFF, 0xFF, 0xFF}}},
	{{{-10096, 0, 10096}, 0, {-5594, 3948}, {0xFF, 0xFF, 0xFF, 0xFF}}},
	{{{-10096, 0, -10096}, 0, {6586, 3948}, {0xFF, 0xFF, 0xFF, 0xFF}}},
	{{{-10096, 10492, 10096}, 0, {-5594, -2381}, {0xFF, 0xFF, 0xFF, 0xFF}}},
	{{{10096, 0, 10096}, 0, {6586, 3948}, {0xFF, 0xFF, 0xFF, 0xFF}}},
	{{{10096, 10492, 10096}, 0, {6586, -2381}, {0xFF, 0xFF, 0xFF, 0xFF}}},
	{{{-10096, 0, -10096}, 0, {-5594, -5594}, {0xFF, 0xFF, 0xFF, 0xFF}}},
	{{{-1335, 0, 380}, 0, {-309, 725}, {0xFF, 0xFF, 0xFF, 0xFF}}},
	{{{-1335, 0, -394}, 0, {-309, 259}, {0xFF, 0xFF, 0xFF, 0xFF}}},
	{{{-10096, 0, 10096}, 0, {-5594, 6586}, {0xFF, 0xFF, 0xFF, 0xFF}}},
	{{{-987, 0, 340}, 0, {-99, 701}, {0xFF, 0xFF, 0xFF, 0xFF}}},
	{{{10096, 0, 10096}, 0, {6586, 6586}, {0xFF, 0xFF, 0xFF, 0xFF}}},
	{{{-241, 0, 222}, 0, {351, 630}, {0xFF, 0xFF, 0xFF, 0xFF}}},
	{{{10096, 0, -10096}, 0, {6586, -5594}, {0xFF, 0xFF, 0xFF, 0xFF}}},
	{{{-241, 0, -236}, 0, {351, 354}, {0xFF, 0xFF, 0xFF, 0xFF}}},
	{{{-987, 0, -354}, 0, {-99, 283}, {0xFF, 0xFF, 0xFF, 0xFF}}},
};

Gfx wf_dl_room_mesh_layer_1_tri_0[] = {
	gsSPVertex(wf_dl_room_mesh_layer_1_vtx_0 + 0, 26, 0),
	gsSP2Triangles(0, 1, 2, 0, 0, 3, 1, 0),
	gsSP2Triangles(4, 5, 6, 0, 4, 7, 5, 0),
	gsSP2Triangles(7, 8, 5, 0, 7, 9, 8, 0),
	gsSP2Triangles(10, 11, 12, 0, 10, 13, 11, 0),
	gsSP2Triangles(13, 14, 11, 0, 13, 15, 14, 0),
	gsSP2Triangles(16, 17, 18, 0, 16, 19, 17, 0),
	gsSP2Triangles(20, 17, 19, 0, 19, 21, 20, 0),
	gsSP2Triangles(22, 20, 21, 0, 21, 23, 22, 0),
	gsSP2Triangles(23, 24, 22, 0, 23, 25, 24, 0),
	gsSP2Triangles(23, 16, 25, 0, 16, 18, 25, 0),
	gsSPEndDisplayList(),
};

Vtx wf_dl_toilet_mesh_layer_1_vtx_cull[8] = {
	{{{-454, -4172, 599}, 0, {0, 0}, {0x00, 0x00, 0x00, 0x00}}},
	{{{-454, 1125, 599}, 0, {0, 0}, {0x00, 0x00, 0x00, 0x00}}},
	{{{-454, 1125, -496}, 0, {0, 0}, {0x00, 0x00, 0x00, 0x00}}},
	{{{-454, -4172, -496}, 0, {0, 0}, {0x00, 0x00, 0x00, 0x00}}},
	{{{1088, -4172, 599}, 0, {0, 0}, {0x00, 0x00, 0x00, 0x00}}},
	{{{1088, 1125, 599}, 0, {0, 0}, {0x00, 0x00, 0x00, 0x00}}},
	{{{1088, 1125, -496}, 0, {0, 0}, {0x00, 0x00, 0x00, 0x00}}},
	{{{1088, -4172, -496}, 0, {0, 0}, {0x00, 0x00, 0x00, 0x00}}},
};

Vtx wf_dl_toilet_mesh_layer_1_vtx_0[194] = {
	{{{723, -442, 393}, 0, {184, 240}, {0x1E, 0xBB, 0x66, 0xFF}}},
	{{{849, -442, 293}, 0, {183, 240}, {0x4A, 0xA2, 0x2A, 0xFF}}},
	{{{956, -295, 293}, 0, {249, 240}, {0x63, 0xC9, 0x39, 0xFF}}},
	{{{906, 144, 244}, 0, {880, 304}, {0xE6, 0x7A, 0xE9, 0xFF}}},
	{{{668, -297, 123}, 0, {880, 336}, {0xAF, 0x2B, 0xA9, 0xFF}}},
	{{{74, -297, 123}, 0, {880, 333}, {0x57, 0x16, 0xA6, 0xFF}}},
	{{{723, -442, 393}, 0, {305, 240}, {0x1E, 0xBB, 0x66, 0xFF}}},
	{{{956, -295, 293}, 0, {305, 240}, {0x63, 0xC9, 0x39, 0xFF}}},
	{{{1088, -2, 293}, 0, {369, 240}, {0x68, 0xED, 0x47, 0xFF}}},
	{{{723, -442, -394}, 0, {245, 496}, {0x1E, 0xBB, 0x9A, 0xFF}}},
	{{{956, -295, -294}, 0, {249, 496}, {0x63, 0xC9, 0xC7, 0xFF}}},
	{{{849, -442, -294}, 0, {183, 496}, {0x4A, 0xA2, 0xD6, 0xFF}}},
	{{{849, -442, 293}, 0, {368, 240}, {0x4A, 0xA2, 0x2A, 0xFF}}},
	{{{723, -442, 393}, 0, {368, 240}, {0x1E, 0xBB, 0x66, 0xFF}}},
	{{{640, -516, 228}, 0, {368, 240}, {0x3D, 0xA3, 0x3E, 0xFF}}},
	{{{723, -442, -394}, 0, {368, 496}, {0x1E, 0xBB, 0x9A, 0xFF}}},
	{{{849, -442, -294}, 0, {368, 496}, {0x4A, 0xA2, 0xD6, 0xFF}}},
	{{{640, -516, -230}, 0, {368, 496}, {0x3D, 0xA3, 0xC2, 0xFF}}},
	{{{723, -442, -394}, 0, {368, 496}, {0x1E, 0xBB, 0x9A, 0xFF}}},
	{{{1088, -2, -294}, 0, {369, 496}, {0x68, 0xED, 0xB9, 0xFF}}},
	{{{956, -295, -294}, 0, {305, 496}, {0x63, 0xC9, 0xC7, 0xFF}}},
	{{{-106, 144, 443}, 0, {880, 427}, {0x03, 0x05, 0x7F, 0xFF}}},
	{{{-55, 1125, 353}, 0, {880, 428}, {0xAF, 0x50, 0x38, 0xFF}}},
	{{{-55, 1125, -354}, 0, {880, 458}, {0xAF, 0x50, 0xC8, 0xFF}}},
	{{{-106, -1004, 346}, 0, {368, -16}, {0x11, 0x01, 0x7E, 0xFF}}},
	{{{-454, -485, 386}, 0, {368, -16}, {0x99, 0xD8, 0x40, 0xFF}}},
	{{{-454, -1004, 386}, 0, {368, -16}, {0xAB, 0x00, 0x5F, 0xFF}}},
	{{{-454, -485, -387}, 0, {368, 752}, {0x99, 0xD8, 0xC0, 0xFF}}},
	{{{-106, -1004, -347}, 0, {368, 752}, {0x11, 0x01, 0x82, 0xFF}}},
	{{{-454, -1004, -387}, 0, {368, 752}, {0xAB, 0x00, 0xA1, 0xFF}}},
	{{{-106, 144, 443}, 0, {880, 464}, {0x03, 0x05, 0x7F, 0xFF}}},
	{{{-106, 144, -445}, 0, {880, 496}, {0x03, 0x05, 0x81, 0xFF}}},
	{{{-106, 1123, -445}, 0, {880, 432}, {0x4E, 0x4A, 0xBD, 0xFF}}},
	{{{-42, 144, -276}, 0, {880, 450}, {0x6D, 0x38, 0x20, 0xFF}}},
	{{{-42, 144, -466}, 0, {880, 490}, {0x20, 0x2B, 0x8D, 0xFF}}},
	{{{-5, 1125, -371}, 0, {880, 457}, {0x40, 0x4A, 0xAF, 0xFF}}},
	{{{-42, 144, -276}, 0, {856, 472}, {0x6D, 0x38, 0x20, 0xFF}}},
	{{{723, 144, -394}, 0, {880, 496}, {0x10, 0x57, 0xA5, 0xFF}}},
	{{{-42, 144, -466}, 0, {880, 496}, {0x20, 0x2B, 0x8D, 0xFF}}},
	{{{906, 144, 244}, 0, {880, 279}, {0xE6, 0x7A, 0xE9, 0xFF}}},
	{{{74, -297, 123}, 0, {880, 310}, {0x57, 0x16, 0xA6, 0xFF}}},
	{{{-42, 144, 305}, 0, {880, 284}, {0x6C, 0x3B, 0xE1, 0xFF}}},
	{{{668, -297, -125}, 0, {624, 442}, {0xAF, 0x2B, 0x57, 0xFF}}},
	{{{668, -297, 123}, 0, {624, 400}, {0xAF, 0x2B, 0xA9, 0xFF}}},
	{{{906, 144, -246}, 0, {624, 432}, {0xE6, 0x7A, 0x17, 0xFF}}},
	{{{906, 144, -246}, 0, {624, 304}, {0xE6, 0x7A, 0x17, 0xFF}}},
	{{{906, 144, 244}, 0, {624, 272}, {0xE6, 0x7A, 0xE9, 0xFF}}},
	{{{1088, 144, -294}, 0, {624, 304}, {0x51, 0x4B, 0xC2, 0xFF}}},
	{{{668, -297, 123}, 0, {624, 339}, {0xAF, 0x2B, 0xA9, 0xFF}}},
	{{{906, 144, 244}, 0, {624, 323}, {0xE6, 0x7A, 0xE9, 0xFF}}},
	{{{906, 144, -246}, 0, {624, 334}, {0xE6, 0x7A, 0x17, 0xFF}}},
	{{{723, 144, -394}, 0, {624, 496}, {0x10, 0x57, 0xA5, 0xFF}}},
	{{{906, 144, -246}, 0, {624, 464}, {0xE6, 0x7A, 0x17, 0xFF}}},
	{{{1088, 144, -294}, 0, {624, 496}, {0x51, 0x4B, 0xC2, 0xFF}}},
	{{{-42, 144, 464}, 0, {880, 246}, {0x20, 0x2B, 0x73, 0xFF}}},
	{{{-42, 144, 305}, 0, {880, 280}, {0x6C, 0x3B, 0xE1, 0xFF}}},
	{{{-5, 1125, 370}, 0, {880, 249}, {0x40, 0x4A, 0x51, 0xFF}}},
	{{{-106, 144, -445}, 0, {880, 489}, {0x03, 0x05, 0x81, 0xFF}}},
	{{{-106, 144, 443}, 0, {880, 456}, {0x03, 0x05, 0x7F, 0xFF}}},
	{{{-55, 1125, -354}, 0, {880, 486}, {0xAF, 0x50, 0xC8, 0xFF}}},
	{{{-42, 144, 305}, 0, {880, 309}, {0x6C, 0x3B, 0xE1, 0xFF}}},
	{{{-5, 1125, -371}, 0, {880, 307}, {0x40, 0x4A, 0xAF, 0xFF}}},
	{{{-5, 1125, 370}, 0, {880, 278}, {0x40, 0x4A, 0x51, 0xFF}}},
	{{{74, -297, 123}, 0, {880, 314}, {0x57, 0x16, 0xA6, 0xFF}}},
	{{{10, -652, 123}, 0, {880, 314}, {0x5D, 0xFD, 0xA9, 0xFF}}},
	{{{10, -652, -125}, 0, {880, 341}, {0x5D, 0xFD, 0x57, 0xFF}}},
	{{{74, -297, -125}, 0, {880, 422}, {0x57, 0x14, 0x5B, 0xFF}}},
	{{{74, -297, 123}, 0, {880, 395}, {0x57, 0x16, 0xA6, 0xFF}}},
	{{{10, -652, -125}, 0, {880, 422}, {0x5D, 0xFD, 0x57, 0xFF}}},
	{{{-42, 144, -276}, 0, {651, 458}, {0x6D, 0x38, 0x20, 0xFF}}},
	{{{906, 144, -246}, 0, {624, 464}, {0xE6, 0x7A, 0x17, 0xFF}}},
	{{{723, 144, -394}, 0, {688, 496}, {0x10, 0x57, 0xA5, 0xFF}}},
	{{{723, 144, 393}, 0, {432, 240}, {0x10, 0x57, 0x5B, 0xFF}}},
	{{{723, -442, 393}, 0, {368, 240}, {0x1E, 0xBB, 0x66, 0xFF}}},
	{{{1088, -2, 293}, 0, {368, 240}, {0x68, 0xED, 0x47, 0xFF}}},
	{{{1088, 144, 293}, 0, {432, 240}, {0x51, 0x4B, 0x3E, 0xFF}}},
	{{{906, 144, 244}, 0, {624, 272}, {0xE6, 0x7A, 0xE9, 0xFF}}},
	{{{1088, 144, 293}, 0, {624, 240}, {0x51, 0x4B, 0x3E, 0xFF}}},
	{{{1088, 144, -294}, 0, {624, 272}, {0x51, 0x4B, 0xC2, 0xFF}}},
	{{{723, 144, 393}, 0, {624, 240}, {0x10, 0x57, 0x5B, 0xFF}}},
	{{{723, -442, -394}, 0, {368, 496}, {0x1E, 0xBB, 0x9A, 0xFF}}},
	{{{723, 144, -394}, 0, {432, 496}, {0x10, 0x57, 0xA5, 0xFF}}},
	{{{1088, 144, -294}, 0, {432, 496}, {0x51, 0x4B, 0xC2, 0xFF}}},
	{{{1088, -2, -294}, 0, {368, 496}, {0x68, 0xED, 0xB9, 0xFF}}},
	{{{849, -442, -294}, 0, {368, 292}, {0x4A, 0xA2, 0xD6, 0xFF}}},
	{{{849, -442, 293}, 0, {368, 221}, {0x4A, 0xA2, 0x2A, 0xFF}}},
	{{{640, -516, 228}, 0, {368, 225}, {0x3D, 0xA3, 0x3E, 0xFF}}},
	{{{640, -516, -230}, 0, {368, 286}, {0x3D, 0xA3, 0xC2, 0xFF}}},
	{{{723, -442, 393}, 0, {368, -16}, {0x1E, 0xBB, 0x66, 0xFF}}},
	{{{-454, -402, 494}, 0, {368, -16}, {0xB3, 0xCF, 0x58, 0xFF}}},
	{{{-454, -485, 386}, 0, {368, -16}, {0x99, 0xD8, 0x40, 0xFF}}},
	{{{640, -516, 228}, 0, {368, -16}, {0x3D, 0xA3, 0x3E, 0xFF}}},
	{{{-454, -402, -496}, 0, {368, 752}, {0xB3, 0xCF, 0xA8, 0xFF}}},
	{{{723, -442, -394}, 0, {368, 752}, {0x1E, 0xBB, 0x9A, 0xFF}}},
	{{{640, -516, -230}, 0, {368, 752}, {0x3D, 0xA3, 0xC2, 0xFF}}},
	{{{-454, -485, -387}, 0, {368, 752}, {0x99, 0xD8, 0xC0, 0xFF}}},
	{{{1088, -2, -294}, 0, {368, 304}, {0x68, 0xED, 0xB9, 0xFF}}},
	{{{1088, 144, -294}, 0, {432, 272}, {0x51, 0x4B, 0xC2, 0xFF}}},
	{{{1088, 144, 293}, 0, {432, 240}, {0x51, 0x4B, 0x3E, 0xFF}}},
	{{{1088, -2, 293}, 0, {368, 240}, {0x68, 0xED, 0x47, 0xFF}}},
	{{{849, -442, -294}, 0, {243, 304}, {0x4A, 0xA2, 0xD6, 0xFF}}},
	{{{956, -295, -294}, 0, {307, 304}, {0x63, 0xC9, 0xC7, 0xFF}}},
	{{{956, -295, 293}, 0, {307, 240}, {0x63, 0xC9, 0x39, 0xFF}}},
	{{{849, -442, 293}, 0, {243, 240}, {0x4A, 0xA2, 0x2A, 0xFF}}},
	{{{956, -295, -294}, 0, {320, 304}, {0x63, 0xC9, 0xC7, 0xFF}}},
	{{{1088, -2, -294}, 0, {384, 304}, {0x68, 0xED, 0xB9, 0xFF}}},
	{{{1088, -2, 293}, 0, {384, 240}, {0x68, 0xED, 0x47, 0xFF}}},
	{{{956, -295, 293}, 0, {320, 240}, {0x63, 0xC9, 0x39, 0xFF}}},
	{{{-454, -402, 494}, 0, {368, -16}, {0xB3, 0xCF, 0x58, 0xFF}}},
	{{{723, -442, 393}, 0, {368, -16}, {0x1E, 0xBB, 0x66, 0xFF}}},
	{{{723, 144, 393}, 0, {432, -16}, {0x10, 0x57, 0x5B, 0xFF}}},
	{{{-42, 144, 464}, 0, {432, -16}, {0x20, 0x2B, 0x73, 0xFF}}},
	{{{-106, 144, 443}, 0, {432, -16}, {0x03, 0x05, 0x7F, 0xFF}}},
	{{{-42, 144, -466}, 0, {624, 752}, {0x20, 0x2B, 0x8D, 0xFF}}},
	{{{-106, 144, -445}, 0, {624, 752}, {0x03, 0x05, 0x81, 0xFF}}},
	{{{-55, 1125, -354}, 0, {624, 752}, {0xAF, 0x50, 0xC8, 0xFF}}},
	{{{-5, 1125, -371}, 0, {624, 752}, {0x40, 0x4A, 0xAF, 0xFF}}},
	{{{-42, 144, -466}, 0, {432, 752}, {0x20, 0x2B, 0x8D, 0xFF}}},
	{{{723, 144, -394}, 0, {432, 752}, {0x10, 0x57, 0xA5, 0xFF}}},
	{{{723, -442, -394}, 0, {368, 752}, {0x1E, 0xBB, 0x9A, 0xFF}}},
	{{{-106, 144, -445}, 0, {432, 752}, {0x03, 0x05, 0x81, 0xFF}}},
	{{{-454, -402, -496}, 0, {368, 752}, {0xB3, 0xCF, 0xA8, 0xFF}}},
	{{{-106, 1123, 443}, 0, {880, 240}, {0x4E, 0x4A, 0x43, 0xFF}}},
	{{{-106, 144, 443}, 0, {880, 304}, {0x03, 0x05, 0x7F, 0xFF}}},
	{{{-106, 1123, -445}, 0, {880, 304}, {0x4E, 0x4A, 0xBD, 0xFF}}},
	{{{-454, 1123, -496}, 0, {880, 304}, {0xBC, 0x48, 0xB1, 0xFF}}},
	{{{-454, 1123, 494}, 0, {880, 240}, {0xBC, 0x48, 0x4F, 0xFF}}},
	{{{640, -516, 228}, 0, {368, -16}, {0x3D, 0xA3, 0x3E, 0xFF}}},
	{{{-454, -485, 386}, 0, {368, -16}, {0x99, 0xD8, 0x40, 0xFF}}},
	{{{-106, -1004, 346}, 0, {368, -16}, {0x11, 0x01, 0x7E, 0xFF}}},
	{{{640, -1004, 228}, 0, {368, -16}, {0x60, 0x01, 0x53, 0xFF}}},
	{{{-454, -485, -387}, 0, {368, 752}, {0x99, 0xD8, 0xC0, 0xFF}}},
	{{{640, -516, -230}, 0, {368, 752}, {0x3D, 0xA3, 0xC2, 0xFF}}},
	{{{640, -1004, -230}, 0, {368, 752}, {0x60, 0x01, 0xAD, 0xFF}}},
	{{{-106, -1004, -347}, 0, {368, 752}, {0x11, 0x01, 0x82, 0xFF}}},
	{{{640, -516, -230}, 0, {368, 304}, {0x3D, 0xA3, 0xC2, 0xFF}}},
	{{{640, -516, 228}, 0, {368, 240}, {0x3D, 0xA3, 0x3E, 0xFF}}},
	{{{640, -1004, 228}, 0, {368, 240}, {0x60, 0x01, 0x53, 0xFF}}},
	{{{640, -1004, -230}, 0, {368, 304}, {0x60, 0x01, 0xAD, 0xFF}}},
	{{{-454, -402, 494}, 0, {368, 1112}, {0xB3, 0xCF, 0x58, 0xFF}}},
	{{{-454, -402, -496}, 0, {368, 1026}, {0xB3, 0xCF, 0xA8, 0xFF}}},
	{{{-454, -485, -387}, 0, {368, 1035}, {0x99, 0xD8, 0xC0, 0xFF}}},
	{{{-454, -485, 386}, 0, {368, 1102}, {0x99, 0xD8, 0x40, 0xFF}}},
	{{{-454, -402, -496}, 0, {196, 944}, {0xB3, 0xCF, 0xA8, 0xFF}}},
	{{{-454, -402, 494}, 0, {624, 1008}, {0xB3, 0xCF, 0x58, 0xFF}}},
	{{{-454, 1123, 494}, 0, {624, 1008}, {0xBC, 0x48, 0x4F, 0xFF}}},
	{{{-454, 1123, -496}, 0, {624, 752}, {0xBC, 0x48, 0xB1, 0xFF}}},
	{{{-454, -485, 386}, 0, {368, 1008}, {0x99, 0xD8, 0x40, 0xFF}}},
	{{{-454, -485, -387}, 0, {368, 944}, {0x99, 0xD8, 0xC0, 0xFF}}},
	{{{-454, -1004, -387}, 0, {368, 944}, {0xAB, 0x00, 0xA1, 0xFF}}},
	{{{-454, -1004, 386}, 0, {368, 1008}, {0xAB, 0x00, 0x5F, 0xFF}}},
	{{{-454, -402, 494}, 0, {624, -16}, {0xB3, 0xCF, 0x58, 0xFF}}},
	{{{-106, 144, 443}, 0, {624, -16}, {0x03, 0x05, 0x7F, 0xFF}}},
	{{{-106, 1123, 443}, 0, {624, -16}, {0x4E, 0x4A, 0x43, 0xFF}}},
	{{{-454, -402, 494}, 0, {624, -16}, {0xB3, 0xCF, 0x58, 0xFF}}},
	{{{-106, 1123, 443}, 0, {624, -16}, {0x4E, 0x4A, 0x43, 0xFF}}},
	{{{-454, 1123, 494}, 0, {624, -16}, {0xBC, 0x48, 0x4F, 0xFF}}},
	{{{-106, 144, -445}, 0, {624, 752}, {0x03, 0x05, 0x81, 0xFF}}},
	{{{-454, -402, -496}, 0, {624, 752}, {0xB3, 0xCF, 0xA8, 0xFF}}},
	{{{-454, 1123, -496}, 0, {624, 752}, {0xBC, 0x48, 0xB1, 0xFF}}},
	{{{-106, 1123, -445}, 0, {624, 752}, {0x4E, 0x4A, 0xBD, 0xFF}}},
	{{{723, 144, 393}, 0, {880, 240}, {0x10, 0x57, 0x5B, 0xFF}}},
	{{{906, 144, 244}, 0, {880, 272}, {0xE6, 0x7A, 0xE9, 0xFF}}},
	{{{-42, 144, 305}, 0, {880, 272}, {0x6C, 0x3B, 0xE1, 0xFF}}},
	{{{-42, 144, 464}, 0, {880, 240}, {0x20, 0x2B, 0x73, 0xFF}}},
	{{{668, -297, -125}, 0, {629, 398}, {0xAF, 0x2B, 0x57, 0xFF}}},
	{{{906, 144, -246}, 0, {629, 429}, {0xE6, 0x7A, 0x17, 0xFF}}},
	{{{74, -297, -125}, 0, {661, 398}, {0x57, 0x14, 0x5B, 0xFF}}},
	{{{-42, 144, -276}, 0, {661, 428}, {0x6D, 0x38, 0x20, 0xFF}}},
	{{{-106, 144, 443}, 0, {624, -16}, {0x03, 0x05, 0x7F, 0xFF}}},
	{{{-42, 144, 464}, 0, {624, -16}, {0x20, 0x2B, 0x73, 0xFF}}},
	{{{-5, 1125, 370}, 0, {624, -16}, {0x40, 0x4A, 0x51, 0xFF}}},
	{{{-55, 1125, 353}, 0, {624, -16}, {0xAF, 0x50, 0x38, 0xFF}}},
	{{{-5, 1125, 370}, 0, {880, 272}, {0x40, 0x4A, 0x51, 0xFF}}},
	{{{-5, 1125, -371}, 0, {880, 304}, {0x40, 0x4A, 0xAF, 0xFF}}},
	{{{-55, 1125, -354}, 0, {880, 304}, {0xAF, 0x50, 0xC8, 0xFF}}},
	{{{-55, 1125, 353}, 0, {880, 272}, {0xAF, 0x50, 0x38, 0xFF}}},
	{{{-5, 1125, -371}, 0, {880, 310}, {0x40, 0x4A, 0xAF, 0xFF}}},
	{{{-42, 144, 305}, 0, {880, 304}, {0x6C, 0x3B, 0xE1, 0xFF}}},
	{{{-42, 144, -276}, 0, {880, 420}, {0x6D, 0x38, 0x20, 0xFF}}},
	{{{74, -297, 123}, 0, {880, 282}, {0x57, 0x16, 0xA6, 0xFF}}},
	{{{74, -297, -125}, 0, {880, 439}, {0x57, 0x14, 0x5B, 0xFF}}},
	{{{74, -297, 123}, 0, {681, 344}, {0x57, 0x16, 0xA6, 0xFF}}},
	{{{668, -297, 123}, 0, {654, 344}, {0xAF, 0x2B, 0xA9, 0xFF}}},
	{{{604, -652, 123}, 0, {686, 370}, {0xA9, 0x0D, 0xA5, 0xFF}}},
	{{{10, -652, 123}, 0, {713, 370}, {0x5D, 0xFD, 0xA9, 0xFF}}},
	{{{668, -297, 123}, 0, {624, 395}, {0xAF, 0x2B, 0xA9, 0xFF}}},
	{{{668, -297, -125}, 0, {624, 422}, {0xAF, 0x2B, 0x57, 0xFF}}},
	{{{604, -652, -125}, 0, {624, 422}, {0xA9, 0x0D, 0x5B, 0xFF}}},
	{{{604, -652, 123}, 0, {624, 395}, {0xA9, 0x0D, 0xA5, 0xFF}}},
	{{{668, -297, -125}, 0, {880, 396}, {0xAF, 0x2B, 0x57, 0xFF}}},
	{{{74, -297, -125}, 0, {880, 396}, {0x57, 0x14, 0x5B, 0xFF}}},
	{{{10, -652, -125}, 0, {880, 371}, {0x5D, 0xFD, 0x57, 0xFF}}},
	{{{604, -652, -125}, 0, {880, 371}, {0xA9, 0x0D, 0x5B, 0xFF}}},
};

Gfx wf_dl_toilet_mesh_layer_1_tri_0[] = {
	gsSPVertex(wf_dl_toilet_mesh_layer_1_vtx_0 + 0, 30, 0),
	gsSP2Triangles(0, 1, 2, 0, 3, 4, 5, 0),
	gsSP2Triangles(6, 7, 8, 0, 9, 10, 11, 0),
	gsSP2Triangles(12, 13, 14, 0, 15, 16, 17, 0),
	gsSP2Triangles(18, 19, 20, 0, 21, 22, 23, 0),
	gsSP2Triangles(24, 25, 26, 0, 27, 28, 29, 0),
	gsSPVertex(wf_dl_toilet_mesh_layer_1_vtx_0 + 30, 30, 0),
	gsSP2Triangles(0, 1, 2, 0, 3, 4, 5, 0),
	gsSP2Triangles(6, 7, 8, 0, 9, 10, 11, 0),
	gsSP2Triangles(12, 13, 14, 0, 15, 16, 17, 0),
	gsSP2Triangles(18, 19, 20, 0, 21, 22, 23, 0),
	gsSP2Triangles(24, 25, 26, 0, 27, 28, 29, 0),
	gsSPVertex(wf_dl_toilet_mesh_layer_1_vtx_0 + 60, 32, 0),
	gsSP2Triangles(0, 1, 2, 0, 3, 4, 5, 0),
	gsSP2Triangles(6, 7, 8, 0, 9, 10, 11, 0),
	gsSP2Triangles(12, 13, 14, 0, 12, 14, 15, 0),
	gsSP2Triangles(16, 17, 18, 0, 16, 19, 17, 0),
	gsSP2Triangles(20, 21, 22, 0, 20, 22, 23, 0),
	gsSP2Triangles(24, 25, 26, 0, 24, 26, 27, 0),
	gsSP2Triangles(28, 29, 30, 0, 28, 30, 31, 0),
	gsSPVertex(wf_dl_toilet_mesh_layer_1_vtx_0 + 92, 30, 0),
	gsSP2Triangles(0, 1, 2, 0, 0, 2, 3, 0),
	gsSP2Triangles(4, 5, 6, 0, 4, 6, 7, 0),
	gsSP2Triangles(8, 9, 10, 0, 8, 10, 11, 0),
	gsSP2Triangles(12, 13, 14, 0, 12, 14, 15, 0),
	gsSP2Triangles(16, 17, 18, 0, 18, 19, 16, 0),
	gsSP2Triangles(19, 20, 16, 0, 21, 22, 23, 0),
	gsSP2Triangles(21, 23, 24, 0, 25, 26, 27, 0),
	gsSP2Triangles(27, 28, 25, 0, 27, 29, 28, 0),
	gsSPVertex(wf_dl_toilet_mesh_layer_1_vtx_0 + 122, 32, 0),
	gsSP2Triangles(0, 1, 2, 0, 0, 2, 3, 0),
	gsSP2Triangles(0, 3, 4, 0, 5, 6, 7, 0),
	gsSP2Triangles(5, 7, 8, 0, 9, 10, 11, 0),
	gsSP2Triangles(9, 11, 12, 0, 13, 14, 15, 0),
	gsSP2Triangles(13, 15, 16, 0, 17, 18, 19, 0),
	gsSP2Triangles(17, 19, 20, 0, 21, 22, 23, 0),
	gsSP2Triangles(21, 23, 24, 0, 25, 26, 27, 0),
	gsSP2Triangles(25, 27, 28, 0, 29, 30, 31, 0),
	gsSPVertex(wf_dl_toilet_mesh_layer_1_vtx_0 + 154, 32, 0),
	gsSP2Triangles(0, 1, 2, 0, 3, 4, 5, 0),
	gsSP2Triangles(3, 5, 6, 0, 7, 8, 9, 0),
	gsSP2Triangles(7, 9, 10, 0, 11, 12, 13, 0),
	gsSP2Triangles(12, 14, 13, 0, 15, 16, 17, 0),
	gsSP2Triangles(15, 17, 18, 0, 19, 20, 21, 0),
	gsSP2Triangles(19, 21, 22, 0, 23, 24, 25, 0),
	gsSP2Triangles(24, 26, 25, 0, 25, 26, 27, 0),
	gsSP2Triangles(28, 29, 30, 0, 28, 30, 31, 0),
	gsSPVertex(wf_dl_toilet_mesh_layer_1_vtx_0 + 186, 8, 0),
	gsSP2Triangles(0, 1, 2, 0, 0, 2, 3, 0),
	gsSP2Triangles(4, 5, 6, 0, 4, 6, 7, 0),
	gsSPEndDisplayList(),
};

Vtx wf_dl_toilet_mesh_layer_1_vtx_1[20] = {
	{{{-287, 1042, 445}, 0, {1196, 596}, {0x00, 0x7C, 0x1B, 0xFF}}},
	{{{-373, 956, 445}, 0, {1471, 596}, {0x84, 0x00, 0x1B, 0xFF}}},
	{{{-340, 956, 599}, 0, {1466, 84}, {0xA0, 0x00, 0x53, 0xFF}}},
	{{{-287, 1009, 599}, 0, {1230, 84}, {0x00, 0x60, 0x53, 0xFF}}},
	{{{-200, 956, 445}, 0, {1830, 596}, {0x7C, 0x00, 0x1B, 0xFF}}},
	{{{-287, 1042, 445}, 0, {1530, 596}, {0x00, 0x7C, 0x1B, 0xFF}}},
	{{{-287, 1009, 599}, 0, {667, 84}, {0x00, 0x60, 0x53, 0xFF}}},
	{{{-233, 956, 599}, 0, {922, 84}, {0x60, 0x00, 0x53, 0xFF}}},
	{{{-340, 956, 599}, 0, {2347, 176}, {0xA0, 0x00, 0x53, 0xFF}}},
	{{{-287, 902, 599}, 0, {2858, 176}, {0x00, 0xA0, 0x53, 0xFF}}},
	{{{-233, 956, 599}, 0, {2859, 176}, {0x60, 0x00, 0x53, 0xFF}}},
	{{{-287, 1009, 599}, 0, {2347, 176}, {0x00, 0x60, 0x53, 0xFF}}},
	{{{-200, 956, 445}, 0, {1479, 780}, {0x7C, 0x00, 0x1B, 0xFF}}},
	{{{-233, 956, 599}, 0, {1383, 268}, {0x60, 0x00, 0x53, 0xFF}}},
	{{{-287, 902, 599}, 0, {1589, 268}, {0x00, 0xA0, 0x53, 0xFF}}},
	{{{-287, 869, 445}, 0, {1716, 780}, {0x00, 0x84, 0x1B, 0xFF}}},
	{{{-373, 956, 445}, 0, {1447, 780}, {0x84, 0x00, 0x1B, 0xFF}}},
	{{{-287, 869, 445}, 0, {1721, 780}, {0x00, 0x84, 0x1B, 0xFF}}},
	{{{-287, 902, 599}, 0, {1716, 268}, {0x00, 0xA0, 0x53, 0xFF}}},
	{{{-340, 956, 599}, 0, {1481, 268}, {0xA0, 0x00, 0x53, 0xFF}}},
};

Gfx wf_dl_toilet_mesh_layer_1_tri_1[] = {
	gsSPVertex(wf_dl_toilet_mesh_layer_1_vtx_1 + 0, 20, 0),
	gsSP2Triangles(0, 1, 2, 0, 0, 2, 3, 0),
	gsSP2Triangles(4, 5, 6, 0, 4, 6, 7, 0),
	gsSP2Triangles(8, 9, 10, 0, 8, 10, 11, 0),
	gsSP2Triangles(12, 13, 14, 0, 12, 14, 15, 0),
	gsSP2Triangles(16, 17, 18, 0, 16, 18, 19, 0),
	gsSPEndDisplayList(),
};

Vtx wf_dl_toilet_mesh_layer_1_vtx_2[12] = {
	{{{10, -652, 123}, 0, {713, 370}, {0x4E, 0x4E, 0x4E, 0xFF}}},
	{{{604, -652, 123}, 0, {686, 370}, {0x4E, 0x4E, 0x4E, 0xFF}}},
	{{{296, -4172, 1}, 0, {857, 632}, {0x00, 0x00, 0x00, 0xFF}}},
	{{{10, -652, -125}, 0, {880, 341}, {0x4E, 0x4E, 0x4E, 0xFF}}},
	{{{10, -652, 123}, 0, {880, 314}, {0x4E, 0x4E, 0x4E, 0xFF}}},
	{{{296, -4172, 1}, 0, {880, 368}, {0x00, 0x00, 0x00, 0xFF}}},
	{{{604, -652, 123}, 0, {624, 395}, {0x4E, 0x4E, 0x4E, 0xFF}}},
	{{{604, -652, -125}, 0, {624, 422}, {0x4E, 0x4E, 0x4E, 0xFF}}},
	{{{296, -4172, 1}, 0, {624, 368}, {0x00, 0x00, 0x00, 0xFF}}},
	{{{604, -652, -125}, 0, {880, 371}, {0x4E, 0x4E, 0x4E, 0xFF}}},
	{{{10, -652, -125}, 0, {880, 371}, {0x4E, 0x4E, 0x4E, 0xFF}}},
	{{{296, -4172, 1}, 0, {880, 131}, {0x00, 0x00, 0x00, 0xFF}}},
};

Gfx wf_dl_toilet_mesh_layer_1_tri_2[] = {
	gsSPVertex(wf_dl_toilet_mesh_layer_1_vtx_2 + 0, 12, 0),
	gsSP2Triangles(0, 1, 2, 0, 3, 4, 5, 0),
	gsSP2Triangles(6, 7, 8, 0, 9, 10, 11, 0),
	gsSPEndDisplayList(),
};

Vtx wf_dl_toilet_001_mesh_layer_1_vtx_cull[8] = {
	{{{-62, -138, 82}, 0, {0, 0}, {0x00, 0x00, 0x00, 0x00}}},
	{{{-62, 158, 82}, 0, {0, 0}, {0x00, 0x00, 0x00, 0x00}}},
	{{{-62, 158, -71}, 0, {0, 0}, {0x00, 0x00, 0x00, 0x00}}},
	{{{-62, -138, -71}, 0, {0, 0}, {0x00, 0x00, 0x00, 0x00}}},
	{{{149, -138, 82}, 0, {0, 0}, {0x00, 0x00, 0x00, 0x00}}},
	{{{149, 158, 82}, 0, {0, 0}, {0x00, 0x00, 0x00, 0x00}}},
	{{{149, 158, -71}, 0, {0, 0}, {0x00, 0x00, 0x00, 0x00}}},
	{{{149, -138, -71}, 0, {0, 0}, {0x00, 0x00, 0x00, 0x00}}},
};

Vtx wf_dl_toilet_001_mesh_layer_1_vtx_0[175] = {
	{{{14, -61, 70}, 0, {368, 42}, {0xF0, 0xC9, 0x71, 0xFF}}},
	{{{23, -71, 57}, 0, {368, 80}, {0x02, 0xC0, 0x6E, 0xFF}}},
	{{{52, -61, 69}, 0, {368, 118}, {0x15, 0xC2, 0x6D, 0xFF}}},
	{{{-5, 20, -43}, 0, {880, 432}, {0x68, 0x44, 0x1A, 0xFF}}},
	{{{9, -39, -17}, 0, {789, 397}, {0x55, 0x1A, 0x5B, 0xFF}}},
	{{{92, 20, -41}, 0, {816, 433}, {0xF1, 0x6E, 0x3D, 0xFF}}},
	{{{116, -61, 46}, 0, {368, 218}, {0x47, 0xB1, 0x46, 0xFF}}},
	{{{87, -71, -35}, 0, {368, 511}, {0x47, 0xA8, 0xC6, 0xFF}}},
	{{{115, -60, -45}, 0, {368, 515}, {0x47, 0xAE, 0xBE, 0xFF}}},
	{{{147, -15, -39}, 0, {307, 497}, {0x67, 0xE1, 0xBD, 0xFF}}},
	{{{116, -61, 46}, 0, {234, 240}, {0x47, 0xB1, 0x46, 0xFF}}},
	{{{115, -60, -45}, 0, {243, 496}, {0x47, 0xAE, 0xBE, 0xFF}}},
	{{{-14, 20, -61}, 0, {624, 752}, {0x27, 0x22, 0x8C, 0xFF}}},
	{{{-7, 157, -47}, 0, {624, 752}, {0xB1, 0x49, 0xBD, 0xFF}}},
	{{{-1, 158, -48}, 0, {624, 752}, {0x43, 0x4E, 0xB6, 0xFF}}},
	{{{-16, -60, 61}, 0, {368, -16}, {0xF6, 0xC4, 0x70, 0xFF}}},
	{{{-62, -56, 67}, 0, {368, -16}, {0xB0, 0xF5, 0x62, 0xFF}}},
	{{{-15, -71, 47}, 0, {368, -16}, {0xFB, 0xCD, 0x74, 0xFF}}},
	{{{-5, 20, -43}, 0, {880, 341}, {0x68, 0x44, 0x1A, 0xFF}}},
	{{{-1, 157, 48}, 0, {880, 249}, {0x34, 0x54, 0x4F, 0xFF}}},
	{{{-4, 20, 40}, 0, {880, 286}, {0x6E, 0x33, 0xD9, 0xFF}}},
	{{{-4, 20, 40}, 0, {880, 280}, {0x6E, 0x33, 0xD9, 0xFF}}},
	{{{0, 20, 67}, 0, {880, 246}, {0xF5, 0x3A, 0x71, 0xFF}}},
	{{{-14, 20, -61}, 0, {880, 300}, {0x27, 0x22, 0x8C, 0xFF}}},
	{{{-7, 158, 47}, 0, {880, 250}, {0xA9, 0x50, 0x2E, 0xFF}}},
	{{{-7, 157, -47}, 0, {880, 486}, {0xB1, 0x49, 0xBD, 0xFF}}},
	{{{6, -36, 17}, 0, {781, 340}, {0x5E, 0x1C, 0xAF, 0xFF}}},
	{{{83, -89, 17}, 0, {804, 364}, {0xAE, 0x12, 0xA1, 0xFF}}},
	{{{1, -89, 17}, 0, {845, 364}, {0x5E, 0xF4, 0xAB, 0xFF}}},
	{{{147, -15, -39}, 0, {343, 496}, {0x67, 0xE1, 0xBD, 0xFF}}},
	{{{148, -8, 39}, 0, {355, 240}, {0x67, 0xE5, 0x45, 0xFF}}},
	{{{116, -61, 46}, 0, {291, 240}, {0x47, 0xB1, 0x46, 0xFF}}},
	{{{116, -61, 46}, 0, {368, 218}, {0x47, 0xB1, 0x46, 0xFF}}},
	{{{88, -71, 34}, 0, {368, 375}, {0x47, 0xA6, 0x37, 0xFF}}},
	{{{87, -71, -35}, 0, {368, 436}, {0x47, 0xA8, 0xC6, 0xFF}}},
	{{{-14, 20, -61}, 0, {311, 752}, {0x27, 0x22, 0x8C, 0xFF}}},
	{{{-7, -61, -64}, 0, {250, 752}, {0xF9, 0xC4, 0x90, 0xFF}}},
	{{{-62, -56, -67}, 0, {284, 752}, {0xAE, 0xF5, 0xA0, 0xFF}}},
	{{{94, -34, 17}, 0, {657, 342}, {0xAE, 0x32, 0xAD, 0xFF}}},
	{{{46, 20, 45}, 0, {790, 304}, {0xFF, 0x6D, 0xBF, 0xFF}}},
	{{{124, 20, 30}, 0, {629, 307}, {0xE2, 0x79, 0xE8, 0xFF}}},
	{{{92, 20, -41}, 0, {624, 436}, {0xF1, 0x6E, 0x3D, 0xFF}}},
	{{{94, -36, -17}, 0, {624, 397}, {0xAC, 0x31, 0x52, 0xFF}}},
	{{{124, 20, -23}, 0, {624, 404}, {0xD7, 0x76, 0x16, 0xFF}}},
	{{{-14, 20, -61}, 0, {880, 280}, {0x27, 0x22, 0x8C, 0xFF}}},
	{{{-16, -60, 61}, 0, {880, 247}, {0xF6, 0xC4, 0x70, 0xFF}}},
	{{{-7, 158, 47}, 0, {880, 250}, {0xA9, 0x50, 0x2E, 0xFF}}},
	{{{6, -36, 17}, 0, {781, 340}, {0x5E, 0x1C, 0xAF, 0xFF}}},
	{{{83, -89, 17}, 0, {686, 370}, {0xAE, 0x12, 0xA1, 0xFF}}},
	{{{9, -39, -17}, 0, {831, 397}, {0x55, 0x1A, 0x5B, 0xFF}}},
	{{{1, -89, -17}, 0, {893, 373}, {0x5D, 0xF1, 0x55, 0xFF}}},
	{{{83, -89, -17}, 0, {852, 373}, {0xAD, 0x11, 0x5F, 0xFF}}},
	{{{6, -36, 17}, 0, {871, 338}, {0x5E, 0x1C, 0xAF, 0xFF}}},
	{{{-4, 20, 40}, 0, {880, 304}, {0x6E, 0x33, 0xD9, 0xFF}}},
	{{{46, 20, 45}, 0, {829, 303}, {0xFF, 0x6D, 0xBF, 0xFF}}},
	{{{94, -34, 17}, 0, {816, 335}, {0xAE, 0x32, 0xAD, 0xFF}}},
	{{{-15, -71, 47}, 0, {368, -16}, {0xFB, 0xCD, 0x74, 0xFF}}},
	{{{-15, -138, 49}, 0, {368, -16}, {0x04, 0xBF, 0x6D, 0xFF}}},
	{{{23, -71, 57}, 0, {368, 36}, {0x02, 0xC0, 0x6E, 0xFF}}},
	{{{36, -138, 54}, 0, {368, 81}, {0x13, 0xFE, 0x7E, 0xFF}}},
	{{{86, -138, 36}, 0, {368, 240}, {0x66, 0x00, 0x4C, 0xFF}}},
	{{{88, -71, 34}, 0, {368, 240}, {0x47, 0xA6, 0x37, 0xFF}}},
	{{{88, -138, -34}, 0, {368, 496}, {0x69, 0xFE, 0xB9, 0xFF}}},
	{{{87, -71, -35}, 0, {368, 496}, {0x47, 0xA8, 0xC6, 0xFF}}},
	{{{24, -138, -57}, 0, {368, 698}, {0x07, 0x00, 0x81, 0xFF}}},
	{{{87, -71, -35}, 0, {368, 496}, {0x47, 0xA8, 0xC6, 0xFF}}},
	{{{88, -138, -34}, 0, {368, 496}, {0x69, 0xFE, 0xB9, 0xFF}}},
	{{{35, -71, -54}, 0, {368, 655}, {0x0C, 0xC0, 0x93, 0xFF}}},
	{{{-10, -71, -50}, 0, {368, 752}, {0x00, 0xCA, 0x8D, 0xFF}}},
	{{{-15, -138, -48}, 0, {368, 752}, {0xFF, 0xBD, 0x94, 0xFF}}},
	{{{-15, 154, 61}, 0, {880, 240}, {0x4E, 0x4A, 0x44, 0xFF}}},
	{{{-62, 154, -68}, 0, {880, 496}, {0xBB, 0x48, 0xB1, 0xFF}}},
	{{{-62, 154, 68}, 0, {880, 240}, {0xBB, 0x48, 0x4F, 0xFF}}},
	{{{-15, 154, -61}, 0, {880, 496}, {0x4D, 0x4B, 0xBC, 0xFF}}},
	{{{-14, 20, -61}, 0, {880, 496}, {0x27, 0x22, 0x8C, 0xFF}}},
	{{{-16, -60, 61}, 0, {880, 240}, {0xF6, 0xC4, 0x70, 0xFF}}},
	{{{92, 20, -41}, 0, {654, 429}, {0xF1, 0x6E, 0x3D, 0xFF}}},
	{{{9, -39, -17}, 0, {789, 397}, {0x55, 0x1A, 0x5B, 0xFF}}},
	{{{94, -36, -17}, 0, {654, 394}, {0xAC, 0x31, 0x52, 0xFF}}},
	{{{83, -89, -17}, 0, {686, 366}, {0xAD, 0x11, 0x5F, 0xFF}}},
	{{{-1, 158, -48}, 0, {880, 496}, {0x43, 0x4E, 0xB6, 0xFF}}},
	{{{-7, 158, 47}, 0, {880, 240}, {0xA9, 0x50, 0x2E, 0xFF}}},
	{{{-1, 157, 48}, 0, {880, 240}, {0x34, 0x54, 0x4F, 0xFF}}},
	{{{-7, 157, -47}, 0, {880, 496}, {0xB1, 0x49, 0xBD, 0xFF}}},
	{{{88, -71, 34}, 0, {368, 318}, {0x47, 0xA6, 0x37, 0xFF}}},
	{{{116, -61, 46}, 0, {368, 322}, {0x47, 0xB1, 0x46, 0xFF}}},
	{{{52, -61, 69}, 0, {368, 195}, {0x15, 0xC2, 0x6D, 0xFF}}},
	{{{23, -71, 57}, 0, {368, 258}, {0x02, 0xC0, 0x6E, 0xFF}}},
	{{{35, 20, -71}, 0, {432, 702}, {0x03, 0x54, 0xA1, 0xFF}}},
	{{{-7, -61, -64}, 0, {176, 752}, {0xF9, 0xC4, 0x90, 0xFF}}},
	{{{-14, 20, -61}, 0, {432, 752}, {0x27, 0x22, 0x8C, 0xFF}}},
	{{{51, -61, -69}, 0, {176, 651}, {0x11, 0xC2, 0x92, 0xFF}}},
	{{{149, 20, -39}, 0, {432, 496}, {0x53, 0x4A, 0xC3, 0xFF}}},
	{{{147, -15, -39}, 0, {302, 496}, {0x67, 0xE1, 0xBD, 0xFF}}},
	{{{149, 20, 40}, 0, {432, 240}, {0x53, 0x49, 0x3E, 0xFF}}},
	{{{148, -8, 39}, 0, {346, 240}, {0x67, 0xE5, 0x45, 0xFF}}},
	{{{148, -8, 39}, 0, {346, 240}, {0x67, 0xE5, 0x45, 0xFF}}},
	{{{149, 20, 40}, 0, {432, 240}, {0x53, 0x49, 0x3E, 0xFF}}},
	{{{51, 20, 69}, 0, {432, 84}, {0x0D, 0x55, 0x5D, 0xFF}}},
	{{{116, -61, 46}, 0, {234, 240}, {0x47, 0xB1, 0x46, 0xFF}}},
	{{{52, -61, 69}, 0, {176, 89}, {0x15, 0xC2, 0x6D, 0xFF}}},
	{{{14, -61, 70}, 0, {176, -16}, {0xF0, 0xC9, 0x71, 0xFF}}},
	{{{0, 20, 67}, 0, {432, -16}, {0xF5, 0x3A, 0x71, 0xFF}}},
	{{{-16, -60, 61}, 0, {179, -16}, {0xF6, 0xC4, 0x70, 0xFF}}},
	{{{51, -61, -69}, 0, {176, 651}, {0x11, 0xC2, 0x92, 0xFF}}},
	{{{147, -15, -39}, 0, {302, 496}, {0x67, 0xE1, 0xBD, 0xFF}}},
	{{{115, -60, -45}, 0, {176, 496}, {0x47, 0xAE, 0xBE, 0xFF}}},
	{{{23, -71, 57}, 0, {368, 36}, {0x02, 0xC0, 0x6E, 0xFF}}},
	{{{14, -61, 70}, 0, {368, -16}, {0xF0, 0xC9, 0x71, 0xFF}}},
	{{{-16, -60, 61}, 0, {368, -16}, {0xF6, 0xC4, 0x70, 0xFF}}},
	{{{-15, -71, 47}, 0, {368, -16}, {0xFB, 0xCD, 0x74, 0xFF}}},
	{{{87, -71, -35}, 0, {368, 418}, {0x47, 0xA8, 0xC6, 0xFF}}},
	{{{35, -71, -54}, 0, {368, 478}, {0x0C, 0xC0, 0x93, 0xFF}}},
	{{{51, -61, -69}, 0, {368, 544}, {0x11, 0xC2, 0x92, 0xFF}}},
	{{{115, -60, -45}, 0, {368, 414}, {0x47, 0xAE, 0xBE, 0xFF}}},
	{{{35, -71, -54}, 0, {368, 625}, {0x0C, 0xC0, 0x93, 0xFF}}},
	{{{-10, -71, -50}, 0, {368, 685}, {0x00, 0xCA, 0x8D, 0xFF}}},
	{{{-7, -61, -64}, 0, {368, 694}, {0xF9, 0xC4, 0x90, 0xFF}}},
	{{{51, -61, -69}, 0, {368, 618}, {0x11, 0xC2, 0x92, 0xFF}}},
	{{{-62, -138, -53}, 0, {112, 496}, {0xBC, 0xB2, 0xB6, 0xFF}}},
	{{{-15, -138, -48}, 0, {112, 496}, {0xFF, 0xBD, 0x94, 0xFF}}},
	{{{-15, -138, 49}, 0, {112, 240}, {0x04, 0xBF, 0x6D, 0xFF}}},
	{{{-62, -138, 53}, 0, {112, 240}, {0xBD, 0xB2, 0x4A, 0xFF}}},
	{{{-7, -61, -64}, 0, {368, 752}, {0xF9, 0xC4, 0x90, 0xFF}}},
	{{{-10, -71, -50}, 0, {368, 752}, {0x00, 0xCA, 0x8D, 0xFF}}},
	{{{-62, -56, -67}, 0, {368, 752}, {0xAE, 0xF5, 0xA0, 0xFF}}},
	{{{-62, -138, -53}, 0, {368, 752}, {0xBC, 0xB2, 0xB6, 0xFF}}},
	{{{-15, -138, -48}, 0, {368, 752}, {0xFF, 0xBD, 0x94, 0xFF}}},
	{{{-62, -56, -67}, 0, {368, 752}, {0xAE, 0xF5, 0xA0, 0xFF}}},
	{{{-62, -138, -53}, 0, {368, 752}, {0xBC, 0xB2, 0xB6, 0xFF}}},
	{{{-62, -56, 67}, 0, {368, 1008}, {0xB0, 0xF5, 0x62, 0xFF}}},
	{{{-62, -138, 53}, 0, {368, 1008}, {0xBD, 0xB2, 0x4A, 0xFF}}},
	{{{-62, -138, 53}, 0, {368, -16}, {0xBD, 0xB2, 0x4A, 0xFF}}},
	{{{-15, -138, 49}, 0, {368, -16}, {0x04, 0xBF, 0x6D, 0xFF}}},
	{{{-15, -71, 47}, 0, {368, -16}, {0xFB, 0xCD, 0x74, 0xFF}}},
	{{{-62, -56, 67}, 0, {368, -16}, {0xB0, 0xF5, 0x62, 0xFF}}},
	{{{-15, 154, 61}, 0, {624, -16}, {0x4E, 0x4A, 0x44, 0xFF}}},
	{{{-62, 154, 68}, 0, {624, -16}, {0xBB, 0x48, 0x4F, 0xFF}}},
	{{{-62, -56, 67}, 0, {624, -16}, {0xB0, 0xF5, 0x62, 0xFF}}},
	{{{-16, -60, 61}, 0, {624, -16}, {0xF6, 0xC4, 0x70, 0xFF}}},
	{{{-15, 154, -61}, 0, {624, 752}, {0x4D, 0x4B, 0xBC, 0xFF}}},
	{{{-14, 20, -61}, 0, {624, 752}, {0x27, 0x22, 0x8C, 0xFF}}},
	{{{-62, -56, -67}, 0, {624, 752}, {0xAE, 0xF5, 0xA0, 0xFF}}},
	{{{-62, 154, -68}, 0, {624, 752}, {0xBB, 0x48, 0xB1, 0xFF}}},
	{{{-62, -56, 67}, 0, {624, 1000}, {0xB0, 0xF5, 0x62, 0xFF}}},
	{{{-62, 154, 68}, 0, {624, 1008}, {0xBB, 0x48, 0x4F, 0xFF}}},
	{{{-1, 158, -48}, 0, {880, 487}, {0x43, 0x4E, 0xB6, 0xFF}}},
	{{{-1, 157, 48}, 0, {880, 249}, {0x34, 0x54, 0x4F, 0xFF}}},
	{{{-5, 20, -43}, 0, {880, 456}, {0x68, 0x44, 0x1A, 0xFF}}},
	{{{-14, 20, -61}, 0, {880, 490}, {0x27, 0x22, 0x8C, 0xFF}}},
	{{{-7, 158, 47}, 0, {624, -16}, {0xA9, 0x50, 0x2E, 0xFF}}},
	{{{-16, -60, 61}, 0, {624, -16}, {0xF6, 0xC4, 0x70, 0xFF}}},
	{{{0, 20, 67}, 0, {624, -16}, {0xF5, 0x3A, 0x71, 0xFF}}},
	{{{-1, 157, 48}, 0, {624, -16}, {0x34, 0x54, 0x4F, 0xFF}}},
	{{{6, -36, 17}, 0, {880, 310}, {0x5E, 0x1C, 0xAF, 0xFF}}},
	{{{-4, 20, 40}, 0, {880, 286}, {0x6E, 0x33, 0xD9, 0xFF}}},
	{{{9, -39, -17}, 0, {880, 424}, {0x55, 0x1A, 0x5B, 0xFF}}},
	{{{1, -89, 17}, 0, {880, 314}, {0x5E, 0xF4, 0xAB, 0xFF}}},
	{{{1, -89, -17}, 0, {880, 422}, {0x5D, 0xF1, 0x55, 0xFF}}},
	{{{46, 20, 45}, 0, {794, 272}, {0xFF, 0x6D, 0xBF, 0xFF}}},
	{{{-4, 20, 40}, 0, {880, 272}, {0x6E, 0x33, 0xD9, 0xFF}}},
	{{{0, 20, 67}, 0, {880, 240}, {0xF5, 0x3A, 0x71, 0xFF}}},
	{{{51, 20, 69}, 0, {780, 240}, {0x0D, 0x55, 0x5D, 0xFF}}},
	{{{124, 20, 30}, 0, {624, 291}, {0xE2, 0x79, 0xE8, 0xFF}}},
	{{{149, 20, 40}, 0, {624, 240}, {0x53, 0x49, 0x3E, 0xFF}}},
	{{{124, 20, -23}, 0, {624, 439}, {0xD7, 0x76, 0x16, 0xFF}}},
	{{{149, 20, -39}, 0, {624, 496}, {0x53, 0x4A, 0xC3, 0xFF}}},
	{{{92, 20, -41}, 0, {649, 464}, {0xF1, 0x6E, 0x3D, 0xFF}}},
	{{{35, 20, -71}, 0, {830, 496}, {0x03, 0x54, 0xA1, 0xFF}}},
	{{{-5, 20, -43}, 0, {880, 464}, {0x68, 0x44, 0x1A, 0xFF}}},
	{{{-14, 20, -61}, 0, {880, 496}, {0x27, 0x22, 0x8C, 0xFF}}},
	{{{94, -36, -17}, 0, {624, 423}, {0xAC, 0x31, 0x52, 0xFF}}},
	{{{94, -34, 17}, 0, {624, 313}, {0xAE, 0x32, 0xAD, 0xFF}}},
	{{{83, -89, 17}, 0, {624, 314}, {0xAE, 0x12, 0xA1, 0xFF}}},
	{{{83, -89, -17}, 0, {624, 422}, {0xAD, 0x11, 0x5F, 0xFF}}},
};

Gfx wf_dl_toilet_001_mesh_layer_1_tri_0[] = {
	gsSPVertex(wf_dl_toilet_001_mesh_layer_1_vtx_0 + 0, 32, 0),
	gsSP2Triangles(0, 1, 2, 0, 3, 4, 5, 0),
	gsSP2Triangles(6, 7, 8, 0, 9, 10, 11, 0),
	gsSP2Triangles(12, 13, 14, 0, 15, 16, 17, 0),
	gsSP2Triangles(18, 19, 20, 0, 21, 19, 22, 0),
	gsSP2Triangles(23, 24, 25, 0, 26, 27, 28, 0),
	gsSP1Triangle(29, 30, 31, 0),
	gsSPVertex(wf_dl_toilet_001_mesh_layer_1_vtx_0 + 32, 32, 0),
	gsSP2Triangles(0, 1, 2, 0, 3, 4, 5, 0),
	gsSP2Triangles(6, 7, 8, 0, 9, 10, 11, 0),
	gsSP2Triangles(12, 13, 14, 0, 15, 6, 16, 0),
	gsSP2Triangles(17, 18, 19, 0, 20, 21, 22, 0),
	gsSP2Triangles(20, 22, 23, 0, 24, 25, 26, 0),
	gsSP2Triangles(26, 25, 27, 0, 28, 26, 27, 0),
	gsSP2Triangles(28, 29, 26, 0, 29, 28, 30, 0),
	gsSP1Triangle(29, 30, 31, 0),
	gsSPVertex(wf_dl_toilet_001_mesh_layer_1_vtx_0 + 64, 32, 0),
	gsSP2Triangles(0, 1, 2, 0, 0, 3, 1, 0),
	gsSP2Triangles(3, 0, 4, 0, 4, 0, 5, 0),
	gsSP2Triangles(6, 7, 8, 0, 9, 7, 6, 0),
	gsSP2Triangles(10, 9, 6, 0, 6, 11, 10, 0),
	gsSP2Triangles(12, 13, 14, 0, 13, 15, 14, 0),
	gsSP2Triangles(16, 17, 18, 0, 16, 19, 17, 0),
	gsSP2Triangles(20, 21, 22, 0, 20, 22, 23, 0),
	gsSP2Triangles(24, 25, 26, 0, 24, 27, 25, 0),
	gsSP2Triangles(24, 28, 27, 0, 28, 29, 27, 0),
	gsSP2Triangles(28, 30, 29, 0, 31, 29, 30, 0),
	gsSPVertex(wf_dl_toilet_001_mesh_layer_1_vtx_0 + 96, 32, 0),
	gsSP2Triangles(0, 1, 2, 0, 0, 2, 3, 0),
	gsSP2Triangles(3, 2, 4, 0, 5, 4, 2, 0),
	gsSP2Triangles(5, 2, 6, 0, 7, 5, 6, 0),
	gsSP2Triangles(8, 9, 10, 0, 11, 12, 13, 0),
	gsSP2Triangles(11, 13, 14, 0, 15, 16, 17, 0),
	gsSP2Triangles(15, 17, 18, 0, 19, 20, 21, 0),
	gsSP2Triangles(19, 21, 22, 0, 23, 24, 25, 0),
	gsSP2Triangles(23, 25, 26, 0, 27, 28, 29, 0),
	gsSP2Triangles(30, 29, 28, 0, 30, 28, 31, 0),
	gsSPVertex(wf_dl_toilet_001_mesh_layer_1_vtx_0 + 128, 31, 0),
	gsSP2Triangles(0, 1, 2, 0, 2, 1, 3, 0),
	gsSP2Triangles(4, 5, 6, 0, 4, 6, 7, 0),
	gsSP2Triangles(8, 9, 10, 0, 8, 10, 11, 0),
	gsSP2Triangles(12, 13, 14, 0, 12, 14, 15, 0),
	gsSP2Triangles(16, 15, 14, 0, 16, 17, 15, 0),
	gsSP2Triangles(18, 19, 20, 0, 18, 20, 21, 0),
	gsSP2Triangles(22, 23, 24, 0, 22, 24, 25, 0),
	gsSP2Triangles(26, 20, 27, 0, 28, 20, 26, 0),
	gsSP2Triangles(26, 29, 28, 0, 28, 29, 30, 0),
	gsSPVertex(wf_dl_toilet_001_mesh_layer_1_vtx_0 + 159, 16, 0),
	gsSP2Triangles(0, 1, 2, 0, 0, 2, 3, 0),
	gsSP2Triangles(0, 3, 4, 0, 4, 3, 5, 0),
	gsSP2Triangles(4, 5, 6, 0, 6, 5, 7, 0),
	gsSP2Triangles(8, 6, 7, 0, 7, 9, 8, 0),
	gsSP2Triangles(9, 10, 8, 0, 10, 9, 11, 0),
	gsSP2Triangles(12, 4, 6, 0, 13, 4, 12, 0),
	gsSP2Triangles(14, 13, 12, 0, 14, 12, 15, 0),
	gsSPEndDisplayList(),
};

Vtx wf_dl_toilet_001_mesh_layer_1_vtx_1[14] = {
	{{{-37, 126, 82}, 0, {1521, 268}, {0x1D, 0xC8, 0x6E, 0xFF}}},
	{{{-39, 120, 61}, 0, {1716, 780}, {0xF3, 0x8A, 0x2C, 0xFF}}},
	{{{-28, 131, 61}, 0, {1479, 780}, {0x79, 0x01, 0x28, 0xFF}}},
	{{{-39, 142, 61}, 0, {1196, 596}, {0x0D, 0x76, 0x2C, 0xFF}}},
	{{{-50, 131, 61}, 0, {1471, 596}, {0x87, 0xFF, 0x28, 0xFF}}},
	{{{-42, 136, 82}, 0, {1309, 84}, {0xE3, 0x38, 0x6E, 0xFF}}},
	{{{-42, 136, 82}, 0, {667, 84}, {0xE3, 0x38, 0x6E, 0xFF}}},
	{{{-37, 126, 82}, 0, {922, 84}, {0x1D, 0xC8, 0x6E, 0xFF}}},
	{{{-28, 131, 61}, 0, {1830, 596}, {0x79, 0x01, 0x28, 0xFF}}},
	{{{-39, 142, 61}, 0, {1530, 596}, {0x0D, 0x76, 0x2C, 0xFF}}},
	{{{-37, 126, 82}, 0, {1716, 268}, {0x1D, 0xC8, 0x6E, 0xFF}}},
	{{{-42, 136, 82}, 0, {1481, 268}, {0xE3, 0x38, 0x6E, 0xFF}}},
	{{{-50, 131, 61}, 0, {1447, 780}, {0x87, 0xFF, 0x28, 0xFF}}},
	{{{-39, 120, 61}, 0, {1721, 780}, {0xF3, 0x8A, 0x2C, 0xFF}}},
};

Gfx wf_dl_toilet_001_mesh_layer_1_tri_1[] = {
	gsSPVertex(wf_dl_toilet_001_mesh_layer_1_vtx_1 + 0, 14, 0),
	gsSP2Triangles(0, 1, 2, 0, 3, 4, 5, 0),
	gsSP2Triangles(6, 7, 8, 0, 6, 8, 9, 0),
	gsSP2Triangles(10, 11, 12, 0, 10, 12, 13, 0),
	gsSPEndDisplayList(),
};

Vtx wf_dl_Water_Box_Mesh_mesh_layer_5_vtx_cull[8] = {
	{{{-607, 0, 281}, 0, {0, 0}, {0x00, 0x00, 0x00, 0x00}}},
	{{{-607, 0, 281}, 0, {0, 0}, {0x00, 0x00, 0x00, 0x00}}},
	{{{-607, 0, -281}, 0, {0, 0}, {0x00, 0x00, 0x00, 0x00}}},
	{{{-607, 0, -281}, 0, {0, 0}, {0x00, 0x00, 0x00, 0x00}}},
	{{{607, 0, 281}, 0, {0, 0}, {0x00, 0x00, 0x00, 0x00}}},
	{{{607, 0, 281}, 0, {0, 0}, {0x00, 0x00, 0x00, 0x00}}},
	{{{607, 0, -281}, 0, {0, 0}, {0x00, 0x00, 0x00, 0x00}}},
	{{{607, 0, -281}, 0, {0, 0}, {0x00, 0x00, 0x00, 0x00}}},
};

Vtx wf_dl_Water_Box_Mesh_mesh_layer_5_vtx_0[4] = {
	{{{-607, 0, 281}, 0, {-5136, 3568}, {0x10, 0x62, 0xC5, 0xFF}}},
	{{{607, 0, 281}, 0, {5104, 3568}, {0x10, 0x62, 0xC5, 0xFF}}},
	{{{607, 0, -281}, 0, {5104, -1552}, {0x10, 0x62, 0xC5, 0xFF}}},
	{{{-607, 0, -281}, 0, {-5136, -1552}, {0x10, 0x62, 0xC5, 0xFF}}},
};

Gfx wf_dl_Water_Box_Mesh_mesh_layer_5_tri_0[] = {
	gsSPVertex(wf_dl_Water_Box_Mesh_mesh_layer_5_vtx_0 + 0, 4, 0),
	gsSP2Triangles(0, 1, 2, 0, 0, 2, 3, 0),
	gsSPEndDisplayList(),
};

Vtx wf_dl_Water_Box_Mesh_001_mesh_layer_5_vtx_0[4] = {
	{{{20900, 0, 11512}, 0, {10224, 11248}, {0xFF, 0x80, 0xC4, 0xFF}}},
	{{{-20900, 0, -11512}, 0, {-10256, -9232}, {0xFF, 0x4F, 0x4F, 0xFF}}},
	{{{-20900, 0, 11512}, 0, {-10256, 11248}, {0x41, 0x41, 0xFF, 0xFF}}},
	{{{20900, 0, -11512}, 0, {10224, -9232}, {0x67, 0xFF, 0x65, 0xFF}}},
};

Gfx wf_dl_Water_Box_Mesh_001_mesh_layer_5_tri_0[] = {
	gsSPVertex(wf_dl_Water_Box_Mesh_001_mesh_layer_5_vtx_0 + 0, 4, 0),
	gsSP2Triangles(0, 1, 2, 0, 0, 3, 1, 0),
	gsSPEndDisplayList(),
};

Vtx wf_dl_Plane_mesh_layer_1_vtx_cull[8] = {
	{{{-100, 0, 100}, 0, {0, 0}, {0x00, 0x00, 0x00, 0x00}}},
	{{{-100, 0, 100}, 0, {0, 0}, {0x00, 0x00, 0x00, 0x00}}},
	{{{-100, 0, -100}, 0, {0, 0}, {0x00, 0x00, 0x00, 0x00}}},
	{{{-100, 0, -100}, 0, {0, 0}, {0x00, 0x00, 0x00, 0x00}}},
	{{{100, 0, 100}, 0, {0, 0}, {0x00, 0x00, 0x00, 0x00}}},
	{{{100, 0, 100}, 0, {0, 0}, {0x00, 0x00, 0x00, 0x00}}},
	{{{100, 0, -100}, 0, {0, 0}, {0x00, 0x00, 0x00, 0x00}}},
	{{{100, 0, -100}, 0, {0, 0}, {0x00, 0x00, 0x00, 0x00}}},
};

Vtx wf_dl_Plane_mesh_layer_1_vtx_0[4] = {
	{{{-100, 0, 100}, 0, {-16, 1008}, {0x00, 0x7F, 0x00, 0xFF}}},
	{{{100, 0, 100}, 0, {1008, 1008}, {0x00, 0x7F, 0x00, 0xFF}}},
	{{{100, 0, -100}, 0, {1008, -16}, {0x00, 0x7F, 0x00, 0xFF}}},
	{{{-100, 0, -100}, 0, {-16, -16}, {0x00, 0x7F, 0x00, 0xFF}}},
};

Gfx wf_dl_Plane_mesh_layer_1_tri_0[] = {
	gsSPVertex(wf_dl_Plane_mesh_layer_1_vtx_0 + 0, 4, 0),
	gsSP2Triangles(0, 1, 2, 0, 0, 2, 3, 0),
	gsSPEndDisplayList(),
};

Gfx mat_wf_dl_wooden_floor[] = {
	gsSPClearGeometryMode(G_LIGHTING),
	gsDPPipeSync(),
	gsDPSetCombineLERP(TEXEL0, 0, SHADE, 0, ENVIRONMENT, 0, SHADE, 0, TEXEL0, 0, SHADE, 0, ENVIRONMENT, 0, SHADE, 0),
	gsDPSetAlphaDither(G_AD_NOISE),
	gsDPSetTextureLUT(G_TT_RGBA16),
	gsSPTexture(65535, 65535, 0, 0, 1),
	gsDPSetTextureImage(G_IM_FMT_RGBA, G_IM_SIZ_16b, 1, wf_dl_cardboard32_pal_rgba16),
	gsDPSetTile(0, 0, 0, 256, 5, 0, G_TX_WRAP | G_TX_NOMIRROR, 0, 0, G_TX_WRAP | G_TX_NOMIRROR, 0, 0),
	gsDPLoadTLUTCmd(5, 17),
	gsDPSetTextureImage(G_IM_FMT_CI, G_IM_SIZ_8b_LOAD_BLOCK, 1, wf_dl_cardboard32_ci8),
	gsDPSetTile(G_IM_FMT_CI, G_IM_SIZ_8b_LOAD_BLOCK, 0, 0, 7, 0, G_TX_WRAP | G_TX_NOMIRROR, 0, 0, G_TX_WRAP | G_TX_NOMIRROR, 0, 0),
	gsDPLoadBlock(7, 0, 0, 511, 512),
	gsDPSetTile(G_IM_FMT_CI, G_IM_SIZ_8b, 4, 0, 0, 0, G_TX_WRAP | G_TX_MIRROR, 5, 0, G_TX_WRAP | G_TX_MIRROR, 5, 0),
	gsDPSetTileSize(0, 0, 0, 124, 124),
	gsSPEndDisplayList(),
};

Gfx mat_revert_wf_dl_wooden_floor[] = {
	gsSPSetGeometryMode(G_LIGHTING),
	gsDPPipeSync(),
	gsDPSetAlphaDither(G_AD_DISABLE),
	gsDPSetTextureLUT(G_TT_NONE),
	gsSPEndDisplayList(),
};

Gfx mat_wf_dl_grass_layer1[] = {
	gsSPSetGeometryMode(G_FOG),
	gsSPLightColor(LIGHT_1, 0xFFFFFFFF),
	gsSPLightColor(LIGHT_2, 0x7F7F7FFF),
	gsDPPipeSync(),
	gsDPSetCombineLERP(TEXEL0, 0, SHADE, 0, 0, 0, 0, ENVIRONMENT, 0, 0, 0, COMBINED, 0, 0, 0, COMBINED),
	gsDPSetFogColor(255, 255, 255, 255),
	gsSPFogPosition(990, 1000),
	gsDPSetAlphaDither(G_AD_NOISE),
	gsDPSetTextureLUT(G_TT_RGBA16),
	gsDPSetCycleType(G_CYC_2CYCLE),
	gsDPSetRenderMode(G_RM_FOG_SHADE_A, G_RM_AA_ZB_OPA_SURF2),
	gsSPTexture(65535, 65535, 0, 0, 1),
	gsDPSetTextureImage(G_IM_FMT_RGBA, G_IM_SIZ_16b, 1, wf_dl_SUPER_MARIO_64_8296D820_0_2_all_pal_rgba16),
	gsDPSetTile(0, 0, 0, 256, 5, 0, G_TX_WRAP | G_TX_NOMIRROR, 0, 0, G_TX_WRAP | G_TX_NOMIRROR, 0, 0),
	gsDPLoadTLUTCmd(5, 26),
	gsDPSetTextureImage(G_IM_FMT_CI, G_IM_SIZ_8b_LOAD_BLOCK, 1, wf_dl_SUPER_MARIO_64_8296D820_0_2_all_ci8),
	gsDPSetTile(G_IM_FMT_CI, G_IM_SIZ_8b_LOAD_BLOCK, 0, 0, 7, 0, G_TX_WRAP | G_TX_NOMIRROR, 0, 0, G_TX_WRAP | G_TX_NOMIRROR, 0, 0),
	gsDPLoadBlock(7, 0, 0, 511, 512),
	gsDPSetTile(G_IM_FMT_CI, G_IM_SIZ_8b, 4, 0, 0, 0, G_TX_WRAP | G_TX_MIRROR, 5, 0, G_TX_WRAP | G_TX_MIRROR, 5, 0),
	gsDPSetTileSize(0, 0, 0, 124, 124),
	gsSPEndDisplayList(),
};

Gfx mat_revert_wf_dl_grass_layer1[] = {
	gsSPClearGeometryMode(G_FOG),
	gsDPPipeSync(),
	gsDPSetAlphaDither(G_AD_DISABLE),
	gsDPSetTextureLUT(G_TT_NONE),
	gsDPSetCycleType(G_CYC_1CYCLE),
	gsDPSetRenderMode(G_RM_AA_ZB_OPA_SURF, G_RM_AA_ZB_OPA_SURF2),
	gsSPEndDisplayList(),
};

Gfx mat_wf_dl_fake_skybox__layer1[] = {
	gsSPGeometryMode(G_LIGHTING, G_FOG),
	gsDPPipeSync(),
	gsDPSetCombineLERP(TEXEL0, 0, SHADE, 0, 0, 0, 0, ENVIRONMENT, 0, 0, 0, COMBINED, 0, 0, 0, COMBINED),
	gsDPSetFogColor(255, 255, 255, 255),
	gsSPFogPosition(990, 1000),
	gsDPSetAlphaDither(G_AD_NOISE),
	gsDPSetTextureLUT(G_TT_RGBA16),
	gsDPSetCycleType(G_CYC_2CYCLE),
	gsDPSetRenderMode(G_RM_FOG_SHADE_A, G_RM_AA_ZB_OPA_SURF2),
	gsSPTexture(65535, 65535, 0, 0, 1),
	gsDPSetTextureImage(G_IM_FMT_RGBA, G_IM_SIZ_16b, 1, wf_dl_fakeskybox_pal_rgba16),
	gsDPSetTile(0, 0, 0, 256, 5, 0, G_TX_WRAP | G_TX_NOMIRROR, 0, 0, G_TX_WRAP | G_TX_NOMIRROR, 0, 0),
	gsDPLoadTLUTCmd(5, 0),
	gsDPSetTextureImage(G_IM_FMT_CI, G_IM_SIZ_8b, 4, wf_dl_fakeskybox_ci4),
	gsDPSetTile(G_IM_FMT_CI, G_IM_SIZ_8b, 1, 0, 7, 0, G_TX_WRAP | G_TX_NOMIRROR, 0, 0, G_TX_WRAP | G_TX_NOMIRROR, 0, 0),
	gsDPLoadTile(7, 0, 0, 14, 28),
	gsDPSetTile(G_IM_FMT_CI, G_IM_SIZ_4b, 1, 0, 0, 0, G_TX_WRAP | G_TX_NOMIRROR, 3, 0, G_TX_WRAP | G_TX_NOMIRROR, 3, 0),
	gsDPSetTileSize(0, 0, 0, 28, 28),
	gsSPEndDisplayList(),
};

Gfx mat_revert_wf_dl_fake_skybox__layer1[] = {
	gsSPGeometryMode(G_FOG, G_LIGHTING),
	gsDPPipeSync(),
	gsDPSetAlphaDither(G_AD_DISABLE),
	gsDPSetTextureLUT(G_TT_NONE),
	gsDPSetCycleType(G_CYC_1CYCLE),
	gsDPSetRenderMode(G_RM_AA_ZB_OPA_SURF, G_RM_AA_ZB_OPA_SURF2),
	gsSPEndDisplayList(),
};

Gfx mat_wf_dl_tile_0_0_png_001_f3d[] = {
	gsSPLightColor(LIGHT_1, 0xFFFFFFFF),
	gsSPLightColor(LIGHT_2, 0x7F7F7FFF),
	gsDPPipeSync(),
	gsDPSetCombineLERP(TEXEL0, 0, SHADE, 0, 0, 0, 0, ENVIRONMENT, TEXEL0, 0, SHADE, 0, 0, 0, 0, ENVIRONMENT),
	gsDPSetAlphaDither(G_AD_NOISE),
	gsSPTexture(65535, 65535, 0, 0, 1),
	gsDPSetTextureImage(G_IM_FMT_I, G_IM_SIZ_8b_LOAD_BLOCK, 1, wf_dl_tile_0_0_i8),
	gsDPSetTile(G_IM_FMT_I, G_IM_SIZ_8b_LOAD_BLOCK, 0, 0, 7, 0, G_TX_WRAP | G_TX_NOMIRROR, 0, 0, G_TX_WRAP | G_TX_NOMIRROR, 0, 0),
	gsDPLoadBlock(7, 0, 0, 511, 512),
	gsDPSetTile(G_IM_FMT_I, G_IM_SIZ_8b, 4, 0, 0, 0, G_TX_WRAP | G_TX_NOMIRROR, 5, 0, G_TX_WRAP | G_TX_NOMIRROR, 5, 0),
	gsDPSetTileSize(0, 0, 0, 124, 124),
	gsSPEndDisplayList(),
};

Gfx mat_revert_wf_dl_tile_0_0_png_001_f3d[] = {
	gsDPPipeSync(),
	gsDPSetAlphaDither(G_AD_DISABLE),
	gsSPEndDisplayList(),
};

Gfx mat_wf_dl_tile_0_1_png_001_f3d[] = {
	gsSPLightColor(LIGHT_1, 0xFFFFFFFF),
	gsSPLightColor(LIGHT_2, 0x7F7F7FFF),
	gsDPPipeSync(),
	gsDPSetCombineLERP(TEXEL0, 0, SHADE, 0, 0, 0, 0, ENVIRONMENT, TEXEL0, 0, SHADE, 0, 0, 0, 0, ENVIRONMENT),
	gsDPSetAlphaDither(G_AD_NOISE),
	gsSPTexture(65535, 65535, 0, 0, 1),
	gsDPSetTextureImage(G_IM_FMT_I, G_IM_SIZ_8b_LOAD_BLOCK, 1, wf_dl_tile_0_1_i8),
	gsDPSetTile(G_IM_FMT_I, G_IM_SIZ_8b_LOAD_BLOCK, 0, 0, 7, 0, G_TX_WRAP | G_TX_NOMIRROR, 0, 0, G_TX_WRAP | G_TX_NOMIRROR, 0, 0),
	gsDPLoadBlock(7, 0, 0, 511, 512),
	gsDPSetTile(G_IM_FMT_I, G_IM_SIZ_8b, 4, 0, 0, 0, G_TX_WRAP | G_TX_NOMIRROR, 5, 0, G_TX_WRAP | G_TX_NOMIRROR, 5, 0),
	gsDPSetTileSize(0, 0, 0, 124, 124),
	gsSPEndDisplayList(),
};

Gfx mat_revert_wf_dl_tile_0_1_png_001_f3d[] = {
	gsDPPipeSync(),
	gsDPSetAlphaDither(G_AD_DISABLE),
	gsSPEndDisplayList(),
};

Gfx mat_wf_dl_tile_0_2_png_001_f3d[] = {
	gsSPLightColor(LIGHT_1, 0xFFFFFFFF),
	gsSPLightColor(LIGHT_2, 0x7F7F7FFF),
	gsDPPipeSync(),
	gsDPSetCombineLERP(TEXEL0, 0, SHADE, 0, 0, 0, 0, ENVIRONMENT, TEXEL0, 0, SHADE, 0, 0, 0, 0, ENVIRONMENT),
	gsDPSetAlphaDither(G_AD_NOISE),
	gsSPTexture(65535, 65535, 0, 0, 1),
	gsDPSetTextureImage(G_IM_FMT_I, G_IM_SIZ_8b_LOAD_BLOCK, 1, wf_dl_tile_0_2_i8),
	gsDPSetTile(G_IM_FMT_I, G_IM_SIZ_8b_LOAD_BLOCK, 0, 0, 7, 0, G_TX_WRAP | G_TX_NOMIRROR, 0, 0, G_TX_WRAP | G_TX_NOMIRROR, 0, 0),
	gsDPLoadBlock(7, 0, 0, 511, 512),
	gsDPSetTile(G_IM_FMT_I, G_IM_SIZ_8b, 4, 0, 0, 0, G_TX_WRAP | G_TX_NOMIRROR, 5, 0, G_TX_WRAP | G_TX_NOMIRROR, 5, 0),
	gsDPSetTileSize(0, 0, 0, 124, 124),
	gsSPEndDisplayList(),
};

Gfx mat_revert_wf_dl_tile_0_2_png_001_f3d[] = {
	gsDPPipeSync(),
	gsDPSetAlphaDither(G_AD_DISABLE),
	gsSPEndDisplayList(),
};

Gfx mat_wf_dl_tile_0_3_png_001_f3d[] = {
	gsSPLightColor(LIGHT_1, 0xFFFFFFFF),
	gsSPLightColor(LIGHT_2, 0x7F7F7FFF),
	gsDPPipeSync(),
	gsDPSetCombineLERP(TEXEL0, 0, SHADE, 0, 0, 0, 0, ENVIRONMENT, TEXEL0, 0, SHADE, 0, 0, 0, 0, ENVIRONMENT),
	gsDPSetAlphaDither(G_AD_NOISE),
	gsSPTexture(65535, 65535, 0, 0, 1),
	gsDPSetTextureImage(G_IM_FMT_I, G_IM_SIZ_8b_LOAD_BLOCK, 1, wf_dl_tile_0_3_i8),
	gsDPSetTile(G_IM_FMT_I, G_IM_SIZ_8b_LOAD_BLOCK, 0, 0, 7, 0, G_TX_WRAP | G_TX_NOMIRROR, 0, 0, G_TX_WRAP | G_TX_NOMIRROR, 0, 0),
	gsDPLoadBlock(7, 0, 0, 511, 512),
	gsDPSetTile(G_IM_FMT_I, G_IM_SIZ_8b, 4, 0, 0, 0, G_TX_WRAP | G_TX_NOMIRROR, 5, 0, G_TX_WRAP | G_TX_NOMIRROR, 5, 0),
	gsDPSetTileSize(0, 0, 0, 124, 124),
	gsSPEndDisplayList(),
};

Gfx mat_revert_wf_dl_tile_0_3_png_001_f3d[] = {
	gsDPPipeSync(),
	gsDPSetAlphaDither(G_AD_DISABLE),
	gsSPEndDisplayList(),
};

Gfx mat_wf_dl_tile_0_4_png_001_f3d[] = {
	gsSPLightColor(LIGHT_1, 0xFFFFFFFF),
	gsSPLightColor(LIGHT_2, 0x7F7F7FFF),
	gsDPPipeSync(),
	gsDPSetCombineLERP(TEXEL0, 0, SHADE, 0, 0, 0, 0, ENVIRONMENT, TEXEL0, 0, SHADE, 0, 0, 0, 0, ENVIRONMENT),
	gsDPSetAlphaDither(G_AD_NOISE),
	gsSPTexture(65535, 65535, 0, 0, 1),
	gsDPSetTextureImage(G_IM_FMT_I, G_IM_SIZ_8b_LOAD_BLOCK, 1, wf_dl_tile_0_4_i8),
	gsDPSetTile(G_IM_FMT_I, G_IM_SIZ_8b_LOAD_BLOCK, 0, 0, 7, 0, G_TX_WRAP | G_TX_NOMIRROR, 0, 0, G_TX_WRAP | G_TX_NOMIRROR, 0, 0),
	gsDPLoadBlock(7, 0, 0, 511, 512),
	gsDPSetTile(G_IM_FMT_I, G_IM_SIZ_8b, 4, 0, 0, 0, G_TX_WRAP | G_TX_NOMIRROR, 5, 0, G_TX_WRAP | G_TX_NOMIRROR, 5, 0),
	gsDPSetTileSize(0, 0, 0, 124, 124),
	gsSPEndDisplayList(),
};

Gfx mat_revert_wf_dl_tile_0_4_png_001_f3d[] = {
	gsDPPipeSync(),
	gsDPSetAlphaDither(G_AD_DISABLE),
	gsSPEndDisplayList(),
};

Gfx mat_wf_dl_tile_0_5_png_001_f3d[] = {
	gsSPLightColor(LIGHT_1, 0xFFFFFFFF),
	gsSPLightColor(LIGHT_2, 0x7F7F7FFF),
	gsDPPipeSync(),
	gsDPSetCombineLERP(TEXEL0, 0, SHADE, 0, 0, 0, 0, ENVIRONMENT, TEXEL0, 0, SHADE, 0, 0, 0, 0, ENVIRONMENT),
	gsDPSetAlphaDither(G_AD_NOISE),
	gsDPSetTextureLUT(G_TT_RGBA16),
	gsSPTexture(65535, 65535, 0, 0, 1),
	gsDPSetTextureImage(G_IM_FMT_RGBA, G_IM_SIZ_16b, 1, wf_dl_tile_0_5_pal_rgba16),
	gsDPSetTile(0, 0, 0, 256, 5, 0, G_TX_WRAP | G_TX_NOMIRROR, 0, 0, G_TX_WRAP | G_TX_NOMIRROR, 0, 0),
	gsDPLoadTLUTCmd(5, 25),
	gsDPSetTextureImage(G_IM_FMT_CI, G_IM_SIZ_8b_LOAD_BLOCK, 1, wf_dl_tile_0_5_ci8),
	gsDPSetTile(G_IM_FMT_CI, G_IM_SIZ_8b_LOAD_BLOCK, 0, 0, 7, 0, G_TX_WRAP | G_TX_NOMIRROR, 0, 0, G_TX_WRAP | G_TX_NOMIRROR, 0, 0),
	gsDPLoadBlock(7, 0, 0, 511, 512),
	gsDPSetTile(G_IM_FMT_CI, G_IM_SIZ_8b, 4, 0, 0, 0, G_TX_WRAP | G_TX_NOMIRROR, 5, 0, G_TX_WRAP | G_TX_NOMIRROR, 5, 0),
	gsDPSetTileSize(0, 0, 0, 124, 124),
	gsSPEndDisplayList(),
};

Gfx mat_revert_wf_dl_tile_0_5_png_001_f3d[] = {
	gsDPPipeSync(),
	gsDPSetAlphaDither(G_AD_DISABLE),
	gsDPSetTextureLUT(G_TT_NONE),
	gsSPEndDisplayList(),
};

Gfx mat_wf_dl_tile_0_6_png_001_f3d[] = {
	gsSPLightColor(LIGHT_1, 0xFFFFFFFF),
	gsSPLightColor(LIGHT_2, 0x7F7F7FFF),
	gsDPPipeSync(),
	gsDPSetCombineLERP(TEXEL0, 0, SHADE, 0, 0, 0, 0, ENVIRONMENT, TEXEL0, 0, SHADE, 0, 0, 0, 0, ENVIRONMENT),
	gsDPSetAlphaDither(G_AD_NOISE),
	gsDPSetTextureLUT(G_TT_RGBA16),
	gsSPTexture(65535, 65535, 0, 0, 1),
	gsDPSetTextureImage(G_IM_FMT_RGBA, G_IM_SIZ_16b, 1, wf_dl_tile_0_6_pal_rgba16),
	gsDPSetTile(0, 0, 0, 256, 5, 0, G_TX_WRAP | G_TX_NOMIRROR, 0, 0, G_TX_WRAP | G_TX_NOMIRROR, 0, 0),
	gsDPLoadTLUTCmd(5, 47),
	gsDPSetTextureImage(G_IM_FMT_CI, G_IM_SIZ_8b_LOAD_BLOCK, 1, wf_dl_tile_0_6_ci8),
	gsDPSetTile(G_IM_FMT_CI, G_IM_SIZ_8b_LOAD_BLOCK, 0, 0, 7, 0, G_TX_WRAP | G_TX_NOMIRROR, 0, 0, G_TX_WRAP | G_TX_NOMIRROR, 0, 0),
	gsDPLoadBlock(7, 0, 0, 511, 512),
	gsDPSetTile(G_IM_FMT_CI, G_IM_SIZ_8b, 4, 0, 0, 0, G_TX_WRAP | G_TX_NOMIRROR, 5, 0, G_TX_WRAP | G_TX_NOMIRROR, 5, 0),
	gsDPSetTileSize(0, 0, 0, 124, 124),
	gsSPEndDisplayList(),
};

Gfx mat_revert_wf_dl_tile_0_6_png_001_f3d[] = {
	gsDPPipeSync(),
	gsDPSetAlphaDither(G_AD_DISABLE),
	gsDPSetTextureLUT(G_TT_NONE),
	gsSPEndDisplayList(),
};

Gfx mat_wf_dl_tile_0_7_png_001_f3d[] = {
	gsSPClearGeometryMode(G_CULL_BACK),
	gsSPLightColor(LIGHT_1, 0xFFFFFFFF),
	gsSPLightColor(LIGHT_2, 0x7F7F7FFF),
	gsDPPipeSync(),
	gsDPSetCombineLERP(TEXEL0, 0, SHADE, 0, 0, 0, 0, ENVIRONMENT, TEXEL0, 0, SHADE, 0, 0, 0, 0, ENVIRONMENT),
	gsDPSetAlphaDither(G_AD_NOISE),
	gsDPSetTextureLUT(G_TT_RGBA16),
	gsSPTexture(65535, 65535, 0, 0, 1),
	gsDPSetTextureImage(G_IM_FMT_RGBA, G_IM_SIZ_16b, 1, wf_dl_tile_0_7_pal_rgba16),
	gsDPSetTile(0, 0, 0, 256, 5, 0, G_TX_WRAP | G_TX_NOMIRROR, 0, 0, G_TX_WRAP | G_TX_NOMIRROR, 0, 0),
	gsDPLoadTLUTCmd(5, 66),
	gsDPSetTextureImage(G_IM_FMT_CI, G_IM_SIZ_8b_LOAD_BLOCK, 1, wf_dl_tile_0_7_ci8),
	gsDPSetTile(G_IM_FMT_CI, G_IM_SIZ_8b_LOAD_BLOCK, 0, 0, 7, 0, G_TX_WRAP | G_TX_NOMIRROR, 0, 0, G_TX_WRAP | G_TX_NOMIRROR, 0, 0),
	gsDPLoadBlock(7, 0, 0, 511, 512),
	gsDPSetTile(G_IM_FMT_CI, G_IM_SIZ_8b, 4, 0, 0, 0, G_TX_WRAP | G_TX_NOMIRROR, 5, 0, G_TX_WRAP | G_TX_NOMIRROR, 5, 0),
	gsDPSetTileSize(0, 0, 0, 124, 124),
	gsSPEndDisplayList(),
};

Gfx mat_revert_wf_dl_tile_0_7_png_001_f3d[] = {
	gsSPSetGeometryMode(G_CULL_BACK),
	gsDPPipeSync(),
	gsDPSetAlphaDither(G_AD_DISABLE),
	gsDPSetTextureLUT(G_TT_NONE),
	gsSPEndDisplayList(),
};

Gfx mat_wf_dl_tile_0_8_png_001_f3d[] = {
	gsSPLightColor(LIGHT_1, 0xFFFFFFFF),
	gsSPLightColor(LIGHT_2, 0x7F7F7FFF),
	gsDPPipeSync(),
	gsDPSetCombineLERP(TEXEL0, 0, SHADE, 0, 0, 0, 0, ENVIRONMENT, TEXEL0, 0, SHADE, 0, 0, 0, 0, ENVIRONMENT),
	gsDPSetAlphaDither(G_AD_NOISE),
	gsSPTexture(65535, 65535, 0, 0, 1),
	gsDPSetTextureImage(G_IM_FMT_I, G_IM_SIZ_8b_LOAD_BLOCK, 1, wf_dl_tile_0_8_i8),
	gsDPSetTile(G_IM_FMT_I, G_IM_SIZ_8b_LOAD_BLOCK, 0, 0, 7, 0, G_TX_WRAP | G_TX_NOMIRROR, 0, 0, G_TX_WRAP | G_TX_NOMIRROR, 0, 0),
	gsDPLoadBlock(7, 0, 0, 511, 512),
	gsDPSetTile(G_IM_FMT_I, G_IM_SIZ_8b, 4, 0, 0, 0, G_TX_WRAP | G_TX_NOMIRROR, 5, 0, G_TX_WRAP | G_TX_NOMIRROR, 5, 0),
	gsDPSetTileSize(0, 0, 0, 124, 124),
	gsSPEndDisplayList(),
};

Gfx mat_revert_wf_dl_tile_0_8_png_001_f3d[] = {
	gsDPPipeSync(),
	gsDPSetAlphaDither(G_AD_DISABLE),
	gsSPEndDisplayList(),
};

Gfx mat_wf_dl_tile_0_9_png_001_f3d[] = {
	gsSPLightColor(LIGHT_1, 0xFFFFFFFF),
	gsSPLightColor(LIGHT_2, 0x7F7F7FFF),
	gsDPPipeSync(),
	gsDPSetCombineLERP(TEXEL0, 0, SHADE, 0, 0, 0, 0, ENVIRONMENT, TEXEL0, 0, SHADE, 0, 0, 0, 0, ENVIRONMENT),
	gsDPSetAlphaDither(G_AD_NOISE),
	gsSPTexture(65535, 65535, 0, 0, 1),
	gsDPSetTextureImage(G_IM_FMT_I, G_IM_SIZ_8b_LOAD_BLOCK, 1, wf_dl_tile_0_9_i8),
	gsDPSetTile(G_IM_FMT_I, G_IM_SIZ_8b_LOAD_BLOCK, 0, 0, 7, 0, G_TX_WRAP | G_TX_NOMIRROR, 0, 0, G_TX_WRAP | G_TX_NOMIRROR, 0, 0),
	gsDPLoadBlock(7, 0, 0, 511, 512),
	gsDPSetTile(G_IM_FMT_I, G_IM_SIZ_8b, 4, 0, 0, 0, G_TX_WRAP | G_TX_NOMIRROR, 5, 0, G_TX_WRAP | G_TX_NOMIRROR, 5, 0),
	gsDPSetTileSize(0, 0, 0, 124, 124),
	gsSPEndDisplayList(),
};

Gfx mat_revert_wf_dl_tile_0_9_png_001_f3d[] = {
	gsDPPipeSync(),
	gsDPSetAlphaDither(G_AD_DISABLE),
	gsSPEndDisplayList(),
};

Gfx mat_wf_dl_tile_1_0_png_001_f3d[] = {
	gsSPLightColor(LIGHT_1, 0xFFFFFFFF),
	gsSPLightColor(LIGHT_2, 0x7F7F7FFF),
	gsDPPipeSync(),
	gsDPSetCombineLERP(TEXEL0, 0, SHADE, 0, 0, 0, 0, ENVIRONMENT, TEXEL0, 0, SHADE, 0, 0, 0, 0, ENVIRONMENT),
	gsDPSetAlphaDither(G_AD_NOISE),
	gsSPTexture(65535, 65535, 0, 0, 1),
	gsDPSetTextureImage(G_IM_FMT_I, G_IM_SIZ_8b_LOAD_BLOCK, 1, wf_dl_tile_1_0_i8),
	gsDPSetTile(G_IM_FMT_I, G_IM_SIZ_8b_LOAD_BLOCK, 0, 0, 7, 0, G_TX_WRAP | G_TX_NOMIRROR, 0, 0, G_TX_WRAP | G_TX_NOMIRROR, 0, 0),
	gsDPLoadBlock(7, 0, 0, 511, 512),
	gsDPSetTile(G_IM_FMT_I, G_IM_SIZ_8b, 4, 0, 0, 0, G_TX_WRAP | G_TX_NOMIRROR, 5, 0, G_TX_WRAP | G_TX_NOMIRROR, 5, 0),
	gsDPSetTileSize(0, 0, 0, 124, 124),
	gsSPEndDisplayList(),
};

Gfx mat_revert_wf_dl_tile_1_0_png_001_f3d[] = {
	gsDPPipeSync(),
	gsDPSetAlphaDither(G_AD_DISABLE),
	gsSPEndDisplayList(),
};

Gfx mat_wf_dl_tile_1_1_png_001_f3d[] = {
	gsSPLightColor(LIGHT_1, 0xFFFFFFFF),
	gsSPLightColor(LIGHT_2, 0x7F7F7FFF),
	gsDPPipeSync(),
	gsDPSetCombineLERP(TEXEL0, 0, SHADE, 0, 0, 0, 0, ENVIRONMENT, TEXEL0, 0, SHADE, 0, 0, 0, 0, ENVIRONMENT),
	gsDPSetAlphaDither(G_AD_NOISE),
	gsDPSetTextureLUT(G_TT_RGBA16),
	gsSPTexture(65535, 65535, 0, 0, 1),
	gsDPSetTextureImage(G_IM_FMT_RGBA, G_IM_SIZ_16b, 1, wf_dl_tile_1_1_pal_rgba16),
	gsDPSetTile(0, 0, 0, 256, 5, 0, G_TX_WRAP | G_TX_NOMIRROR, 0, 0, G_TX_WRAP | G_TX_NOMIRROR, 0, 0),
	gsDPLoadTLUTCmd(5, 49),
	gsDPSetTextureImage(G_IM_FMT_CI, G_IM_SIZ_8b_LOAD_BLOCK, 1, wf_dl_tile_1_1_ci8),
	gsDPSetTile(G_IM_FMT_CI, G_IM_SIZ_8b_LOAD_BLOCK, 0, 0, 7, 0, G_TX_WRAP | G_TX_NOMIRROR, 0, 0, G_TX_WRAP | G_TX_NOMIRROR, 0, 0),
	gsDPLoadBlock(7, 0, 0, 511, 512),
	gsDPSetTile(G_IM_FMT_CI, G_IM_SIZ_8b, 4, 0, 0, 0, G_TX_WRAP | G_TX_NOMIRROR, 5, 0, G_TX_WRAP | G_TX_NOMIRROR, 5, 0),
	gsDPSetTileSize(0, 0, 0, 124, 124),
	gsSPEndDisplayList(),
};

Gfx mat_revert_wf_dl_tile_1_1_png_001_f3d[] = {
	gsDPPipeSync(),
	gsDPSetAlphaDither(G_AD_DISABLE),
	gsDPSetTextureLUT(G_TT_NONE),
	gsSPEndDisplayList(),
};

Gfx mat_wf_dl_tile_1_2_png_001_f3d[] = {
	gsSPLightColor(LIGHT_1, 0xFFFFFFFF),
	gsSPLightColor(LIGHT_2, 0x7F7F7FFF),
	gsDPPipeSync(),
	gsDPSetCombineLERP(TEXEL0, 0, SHADE, 0, 0, 0, 0, ENVIRONMENT, TEXEL0, 0, SHADE, 0, 0, 0, 0, ENVIRONMENT),
	gsDPSetAlphaDither(G_AD_NOISE),
	gsDPSetTextureLUT(G_TT_RGBA16),
	gsSPTexture(65535, 65535, 0, 0, 1),
	gsDPSetTextureImage(G_IM_FMT_RGBA, G_IM_SIZ_16b, 1, wf_dl_tile_1_2_pal_rgba16),
	gsDPSetTile(0, 0, 0, 256, 5, 0, G_TX_WRAP | G_TX_NOMIRROR, 0, 0, G_TX_WRAP | G_TX_NOMIRROR, 0, 0),
	gsDPLoadTLUTCmd(5, 96),
	gsDPSetTextureImage(G_IM_FMT_CI, G_IM_SIZ_8b_LOAD_BLOCK, 1, wf_dl_tile_1_2_ci8),
	gsDPSetTile(G_IM_FMT_CI, G_IM_SIZ_8b_LOAD_BLOCK, 0, 0, 7, 0, G_TX_WRAP | G_TX_NOMIRROR, 0, 0, G_TX_WRAP | G_TX_NOMIRROR, 0, 0),
	gsDPLoadBlock(7, 0, 0, 511, 512),
	gsDPSetTile(G_IM_FMT_CI, G_IM_SIZ_8b, 4, 0, 0, 0, G_TX_WRAP | G_TX_NOMIRROR, 5, 0, G_TX_WRAP | G_TX_NOMIRROR, 5, 0),
	gsDPSetTileSize(0, 0, 0, 124, 124),
	gsSPEndDisplayList(),
};

Gfx mat_revert_wf_dl_tile_1_2_png_001_f3d[] = {
	gsDPPipeSync(),
	gsDPSetAlphaDither(G_AD_DISABLE),
	gsDPSetTextureLUT(G_TT_NONE),
	gsSPEndDisplayList(),
};

Gfx mat_wf_dl_tile_1_3_png_001_f3d[] = {
	gsSPLightColor(LIGHT_1, 0xFFFFFFFF),
	gsSPLightColor(LIGHT_2, 0x7F7F7FFF),
	gsDPPipeSync(),
	gsDPSetCombineLERP(TEXEL0, 0, SHADE, 0, 0, 0, 0, ENVIRONMENT, TEXEL0, 0, SHADE, 0, 0, 0, 0, ENVIRONMENT),
	gsDPSetAlphaDither(G_AD_NOISE),
	gsDPSetTextureLUT(G_TT_RGBA16),
	gsSPTexture(65535, 65535, 0, 0, 1),
	gsDPSetTextureImage(G_IM_FMT_RGBA, G_IM_SIZ_16b, 1, wf_dl_tile_1_3_pal_rgba16),
	gsDPSetTile(0, 0, 0, 256, 5, 0, G_TX_WRAP | G_TX_NOMIRROR, 0, 0, G_TX_WRAP | G_TX_NOMIRROR, 0, 0),
	gsDPLoadTLUTCmd(5, 28),
	gsDPSetTextureImage(G_IM_FMT_CI, G_IM_SIZ_8b_LOAD_BLOCK, 1, wf_dl_tile_1_3_ci8),
	gsDPSetTile(G_IM_FMT_CI, G_IM_SIZ_8b_LOAD_BLOCK, 0, 0, 7, 0, G_TX_WRAP | G_TX_NOMIRROR, 0, 0, G_TX_WRAP | G_TX_NOMIRROR, 0, 0),
	gsDPLoadBlock(7, 0, 0, 511, 512),
	gsDPSetTile(G_IM_FMT_CI, G_IM_SIZ_8b, 4, 0, 0, 0, G_TX_WRAP | G_TX_NOMIRROR, 5, 0, G_TX_WRAP | G_TX_NOMIRROR, 5, 0),
	gsDPSetTileSize(0, 0, 0, 124, 124),
	gsSPEndDisplayList(),
};

Gfx mat_revert_wf_dl_tile_1_3_png_001_f3d[] = {
	gsDPPipeSync(),
	gsDPSetAlphaDither(G_AD_DISABLE),
	gsDPSetTextureLUT(G_TT_NONE),
	gsSPEndDisplayList(),
};

Gfx mat_wf_dl_tile_1_4_png_001_f3d[] = {
	gsSPLightColor(LIGHT_1, 0xFFFFFFFF),
	gsSPLightColor(LIGHT_2, 0x7F7F7FFF),
	gsDPPipeSync(),
	gsDPSetCombineLERP(TEXEL0, 0, SHADE, 0, 0, 0, 0, ENVIRONMENT, TEXEL0, 0, SHADE, 0, 0, 0, 0, ENVIRONMENT),
	gsDPSetAlphaDither(G_AD_NOISE),
	gsDPSetTextureLUT(G_TT_RGBA16),
	gsSPTexture(65535, 65535, 0, 0, 1),
	gsDPSetTextureImage(G_IM_FMT_RGBA, G_IM_SIZ_16b, 1, wf_dl_tile_1_4_pal_rgba16),
	gsDPSetTile(0, 0, 0, 256, 5, 0, G_TX_WRAP | G_TX_NOMIRROR, 0, 0, G_TX_WRAP | G_TX_NOMIRROR, 0, 0),
	gsDPLoadTLUTCmd(5, 37),
	gsDPSetTextureImage(G_IM_FMT_CI, G_IM_SIZ_8b_LOAD_BLOCK, 1, wf_dl_tile_1_4_ci8),
	gsDPSetTile(G_IM_FMT_CI, G_IM_SIZ_8b_LOAD_BLOCK, 0, 0, 7, 0, G_TX_WRAP | G_TX_NOMIRROR, 0, 0, G_TX_WRAP | G_TX_NOMIRROR, 0, 0),
	gsDPLoadBlock(7, 0, 0, 511, 512),
	gsDPSetTile(G_IM_FMT_CI, G_IM_SIZ_8b, 4, 0, 0, 0, G_TX_WRAP | G_TX_NOMIRROR, 5, 0, G_TX_WRAP | G_TX_NOMIRROR, 5, 0),
	gsDPSetTileSize(0, 0, 0, 124, 124),
	gsSPEndDisplayList(),
};

Gfx mat_revert_wf_dl_tile_1_4_png_001_f3d[] = {
	gsDPPipeSync(),
	gsDPSetAlphaDither(G_AD_DISABLE),
	gsDPSetTextureLUT(G_TT_NONE),
	gsSPEndDisplayList(),
};

Gfx mat_wf_dl_tile_1_5_png_001_f3d[] = {
	gsSPLightColor(LIGHT_1, 0xFFFFFFFF),
	gsSPLightColor(LIGHT_2, 0x7F7F7FFF),
	gsDPPipeSync(),
	gsDPSetCombineLERP(TEXEL0, 0, SHADE, 0, 0, 0, 0, ENVIRONMENT, TEXEL0, 0, SHADE, 0, 0, 0, 0, ENVIRONMENT),
	gsDPSetAlphaDither(G_AD_NOISE),
	gsDPSetTextureLUT(G_TT_RGBA16),
	gsSPTexture(65535, 65535, 0, 0, 1),
	gsDPSetTextureImage(G_IM_FMT_RGBA, G_IM_SIZ_16b, 1, wf_dl_tile_1_5_pal_rgba16),
	gsDPSetTile(0, 0, 0, 256, 5, 0, G_TX_WRAP | G_TX_NOMIRROR, 0, 0, G_TX_WRAP | G_TX_NOMIRROR, 0, 0),
	gsDPLoadTLUTCmd(5, 196),
	gsDPSetTextureImage(G_IM_FMT_CI, G_IM_SIZ_8b_LOAD_BLOCK, 1, wf_dl_tile_1_5_ci8),
	gsDPSetTile(G_IM_FMT_CI, G_IM_SIZ_8b_LOAD_BLOCK, 0, 0, 7, 0, G_TX_WRAP | G_TX_NOMIRROR, 0, 0, G_TX_WRAP | G_TX_NOMIRROR, 0, 0),
	gsDPLoadBlock(7, 0, 0, 511, 512),
	gsDPSetTile(G_IM_FMT_CI, G_IM_SIZ_8b, 4, 0, 0, 0, G_TX_WRAP | G_TX_NOMIRROR, 5, 0, G_TX_WRAP | G_TX_NOMIRROR, 5, 0),
	gsDPSetTileSize(0, 0, 0, 124, 124),
	gsSPEndDisplayList(),
};

Gfx mat_revert_wf_dl_tile_1_5_png_001_f3d[] = {
	gsDPPipeSync(),
	gsDPSetAlphaDither(G_AD_DISABLE),
	gsDPSetTextureLUT(G_TT_NONE),
	gsSPEndDisplayList(),
};

Gfx mat_wf_dl_tile_1_6_png_001_f3d[] = {
	gsSPLightColor(LIGHT_1, 0xFFFFFFFF),
	gsSPLightColor(LIGHT_2, 0x7F7F7FFF),
	gsDPPipeSync(),
	gsDPSetCombineLERP(TEXEL0, 0, SHADE, 0, 0, 0, 0, ENVIRONMENT, TEXEL0, 0, SHADE, 0, 0, 0, 0, ENVIRONMENT),
	gsDPSetAlphaDither(G_AD_NOISE),
	gsDPSetTextureLUT(G_TT_RGBA16),
	gsSPTexture(65535, 65535, 0, 0, 1),
	gsDPSetTextureImage(G_IM_FMT_RGBA, G_IM_SIZ_16b, 1, wf_dl_tile_1_6_pal_rgba16),
	gsDPSetTile(0, 0, 0, 256, 5, 0, G_TX_WRAP | G_TX_NOMIRROR, 0, 0, G_TX_WRAP | G_TX_NOMIRROR, 0, 0),
	gsDPLoadTLUTCmd(5, 130),
	gsDPSetTextureImage(G_IM_FMT_CI, G_IM_SIZ_8b_LOAD_BLOCK, 1, wf_dl_tile_1_6_ci8),
	gsDPSetTile(G_IM_FMT_CI, G_IM_SIZ_8b_LOAD_BLOCK, 0, 0, 7, 0, G_TX_WRAP | G_TX_NOMIRROR, 0, 0, G_TX_WRAP | G_TX_NOMIRROR, 0, 0),
	gsDPLoadBlock(7, 0, 0, 511, 512),
	gsDPSetTile(G_IM_FMT_CI, G_IM_SIZ_8b, 4, 0, 0, 0, G_TX_WRAP | G_TX_NOMIRROR, 5, 0, G_TX_WRAP | G_TX_NOMIRROR, 5, 0),
	gsDPSetTileSize(0, 0, 0, 124, 124),
	gsSPEndDisplayList(),
};

Gfx mat_revert_wf_dl_tile_1_6_png_001_f3d[] = {
	gsDPPipeSync(),
	gsDPSetAlphaDither(G_AD_DISABLE),
	gsDPSetTextureLUT(G_TT_NONE),
	gsSPEndDisplayList(),
};

Gfx mat_wf_dl_tile_1_7_png_001_f3d[] = {
	gsSPLightColor(LIGHT_1, 0xFFFFFFFF),
	gsSPLightColor(LIGHT_2, 0x7F7F7FFF),
	gsDPPipeSync(),
	gsDPSetCombineLERP(TEXEL0, 0, SHADE, 0, 0, 0, 0, ENVIRONMENT, TEXEL0, 0, SHADE, 0, 0, 0, 0, ENVIRONMENT),
	gsDPSetAlphaDither(G_AD_NOISE),
	gsDPSetTextureLUT(G_TT_RGBA16),
	gsSPTexture(65535, 65535, 0, 0, 1),
	gsDPSetTextureImage(G_IM_FMT_RGBA, G_IM_SIZ_16b, 1, wf_dl_tile_1_7_pal_rgba16),
	gsDPSetTile(0, 0, 0, 256, 5, 0, G_TX_WRAP | G_TX_NOMIRROR, 0, 0, G_TX_WRAP | G_TX_NOMIRROR, 0, 0),
	gsDPLoadTLUTCmd(5, 99),
	gsDPSetTextureImage(G_IM_FMT_CI, G_IM_SIZ_8b_LOAD_BLOCK, 1, wf_dl_tile_1_7_ci8),
	gsDPSetTile(G_IM_FMT_CI, G_IM_SIZ_8b_LOAD_BLOCK, 0, 0, 7, 0, G_TX_WRAP | G_TX_NOMIRROR, 0, 0, G_TX_WRAP | G_TX_NOMIRROR, 0, 0),
	gsDPLoadBlock(7, 0, 0, 511, 512),
	gsDPSetTile(G_IM_FMT_CI, G_IM_SIZ_8b, 4, 0, 0, 0, G_TX_WRAP | G_TX_NOMIRROR, 5, 0, G_TX_WRAP | G_TX_NOMIRROR, 5, 0),
	gsDPSetTileSize(0, 0, 0, 124, 124),
	gsSPEndDisplayList(),
};

Gfx mat_revert_wf_dl_tile_1_7_png_001_f3d[] = {
	gsDPPipeSync(),
	gsDPSetAlphaDither(G_AD_DISABLE),
	gsDPSetTextureLUT(G_TT_NONE),
	gsSPEndDisplayList(),
};

Gfx mat_wf_dl_tile_1_8_png_001_f3d[] = {
	gsSPLightColor(LIGHT_1, 0xFFFFFFFF),
	gsSPLightColor(LIGHT_2, 0x7F7F7FFF),
	gsDPPipeSync(),
	gsDPSetCombineLERP(TEXEL0, 0, SHADE, 0, 0, 0, 0, ENVIRONMENT, TEXEL0, 0, SHADE, 0, 0, 0, 0, ENVIRONMENT),
	gsDPSetAlphaDither(G_AD_NOISE),
	gsDPSetTextureLUT(G_TT_RGBA16),
	gsSPTexture(65535, 65535, 0, 0, 1),
	gsDPSetTextureImage(G_IM_FMT_RGBA, G_IM_SIZ_16b, 1, wf_dl_tile_1_8_pal_rgba16),
	gsDPSetTile(0, 0, 0, 256, 5, 0, G_TX_WRAP | G_TX_NOMIRROR, 0, 0, G_TX_WRAP | G_TX_NOMIRROR, 0, 0),
	gsDPLoadTLUTCmd(5, 44),
	gsDPSetTextureImage(G_IM_FMT_CI, G_IM_SIZ_8b_LOAD_BLOCK, 1, wf_dl_tile_1_8_ci8),
	gsDPSetTile(G_IM_FMT_CI, G_IM_SIZ_8b_LOAD_BLOCK, 0, 0, 7, 0, G_TX_WRAP | G_TX_NOMIRROR, 0, 0, G_TX_WRAP | G_TX_NOMIRROR, 0, 0),
	gsDPLoadBlock(7, 0, 0, 511, 512),
	gsDPSetTile(G_IM_FMT_CI, G_IM_SIZ_8b, 4, 0, 0, 0, G_TX_WRAP | G_TX_NOMIRROR, 5, 0, G_TX_WRAP | G_TX_NOMIRROR, 5, 0),
	gsDPSetTileSize(0, 0, 0, 124, 124),
	gsSPEndDisplayList(),
};

Gfx mat_revert_wf_dl_tile_1_8_png_001_f3d[] = {
	gsDPPipeSync(),
	gsDPSetAlphaDither(G_AD_DISABLE),
	gsDPSetTextureLUT(G_TT_NONE),
	gsSPEndDisplayList(),
};

Gfx mat_wf_dl_tile_1_9_png_001_f3d[] = {
	gsSPLightColor(LIGHT_1, 0xFFFFFFFF),
	gsSPLightColor(LIGHT_2, 0x7F7F7FFF),
	gsDPPipeSync(),
	gsDPSetCombineLERP(TEXEL0, 0, SHADE, 0, 0, 0, 0, ENVIRONMENT, TEXEL0, 0, SHADE, 0, 0, 0, 0, ENVIRONMENT),
	gsDPSetAlphaDither(G_AD_NOISE),
	gsDPSetTextureLUT(G_TT_RGBA16),
	gsSPTexture(65535, 65535, 0, 0, 1),
	gsDPSetTextureImage(G_IM_FMT_RGBA, G_IM_SIZ_16b, 1, wf_dl_tile_1_9_pal_rgba16),
	gsDPSetTile(0, 0, 0, 256, 5, 0, G_TX_WRAP | G_TX_NOMIRROR, 0, 0, G_TX_WRAP | G_TX_NOMIRROR, 0, 0),
	gsDPLoadTLUTCmd(5, 167),
	gsDPSetTextureImage(G_IM_FMT_CI, G_IM_SIZ_8b_LOAD_BLOCK, 1, wf_dl_tile_1_9_ci8),
	gsDPSetTile(G_IM_FMT_CI, G_IM_SIZ_8b_LOAD_BLOCK, 0, 0, 7, 0, G_TX_WRAP | G_TX_NOMIRROR, 0, 0, G_TX_WRAP | G_TX_NOMIRROR, 0, 0),
	gsDPLoadBlock(7, 0, 0, 511, 512),
	gsDPSetTile(G_IM_FMT_CI, G_IM_SIZ_8b, 4, 0, 0, 0, G_TX_WRAP | G_TX_NOMIRROR, 5, 0, G_TX_WRAP | G_TX_NOMIRROR, 5, 0),
	gsDPSetTileSize(0, 0, 0, 124, 124),
	gsSPEndDisplayList(),
};

Gfx mat_revert_wf_dl_tile_1_9_png_001_f3d[] = {
	gsDPPipeSync(),
	gsDPSetAlphaDither(G_AD_DISABLE),
	gsDPSetTextureLUT(G_TT_NONE),
	gsSPEndDisplayList(),
};

Gfx mat_wf_dl_tile_2_0_png_001_f3d[] = {
	gsSPLightColor(LIGHT_1, 0xFFFFFFFF),
	gsSPLightColor(LIGHT_2, 0x7F7F7FFF),
	gsDPPipeSync(),
	gsDPSetCombineLERP(TEXEL0, 0, SHADE, 0, 0, 0, 0, ENVIRONMENT, TEXEL0, 0, SHADE, 0, 0, 0, 0, ENVIRONMENT),
	gsDPSetAlphaDither(G_AD_NOISE),
	gsDPSetTextureLUT(G_TT_RGBA16),
	gsSPTexture(65535, 65535, 0, 0, 1),
	gsDPSetTextureImage(G_IM_FMT_RGBA, G_IM_SIZ_16b, 1, wf_dl_tile_2_0_pal_rgba16),
	gsDPSetTile(0, 0, 0, 256, 5, 0, G_TX_WRAP | G_TX_NOMIRROR, 0, 0, G_TX_WRAP | G_TX_NOMIRROR, 0, 0),
	gsDPLoadTLUTCmd(5, 57),
	gsDPSetTextureImage(G_IM_FMT_CI, G_IM_SIZ_8b_LOAD_BLOCK, 1, wf_dl_tile_2_0_ci8),
	gsDPSetTile(G_IM_FMT_CI, G_IM_SIZ_8b_LOAD_BLOCK, 0, 0, 7, 0, G_TX_WRAP | G_TX_NOMIRROR, 0, 0, G_TX_WRAP | G_TX_NOMIRROR, 0, 0),
	gsDPLoadBlock(7, 0, 0, 511, 512),
	gsDPSetTile(G_IM_FMT_CI, G_IM_SIZ_8b, 4, 0, 0, 0, G_TX_WRAP | G_TX_NOMIRROR, 5, 0, G_TX_WRAP | G_TX_NOMIRROR, 5, 0),
	gsDPSetTileSize(0, 0, 0, 124, 124),
	gsSPEndDisplayList(),
};

Gfx mat_revert_wf_dl_tile_2_0_png_001_f3d[] = {
	gsDPPipeSync(),
	gsDPSetAlphaDither(G_AD_DISABLE),
	gsDPSetTextureLUT(G_TT_NONE),
	gsSPEndDisplayList(),
};

Gfx mat_wf_dl_tile_2_1_png_001_f3d[] = {
	gsSPLightColor(LIGHT_1, 0xFFFFFFFF),
	gsSPLightColor(LIGHT_2, 0x7F7F7FFF),
	gsDPPipeSync(),
	gsDPSetCombineLERP(TEXEL0, 0, SHADE, 0, 0, 0, 0, ENVIRONMENT, TEXEL0, 0, SHADE, 0, 0, 0, 0, ENVIRONMENT),
	gsDPSetAlphaDither(G_AD_NOISE),
	gsDPSetTextureLUT(G_TT_RGBA16),
	gsSPTexture(65535, 65535, 0, 0, 1),
	gsDPSetTextureImage(G_IM_FMT_RGBA, G_IM_SIZ_16b, 1, wf_dl_tile_2_1_pal_rgba16),
	gsDPSetTile(0, 0, 0, 256, 5, 0, G_TX_WRAP | G_TX_NOMIRROR, 0, 0, G_TX_WRAP | G_TX_NOMIRROR, 0, 0),
	gsDPLoadTLUTCmd(5, 138),
	gsDPSetTextureImage(G_IM_FMT_CI, G_IM_SIZ_8b_LOAD_BLOCK, 1, wf_dl_tile_2_1_ci8),
	gsDPSetTile(G_IM_FMT_CI, G_IM_SIZ_8b_LOAD_BLOCK, 0, 0, 7, 0, G_TX_WRAP | G_TX_NOMIRROR, 0, 0, G_TX_WRAP | G_TX_NOMIRROR, 0, 0),
	gsDPLoadBlock(7, 0, 0, 511, 512),
	gsDPSetTile(G_IM_FMT_CI, G_IM_SIZ_8b, 4, 0, 0, 0, G_TX_WRAP | G_TX_NOMIRROR, 5, 0, G_TX_WRAP | G_TX_NOMIRROR, 5, 0),
	gsDPSetTileSize(0, 0, 0, 124, 124),
	gsSPEndDisplayList(),
};

Gfx mat_revert_wf_dl_tile_2_1_png_001_f3d[] = {
	gsDPPipeSync(),
	gsDPSetAlphaDither(G_AD_DISABLE),
	gsDPSetTextureLUT(G_TT_NONE),
	gsSPEndDisplayList(),
};

Gfx mat_wf_dl_tile_2_2_png_001_f3d[] = {
	gsSPLightColor(LIGHT_1, 0xFFFFFFFF),
	gsSPLightColor(LIGHT_2, 0x7F7F7FFF),
	gsDPPipeSync(),
	gsDPSetCombineLERP(TEXEL0, 0, SHADE, 0, 0, 0, 0, ENVIRONMENT, TEXEL0, 0, SHADE, 0, 0, 0, 0, ENVIRONMENT),
	gsDPSetAlphaDither(G_AD_NOISE),
	gsSPTexture(65535, 65535, 0, 0, 1),
	gsDPSetTextureImage(G_IM_FMT_RGBA, G_IM_SIZ_16b_LOAD_BLOCK, 1, wf_dl_tile_2_2_rgba16),
	gsDPSetTile(G_IM_FMT_RGBA, G_IM_SIZ_16b_LOAD_BLOCK, 0, 0, 7, 0, G_TX_WRAP | G_TX_NOMIRROR, 0, 0, G_TX_WRAP | G_TX_NOMIRROR, 0, 0),
	gsDPLoadBlock(7, 0, 0, 1023, 256),
	gsDPSetTile(G_IM_FMT_RGBA, G_IM_SIZ_16b, 8, 0, 0, 0, G_TX_WRAP | G_TX_NOMIRROR, 5, 0, G_TX_WRAP | G_TX_NOMIRROR, 5, 0),
	gsDPSetTileSize(0, 0, 0, 124, 124),
	gsSPEndDisplayList(),
};

Gfx mat_revert_wf_dl_tile_2_2_png_001_f3d[] = {
	gsDPPipeSync(),
	gsDPSetAlphaDither(G_AD_DISABLE),
	gsSPEndDisplayList(),
};

Gfx mat_wf_dl_tile_2_3_png_001_f3d[] = {
	gsSPLightColor(LIGHT_1, 0xFFFFFFFF),
	gsSPLightColor(LIGHT_2, 0x7F7F7FFF),
	gsDPPipeSync(),
	gsDPSetCombineLERP(TEXEL0, 0, SHADE, 0, 0, 0, 0, ENVIRONMENT, TEXEL0, 0, SHADE, 0, 0, 0, 0, ENVIRONMENT),
	gsDPSetAlphaDither(G_AD_NOISE),
	gsSPTexture(65535, 65535, 0, 0, 1),
	gsDPSetTextureImage(G_IM_FMT_RGBA, G_IM_SIZ_16b_LOAD_BLOCK, 1, wf_dl_tile_2_3_rgba16),
	gsDPSetTile(G_IM_FMT_RGBA, G_IM_SIZ_16b_LOAD_BLOCK, 0, 0, 7, 0, G_TX_WRAP | G_TX_NOMIRROR, 0, 0, G_TX_WRAP | G_TX_NOMIRROR, 0, 0),
	gsDPLoadBlock(7, 0, 0, 1023, 256),
	gsDPSetTile(G_IM_FMT_RGBA, G_IM_SIZ_16b, 8, 0, 0, 0, G_TX_WRAP | G_TX_NOMIRROR, 5, 0, G_TX_WRAP | G_TX_NOMIRROR, 5, 0),
	gsDPSetTileSize(0, 0, 0, 124, 124),
	gsSPEndDisplayList(),
};

Gfx mat_revert_wf_dl_tile_2_3_png_001_f3d[] = {
	gsDPPipeSync(),
	gsDPSetAlphaDither(G_AD_DISABLE),
	gsSPEndDisplayList(),
};

Gfx mat_wf_dl_tile_2_4_png_001_f3d[] = {
	gsSPLightColor(LIGHT_1, 0xFFFFFFFF),
	gsSPLightColor(LIGHT_2, 0x7F7F7FFF),
	gsDPPipeSync(),
	gsDPSetCombineLERP(TEXEL0, 0, SHADE, 0, 0, 0, 0, ENVIRONMENT, TEXEL0, 0, SHADE, 0, 0, 0, 0, ENVIRONMENT),
	gsDPSetAlphaDither(G_AD_NOISE),
	gsDPSetTextureLUT(G_TT_RGBA16),
	gsSPTexture(65535, 65535, 0, 0, 1),
	gsDPSetTextureImage(G_IM_FMT_RGBA, G_IM_SIZ_16b, 1, wf_dl_tile_2_4_pal_rgba16),
	gsDPSetTile(0, 0, 0, 256, 5, 0, G_TX_WRAP | G_TX_NOMIRROR, 0, 0, G_TX_WRAP | G_TX_NOMIRROR, 0, 0),
	gsDPLoadTLUTCmd(5, 249),
	gsDPSetTextureImage(G_IM_FMT_CI, G_IM_SIZ_8b_LOAD_BLOCK, 1, wf_dl_tile_2_4_ci8),
	gsDPSetTile(G_IM_FMT_CI, G_IM_SIZ_8b_LOAD_BLOCK, 0, 0, 7, 0, G_TX_WRAP | G_TX_NOMIRROR, 0, 0, G_TX_WRAP | G_TX_NOMIRROR, 0, 0),
	gsDPLoadBlock(7, 0, 0, 511, 512),
	gsDPSetTile(G_IM_FMT_CI, G_IM_SIZ_8b, 4, 0, 0, 0, G_TX_WRAP | G_TX_NOMIRROR, 5, 0, G_TX_WRAP | G_TX_NOMIRROR, 5, 0),
	gsDPSetTileSize(0, 0, 0, 124, 124),
	gsSPEndDisplayList(),
};

Gfx mat_revert_wf_dl_tile_2_4_png_001_f3d[] = {
	gsDPPipeSync(),
	gsDPSetAlphaDither(G_AD_DISABLE),
	gsDPSetTextureLUT(G_TT_NONE),
	gsSPEndDisplayList(),
};

Gfx mat_wf_dl_tile_2_5_png_001_f3d[] = {
	gsSPLightColor(LIGHT_1, 0xFFFFFFFF),
	gsSPLightColor(LIGHT_2, 0x7F7F7FFF),
	gsDPPipeSync(),
	gsDPSetCombineLERP(TEXEL0, 0, SHADE, 0, 0, 0, 0, ENVIRONMENT, TEXEL0, 0, SHADE, 0, 0, 0, 0, ENVIRONMENT),
	gsDPSetAlphaDither(G_AD_NOISE),
	gsDPSetTextureLUT(G_TT_RGBA16),
	gsSPTexture(65535, 65535, 0, 0, 1),
	gsDPSetTextureImage(G_IM_FMT_RGBA, G_IM_SIZ_16b, 1, wf_dl_tile_2_5_pal_rgba16),
	gsDPSetTile(0, 0, 0, 256, 5, 0, G_TX_WRAP | G_TX_NOMIRROR, 0, 0, G_TX_WRAP | G_TX_NOMIRROR, 0, 0),
	gsDPLoadTLUTCmd(5, 145),
	gsDPSetTextureImage(G_IM_FMT_CI, G_IM_SIZ_8b_LOAD_BLOCK, 1, wf_dl_tile_2_5_ci8),
	gsDPSetTile(G_IM_FMT_CI, G_IM_SIZ_8b_LOAD_BLOCK, 0, 0, 7, 0, G_TX_WRAP | G_TX_NOMIRROR, 0, 0, G_TX_WRAP | G_TX_NOMIRROR, 0, 0),
	gsDPLoadBlock(7, 0, 0, 511, 512),
	gsDPSetTile(G_IM_FMT_CI, G_IM_SIZ_8b, 4, 0, 0, 0, G_TX_WRAP | G_TX_NOMIRROR, 5, 0, G_TX_WRAP | G_TX_NOMIRROR, 5, 0),
	gsDPSetTileSize(0, 0, 0, 124, 124),
	gsSPEndDisplayList(),
};

Gfx mat_revert_wf_dl_tile_2_5_png_001_f3d[] = {
	gsDPPipeSync(),
	gsDPSetAlphaDither(G_AD_DISABLE),
	gsDPSetTextureLUT(G_TT_NONE),
	gsSPEndDisplayList(),
};

Gfx mat_wf_dl_tile_2_6_png_001_f3d[] = {
	gsSPLightColor(LIGHT_1, 0xFFFFFFFF),
	gsSPLightColor(LIGHT_2, 0x7F7F7FFF),
	gsDPPipeSync(),
	gsDPSetCombineLERP(TEXEL0, 0, SHADE, 0, 0, 0, 0, ENVIRONMENT, TEXEL0, 0, SHADE, 0, 0, 0, 0, ENVIRONMENT),
	gsDPSetAlphaDither(G_AD_NOISE),
	gsDPSetTextureLUT(G_TT_RGBA16),
	gsSPTexture(65535, 65535, 0, 0, 1),
	gsDPSetTextureImage(G_IM_FMT_RGBA, G_IM_SIZ_16b, 1, wf_dl_tile_2_6_pal_rgba16),
	gsDPSetTile(0, 0, 0, 256, 5, 0, G_TX_WRAP | G_TX_NOMIRROR, 0, 0, G_TX_WRAP | G_TX_NOMIRROR, 0, 0),
	gsDPLoadTLUTCmd(5, 19),
	gsDPSetTextureImage(G_IM_FMT_CI, G_IM_SIZ_8b_LOAD_BLOCK, 1, wf_dl_tile_2_6_ci8),
	gsDPSetTile(G_IM_FMT_CI, G_IM_SIZ_8b_LOAD_BLOCK, 0, 0, 7, 0, G_TX_WRAP | G_TX_NOMIRROR, 0, 0, G_TX_WRAP | G_TX_NOMIRROR, 0, 0),
	gsDPLoadBlock(7, 0, 0, 511, 512),
	gsDPSetTile(G_IM_FMT_CI, G_IM_SIZ_8b, 4, 0, 0, 0, G_TX_WRAP | G_TX_NOMIRROR, 5, 0, G_TX_WRAP | G_TX_NOMIRROR, 5, 0),
	gsDPSetTileSize(0, 0, 0, 124, 124),
	gsSPEndDisplayList(),
};

Gfx mat_revert_wf_dl_tile_2_6_png_001_f3d[] = {
	gsDPPipeSync(),
	gsDPSetAlphaDither(G_AD_DISABLE),
	gsDPSetTextureLUT(G_TT_NONE),
	gsSPEndDisplayList(),
};

Gfx mat_wf_dl_tile_2_7_png_001_f3d[] = {
	gsSPLightColor(LIGHT_1, 0xFFFFFFFF),
	gsSPLightColor(LIGHT_2, 0x7F7F7FFF),
	gsDPPipeSync(),
	gsDPSetCombineLERP(TEXEL0, 0, SHADE, 0, 0, 0, 0, ENVIRONMENT, TEXEL0, 0, SHADE, 0, 0, 0, 0, ENVIRONMENT),
	gsDPSetAlphaDither(G_AD_NOISE),
	gsDPSetTextureLUT(G_TT_RGBA16),
	gsSPTexture(65535, 65535, 0, 0, 1),
	gsDPSetTextureImage(G_IM_FMT_RGBA, G_IM_SIZ_16b, 1, wf_dl_tile_2_7_pal_rgba16),
	gsDPSetTile(0, 0, 0, 256, 5, 0, G_TX_WRAP | G_TX_NOMIRROR, 0, 0, G_TX_WRAP | G_TX_NOMIRROR, 0, 0),
	gsDPLoadTLUTCmd(5, 20),
	gsDPSetTextureImage(G_IM_FMT_CI, G_IM_SIZ_8b_LOAD_BLOCK, 1, wf_dl_tile_2_7_ci8),
	gsDPSetTile(G_IM_FMT_CI, G_IM_SIZ_8b_LOAD_BLOCK, 0, 0, 7, 0, G_TX_WRAP | G_TX_NOMIRROR, 0, 0, G_TX_WRAP | G_TX_NOMIRROR, 0, 0),
	gsDPLoadBlock(7, 0, 0, 511, 512),
	gsDPSetTile(G_IM_FMT_CI, G_IM_SIZ_8b, 4, 0, 0, 0, G_TX_WRAP | G_TX_NOMIRROR, 5, 0, G_TX_WRAP | G_TX_NOMIRROR, 5, 0),
	gsDPSetTileSize(0, 0, 0, 124, 124),
	gsSPEndDisplayList(),
};

Gfx mat_revert_wf_dl_tile_2_7_png_001_f3d[] = {
	gsDPPipeSync(),
	gsDPSetAlphaDither(G_AD_DISABLE),
	gsDPSetTextureLUT(G_TT_NONE),
	gsSPEndDisplayList(),
};

Gfx mat_wf_dl_tile_2_8_png_001_f3d[] = {
	gsSPLightColor(LIGHT_1, 0xFFFFFFFF),
	gsSPLightColor(LIGHT_2, 0x7F7F7FFF),
	gsDPPipeSync(),
	gsDPSetCombineLERP(TEXEL0, 0, SHADE, 0, 0, 0, 0, ENVIRONMENT, TEXEL0, 0, SHADE, 0, 0, 0, 0, ENVIRONMENT),
	gsDPSetAlphaDither(G_AD_NOISE),
	gsDPSetTextureLUT(G_TT_RGBA16),
	gsSPTexture(65535, 65535, 0, 0, 1),
	gsDPSetTextureImage(G_IM_FMT_RGBA, G_IM_SIZ_16b, 1, wf_dl_tile_2_8_pal_rgba16),
	gsDPSetTile(0, 0, 0, 256, 5, 0, G_TX_WRAP | G_TX_NOMIRROR, 0, 0, G_TX_WRAP | G_TX_NOMIRROR, 0, 0),
	gsDPLoadTLUTCmd(5, 26),
	gsDPSetTextureImage(G_IM_FMT_CI, G_IM_SIZ_8b_LOAD_BLOCK, 1, wf_dl_tile_2_8_ci8),
	gsDPSetTile(G_IM_FMT_CI, G_IM_SIZ_8b_LOAD_BLOCK, 0, 0, 7, 0, G_TX_WRAP | G_TX_NOMIRROR, 0, 0, G_TX_WRAP | G_TX_NOMIRROR, 0, 0),
	gsDPLoadBlock(7, 0, 0, 511, 512),
	gsDPSetTile(G_IM_FMT_CI, G_IM_SIZ_8b, 4, 0, 0, 0, G_TX_WRAP | G_TX_NOMIRROR, 5, 0, G_TX_WRAP | G_TX_NOMIRROR, 5, 0),
	gsDPSetTileSize(0, 0, 0, 124, 124),
	gsSPEndDisplayList(),
};

Gfx mat_revert_wf_dl_tile_2_8_png_001_f3d[] = {
	gsDPPipeSync(),
	gsDPSetAlphaDither(G_AD_DISABLE),
	gsDPSetTextureLUT(G_TT_NONE),
	gsSPEndDisplayList(),
};

Gfx mat_wf_dl_tile_2_9_png_001_f3d[] = {
	gsSPLightColor(LIGHT_1, 0xFFFFFFFF),
	gsSPLightColor(LIGHT_2, 0x7F7F7FFF),
	gsDPPipeSync(),
	gsDPSetCombineLERP(TEXEL0, 0, SHADE, 0, 0, 0, 0, ENVIRONMENT, TEXEL0, 0, SHADE, 0, 0, 0, 0, ENVIRONMENT),
	gsDPSetAlphaDither(G_AD_NOISE),
	gsDPSetTextureLUT(G_TT_RGBA16),
	gsSPTexture(65535, 65535, 0, 0, 1),
	gsDPSetTextureImage(G_IM_FMT_RGBA, G_IM_SIZ_16b, 1, wf_dl_tile_2_9_pal_rgba16),
	gsDPSetTile(0, 0, 0, 256, 5, 0, G_TX_WRAP | G_TX_NOMIRROR, 0, 0, G_TX_WRAP | G_TX_NOMIRROR, 0, 0),
	gsDPLoadTLUTCmd(5, 133),
	gsDPSetTextureImage(G_IM_FMT_CI, G_IM_SIZ_8b_LOAD_BLOCK, 1, wf_dl_tile_2_9_ci8),
	gsDPSetTile(G_IM_FMT_CI, G_IM_SIZ_8b_LOAD_BLOCK, 0, 0, 7, 0, G_TX_WRAP | G_TX_NOMIRROR, 0, 0, G_TX_WRAP | G_TX_NOMIRROR, 0, 0),
	gsDPLoadBlock(7, 0, 0, 511, 512),
	gsDPSetTile(G_IM_FMT_CI, G_IM_SIZ_8b, 4, 0, 0, 0, G_TX_WRAP | G_TX_NOMIRROR, 5, 0, G_TX_WRAP | G_TX_NOMIRROR, 5, 0),
	gsDPSetTileSize(0, 0, 0, 124, 124),
	gsSPEndDisplayList(),
};

Gfx mat_revert_wf_dl_tile_2_9_png_001_f3d[] = {
	gsDPPipeSync(),
	gsDPSetAlphaDither(G_AD_DISABLE),
	gsDPSetTextureLUT(G_TT_NONE),
	gsSPEndDisplayList(),
};

Gfx mat_wf_dl_tile_3_0_png_001_f3d[] = {
	gsSPLightColor(LIGHT_1, 0xFFFFFFFF),
	gsSPLightColor(LIGHT_2, 0x7F7F7FFF),
	gsDPPipeSync(),
	gsDPSetCombineLERP(TEXEL0, 0, SHADE, 0, 0, 0, 0, ENVIRONMENT, TEXEL0, 0, SHADE, 0, 0, 0, 0, ENVIRONMENT),
	gsDPSetAlphaDither(G_AD_NOISE),
	gsDPSetTextureLUT(G_TT_RGBA16),
	gsSPTexture(65535, 65535, 0, 0, 1),
	gsDPSetTextureImage(G_IM_FMT_RGBA, G_IM_SIZ_16b, 1, wf_dl_tile_3_0_pal_rgba16),
	gsDPSetTile(0, 0, 0, 256, 5, 0, G_TX_WRAP | G_TX_NOMIRROR, 0, 0, G_TX_WRAP | G_TX_NOMIRROR, 0, 0),
	gsDPLoadTLUTCmd(5, 168),
	gsDPSetTextureImage(G_IM_FMT_CI, G_IM_SIZ_8b_LOAD_BLOCK, 1, wf_dl_tile_3_0_ci8),
	gsDPSetTile(G_IM_FMT_CI, G_IM_SIZ_8b_LOAD_BLOCK, 0, 0, 7, 0, G_TX_WRAP | G_TX_NOMIRROR, 0, 0, G_TX_WRAP | G_TX_NOMIRROR, 0, 0),
	gsDPLoadBlock(7, 0, 0, 511, 512),
	gsDPSetTile(G_IM_FMT_CI, G_IM_SIZ_8b, 4, 0, 0, 0, G_TX_WRAP | G_TX_NOMIRROR, 5, 0, G_TX_WRAP | G_TX_NOMIRROR, 5, 0),
	gsDPSetTileSize(0, 0, 0, 124, 124),
	gsSPEndDisplayList(),
};

Gfx mat_revert_wf_dl_tile_3_0_png_001_f3d[] = {
	gsDPPipeSync(),
	gsDPSetAlphaDither(G_AD_DISABLE),
	gsDPSetTextureLUT(G_TT_NONE),
	gsSPEndDisplayList(),
};

Gfx mat_wf_dl_tile_3_1_png_001_f3d[] = {
	gsSPLightColor(LIGHT_1, 0xFFFFFFFF),
	gsSPLightColor(LIGHT_2, 0x7F7F7FFF),
	gsDPPipeSync(),
	gsDPSetCombineLERP(TEXEL0, 0, SHADE, 0, 0, 0, 0, ENVIRONMENT, TEXEL0, 0, SHADE, 0, 0, 0, 0, ENVIRONMENT),
	gsDPSetAlphaDither(G_AD_NOISE),
	gsSPTexture(65535, 65535, 0, 0, 1),
	gsDPSetTextureImage(G_IM_FMT_RGBA, G_IM_SIZ_16b_LOAD_BLOCK, 1, wf_dl_tile_3_1_rgba16),
	gsDPSetTile(G_IM_FMT_RGBA, G_IM_SIZ_16b_LOAD_BLOCK, 0, 0, 7, 0, G_TX_WRAP | G_TX_NOMIRROR, 0, 0, G_TX_WRAP | G_TX_NOMIRROR, 0, 0),
	gsDPLoadBlock(7, 0, 0, 1023, 256),
	gsDPSetTile(G_IM_FMT_RGBA, G_IM_SIZ_16b, 8, 0, 0, 0, G_TX_WRAP | G_TX_NOMIRROR, 5, 0, G_TX_WRAP | G_TX_NOMIRROR, 5, 0),
	gsDPSetTileSize(0, 0, 0, 124, 124),
	gsSPEndDisplayList(),
};

Gfx mat_revert_wf_dl_tile_3_1_png_001_f3d[] = {
	gsDPPipeSync(),
	gsDPSetAlphaDither(G_AD_DISABLE),
	gsSPEndDisplayList(),
};

Gfx mat_wf_dl_tile_3_2_png_001_f3d[] = {
	gsSPLightColor(LIGHT_1, 0xFFFFFFFF),
	gsSPLightColor(LIGHT_2, 0x7F7F7FFF),
	gsDPPipeSync(),
	gsDPSetCombineLERP(TEXEL0, 0, SHADE, 0, 0, 0, 0, ENVIRONMENT, TEXEL0, 0, SHADE, 0, 0, 0, 0, ENVIRONMENT),
	gsDPSetAlphaDither(G_AD_NOISE),
	gsSPTexture(65535, 65535, 0, 0, 1),
	gsDPSetTextureImage(G_IM_FMT_RGBA, G_IM_SIZ_16b_LOAD_BLOCK, 1, wf_dl_tile_3_2_rgba16),
	gsDPSetTile(G_IM_FMT_RGBA, G_IM_SIZ_16b_LOAD_BLOCK, 0, 0, 7, 0, G_TX_WRAP | G_TX_NOMIRROR, 0, 0, G_TX_WRAP | G_TX_NOMIRROR, 0, 0),
	gsDPLoadBlock(7, 0, 0, 1023, 256),
	gsDPSetTile(G_IM_FMT_RGBA, G_IM_SIZ_16b, 8, 0, 0, 0, G_TX_WRAP | G_TX_NOMIRROR, 5, 0, G_TX_WRAP | G_TX_NOMIRROR, 5, 0),
	gsDPSetTileSize(0, 0, 0, 124, 124),
	gsSPEndDisplayList(),
};

Gfx mat_revert_wf_dl_tile_3_2_png_001_f3d[] = {
	gsDPPipeSync(),
	gsDPSetAlphaDither(G_AD_DISABLE),
	gsSPEndDisplayList(),
};

Gfx mat_wf_dl_tile_3_3_png_001_f3d[] = {
	gsSPLightColor(LIGHT_1, 0xFFFFFFFF),
	gsSPLightColor(LIGHT_2, 0x7F7F7FFF),
	gsDPPipeSync(),
	gsDPSetCombineLERP(TEXEL0, 0, SHADE, 0, 0, 0, 0, ENVIRONMENT, TEXEL0, 0, SHADE, 0, 0, 0, 0, ENVIRONMENT),
	gsDPSetAlphaDither(G_AD_NOISE),
	gsDPSetTextureLUT(G_TT_RGBA16),
	gsSPTexture(65535, 65535, 0, 0, 1),
	gsDPSetTextureImage(G_IM_FMT_RGBA, G_IM_SIZ_16b, 1, wf_dl_tile_3_3_pal_rgba16),
	gsDPSetTile(0, 0, 0, 256, 5, 0, G_TX_WRAP | G_TX_NOMIRROR, 0, 0, G_TX_WRAP | G_TX_NOMIRROR, 0, 0),
	gsDPLoadTLUTCmd(5, 245),
	gsDPSetTextureImage(G_IM_FMT_CI, G_IM_SIZ_8b_LOAD_BLOCK, 1, wf_dl_tile_3_3_ci8),
	gsDPSetTile(G_IM_FMT_CI, G_IM_SIZ_8b_LOAD_BLOCK, 0, 0, 7, 0, G_TX_WRAP | G_TX_NOMIRROR, 0, 0, G_TX_WRAP | G_TX_NOMIRROR, 0, 0),
	gsDPLoadBlock(7, 0, 0, 511, 512),
	gsDPSetTile(G_IM_FMT_CI, G_IM_SIZ_8b, 4, 0, 0, 0, G_TX_WRAP | G_TX_NOMIRROR, 5, 0, G_TX_WRAP | G_TX_NOMIRROR, 5, 0),
	gsDPSetTileSize(0, 0, 0, 124, 124),
	gsSPEndDisplayList(),
};

Gfx mat_revert_wf_dl_tile_3_3_png_001_f3d[] = {
	gsDPPipeSync(),
	gsDPSetAlphaDither(G_AD_DISABLE),
	gsDPSetTextureLUT(G_TT_NONE),
	gsSPEndDisplayList(),
};

Gfx mat_wf_dl_tile_3_4_png_001_f3d[] = {
	gsSPLightColor(LIGHT_1, 0xFFFFFFFF),
	gsSPLightColor(LIGHT_2, 0x7F7F7FFF),
	gsDPPipeSync(),
	gsDPSetCombineLERP(TEXEL0, 0, SHADE, 0, 0, 0, 0, ENVIRONMENT, TEXEL0, 0, SHADE, 0, 0, 0, 0, ENVIRONMENT),
	gsDPSetAlphaDither(G_AD_NOISE),
	gsDPSetTextureLUT(G_TT_RGBA16),
	gsSPTexture(65535, 65535, 0, 0, 1),
	gsDPSetTextureImage(G_IM_FMT_RGBA, G_IM_SIZ_16b, 1, wf_dl_tile_3_4_pal_rgba16),
	gsDPSetTile(0, 0, 0, 256, 5, 0, G_TX_WRAP | G_TX_NOMIRROR, 0, 0, G_TX_WRAP | G_TX_NOMIRROR, 0, 0),
	gsDPLoadTLUTCmd(5, 166),
	gsDPSetTextureImage(G_IM_FMT_CI, G_IM_SIZ_8b_LOAD_BLOCK, 1, wf_dl_tile_3_4_ci8),
	gsDPSetTile(G_IM_FMT_CI, G_IM_SIZ_8b_LOAD_BLOCK, 0, 0, 7, 0, G_TX_WRAP | G_TX_NOMIRROR, 0, 0, G_TX_WRAP | G_TX_NOMIRROR, 0, 0),
	gsDPLoadBlock(7, 0, 0, 511, 512),
	gsDPSetTile(G_IM_FMT_CI, G_IM_SIZ_8b, 4, 0, 0, 0, G_TX_WRAP | G_TX_NOMIRROR, 5, 0, G_TX_WRAP | G_TX_NOMIRROR, 5, 0),
	gsDPSetTileSize(0, 0, 0, 124, 124),
	gsSPEndDisplayList(),
};

Gfx mat_revert_wf_dl_tile_3_4_png_001_f3d[] = {
	gsDPPipeSync(),
	gsDPSetAlphaDither(G_AD_DISABLE),
	gsDPSetTextureLUT(G_TT_NONE),
	gsSPEndDisplayList(),
};

Gfx mat_wf_dl_tile_3_5_png_001_f3d[] = {
	gsSPLightColor(LIGHT_1, 0xFFFFFFFF),
	gsSPLightColor(LIGHT_2, 0x7F7F7FFF),
	gsDPPipeSync(),
	gsDPSetCombineLERP(TEXEL0, 0, SHADE, 0, 0, 0, 0, ENVIRONMENT, TEXEL0, 0, SHADE, 0, 0, 0, 0, ENVIRONMENT),
	gsDPSetAlphaDither(G_AD_NOISE),
	gsDPSetTextureLUT(G_TT_RGBA16),
	gsSPTexture(65535, 65535, 0, 0, 1),
	gsDPSetTextureImage(G_IM_FMT_RGBA, G_IM_SIZ_16b, 1, wf_dl_tile_3_5_pal_rgba16),
	gsDPSetTile(0, 0, 0, 256, 5, 0, G_TX_WRAP | G_TX_NOMIRROR, 0, 0, G_TX_WRAP | G_TX_NOMIRROR, 0, 0),
	gsDPLoadTLUTCmd(5, 45),
	gsDPSetTextureImage(G_IM_FMT_CI, G_IM_SIZ_8b_LOAD_BLOCK, 1, wf_dl_tile_3_5_ci8),
	gsDPSetTile(G_IM_FMT_CI, G_IM_SIZ_8b_LOAD_BLOCK, 0, 0, 7, 0, G_TX_WRAP | G_TX_NOMIRROR, 0, 0, G_TX_WRAP | G_TX_NOMIRROR, 0, 0),
	gsDPLoadBlock(7, 0, 0, 511, 512),
	gsDPSetTile(G_IM_FMT_CI, G_IM_SIZ_8b, 4, 0, 0, 0, G_TX_WRAP | G_TX_NOMIRROR, 5, 0, G_TX_WRAP | G_TX_NOMIRROR, 5, 0),
	gsDPSetTileSize(0, 0, 0, 124, 124),
	gsSPEndDisplayList(),
};

Gfx mat_revert_wf_dl_tile_3_5_png_001_f3d[] = {
	gsDPPipeSync(),
	gsDPSetAlphaDither(G_AD_DISABLE),
	gsDPSetTextureLUT(G_TT_NONE),
	gsSPEndDisplayList(),
};

Gfx mat_wf_dl_tile_3_6_png_001_f3d[] = {
	gsSPLightColor(LIGHT_1, 0xFFFFFFFF),
	gsSPLightColor(LIGHT_2, 0x7F7F7FFF),
	gsDPPipeSync(),
	gsDPSetCombineLERP(TEXEL0, 0, SHADE, 0, 0, 0, 0, ENVIRONMENT, TEXEL0, 0, SHADE, 0, 0, 0, 0, ENVIRONMENT),
	gsDPSetAlphaDither(G_AD_NOISE),
	gsDPSetTextureLUT(G_TT_RGBA16),
	gsSPTexture(65535, 65535, 0, 0, 1),
	gsDPSetTextureImage(G_IM_FMT_RGBA, G_IM_SIZ_16b, 1, wf_dl_tile_3_6_pal_rgba16),
	gsDPSetTile(0, 0, 0, 256, 5, 0, G_TX_WRAP | G_TX_NOMIRROR, 0, 0, G_TX_WRAP | G_TX_NOMIRROR, 0, 0),
	gsDPLoadTLUTCmd(5, 18),
	gsDPSetTextureImage(G_IM_FMT_CI, G_IM_SIZ_8b_LOAD_BLOCK, 1, wf_dl_tile_3_6_ci8),
	gsDPSetTile(G_IM_FMT_CI, G_IM_SIZ_8b_LOAD_BLOCK, 0, 0, 7, 0, G_TX_WRAP | G_TX_NOMIRROR, 0, 0, G_TX_WRAP | G_TX_NOMIRROR, 0, 0),
	gsDPLoadBlock(7, 0, 0, 511, 512),
	gsDPSetTile(G_IM_FMT_CI, G_IM_SIZ_8b, 4, 0, 0, 0, G_TX_WRAP | G_TX_NOMIRROR, 5, 0, G_TX_WRAP | G_TX_NOMIRROR, 5, 0),
	gsDPSetTileSize(0, 0, 0, 124, 124),
	gsSPEndDisplayList(),
};

Gfx mat_revert_wf_dl_tile_3_6_png_001_f3d[] = {
	gsDPPipeSync(),
	gsDPSetAlphaDither(G_AD_DISABLE),
	gsDPSetTextureLUT(G_TT_NONE),
	gsSPEndDisplayList(),
};

Gfx mat_wf_dl_tile_3_7_png_001_f3d[] = {
	gsSPLightColor(LIGHT_1, 0xFFFFFFFF),
	gsSPLightColor(LIGHT_2, 0x7F7F7FFF),
	gsDPPipeSync(),
	gsDPSetCombineLERP(TEXEL0, 0, SHADE, 0, 0, 0, 0, ENVIRONMENT, TEXEL0, 0, SHADE, 0, 0, 0, 0, ENVIRONMENT),
	gsDPSetAlphaDither(G_AD_NOISE),
	gsDPSetTextureLUT(G_TT_RGBA16),
	gsSPTexture(65535, 65535, 0, 0, 1),
	gsDPSetTextureImage(G_IM_FMT_RGBA, G_IM_SIZ_16b, 1, wf_dl_tile_3_7_pal_rgba16),
	gsDPSetTile(0, 0, 0, 256, 5, 0, G_TX_WRAP | G_TX_NOMIRROR, 0, 0, G_TX_WRAP | G_TX_NOMIRROR, 0, 0),
	gsDPLoadTLUTCmd(5, 30),
	gsDPSetTextureImage(G_IM_FMT_CI, G_IM_SIZ_8b_LOAD_BLOCK, 1, wf_dl_tile_3_7_ci8),
	gsDPSetTile(G_IM_FMT_CI, G_IM_SIZ_8b_LOAD_BLOCK, 0, 0, 7, 0, G_TX_WRAP | G_TX_NOMIRROR, 0, 0, G_TX_WRAP | G_TX_NOMIRROR, 0, 0),
	gsDPLoadBlock(7, 0, 0, 511, 512),
	gsDPSetTile(G_IM_FMT_CI, G_IM_SIZ_8b, 4, 0, 0, 0, G_TX_WRAP | G_TX_NOMIRROR, 5, 0, G_TX_WRAP | G_TX_NOMIRROR, 5, 0),
	gsDPSetTileSize(0, 0, 0, 124, 124),
	gsSPEndDisplayList(),
};

Gfx mat_revert_wf_dl_tile_3_7_png_001_f3d[] = {
	gsDPPipeSync(),
	gsDPSetAlphaDither(G_AD_DISABLE),
	gsDPSetTextureLUT(G_TT_NONE),
	gsSPEndDisplayList(),
};

Gfx mat_wf_dl_tile_3_8_png_001_f3d[] = {
	gsSPLightColor(LIGHT_1, 0xFFFFFFFF),
	gsSPLightColor(LIGHT_2, 0x7F7F7FFF),
	gsDPPipeSync(),
	gsDPSetCombineLERP(TEXEL0, 0, SHADE, 0, 0, 0, 0, ENVIRONMENT, TEXEL0, 0, SHADE, 0, 0, 0, 0, ENVIRONMENT),
	gsDPSetAlphaDither(G_AD_NOISE),
	gsDPSetTextureLUT(G_TT_RGBA16),
	gsSPTexture(65535, 65535, 0, 0, 1),
	gsDPSetTextureImage(G_IM_FMT_RGBA, G_IM_SIZ_16b, 1, wf_dl_tile_3_8_pal_rgba16),
	gsDPSetTile(0, 0, 0, 256, 5, 0, G_TX_WRAP | G_TX_NOMIRROR, 0, 0, G_TX_WRAP | G_TX_NOMIRROR, 0, 0),
	gsDPLoadTLUTCmd(5, 63),
	gsDPSetTextureImage(G_IM_FMT_CI, G_IM_SIZ_8b_LOAD_BLOCK, 1, wf_dl_tile_3_8_ci8),
	gsDPSetTile(G_IM_FMT_CI, G_IM_SIZ_8b_LOAD_BLOCK, 0, 0, 7, 0, G_TX_WRAP | G_TX_NOMIRROR, 0, 0, G_TX_WRAP | G_TX_NOMIRROR, 0, 0),
	gsDPLoadBlock(7, 0, 0, 511, 512),
	gsDPSetTile(G_IM_FMT_CI, G_IM_SIZ_8b, 4, 0, 0, 0, G_TX_WRAP | G_TX_NOMIRROR, 5, 0, G_TX_WRAP | G_TX_NOMIRROR, 5, 0),
	gsDPSetTileSize(0, 0, 0, 124, 124),
	gsSPEndDisplayList(),
};

Gfx mat_revert_wf_dl_tile_3_8_png_001_f3d[] = {
	gsDPPipeSync(),
	gsDPSetAlphaDither(G_AD_DISABLE),
	gsDPSetTextureLUT(G_TT_NONE),
	gsSPEndDisplayList(),
};

Gfx mat_wf_dl_tile_3_9_png_001_f3d[] = {
	gsSPLightColor(LIGHT_1, 0xFFFFFFFF),
	gsSPLightColor(LIGHT_2, 0x7F7F7FFF),
	gsDPPipeSync(),
	gsDPSetCombineLERP(TEXEL0, 0, SHADE, 0, 0, 0, 0, ENVIRONMENT, TEXEL0, 0, SHADE, 0, 0, 0, 0, ENVIRONMENT),
	gsDPSetAlphaDither(G_AD_NOISE),
	gsDPSetTextureLUT(G_TT_RGBA16),
	gsSPTexture(65535, 65535, 0, 0, 1),
	gsDPSetTextureImage(G_IM_FMT_RGBA, G_IM_SIZ_16b, 1, wf_dl_tile_3_9_pal_rgba16),
	gsDPSetTile(0, 0, 0, 256, 5, 0, G_TX_WRAP | G_TX_NOMIRROR, 0, 0, G_TX_WRAP | G_TX_NOMIRROR, 0, 0),
	gsDPLoadTLUTCmd(5, 114),
	gsDPSetTextureImage(G_IM_FMT_CI, G_IM_SIZ_8b_LOAD_BLOCK, 1, wf_dl_tile_3_9_ci8),
	gsDPSetTile(G_IM_FMT_CI, G_IM_SIZ_8b_LOAD_BLOCK, 0, 0, 7, 0, G_TX_WRAP | G_TX_NOMIRROR, 0, 0, G_TX_WRAP | G_TX_NOMIRROR, 0, 0),
	gsDPLoadBlock(7, 0, 0, 511, 512),
	gsDPSetTile(G_IM_FMT_CI, G_IM_SIZ_8b, 4, 0, 0, 0, G_TX_WRAP | G_TX_NOMIRROR, 5, 0, G_TX_WRAP | G_TX_NOMIRROR, 5, 0),
	gsDPSetTileSize(0, 0, 0, 124, 124),
	gsSPEndDisplayList(),
};

Gfx mat_revert_wf_dl_tile_3_9_png_001_f3d[] = {
	gsDPPipeSync(),
	gsDPSetAlphaDither(G_AD_DISABLE),
	gsDPSetTextureLUT(G_TT_NONE),
	gsSPEndDisplayList(),
};

Gfx mat_wf_dl_tile_4_0_png_001_f3d[] = {
	gsSPLightColor(LIGHT_1, 0xFFFFFFFF),
	gsSPLightColor(LIGHT_2, 0x7F7F7FFF),
	gsDPPipeSync(),
	gsDPSetCombineLERP(TEXEL0, 0, SHADE, 0, 0, 0, 0, ENVIRONMENT, TEXEL0, 0, SHADE, 0, 0, 0, 0, ENVIRONMENT),
	gsDPSetAlphaDither(G_AD_NOISE),
	gsDPSetTextureLUT(G_TT_RGBA16),
	gsSPTexture(65535, 65535, 0, 0, 1),
	gsDPSetTextureImage(G_IM_FMT_RGBA, G_IM_SIZ_16b, 1, wf_dl_tile_4_0_pal_rgba16),
	gsDPSetTile(0, 0, 0, 256, 5, 0, G_TX_WRAP | G_TX_NOMIRROR, 0, 0, G_TX_WRAP | G_TX_NOMIRROR, 0, 0),
	gsDPLoadTLUTCmd(5, 95),
	gsDPSetTextureImage(G_IM_FMT_CI, G_IM_SIZ_8b_LOAD_BLOCK, 1, wf_dl_tile_4_0_ci8),
	gsDPSetTile(G_IM_FMT_CI, G_IM_SIZ_8b_LOAD_BLOCK, 0, 0, 7, 0, G_TX_WRAP | G_TX_NOMIRROR, 0, 0, G_TX_WRAP | G_TX_NOMIRROR, 0, 0),
	gsDPLoadBlock(7, 0, 0, 511, 512),
	gsDPSetTile(G_IM_FMT_CI, G_IM_SIZ_8b, 4, 0, 0, 0, G_TX_WRAP | G_TX_NOMIRROR, 5, 0, G_TX_WRAP | G_TX_NOMIRROR, 5, 0),
	gsDPSetTileSize(0, 0, 0, 124, 124),
	gsSPEndDisplayList(),
};

Gfx mat_revert_wf_dl_tile_4_0_png_001_f3d[] = {
	gsDPPipeSync(),
	gsDPSetAlphaDither(G_AD_DISABLE),
	gsDPSetTextureLUT(G_TT_NONE),
	gsSPEndDisplayList(),
};

Gfx mat_wf_dl_tile_4_1_png_001_f3d[] = {
	gsSPLightColor(LIGHT_1, 0xFFFFFFFF),
	gsSPLightColor(LIGHT_2, 0x7F7F7FFF),
	gsDPPipeSync(),
	gsDPSetCombineLERP(TEXEL0, 0, SHADE, 0, 0, 0, 0, ENVIRONMENT, TEXEL0, 0, SHADE, 0, 0, 0, 0, ENVIRONMENT),
	gsDPSetAlphaDither(G_AD_NOISE),
	gsDPSetTextureLUT(G_TT_RGBA16),
	gsSPTexture(65535, 65535, 0, 0, 1),
	gsDPSetTextureImage(G_IM_FMT_RGBA, G_IM_SIZ_16b, 1, wf_dl_tile_4_1_pal_rgba16),
	gsDPSetTile(0, 0, 0, 256, 5, 0, G_TX_WRAP | G_TX_NOMIRROR, 0, 0, G_TX_WRAP | G_TX_NOMIRROR, 0, 0),
	gsDPLoadTLUTCmd(5, 134),
	gsDPSetTextureImage(G_IM_FMT_CI, G_IM_SIZ_8b_LOAD_BLOCK, 1, wf_dl_tile_4_1_ci8),
	gsDPSetTile(G_IM_FMT_CI, G_IM_SIZ_8b_LOAD_BLOCK, 0, 0, 7, 0, G_TX_WRAP | G_TX_NOMIRROR, 0, 0, G_TX_WRAP | G_TX_NOMIRROR, 0, 0),
	gsDPLoadBlock(7, 0, 0, 511, 512),
	gsDPSetTile(G_IM_FMT_CI, G_IM_SIZ_8b, 4, 0, 0, 0, G_TX_WRAP | G_TX_NOMIRROR, 5, 0, G_TX_WRAP | G_TX_NOMIRROR, 5, 0),
	gsDPSetTileSize(0, 0, 0, 124, 124),
	gsSPEndDisplayList(),
};

Gfx mat_revert_wf_dl_tile_4_1_png_001_f3d[] = {
	gsDPPipeSync(),
	gsDPSetAlphaDither(G_AD_DISABLE),
	gsDPSetTextureLUT(G_TT_NONE),
	gsSPEndDisplayList(),
};

Gfx mat_wf_dl_tile_4_2_png_001_f3d[] = {
	gsSPLightColor(LIGHT_1, 0xFFFFFFFF),
	gsSPLightColor(LIGHT_2, 0x7F7F7FFF),
	gsDPPipeSync(),
	gsDPSetCombineLERP(TEXEL0, 0, SHADE, 0, 0, 0, 0, ENVIRONMENT, TEXEL0, 0, SHADE, 0, 0, 0, 0, ENVIRONMENT),
	gsDPSetAlphaDither(G_AD_NOISE),
	gsSPTexture(65535, 65535, 0, 0, 1),
	gsDPSetTextureImage(G_IM_FMT_RGBA, G_IM_SIZ_16b_LOAD_BLOCK, 1, wf_dl_tile_4_2_rgba16),
	gsDPSetTile(G_IM_FMT_RGBA, G_IM_SIZ_16b_LOAD_BLOCK, 0, 0, 7, 0, G_TX_WRAP | G_TX_NOMIRROR, 0, 0, G_TX_WRAP | G_TX_NOMIRROR, 0, 0),
	gsDPLoadBlock(7, 0, 0, 1023, 256),
	gsDPSetTile(G_IM_FMT_RGBA, G_IM_SIZ_16b, 8, 0, 0, 0, G_TX_WRAP | G_TX_NOMIRROR, 5, 0, G_TX_WRAP | G_TX_NOMIRROR, 5, 0),
	gsDPSetTileSize(0, 0, 0, 124, 124),
	gsSPEndDisplayList(),
};

Gfx mat_revert_wf_dl_tile_4_2_png_001_f3d[] = {
	gsDPPipeSync(),
	gsDPSetAlphaDither(G_AD_DISABLE),
	gsSPEndDisplayList(),
};

Gfx mat_wf_dl_tile_4_3_png_001_f3d[] = {
	gsSPLightColor(LIGHT_1, 0xFFFFFFFF),
	gsSPLightColor(LIGHT_2, 0x7F7F7FFF),
	gsDPPipeSync(),
	gsDPSetCombineLERP(TEXEL0, 0, SHADE, 0, 0, 0, 0, ENVIRONMENT, TEXEL0, 0, SHADE, 0, 0, 0, 0, ENVIRONMENT),
	gsDPSetAlphaDither(G_AD_NOISE),
	gsDPSetTextureLUT(G_TT_RGBA16),
	gsSPTexture(65535, 65535, 0, 0, 1),
	gsDPSetTextureImage(G_IM_FMT_RGBA, G_IM_SIZ_16b, 1, wf_dl_tile_4_3_pal_rgba16),
	gsDPSetTile(0, 0, 0, 256, 5, 0, G_TX_WRAP | G_TX_NOMIRROR, 0, 0, G_TX_WRAP | G_TX_NOMIRROR, 0, 0),
	gsDPLoadTLUTCmd(5, 232),
	gsDPSetTextureImage(G_IM_FMT_CI, G_IM_SIZ_8b_LOAD_BLOCK, 1, wf_dl_tile_4_3_ci8),
	gsDPSetTile(G_IM_FMT_CI, G_IM_SIZ_8b_LOAD_BLOCK, 0, 0, 7, 0, G_TX_WRAP | G_TX_NOMIRROR, 0, 0, G_TX_WRAP | G_TX_NOMIRROR, 0, 0),
	gsDPLoadBlock(7, 0, 0, 511, 512),
	gsDPSetTile(G_IM_FMT_CI, G_IM_SIZ_8b, 4, 0, 0, 0, G_TX_WRAP | G_TX_NOMIRROR, 5, 0, G_TX_WRAP | G_TX_NOMIRROR, 5, 0),
	gsDPSetTileSize(0, 0, 0, 124, 124),
	gsSPEndDisplayList(),
};

Gfx mat_revert_wf_dl_tile_4_3_png_001_f3d[] = {
	gsDPPipeSync(),
	gsDPSetAlphaDither(G_AD_DISABLE),
	gsDPSetTextureLUT(G_TT_NONE),
	gsSPEndDisplayList(),
};

Gfx mat_wf_dl_tile_4_4_png_001_f3d[] = {
	gsSPLightColor(LIGHT_1, 0xFFFFFFFF),
	gsSPLightColor(LIGHT_2, 0x7F7F7FFF),
	gsDPPipeSync(),
	gsDPSetCombineLERP(TEXEL0, 0, SHADE, 0, 0, 0, 0, ENVIRONMENT, TEXEL0, 0, SHADE, 0, 0, 0, 0, ENVIRONMENT),
	gsDPSetAlphaDither(G_AD_NOISE),
	gsDPSetTextureLUT(G_TT_RGBA16),
	gsSPTexture(65535, 65535, 0, 0, 1),
	gsDPSetTextureImage(G_IM_FMT_RGBA, G_IM_SIZ_16b, 1, wf_dl_tile_4_4_pal_rgba16),
	gsDPSetTile(0, 0, 0, 256, 5, 0, G_TX_WRAP | G_TX_NOMIRROR, 0, 0, G_TX_WRAP | G_TX_NOMIRROR, 0, 0),
	gsDPLoadTLUTCmd(5, 213),
	gsDPSetTextureImage(G_IM_FMT_CI, G_IM_SIZ_8b_LOAD_BLOCK, 1, wf_dl_tile_4_4_ci8),
	gsDPSetTile(G_IM_FMT_CI, G_IM_SIZ_8b_LOAD_BLOCK, 0, 0, 7, 0, G_TX_WRAP | G_TX_NOMIRROR, 0, 0, G_TX_WRAP | G_TX_NOMIRROR, 0, 0),
	gsDPLoadBlock(7, 0, 0, 511, 512),
	gsDPSetTile(G_IM_FMT_CI, G_IM_SIZ_8b, 4, 0, 0, 0, G_TX_WRAP | G_TX_NOMIRROR, 5, 0, G_TX_WRAP | G_TX_NOMIRROR, 5, 0),
	gsDPSetTileSize(0, 0, 0, 124, 124),
	gsSPEndDisplayList(),
};

Gfx mat_revert_wf_dl_tile_4_4_png_001_f3d[] = {
	gsDPPipeSync(),
	gsDPSetAlphaDither(G_AD_DISABLE),
	gsDPSetTextureLUT(G_TT_NONE),
	gsSPEndDisplayList(),
};

Gfx mat_wf_dl_tile_4_5_png_001_f3d[] = {
	gsSPLightColor(LIGHT_1, 0xFFFFFFFF),
	gsSPLightColor(LIGHT_2, 0x7F7F7FFF),
	gsDPPipeSync(),
	gsDPSetCombineLERP(TEXEL0, 0, SHADE, 0, 0, 0, 0, ENVIRONMENT, TEXEL0, 0, SHADE, 0, 0, 0, 0, ENVIRONMENT),
	gsDPSetAlphaDither(G_AD_NOISE),
	gsDPSetTextureLUT(G_TT_RGBA16),
	gsSPTexture(65535, 65535, 0, 0, 1),
	gsDPSetTextureImage(G_IM_FMT_RGBA, G_IM_SIZ_16b, 1, wf_dl_tile_4_5_pal_rgba16),
	gsDPSetTile(0, 0, 0, 256, 5, 0, G_TX_WRAP | G_TX_NOMIRROR, 0, 0, G_TX_WRAP | G_TX_NOMIRROR, 0, 0),
	gsDPLoadTLUTCmd(5, 136),
	gsDPSetTextureImage(G_IM_FMT_CI, G_IM_SIZ_8b_LOAD_BLOCK, 1, wf_dl_tile_4_5_ci8),
	gsDPSetTile(G_IM_FMT_CI, G_IM_SIZ_8b_LOAD_BLOCK, 0, 0, 7, 0, G_TX_WRAP | G_TX_NOMIRROR, 0, 0, G_TX_WRAP | G_TX_NOMIRROR, 0, 0),
	gsDPLoadBlock(7, 0, 0, 511, 512),
	gsDPSetTile(G_IM_FMT_CI, G_IM_SIZ_8b, 4, 0, 0, 0, G_TX_WRAP | G_TX_NOMIRROR, 5, 0, G_TX_WRAP | G_TX_NOMIRROR, 5, 0),
	gsDPSetTileSize(0, 0, 0, 124, 124),
	gsSPEndDisplayList(),
};

Gfx mat_revert_wf_dl_tile_4_5_png_001_f3d[] = {
	gsDPPipeSync(),
	gsDPSetAlphaDither(G_AD_DISABLE),
	gsDPSetTextureLUT(G_TT_NONE),
	gsSPEndDisplayList(),
};

Gfx mat_wf_dl_tile_4_6_png_001_f3d[] = {
	gsSPLightColor(LIGHT_1, 0xFFFFFFFF),
	gsSPLightColor(LIGHT_2, 0x7F7F7FFF),
	gsDPPipeSync(),
	gsDPSetCombineLERP(TEXEL0, 0, SHADE, 0, 0, 0, 0, ENVIRONMENT, TEXEL0, 0, SHADE, 0, 0, 0, 0, ENVIRONMENT),
	gsDPSetAlphaDither(G_AD_NOISE),
	gsDPSetTextureLUT(G_TT_RGBA16),
	gsSPTexture(65535, 65535, 0, 0, 1),
	gsDPSetTextureImage(G_IM_FMT_RGBA, G_IM_SIZ_16b, 1, wf_dl_tile_4_6_pal_rgba16),
	gsDPSetTile(0, 0, 0, 256, 5, 0, G_TX_WRAP | G_TX_NOMIRROR, 0, 0, G_TX_WRAP | G_TX_NOMIRROR, 0, 0),
	gsDPLoadTLUTCmd(5, 24),
	gsDPSetTextureImage(G_IM_FMT_CI, G_IM_SIZ_8b_LOAD_BLOCK, 1, wf_dl_tile_4_6_ci8),
	gsDPSetTile(G_IM_FMT_CI, G_IM_SIZ_8b_LOAD_BLOCK, 0, 0, 7, 0, G_TX_WRAP | G_TX_NOMIRROR, 0, 0, G_TX_WRAP | G_TX_NOMIRROR, 0, 0),
	gsDPLoadBlock(7, 0, 0, 511, 512),
	gsDPSetTile(G_IM_FMT_CI, G_IM_SIZ_8b, 4, 0, 0, 0, G_TX_WRAP | G_TX_NOMIRROR, 5, 0, G_TX_WRAP | G_TX_NOMIRROR, 5, 0),
	gsDPSetTileSize(0, 0, 0, 124, 124),
	gsSPEndDisplayList(),
};

Gfx mat_revert_wf_dl_tile_4_6_png_001_f3d[] = {
	gsDPPipeSync(),
	gsDPSetAlphaDither(G_AD_DISABLE),
	gsDPSetTextureLUT(G_TT_NONE),
	gsSPEndDisplayList(),
};

Gfx mat_wf_dl_tile_4_7_png_001_f3d[] = {
	gsSPLightColor(LIGHT_1, 0xFFFFFFFF),
	gsSPLightColor(LIGHT_2, 0x7F7F7FFF),
	gsDPPipeSync(),
	gsDPSetCombineLERP(TEXEL0, 0, SHADE, 0, 0, 0, 0, ENVIRONMENT, TEXEL0, 0, SHADE, 0, 0, 0, 0, ENVIRONMENT),
	gsDPSetAlphaDither(G_AD_NOISE),
	gsDPSetTextureLUT(G_TT_RGBA16),
	gsSPTexture(65535, 65535, 0, 0, 1),
	gsDPSetTextureImage(G_IM_FMT_RGBA, G_IM_SIZ_16b, 1, wf_dl_tile_4_7_pal_rgba16),
	gsDPSetTile(0, 0, 0, 256, 5, 0, G_TX_WRAP | G_TX_NOMIRROR, 0, 0, G_TX_WRAP | G_TX_NOMIRROR, 0, 0),
	gsDPLoadTLUTCmd(5, 24),
	gsDPSetTextureImage(G_IM_FMT_CI, G_IM_SIZ_8b_LOAD_BLOCK, 1, wf_dl_tile_4_7_ci8),
	gsDPSetTile(G_IM_FMT_CI, G_IM_SIZ_8b_LOAD_BLOCK, 0, 0, 7, 0, G_TX_WRAP | G_TX_NOMIRROR, 0, 0, G_TX_WRAP | G_TX_NOMIRROR, 0, 0),
	gsDPLoadBlock(7, 0, 0, 511, 512),
	gsDPSetTile(G_IM_FMT_CI, G_IM_SIZ_8b, 4, 0, 0, 0, G_TX_WRAP | G_TX_NOMIRROR, 5, 0, G_TX_WRAP | G_TX_NOMIRROR, 5, 0),
	gsDPSetTileSize(0, 0, 0, 124, 124),
	gsSPEndDisplayList(),
};

Gfx mat_revert_wf_dl_tile_4_7_png_001_f3d[] = {
	gsDPPipeSync(),
	gsDPSetAlphaDither(G_AD_DISABLE),
	gsDPSetTextureLUT(G_TT_NONE),
	gsSPEndDisplayList(),
};

Gfx mat_wf_dl_tile_4_8_png_001_f3d[] = {
	gsSPLightColor(LIGHT_1, 0xFFFFFFFF),
	gsSPLightColor(LIGHT_2, 0x7F7F7FFF),
	gsDPPipeSync(),
	gsDPSetCombineLERP(TEXEL0, 0, SHADE, 0, 0, 0, 0, ENVIRONMENT, TEXEL0, 0, SHADE, 0, 0, 0, 0, ENVIRONMENT),
	gsDPSetAlphaDither(G_AD_NOISE),
	gsDPSetTextureLUT(G_TT_RGBA16),
	gsSPTexture(65535, 65535, 0, 0, 1),
	gsDPSetTextureImage(G_IM_FMT_RGBA, G_IM_SIZ_16b, 1, wf_dl_tile_4_8_pal_rgba16),
	gsDPSetTile(0, 0, 0, 256, 5, 0, G_TX_WRAP | G_TX_NOMIRROR, 0, 0, G_TX_WRAP | G_TX_NOMIRROR, 0, 0),
	gsDPLoadTLUTCmd(5, 31),
	gsDPSetTextureImage(G_IM_FMT_CI, G_IM_SIZ_8b_LOAD_BLOCK, 1, wf_dl_tile_4_8_ci8),
	gsDPSetTile(G_IM_FMT_CI, G_IM_SIZ_8b_LOAD_BLOCK, 0, 0, 7, 0, G_TX_WRAP | G_TX_NOMIRROR, 0, 0, G_TX_WRAP | G_TX_NOMIRROR, 0, 0),
	gsDPLoadBlock(7, 0, 0, 511, 512),
	gsDPSetTile(G_IM_FMT_CI, G_IM_SIZ_8b, 4, 0, 0, 0, G_TX_WRAP | G_TX_NOMIRROR, 5, 0, G_TX_WRAP | G_TX_NOMIRROR, 5, 0),
	gsDPSetTileSize(0, 0, 0, 124, 124),
	gsSPEndDisplayList(),
};

Gfx mat_revert_wf_dl_tile_4_8_png_001_f3d[] = {
	gsDPPipeSync(),
	gsDPSetAlphaDither(G_AD_DISABLE),
	gsDPSetTextureLUT(G_TT_NONE),
	gsSPEndDisplayList(),
};

Gfx mat_wf_dl_tile_4_9_png_001_f3d[] = {
	gsSPLightColor(LIGHT_1, 0xFFFFFFFF),
	gsSPLightColor(LIGHT_2, 0x7F7F7FFF),
	gsDPPipeSync(),
	gsDPSetCombineLERP(TEXEL0, 0, SHADE, 0, 0, 0, 0, ENVIRONMENT, TEXEL0, 0, SHADE, 0, 0, 0, 0, ENVIRONMENT),
	gsDPSetAlphaDither(G_AD_NOISE),
	gsDPSetTextureLUT(G_TT_RGBA16),
	gsSPTexture(65535, 65535, 0, 0, 1),
	gsDPSetTextureImage(G_IM_FMT_RGBA, G_IM_SIZ_16b, 1, wf_dl_tile_4_9_pal_rgba16),
	gsDPSetTile(0, 0, 0, 256, 5, 0, G_TX_WRAP | G_TX_NOMIRROR, 0, 0, G_TX_WRAP | G_TX_NOMIRROR, 0, 0),
	gsDPLoadTLUTCmd(5, 180),
	gsDPSetTextureImage(G_IM_FMT_CI, G_IM_SIZ_8b_LOAD_BLOCK, 1, wf_dl_tile_4_9_ci8),
	gsDPSetTile(G_IM_FMT_CI, G_IM_SIZ_8b_LOAD_BLOCK, 0, 0, 7, 0, G_TX_WRAP | G_TX_NOMIRROR, 0, 0, G_TX_WRAP | G_TX_NOMIRROR, 0, 0),
	gsDPLoadBlock(7, 0, 0, 511, 512),
	gsDPSetTile(G_IM_FMT_CI, G_IM_SIZ_8b, 4, 0, 0, 0, G_TX_WRAP | G_TX_NOMIRROR, 5, 0, G_TX_WRAP | G_TX_NOMIRROR, 5, 0),
	gsDPSetTileSize(0, 0, 0, 124, 124),
	gsSPEndDisplayList(),
};

Gfx mat_revert_wf_dl_tile_4_9_png_001_f3d[] = {
	gsDPPipeSync(),
	gsDPSetAlphaDither(G_AD_DISABLE),
	gsDPSetTextureLUT(G_TT_NONE),
	gsSPEndDisplayList(),
};

Gfx mat_wf_dl_tile_5_0_png_001_f3d[] = {
	gsSPLightColor(LIGHT_1, 0xFFFFFFFF),
	gsSPLightColor(LIGHT_2, 0x7F7F7FFF),
	gsDPPipeSync(),
	gsDPSetCombineLERP(TEXEL0, 0, SHADE, 0, 0, 0, 0, ENVIRONMENT, TEXEL0, 0, SHADE, 0, 0, 0, 0, ENVIRONMENT),
	gsDPSetAlphaDither(G_AD_NOISE),
	gsSPTexture(65535, 65535, 0, 0, 1),
	gsDPSetTextureImage(G_IM_FMT_I, G_IM_SIZ_8b_LOAD_BLOCK, 1, wf_dl_tile_5_0_i8),
	gsDPSetTile(G_IM_FMT_I, G_IM_SIZ_8b_LOAD_BLOCK, 0, 0, 7, 0, G_TX_WRAP | G_TX_NOMIRROR, 0, 0, G_TX_WRAP | G_TX_NOMIRROR, 0, 0),
	gsDPLoadBlock(7, 0, 0, 511, 512),
	gsDPSetTile(G_IM_FMT_I, G_IM_SIZ_8b, 4, 0, 0, 0, G_TX_WRAP | G_TX_NOMIRROR, 5, 0, G_TX_WRAP | G_TX_NOMIRROR, 5, 0),
	gsDPSetTileSize(0, 0, 0, 124, 124),
	gsSPEndDisplayList(),
};

Gfx mat_revert_wf_dl_tile_5_0_png_001_f3d[] = {
	gsDPPipeSync(),
	gsDPSetAlphaDither(G_AD_DISABLE),
	gsSPEndDisplayList(),
};

Gfx mat_wf_dl_tile_5_1_png_001_f3d[] = {
	gsSPLightColor(LIGHT_1, 0xFFFFFFFF),
	gsSPLightColor(LIGHT_2, 0x7F7F7FFF),
	gsDPPipeSync(),
	gsDPSetCombineLERP(TEXEL0, 0, SHADE, 0, 0, 0, 0, ENVIRONMENT, TEXEL0, 0, SHADE, 0, 0, 0, 0, ENVIRONMENT),
	gsDPSetAlphaDither(G_AD_NOISE),
	gsDPSetTextureLUT(G_TT_RGBA16),
	gsSPTexture(65535, 65535, 0, 0, 1),
	gsDPSetTextureImage(G_IM_FMT_RGBA, G_IM_SIZ_16b, 1, wf_dl_tile_5_1_pal_rgba16),
	gsDPSetTile(0, 0, 0, 256, 5, 0, G_TX_WRAP | G_TX_NOMIRROR, 0, 0, G_TX_WRAP | G_TX_NOMIRROR, 0, 0),
	gsDPLoadTLUTCmd(5, 38),
	gsDPSetTextureImage(G_IM_FMT_CI, G_IM_SIZ_8b_LOAD_BLOCK, 1, wf_dl_tile_5_1_ci8),
	gsDPSetTile(G_IM_FMT_CI, G_IM_SIZ_8b_LOAD_BLOCK, 0, 0, 7, 0, G_TX_WRAP | G_TX_NOMIRROR, 0, 0, G_TX_WRAP | G_TX_NOMIRROR, 0, 0),
	gsDPLoadBlock(7, 0, 0, 511, 512),
	gsDPSetTile(G_IM_FMT_CI, G_IM_SIZ_8b, 4, 0, 0, 0, G_TX_WRAP | G_TX_NOMIRROR, 5, 0, G_TX_WRAP | G_TX_NOMIRROR, 5, 0),
	gsDPSetTileSize(0, 0, 0, 124, 124),
	gsSPEndDisplayList(),
};

Gfx mat_revert_wf_dl_tile_5_1_png_001_f3d[] = {
	gsDPPipeSync(),
	gsDPSetAlphaDither(G_AD_DISABLE),
	gsDPSetTextureLUT(G_TT_NONE),
	gsSPEndDisplayList(),
};

Gfx mat_wf_dl_tile_5_2_png_001_f3d[] = {
	gsSPLightColor(LIGHT_1, 0xFFFFFFFF),
	gsSPLightColor(LIGHT_2, 0x7F7F7FFF),
	gsDPPipeSync(),
	gsDPSetCombineLERP(TEXEL0, 0, SHADE, 0, 0, 0, 0, ENVIRONMENT, TEXEL0, 0, SHADE, 0, 0, 0, 0, ENVIRONMENT),
	gsDPSetAlphaDither(G_AD_NOISE),
	gsDPSetTextureLUT(G_TT_RGBA16),
	gsSPTexture(65535, 65535, 0, 0, 1),
	gsDPSetTextureImage(G_IM_FMT_RGBA, G_IM_SIZ_16b, 1, wf_dl_tile_5_2_pal_rgba16),
	gsDPSetTile(0, 0, 0, 256, 5, 0, G_TX_WRAP | G_TX_NOMIRROR, 0, 0, G_TX_WRAP | G_TX_NOMIRROR, 0, 0),
	gsDPLoadTLUTCmd(5, 88),
	gsDPSetTextureImage(G_IM_FMT_CI, G_IM_SIZ_8b_LOAD_BLOCK, 1, wf_dl_tile_5_2_ci8),
	gsDPSetTile(G_IM_FMT_CI, G_IM_SIZ_8b_LOAD_BLOCK, 0, 0, 7, 0, G_TX_WRAP | G_TX_NOMIRROR, 0, 0, G_TX_WRAP | G_TX_NOMIRROR, 0, 0),
	gsDPLoadBlock(7, 0, 0, 511, 512),
	gsDPSetTile(G_IM_FMT_CI, G_IM_SIZ_8b, 4, 0, 0, 0, G_TX_WRAP | G_TX_NOMIRROR, 5, 0, G_TX_WRAP | G_TX_NOMIRROR, 5, 0),
	gsDPSetTileSize(0, 0, 0, 124, 124),
	gsSPEndDisplayList(),
};

Gfx mat_revert_wf_dl_tile_5_2_png_001_f3d[] = {
	gsDPPipeSync(),
	gsDPSetAlphaDither(G_AD_DISABLE),
	gsDPSetTextureLUT(G_TT_NONE),
	gsSPEndDisplayList(),
};

Gfx mat_wf_dl_tile_5_3_png_001_f3d[] = {
	gsSPLightColor(LIGHT_1, 0xFFFFFFFF),
	gsSPLightColor(LIGHT_2, 0x7F7F7FFF),
	gsDPPipeSync(),
	gsDPSetCombineLERP(TEXEL0, 0, SHADE, 0, 0, 0, 0, ENVIRONMENT, TEXEL0, 0, SHADE, 0, 0, 0, 0, ENVIRONMENT),
	gsDPSetAlphaDither(G_AD_NOISE),
	gsDPSetTextureLUT(G_TT_RGBA16),
	gsSPTexture(65535, 65535, 0, 0, 1),
	gsDPSetTextureImage(G_IM_FMT_RGBA, G_IM_SIZ_16b, 1, wf_dl_tile_5_3_pal_rgba16),
	gsDPSetTile(0, 0, 0, 256, 5, 0, G_TX_WRAP | G_TX_NOMIRROR, 0, 0, G_TX_WRAP | G_TX_NOMIRROR, 0, 0),
	gsDPLoadTLUTCmd(5, 41),
	gsDPSetTextureImage(G_IM_FMT_CI, G_IM_SIZ_8b_LOAD_BLOCK, 1, wf_dl_tile_5_3_ci8),
	gsDPSetTile(G_IM_FMT_CI, G_IM_SIZ_8b_LOAD_BLOCK, 0, 0, 7, 0, G_TX_WRAP | G_TX_NOMIRROR, 0, 0, G_TX_WRAP | G_TX_NOMIRROR, 0, 0),
	gsDPLoadBlock(7, 0, 0, 511, 512),
	gsDPSetTile(G_IM_FMT_CI, G_IM_SIZ_8b, 4, 0, 0, 0, G_TX_WRAP | G_TX_NOMIRROR, 5, 0, G_TX_WRAP | G_TX_NOMIRROR, 5, 0),
	gsDPSetTileSize(0, 0, 0, 124, 124),
	gsSPEndDisplayList(),
};

Gfx mat_revert_wf_dl_tile_5_3_png_001_f3d[] = {
	gsDPPipeSync(),
	gsDPSetAlphaDither(G_AD_DISABLE),
	gsDPSetTextureLUT(G_TT_NONE),
	gsSPEndDisplayList(),
};

Gfx mat_wf_dl_tile_5_4_png_001_f3d[] = {
	gsSPLightColor(LIGHT_1, 0xFFFFFFFF),
	gsSPLightColor(LIGHT_2, 0x7F7F7FFF),
	gsDPPipeSync(),
	gsDPSetCombineLERP(TEXEL0, 0, SHADE, 0, 0, 0, 0, ENVIRONMENT, TEXEL0, 0, SHADE, 0, 0, 0, 0, ENVIRONMENT),
	gsDPSetAlphaDither(G_AD_NOISE),
	gsDPSetTextureLUT(G_TT_RGBA16),
	gsSPTexture(65535, 65535, 0, 0, 1),
	gsDPSetTextureImage(G_IM_FMT_RGBA, G_IM_SIZ_16b, 1, wf_dl_tile_5_4_pal_rgba16),
	gsDPSetTile(0, 0, 0, 256, 5, 0, G_TX_WRAP | G_TX_NOMIRROR, 0, 0, G_TX_WRAP | G_TX_NOMIRROR, 0, 0),
	gsDPLoadTLUTCmd(5, 60),
	gsDPSetTextureImage(G_IM_FMT_CI, G_IM_SIZ_8b_LOAD_BLOCK, 1, wf_dl_tile_5_4_ci8),
	gsDPSetTile(G_IM_FMT_CI, G_IM_SIZ_8b_LOAD_BLOCK, 0, 0, 7, 0, G_TX_WRAP | G_TX_NOMIRROR, 0, 0, G_TX_WRAP | G_TX_NOMIRROR, 0, 0),
	gsDPLoadBlock(7, 0, 0, 511, 512),
	gsDPSetTile(G_IM_FMT_CI, G_IM_SIZ_8b, 4, 0, 0, 0, G_TX_WRAP | G_TX_NOMIRROR, 5, 0, G_TX_WRAP | G_TX_NOMIRROR, 5, 0),
	gsDPSetTileSize(0, 0, 0, 124, 124),
	gsSPEndDisplayList(),
};

Gfx mat_revert_wf_dl_tile_5_4_png_001_f3d[] = {
	gsDPPipeSync(),
	gsDPSetAlphaDither(G_AD_DISABLE),
	gsDPSetTextureLUT(G_TT_NONE),
	gsSPEndDisplayList(),
};

Gfx mat_wf_dl_tile_5_5_png_001_f3d[] = {
	gsSPLightColor(LIGHT_1, 0xFFFFFFFF),
	gsSPLightColor(LIGHT_2, 0x7F7F7FFF),
	gsDPPipeSync(),
	gsDPSetCombineLERP(TEXEL0, 0, SHADE, 0, 0, 0, 0, ENVIRONMENT, TEXEL0, 0, SHADE, 0, 0, 0, 0, ENVIRONMENT),
	gsDPSetAlphaDither(G_AD_NOISE),
	gsDPSetTextureLUT(G_TT_RGBA16),
	gsSPTexture(65535, 65535, 0, 0, 1),
	gsDPSetTextureImage(G_IM_FMT_RGBA, G_IM_SIZ_16b, 1, wf_dl_tile_5_5_pal_rgba16),
	gsDPSetTile(0, 0, 0, 256, 5, 0, G_TX_WRAP | G_TX_NOMIRROR, 0, 0, G_TX_WRAP | G_TX_NOMIRROR, 0, 0),
	gsDPLoadTLUTCmd(5, 208),
	gsDPSetTextureImage(G_IM_FMT_CI, G_IM_SIZ_8b_LOAD_BLOCK, 1, wf_dl_tile_5_5_ci8),
	gsDPSetTile(G_IM_FMT_CI, G_IM_SIZ_8b_LOAD_BLOCK, 0, 0, 7, 0, G_TX_WRAP | G_TX_NOMIRROR, 0, 0, G_TX_WRAP | G_TX_NOMIRROR, 0, 0),
	gsDPLoadBlock(7, 0, 0, 511, 512),
	gsDPSetTile(G_IM_FMT_CI, G_IM_SIZ_8b, 4, 0, 0, 0, G_TX_WRAP | G_TX_NOMIRROR, 5, 0, G_TX_WRAP | G_TX_NOMIRROR, 5, 0),
	gsDPSetTileSize(0, 0, 0, 124, 124),
	gsSPEndDisplayList(),
};

Gfx mat_revert_wf_dl_tile_5_5_png_001_f3d[] = {
	gsDPPipeSync(),
	gsDPSetAlphaDither(G_AD_DISABLE),
	gsDPSetTextureLUT(G_TT_NONE),
	gsSPEndDisplayList(),
};

Gfx mat_wf_dl_tile_5_6_png_001_f3d[] = {
	gsSPLightColor(LIGHT_1, 0xFFFFFFFF),
	gsSPLightColor(LIGHT_2, 0x7F7F7FFF),
	gsDPPipeSync(),
	gsDPSetCombineLERP(TEXEL0, 0, SHADE, 0, 0, 0, 0, ENVIRONMENT, TEXEL0, 0, SHADE, 0, 0, 0, 0, ENVIRONMENT),
	gsDPSetAlphaDither(G_AD_NOISE),
	gsDPSetTextureLUT(G_TT_RGBA16),
	gsSPTexture(65535, 65535, 0, 0, 1),
	gsDPSetTextureImage(G_IM_FMT_RGBA, G_IM_SIZ_16b, 1, wf_dl_tile_5_6_pal_rgba16),
	gsDPSetTile(0, 0, 0, 256, 5, 0, G_TX_WRAP | G_TX_NOMIRROR, 0, 0, G_TX_WRAP | G_TX_NOMIRROR, 0, 0),
	gsDPLoadTLUTCmd(5, 98),
	gsDPSetTextureImage(G_IM_FMT_CI, G_IM_SIZ_8b_LOAD_BLOCK, 1, wf_dl_tile_5_6_ci8),
	gsDPSetTile(G_IM_FMT_CI, G_IM_SIZ_8b_LOAD_BLOCK, 0, 0, 7, 0, G_TX_WRAP | G_TX_NOMIRROR, 0, 0, G_TX_WRAP | G_TX_NOMIRROR, 0, 0),
	gsDPLoadBlock(7, 0, 0, 511, 512),
	gsDPSetTile(G_IM_FMT_CI, G_IM_SIZ_8b, 4, 0, 0, 0, G_TX_WRAP | G_TX_NOMIRROR, 5, 0, G_TX_WRAP | G_TX_NOMIRROR, 5, 0),
	gsDPSetTileSize(0, 0, 0, 124, 124),
	gsSPEndDisplayList(),
};

Gfx mat_revert_wf_dl_tile_5_6_png_001_f3d[] = {
	gsDPPipeSync(),
	gsDPSetAlphaDither(G_AD_DISABLE),
	gsDPSetTextureLUT(G_TT_NONE),
	gsSPEndDisplayList(),
};

Gfx mat_wf_dl_tile_5_7_png_001_f3d[] = {
	gsSPLightColor(LIGHT_1, 0xFFFFFFFF),
	gsSPLightColor(LIGHT_2, 0x7F7F7FFF),
	gsDPPipeSync(),
	gsDPSetCombineLERP(TEXEL0, 0, SHADE, 0, 0, 0, 0, ENVIRONMENT, TEXEL0, 0, SHADE, 0, 0, 0, 0, ENVIRONMENT),
	gsDPSetAlphaDither(G_AD_NOISE),
	gsDPSetTextureLUT(G_TT_RGBA16),
	gsSPTexture(65535, 65535, 0, 0, 1),
	gsDPSetTextureImage(G_IM_FMT_RGBA, G_IM_SIZ_16b, 1, wf_dl_tile_5_7_pal_rgba16),
	gsDPSetTile(0, 0, 0, 256, 5, 0, G_TX_WRAP | G_TX_NOMIRROR, 0, 0, G_TX_WRAP | G_TX_NOMIRROR, 0, 0),
	gsDPLoadTLUTCmd(5, 86),
	gsDPSetTextureImage(G_IM_FMT_CI, G_IM_SIZ_8b_LOAD_BLOCK, 1, wf_dl_tile_5_7_ci8),
	gsDPSetTile(G_IM_FMT_CI, G_IM_SIZ_8b_LOAD_BLOCK, 0, 0, 7, 0, G_TX_WRAP | G_TX_NOMIRROR, 0, 0, G_TX_WRAP | G_TX_NOMIRROR, 0, 0),
	gsDPLoadBlock(7, 0, 0, 511, 512),
	gsDPSetTile(G_IM_FMT_CI, G_IM_SIZ_8b, 4, 0, 0, 0, G_TX_WRAP | G_TX_NOMIRROR, 5, 0, G_TX_WRAP | G_TX_NOMIRROR, 5, 0),
	gsDPSetTileSize(0, 0, 0, 124, 124),
	gsSPEndDisplayList(),
};

Gfx mat_revert_wf_dl_tile_5_7_png_001_f3d[] = {
	gsDPPipeSync(),
	gsDPSetAlphaDither(G_AD_DISABLE),
	gsDPSetTextureLUT(G_TT_NONE),
	gsSPEndDisplayList(),
};

Gfx mat_wf_dl_tile_5_8_png_001_f3d[] = {
	gsSPLightColor(LIGHT_1, 0xFFFFFFFF),
	gsSPLightColor(LIGHT_2, 0x7F7F7FFF),
	gsDPPipeSync(),
	gsDPSetCombineLERP(TEXEL0, 0, SHADE, 0, 0, 0, 0, ENVIRONMENT, TEXEL0, 0, SHADE, 0, 0, 0, 0, ENVIRONMENT),
	gsDPSetAlphaDither(G_AD_NOISE),
	gsDPSetTextureLUT(G_TT_RGBA16),
	gsSPTexture(65535, 65535, 0, 0, 1),
	gsDPSetTextureImage(G_IM_FMT_RGBA, G_IM_SIZ_16b, 1, wf_dl_tile_5_8_pal_rgba16),
	gsDPSetTile(0, 0, 0, 256, 5, 0, G_TX_WRAP | G_TX_NOMIRROR, 0, 0, G_TX_WRAP | G_TX_NOMIRROR, 0, 0),
	gsDPLoadTLUTCmd(5, 68),
	gsDPSetTextureImage(G_IM_FMT_CI, G_IM_SIZ_8b_LOAD_BLOCK, 1, wf_dl_tile_5_8_ci8),
	gsDPSetTile(G_IM_FMT_CI, G_IM_SIZ_8b_LOAD_BLOCK, 0, 0, 7, 0, G_TX_WRAP | G_TX_NOMIRROR, 0, 0, G_TX_WRAP | G_TX_NOMIRROR, 0, 0),
	gsDPLoadBlock(7, 0, 0, 511, 512),
	gsDPSetTile(G_IM_FMT_CI, G_IM_SIZ_8b, 4, 0, 0, 0, G_TX_WRAP | G_TX_NOMIRROR, 5, 0, G_TX_WRAP | G_TX_NOMIRROR, 5, 0),
	gsDPSetTileSize(0, 0, 0, 124, 124),
	gsSPEndDisplayList(),
};

Gfx mat_revert_wf_dl_tile_5_8_png_001_f3d[] = {
	gsDPPipeSync(),
	gsDPSetAlphaDither(G_AD_DISABLE),
	gsDPSetTextureLUT(G_TT_NONE),
	gsSPEndDisplayList(),
};

Gfx mat_wf_dl_tile_5_9_png_001_f3d[] = {
	gsSPLightColor(LIGHT_1, 0xFFFFFFFF),
	gsSPLightColor(LIGHT_2, 0x7F7F7FFF),
	gsDPPipeSync(),
	gsDPSetCombineLERP(TEXEL0, 0, SHADE, 0, 0, 0, 0, ENVIRONMENT, TEXEL0, 0, SHADE, 0, 0, 0, 0, ENVIRONMENT),
	gsDPSetAlphaDither(G_AD_NOISE),
	gsDPSetTextureLUT(G_TT_RGBA16),
	gsSPTexture(65535, 65535, 0, 0, 1),
	gsDPSetTextureImage(G_IM_FMT_RGBA, G_IM_SIZ_16b, 1, wf_dl_tile_5_9_pal_rgba16),
	gsDPSetTile(0, 0, 0, 256, 5, 0, G_TX_WRAP | G_TX_NOMIRROR, 0, 0, G_TX_WRAP | G_TX_NOMIRROR, 0, 0),
	gsDPLoadTLUTCmd(5, 159),
	gsDPSetTextureImage(G_IM_FMT_CI, G_IM_SIZ_8b_LOAD_BLOCK, 1, wf_dl_tile_5_9_ci8),
	gsDPSetTile(G_IM_FMT_CI, G_IM_SIZ_8b_LOAD_BLOCK, 0, 0, 7, 0, G_TX_WRAP | G_TX_NOMIRROR, 0, 0, G_TX_WRAP | G_TX_NOMIRROR, 0, 0),
	gsDPLoadBlock(7, 0, 0, 511, 512),
	gsDPSetTile(G_IM_FMT_CI, G_IM_SIZ_8b, 4, 0, 0, 0, G_TX_WRAP | G_TX_NOMIRROR, 5, 0, G_TX_WRAP | G_TX_NOMIRROR, 5, 0),
	gsDPSetTileSize(0, 0, 0, 124, 124),
	gsSPEndDisplayList(),
};

Gfx mat_revert_wf_dl_tile_5_9_png_001_f3d[] = {
	gsDPPipeSync(),
	gsDPSetAlphaDither(G_AD_DISABLE),
	gsDPSetTextureLUT(G_TT_NONE),
	gsSPEndDisplayList(),
};

Gfx mat_wf_dl_tile_6_0_png_001_f3d[] = {
	gsSPLightColor(LIGHT_1, 0xFFFFFFFF),
	gsSPLightColor(LIGHT_2, 0x7F7F7FFF),
	gsDPPipeSync(),
	gsDPSetCombineLERP(TEXEL0, 0, SHADE, 0, 0, 0, 0, ENVIRONMENT, TEXEL0, 0, SHADE, 0, 0, 0, 0, ENVIRONMENT),
	gsDPSetAlphaDither(G_AD_NOISE),
	gsSPTexture(65535, 65535, 0, 0, 1),
	gsDPSetTextureImage(G_IM_FMT_I, G_IM_SIZ_8b_LOAD_BLOCK, 1, wf_dl_tile_6_0_i8),
	gsDPSetTile(G_IM_FMT_I, G_IM_SIZ_8b_LOAD_BLOCK, 0, 0, 7, 0, G_TX_WRAP | G_TX_NOMIRROR, 0, 0, G_TX_WRAP | G_TX_NOMIRROR, 0, 0),
	gsDPLoadBlock(7, 0, 0, 511, 512),
	gsDPSetTile(G_IM_FMT_I, G_IM_SIZ_8b, 4, 0, 0, 0, G_TX_WRAP | G_TX_NOMIRROR, 5, 0, G_TX_WRAP | G_TX_NOMIRROR, 5, 0),
	gsDPSetTileSize(0, 0, 0, 124, 124),
	gsSPEndDisplayList(),
};

Gfx mat_revert_wf_dl_tile_6_0_png_001_f3d[] = {
	gsDPPipeSync(),
	gsDPSetAlphaDither(G_AD_DISABLE),
	gsSPEndDisplayList(),
};

Gfx mat_wf_dl_tile_6_1_png_001_f3d[] = {
	gsSPLightColor(LIGHT_1, 0xFFFFFFFF),
	gsSPLightColor(LIGHT_2, 0x7F7F7FFF),
	gsDPPipeSync(),
	gsDPSetCombineLERP(TEXEL0, 0, SHADE, 0, 0, 0, 0, ENVIRONMENT, TEXEL0, 0, SHADE, 0, 0, 0, 0, ENVIRONMENT),
	gsDPSetAlphaDither(G_AD_NOISE),
	gsSPTexture(65535, 65535, 0, 0, 1),
	gsDPSetTextureImage(G_IM_FMT_I, G_IM_SIZ_8b_LOAD_BLOCK, 1, wf_dl_tile_6_1_i8),
	gsDPSetTile(G_IM_FMT_I, G_IM_SIZ_8b_LOAD_BLOCK, 0, 0, 7, 0, G_TX_WRAP | G_TX_NOMIRROR, 0, 0, G_TX_WRAP | G_TX_NOMIRROR, 0, 0),
	gsDPLoadBlock(7, 0, 0, 511, 512),
	gsDPSetTile(G_IM_FMT_I, G_IM_SIZ_8b, 4, 0, 0, 0, G_TX_WRAP | G_TX_NOMIRROR, 5, 0, G_TX_WRAP | G_TX_NOMIRROR, 5, 0),
	gsDPSetTileSize(0, 0, 0, 124, 124),
	gsSPEndDisplayList(),
};

Gfx mat_revert_wf_dl_tile_6_1_png_001_f3d[] = {
	gsDPPipeSync(),
	gsDPSetAlphaDither(G_AD_DISABLE),
	gsSPEndDisplayList(),
};

Gfx mat_wf_dl_tile_6_2_png_001_f3d[] = {
	gsSPLightColor(LIGHT_1, 0xFFFFFFFF),
	gsSPLightColor(LIGHT_2, 0x7F7F7FFF),
	gsDPPipeSync(),
	gsDPSetCombineLERP(TEXEL0, 0, SHADE, 0, 0, 0, 0, ENVIRONMENT, TEXEL0, 0, SHADE, 0, 0, 0, 0, ENVIRONMENT),
	gsDPSetAlphaDither(G_AD_NOISE),
	gsSPTexture(65535, 65535, 0, 0, 1),
	gsDPSetTextureImage(G_IM_FMT_I, G_IM_SIZ_8b_LOAD_BLOCK, 1, wf_dl_tile_6_2_i8),
	gsDPSetTile(G_IM_FMT_I, G_IM_SIZ_8b_LOAD_BLOCK, 0, 0, 7, 0, G_TX_WRAP | G_TX_NOMIRROR, 0, 0, G_TX_WRAP | G_TX_NOMIRROR, 0, 0),
	gsDPLoadBlock(7, 0, 0, 511, 512),
	gsDPSetTile(G_IM_FMT_I, G_IM_SIZ_8b, 4, 0, 0, 0, G_TX_WRAP | G_TX_NOMIRROR, 5, 0, G_TX_WRAP | G_TX_NOMIRROR, 5, 0),
	gsDPSetTileSize(0, 0, 0, 124, 124),
	gsSPEndDisplayList(),
};

Gfx mat_revert_wf_dl_tile_6_2_png_001_f3d[] = {
	gsDPPipeSync(),
	gsDPSetAlphaDither(G_AD_DISABLE),
	gsSPEndDisplayList(),
};

Gfx mat_wf_dl_tile_6_3_png_001_f3d[] = {
	gsSPLightColor(LIGHT_1, 0xFFFFFFFF),
	gsSPLightColor(LIGHT_2, 0x7F7F7FFF),
	gsDPPipeSync(),
	gsDPSetCombineLERP(TEXEL0, 0, SHADE, 0, 0, 0, 0, ENVIRONMENT, TEXEL0, 0, SHADE, 0, 0, 0, 0, ENVIRONMENT),
	gsDPSetAlphaDither(G_AD_NOISE),
	gsSPTexture(65535, 65535, 0, 0, 1),
	gsDPSetTextureImage(G_IM_FMT_I, G_IM_SIZ_8b_LOAD_BLOCK, 1, wf_dl_tile_6_3_i8),
	gsDPSetTile(G_IM_FMT_I, G_IM_SIZ_8b_LOAD_BLOCK, 0, 0, 7, 0, G_TX_WRAP | G_TX_NOMIRROR, 0, 0, G_TX_WRAP | G_TX_NOMIRROR, 0, 0),
	gsDPLoadBlock(7, 0, 0, 511, 512),
	gsDPSetTile(G_IM_FMT_I, G_IM_SIZ_8b, 4, 0, 0, 0, G_TX_WRAP | G_TX_NOMIRROR, 5, 0, G_TX_WRAP | G_TX_NOMIRROR, 5, 0),
	gsDPSetTileSize(0, 0, 0, 124, 124),
	gsSPEndDisplayList(),
};

Gfx mat_revert_wf_dl_tile_6_3_png_001_f3d[] = {
	gsDPPipeSync(),
	gsDPSetAlphaDither(G_AD_DISABLE),
	gsSPEndDisplayList(),
};

Gfx mat_wf_dl_tile_6_4_png_001_f3d[] = {
	gsSPLightColor(LIGHT_1, 0xFFFFFFFF),
	gsSPLightColor(LIGHT_2, 0x7F7F7FFF),
	gsDPPipeSync(),
	gsDPSetCombineLERP(TEXEL0, 0, SHADE, 0, 0, 0, 0, ENVIRONMENT, TEXEL0, 0, SHADE, 0, 0, 0, 0, ENVIRONMENT),
	gsDPSetAlphaDither(G_AD_NOISE),
	gsSPTexture(65535, 65535, 0, 0, 1),
	gsDPSetTextureImage(G_IM_FMT_I, G_IM_SIZ_8b_LOAD_BLOCK, 1, wf_dl_tile_6_4_i8),
	gsDPSetTile(G_IM_FMT_I, G_IM_SIZ_8b_LOAD_BLOCK, 0, 0, 7, 0, G_TX_WRAP | G_TX_NOMIRROR, 0, 0, G_TX_WRAP | G_TX_NOMIRROR, 0, 0),
	gsDPLoadBlock(7, 0, 0, 511, 512),
	gsDPSetTile(G_IM_FMT_I, G_IM_SIZ_8b, 4, 0, 0, 0, G_TX_WRAP | G_TX_NOMIRROR, 5, 0, G_TX_WRAP | G_TX_NOMIRROR, 5, 0),
	gsDPSetTileSize(0, 0, 0, 124, 124),
	gsSPEndDisplayList(),
};

Gfx mat_revert_wf_dl_tile_6_4_png_001_f3d[] = {
	gsDPPipeSync(),
	gsDPSetAlphaDither(G_AD_DISABLE),
	gsSPEndDisplayList(),
};

Gfx mat_wf_dl_tile_6_5_png_001_f3d[] = {
	gsSPLightColor(LIGHT_1, 0xFFFFFFFF),
	gsSPLightColor(LIGHT_2, 0x7F7F7FFF),
	gsDPPipeSync(),
	gsDPSetCombineLERP(TEXEL0, 0, SHADE, 0, 0, 0, 0, ENVIRONMENT, TEXEL0, 0, SHADE, 0, 0, 0, 0, ENVIRONMENT),
	gsDPSetAlphaDither(G_AD_NOISE),
	gsDPSetTextureLUT(G_TT_RGBA16),
	gsSPTexture(65535, 65535, 0, 0, 1),
	gsDPSetTextureImage(G_IM_FMT_RGBA, G_IM_SIZ_16b, 1, wf_dl_tile_6_5_pal_rgba16),
	gsDPSetTile(0, 0, 0, 256, 5, 0, G_TX_WRAP | G_TX_NOMIRROR, 0, 0, G_TX_WRAP | G_TX_NOMIRROR, 0, 0),
	gsDPLoadTLUTCmd(5, 66),
	gsDPSetTextureImage(G_IM_FMT_CI, G_IM_SIZ_8b_LOAD_BLOCK, 1, wf_dl_tile_6_5_ci8),
	gsDPSetTile(G_IM_FMT_CI, G_IM_SIZ_8b_LOAD_BLOCK, 0, 0, 7, 0, G_TX_WRAP | G_TX_NOMIRROR, 0, 0, G_TX_WRAP | G_TX_NOMIRROR, 0, 0),
	gsDPLoadBlock(7, 0, 0, 511, 512),
	gsDPSetTile(G_IM_FMT_CI, G_IM_SIZ_8b, 4, 0, 0, 0, G_TX_WRAP | G_TX_NOMIRROR, 5, 0, G_TX_WRAP | G_TX_NOMIRROR, 5, 0),
	gsDPSetTileSize(0, 0, 0, 124, 124),
	gsSPEndDisplayList(),
};

Gfx mat_revert_wf_dl_tile_6_5_png_001_f3d[] = {
	gsDPPipeSync(),
	gsDPSetAlphaDither(G_AD_DISABLE),
	gsDPSetTextureLUT(G_TT_NONE),
	gsSPEndDisplayList(),
};

Gfx mat_wf_dl_tile_6_6_png_001_f3d[] = {
	gsSPLightColor(LIGHT_1, 0xFFFFFFFF),
	gsSPLightColor(LIGHT_2, 0x7F7F7FFF),
	gsDPPipeSync(),
	gsDPSetCombineLERP(TEXEL0, 0, SHADE, 0, 0, 0, 0, ENVIRONMENT, TEXEL0, 0, SHADE, 0, 0, 0, 0, ENVIRONMENT),
	gsDPSetAlphaDither(G_AD_NOISE),
	gsDPSetTextureLUT(G_TT_RGBA16),
	gsSPTexture(65535, 65535, 0, 0, 1),
	gsDPSetTextureImage(G_IM_FMT_RGBA, G_IM_SIZ_16b, 1, wf_dl_tile_6_6_pal_rgba16),
	gsDPSetTile(0, 0, 0, 256, 5, 0, G_TX_WRAP | G_TX_NOMIRROR, 0, 0, G_TX_WRAP | G_TX_NOMIRROR, 0, 0),
	gsDPLoadTLUTCmd(5, 74),
	gsDPSetTextureImage(G_IM_FMT_CI, G_IM_SIZ_8b_LOAD_BLOCK, 1, wf_dl_tile_6_6_ci8),
	gsDPSetTile(G_IM_FMT_CI, G_IM_SIZ_8b_LOAD_BLOCK, 0, 0, 7, 0, G_TX_WRAP | G_TX_NOMIRROR, 0, 0, G_TX_WRAP | G_TX_NOMIRROR, 0, 0),
	gsDPLoadBlock(7, 0, 0, 511, 512),
	gsDPSetTile(G_IM_FMT_CI, G_IM_SIZ_8b, 4, 0, 0, 0, G_TX_WRAP | G_TX_NOMIRROR, 5, 0, G_TX_WRAP | G_TX_NOMIRROR, 5, 0),
	gsDPSetTileSize(0, 0, 0, 124, 124),
	gsSPEndDisplayList(),
};

Gfx mat_revert_wf_dl_tile_6_6_png_001_f3d[] = {
	gsDPPipeSync(),
	gsDPSetAlphaDither(G_AD_DISABLE),
	gsDPSetTextureLUT(G_TT_NONE),
	gsSPEndDisplayList(),
};

Gfx mat_wf_dl_tile_6_7_png_001_f3d[] = {
	gsSPLightColor(LIGHT_1, 0xFFFFFFFF),
	gsSPLightColor(LIGHT_2, 0x7F7F7FFF),
	gsDPPipeSync(),
	gsDPSetCombineLERP(TEXEL0, 0, SHADE, 0, 0, 0, 0, ENVIRONMENT, TEXEL0, 0, SHADE, 0, 0, 0, 0, ENVIRONMENT),
	gsDPSetAlphaDither(G_AD_NOISE),
	gsDPSetTextureLUT(G_TT_RGBA16),
	gsSPTexture(65535, 65535, 0, 0, 1),
	gsDPSetTextureImage(G_IM_FMT_RGBA, G_IM_SIZ_16b, 1, wf_dl_tile_6_7_pal_rgba16),
	gsDPSetTile(0, 0, 0, 256, 5, 0, G_TX_WRAP | G_TX_NOMIRROR, 0, 0, G_TX_WRAP | G_TX_NOMIRROR, 0, 0),
	gsDPLoadTLUTCmd(5, 60),
	gsDPSetTextureImage(G_IM_FMT_CI, G_IM_SIZ_8b_LOAD_BLOCK, 1, wf_dl_tile_6_7_ci8),
	gsDPSetTile(G_IM_FMT_CI, G_IM_SIZ_8b_LOAD_BLOCK, 0, 0, 7, 0, G_TX_WRAP | G_TX_NOMIRROR, 0, 0, G_TX_WRAP | G_TX_NOMIRROR, 0, 0),
	gsDPLoadBlock(7, 0, 0, 511, 512),
	gsDPSetTile(G_IM_FMT_CI, G_IM_SIZ_8b, 4, 0, 0, 0, G_TX_WRAP | G_TX_NOMIRROR, 5, 0, G_TX_WRAP | G_TX_NOMIRROR, 5, 0),
	gsDPSetTileSize(0, 0, 0, 124, 124),
	gsSPEndDisplayList(),
};

Gfx mat_revert_wf_dl_tile_6_7_png_001_f3d[] = {
	gsDPPipeSync(),
	gsDPSetAlphaDither(G_AD_DISABLE),
	gsDPSetTextureLUT(G_TT_NONE),
	gsSPEndDisplayList(),
};

Gfx mat_wf_dl_tile_6_8_png_001_f3d[] = {
	gsSPLightColor(LIGHT_1, 0xFFFFFFFF),
	gsSPLightColor(LIGHT_2, 0x7F7F7FFF),
	gsDPPipeSync(),
	gsDPSetCombineLERP(TEXEL0, 0, SHADE, 0, 0, 0, 0, ENVIRONMENT, TEXEL0, 0, SHADE, 0, 0, 0, 0, ENVIRONMENT),
	gsDPSetAlphaDither(G_AD_NOISE),
	gsSPTexture(65535, 65535, 0, 0, 1),
	gsDPSetTextureImage(G_IM_FMT_I, G_IM_SIZ_8b_LOAD_BLOCK, 1, wf_dl_tile_6_8_i8),
	gsDPSetTile(G_IM_FMT_I, G_IM_SIZ_8b_LOAD_BLOCK, 0, 0, 7, 0, G_TX_WRAP | G_TX_NOMIRROR, 0, 0, G_TX_WRAP | G_TX_NOMIRROR, 0, 0),
	gsDPLoadBlock(7, 0, 0, 511, 512),
	gsDPSetTile(G_IM_FMT_I, G_IM_SIZ_8b, 4, 0, 0, 0, G_TX_WRAP | G_TX_NOMIRROR, 5, 0, G_TX_WRAP | G_TX_NOMIRROR, 5, 0),
	gsDPSetTileSize(0, 0, 0, 124, 124),
	gsSPEndDisplayList(),
};

Gfx mat_revert_wf_dl_tile_6_8_png_001_f3d[] = {
	gsDPPipeSync(),
	gsDPSetAlphaDither(G_AD_DISABLE),
	gsSPEndDisplayList(),
};

Gfx mat_wf_dl_tile_6_9_png_001_f3d[] = {
	gsSPLightColor(LIGHT_1, 0xFFFFFFFF),
	gsSPLightColor(LIGHT_2, 0x7F7F7FFF),
	gsDPPipeSync(),
	gsDPSetCombineLERP(TEXEL0, 0, SHADE, 0, 0, 0, 0, ENVIRONMENT, TEXEL0, 0, SHADE, 0, 0, 0, 0, ENVIRONMENT),
	gsDPSetAlphaDither(G_AD_NOISE),
	gsSPTexture(65535, 65535, 0, 0, 1),
	gsDPSetTextureImage(G_IM_FMT_I, G_IM_SIZ_8b_LOAD_BLOCK, 1, wf_dl_tile_6_9_i8),
	gsDPSetTile(G_IM_FMT_I, G_IM_SIZ_8b_LOAD_BLOCK, 0, 0, 7, 0, G_TX_WRAP | G_TX_NOMIRROR, 0, 0, G_TX_WRAP | G_TX_NOMIRROR, 0, 0),
	gsDPLoadBlock(7, 0, 0, 511, 512),
	gsDPSetTile(G_IM_FMT_I, G_IM_SIZ_8b, 4, 0, 0, 0, G_TX_WRAP | G_TX_NOMIRROR, 5, 0, G_TX_WRAP | G_TX_NOMIRROR, 5, 0),
	gsDPSetTileSize(0, 0, 0, 124, 124),
	gsSPEndDisplayList(),
};

Gfx mat_revert_wf_dl_tile_6_9_png_001_f3d[] = {
	gsDPPipeSync(),
	gsDPSetAlphaDither(G_AD_DISABLE),
	gsSPEndDisplayList(),
};

Gfx mat_wf_dl_tile_bottom_0_png_001_f3d[] = {
	gsSPLightColor(LIGHT_1, 0xFFFFFFFF),
	gsSPLightColor(LIGHT_2, 0x7F7F7FFF),
	gsDPPipeSync(),
	gsDPSetCombineLERP(TEXEL0, 0, SHADE, 0, 0, 0, 0, ENVIRONMENT, TEXEL0, 0, SHADE, 0, 0, 0, 0, ENVIRONMENT),
	gsDPSetAlphaDither(G_AD_NOISE),
	gsDPSetTextureLUT(G_TT_RGBA16),
	gsSPTexture(65535, 65535, 0, 0, 1),
	gsDPSetTextureImage(G_IM_FMT_RGBA, G_IM_SIZ_16b, 1, wf_dl_tile_bottom_0_pal_rgba16),
	gsDPSetTile(0, 0, 0, 256, 5, 0, G_TX_WRAP | G_TX_NOMIRROR, 0, 0, G_TX_WRAP | G_TX_NOMIRROR, 0, 0),
	gsDPLoadTLUTCmd(5, 69),
	gsDPSetTextureImage(G_IM_FMT_CI, G_IM_SIZ_8b_LOAD_BLOCK, 1, wf_dl_tile_bottom_0_ci8),
	gsDPSetTile(G_IM_FMT_CI, G_IM_SIZ_8b_LOAD_BLOCK, 0, 0, 7, 0, G_TX_WRAP | G_TX_NOMIRROR, 0, 0, G_TX_WRAP | G_TX_NOMIRROR, 0, 0),
	gsDPLoadBlock(7, 0, 0, 511, 256),
	gsDPSetTile(G_IM_FMT_CI, G_IM_SIZ_8b, 8, 0, 0, 0, G_TX_WRAP | G_TX_NOMIRROR, 4, 0, G_TX_WRAP | G_TX_NOMIRROR, 6, 0),
	gsDPSetTileSize(0, 0, 0, 252, 60),
	gsSPEndDisplayList(),
};

Gfx mat_revert_wf_dl_tile_bottom_0_png_001_f3d[] = {
	gsDPPipeSync(),
	gsDPSetAlphaDither(G_AD_DISABLE),
	gsDPSetTextureLUT(G_TT_NONE),
	gsSPEndDisplayList(),
};

Gfx mat_wf_dl_tile_bottom_1_png_001_f3d[] = {
	gsSPLightColor(LIGHT_1, 0xFFFFFFFF),
	gsSPLightColor(LIGHT_2, 0x7F7F7FFF),
	gsDPPipeSync(),
	gsDPSetCombineLERP(TEXEL0, 0, SHADE, 0, 0, 0, 0, ENVIRONMENT, TEXEL0, 0, SHADE, 0, 0, 0, 0, ENVIRONMENT),
	gsDPSetAlphaDither(G_AD_NOISE),
	gsDPSetTextureLUT(G_TT_RGBA16),
	gsSPTexture(65535, 65535, 0, 0, 1),
	gsDPSetTextureImage(G_IM_FMT_RGBA, G_IM_SIZ_16b, 1, wf_dl_tile_bottom_1_pal_rgba16),
	gsDPSetTile(0, 0, 0, 256, 5, 0, G_TX_WRAP | G_TX_NOMIRROR, 0, 0, G_TX_WRAP | G_TX_NOMIRROR, 0, 0),
	gsDPLoadTLUTCmd(5, 59),
	gsDPSetTextureImage(G_IM_FMT_CI, G_IM_SIZ_8b_LOAD_BLOCK, 1, wf_dl_tile_bottom_1_ci8),
	gsDPSetTile(G_IM_FMT_CI, G_IM_SIZ_8b_LOAD_BLOCK, 0, 0, 7, 0, G_TX_WRAP | G_TX_NOMIRROR, 0, 0, G_TX_WRAP | G_TX_NOMIRROR, 0, 0),
	gsDPLoadBlock(7, 0, 0, 511, 256),
	gsDPSetTile(G_IM_FMT_CI, G_IM_SIZ_8b, 8, 0, 0, 0, G_TX_WRAP | G_TX_NOMIRROR, 4, 0, G_TX_WRAP | G_TX_NOMIRROR, 6, 0),
	gsDPSetTileSize(0, 0, 0, 252, 60),
	gsSPEndDisplayList(),
};

Gfx mat_revert_wf_dl_tile_bottom_1_png_001_f3d[] = {
	gsDPPipeSync(),
	gsDPSetAlphaDither(G_AD_DISABLE),
	gsDPSetTextureLUT(G_TT_NONE),
	gsSPEndDisplayList(),
};

Gfx mat_wf_dl_tile_bottom_2_png_001_f3d[] = {
	gsSPLightColor(LIGHT_1, 0xFFFFFFFF),
	gsSPLightColor(LIGHT_2, 0x7F7F7FFF),
	gsDPPipeSync(),
	gsDPSetCombineLERP(TEXEL0, 0, SHADE, 0, 0, 0, 0, ENVIRONMENT, TEXEL0, 0, SHADE, 0, 0, 0, 0, ENVIRONMENT),
	gsDPSetAlphaDither(G_AD_NOISE),
	gsDPSetTextureLUT(G_TT_RGBA16),
	gsSPTexture(65535, 65535, 0, 0, 1),
	gsDPSetTextureImage(G_IM_FMT_RGBA, G_IM_SIZ_16b, 1, wf_dl_tile_bottom_2_pal_rgba16),
	gsDPSetTile(0, 0, 0, 256, 5, 0, G_TX_WRAP | G_TX_NOMIRROR, 0, 0, G_TX_WRAP | G_TX_NOMIRROR, 0, 0),
	gsDPLoadTLUTCmd(5, 102),
	gsDPSetTextureImage(G_IM_FMT_CI, G_IM_SIZ_8b_LOAD_BLOCK, 1, wf_dl_tile_bottom_2_ci8),
	gsDPSetTile(G_IM_FMT_CI, G_IM_SIZ_8b_LOAD_BLOCK, 0, 0, 7, 0, G_TX_WRAP | G_TX_NOMIRROR, 0, 0, G_TX_WRAP | G_TX_NOMIRROR, 0, 0),
	gsDPLoadBlock(7, 0, 0, 511, 256),
	gsDPSetTile(G_IM_FMT_CI, G_IM_SIZ_8b, 8, 0, 0, 0, G_TX_WRAP | G_TX_NOMIRROR, 4, 0, G_TX_WRAP | G_TX_NOMIRROR, 6, 0),
	gsDPSetTileSize(0, 0, 0, 252, 60),
	gsSPEndDisplayList(),
};

Gfx mat_revert_wf_dl_tile_bottom_2_png_001_f3d[] = {
	gsDPPipeSync(),
	gsDPSetAlphaDither(G_AD_DISABLE),
	gsDPSetTextureLUT(G_TT_NONE),
	gsSPEndDisplayList(),
};

Gfx mat_wf_dl_tile_bottom_3_png_001_f3d[] = {
	gsSPLightColor(LIGHT_1, 0xFFFFFFFF),
	gsSPLightColor(LIGHT_2, 0x7F7F7FFF),
	gsDPPipeSync(),
	gsDPSetCombineLERP(TEXEL0, 0, SHADE, 0, 0, 0, 0, ENVIRONMENT, TEXEL0, 0, SHADE, 0, 0, 0, 0, ENVIRONMENT),
	gsDPSetAlphaDither(G_AD_NOISE),
	gsSPTexture(65535, 65535, 0, 0, 1),
	gsDPSetTextureImage(G_IM_FMT_I, G_IM_SIZ_8b_LOAD_BLOCK, 1, wf_dl_tile_bottom_3_i8),
	gsDPSetTile(G_IM_FMT_I, G_IM_SIZ_8b_LOAD_BLOCK, 0, 0, 7, 0, G_TX_WRAP | G_TX_NOMIRROR, 0, 0, G_TX_WRAP | G_TX_NOMIRROR, 0, 0),
	gsDPLoadBlock(7, 0, 0, 511, 256),
	gsDPSetTile(G_IM_FMT_I, G_IM_SIZ_8b, 8, 0, 0, 0, G_TX_WRAP | G_TX_NOMIRROR, 4, 0, G_TX_WRAP | G_TX_NOMIRROR, 6, 0),
	gsDPSetTileSize(0, 0, 0, 252, 60),
	gsSPEndDisplayList(),
};

Gfx mat_revert_wf_dl_tile_bottom_3_png_001_f3d[] = {
	gsDPPipeSync(),
	gsDPSetAlphaDither(G_AD_DISABLE),
	gsSPEndDisplayList(),
};

Gfx mat_wf_dl_sewer[] = {
	gsSPLightColor(LIGHT_1, 0xFFFFFFFF),
	gsSPLightColor(LIGHT_2, 0x7F7F7FFF),
	gsDPPipeSync(),
	gsDPSetCombineLERP(TEXEL0, 0, SHADE, 0, 0, 0, 0, ENVIRONMENT, TEXEL0, 0, SHADE, 0, 0, 0, 0, ENVIRONMENT),
	gsDPSetAlphaDither(G_AD_NOISE),
	gsDPSetTextureLUT(G_TT_RGBA16),
	gsSPTexture(65535, 65535, 0, 0, 1),
	gsDPSetTextureImage(G_IM_FMT_RGBA, G_IM_SIZ_16b, 1, wf_dl_SUPER_MARIO_64_3C99819F_0_2_all_pal_rgba16),
	gsDPSetTile(0, 0, 0, 256, 5, 0, G_TX_WRAP | G_TX_NOMIRROR, 0, 0, G_TX_WRAP | G_TX_NOMIRROR, 0, 0),
	gsDPLoadTLUTCmd(5, 40),
	gsDPSetTextureImage(G_IM_FMT_CI, G_IM_SIZ_8b_LOAD_BLOCK, 1, wf_dl_SUPER_MARIO_64_3C99819F_0_2_all_ci8),
	gsDPSetTile(G_IM_FMT_CI, G_IM_SIZ_8b_LOAD_BLOCK, 0, 0, 7, 0, G_TX_WRAP | G_TX_NOMIRROR, 0, 0, G_TX_WRAP | G_TX_NOMIRROR, 0, 0),
	gsDPLoadBlock(7, 0, 0, 511, 512),
	gsDPSetTile(G_IM_FMT_CI, G_IM_SIZ_8b, 4, 0, 0, 0, G_TX_WRAP | G_TX_NOMIRROR, 5, 0, G_TX_WRAP | G_TX_NOMIRROR, 5, 0),
	gsDPSetTileSize(0, 0, 0, 124, 124),
	gsSPEndDisplayList(),
};

Gfx mat_revert_wf_dl_sewer[] = {
	gsDPPipeSync(),
	gsDPSetAlphaDither(G_AD_DISABLE),
	gsDPSetTextureLUT(G_TT_NONE),
	gsSPEndDisplayList(),
};

Gfx mat_wf_dl_white[] = {
	gsSPLightColor(LIGHT_1, 0xFFFFFFFF),
	gsSPLightColor(LIGHT_2, 0x7F7F7FFF),
	gsDPPipeSync(),
	gsDPSetCombineLERP(0, 0, 0, SHADE, 0, 0, 0, ENVIRONMENT, 0, 0, 0, SHADE, 0, 0, 0, ENVIRONMENT),
	gsDPSetAlphaDither(G_AD_NOISE),
	gsSPTexture(65535, 65535, 0, 0, 1),
	gsSPEndDisplayList(),
};

Gfx mat_revert_wf_dl_white[] = {
	gsDPPipeSync(),
	gsDPSetAlphaDither(G_AD_DISABLE),
	gsSPEndDisplayList(),
};

Gfx mat_wf_dl_gray[] = {
	gsSPLightColor(LIGHT_1, 0x515151FF),
	gsSPLightColor(LIGHT_2, 0x242424FF),
	gsDPPipeSync(),
	gsDPSetCombineLERP(0, 0, 0, SHADE, 0, 0, 0, ENVIRONMENT, 0, 0, 0, SHADE, 0, 0, 0, ENVIRONMENT),
	gsDPSetAlphaDither(G_AD_NOISE),
	gsSPTexture(65535, 65535, 0, 0, 1),
	gsSPEndDisplayList(),
};

Gfx mat_revert_wf_dl_gray[] = {
	gsDPPipeSync(),
	gsDPSetAlphaDither(G_AD_DISABLE),
	gsSPEndDisplayList(),
};

Gfx mat_wf_dl_fadingwhite[] = {
	gsSPClearGeometryMode(G_LIGHTING),
	gsDPPipeSync(),
	gsDPSetCombineLERP(0, 0, 0, SHADE, 0, 0, 0, ENVIRONMENT, 0, 0, 0, SHADE, 0, 0, 0, ENVIRONMENT),
	gsDPSetAlphaDither(G_AD_NOISE),
	gsSPTexture(65535, 65535, 0, 0, 1),
	gsSPEndDisplayList(),
};

Gfx mat_revert_wf_dl_fadingwhite[] = {
	gsSPSetGeometryMode(G_LIGHTING),
	gsDPPipeSync(),
	gsDPSetAlphaDither(G_AD_DISABLE),
	gsSPEndDisplayList(),
};

Gfx mat_wf_dl_white_001[] = {
	gsSPLightColor(LIGHT_1, 0xFFFFFFFF),
	gsSPLightColor(LIGHT_2, 0x7F7F7FFF),
	gsDPPipeSync(),
	gsDPSetCombineLERP(0, 0, 0, SHADE, 0, 0, 0, ENVIRONMENT, 0, 0, 0, SHADE, 0, 0, 0, ENVIRONMENT),
	gsDPSetAlphaDither(G_AD_NOISE),
	gsSPTexture(65535, 65535, 0, 0, 1),
	gsSPEndDisplayList(),
};

Gfx mat_revert_wf_dl_white_001[] = {
	gsDPPipeSync(),
	gsDPSetAlphaDither(G_AD_DISABLE),
	gsSPEndDisplayList(),
};

Gfx mat_wf_dl_gray_001[] = {
	gsSPLightColor(LIGHT_1, 0x515151FF),
	gsSPLightColor(LIGHT_2, 0x242424FF),
	gsDPPipeSync(),
	gsDPSetCombineLERP(0, 0, 0, SHADE, 0, 0, 0, ENVIRONMENT, 0, 0, 0, SHADE, 0, 0, 0, ENVIRONMENT),
	gsDPSetAlphaDither(G_AD_NOISE),
	gsSPTexture(65535, 65535, 0, 0, 1),
	gsSPEndDisplayList(),
};

Gfx mat_revert_wf_dl_gray_001[] = {
	gsDPPipeSync(),
	gsDPSetAlphaDither(G_AD_DISABLE),
	gsSPEndDisplayList(),
};

Gfx mat_wf_dl_warterrr[] = {
	gsSPClearGeometryMode(G_CULL_BACK | G_LIGHTING),
	gsDPPipeSync(),
	gsDPSetCombineLERP(TEXEL0, 0, SHADE, 0, TEXEL0, 0, PRIMITIVE, 0, TEXEL0, 0, SHADE, 0, TEXEL0, 0, PRIMITIVE, 0),
	gsDPSetAlphaDither(G_AD_NOISE),
	gsSPTexture(65535, 65535, 0, 0, 1),
	gsDPSetPrimColor(0, 0, 255, 255, 255, 191),
	gsDPSetTextureImage(G_IM_FMT_IA, G_IM_SIZ_16b, 1, wf_dl_SUPER_MARIO_64_1CA18F8F_0_2_all_ia4),
	gsDPSetTile(G_IM_FMT_IA, G_IM_SIZ_16b, 0, 0, 7, 0, G_TX_WRAP | G_TX_NOMIRROR, 0, 0, G_TX_WRAP | G_TX_NOMIRROR, 0, 0),
	gsDPLoadBlock(7, 0, 0, 255, 1024),
	gsDPSetTile(G_IM_FMT_IA, G_IM_SIZ_4b, 2, 0, 0, 0, G_TX_WRAP | G_TX_NOMIRROR, 5, 0, G_TX_WRAP | G_TX_NOMIRROR, 5, 0),
	gsDPSetTileSize(0, 0, 0, 124, 124),
	gsSPEndDisplayList(),
};

Gfx mat_revert_wf_dl_warterrr[] = {
	gsSPSetGeometryMode(G_CULL_BACK | G_LIGHTING),
	gsDPPipeSync(),
	gsDPSetAlphaDither(G_AD_DISABLE),
	gsSPEndDisplayList(),
};

Gfx mat_wf_dl_Fast3D_Material[] = {
	gsSPLightColor(LIGHT_1, 0xFFFFFFFF),
	gsSPLightColor(LIGHT_2, 0x7F7F7FFF),
	gsDPPipeSync(),
	gsDPSetCombineLERP(0, 0, 0, SHADE, 0, 0, 0, ENVIRONMENT, 0, 0, 0, SHADE, 0, 0, 0, ENVIRONMENT),
	gsDPSetAlphaDither(G_AD_NOISE),
	gsSPTexture(65535, 65535, 0, 0, 1),
	gsSPEndDisplayList(),
};

Gfx mat_revert_wf_dl_Fast3D_Material[] = {
	gsDPPipeSync(),
	gsDPSetAlphaDither(G_AD_DISABLE),
	gsSPEndDisplayList(),
};

Gfx wf_dl_Cube_mesh_layer_1[] = {
	gsSPClearGeometryMode(G_LIGHTING),
	gsSPVertex(wf_dl_Cube_mesh_layer_1_vtx_cull + 0, 8, 0),
	gsSPSetGeometryMode(G_LIGHTING),
	gsSPCullDisplayList(0, 7),
	gsSPDisplayList(mat_wf_dl_wooden_floor),
	gsSPDisplayList(wf_dl_Cube_mesh_layer_1_tri_0),
	gsSPDisplayList(mat_revert_wf_dl_wooden_floor),
	gsSPDisplayList(mat_wf_dl_grass_layer1),
	gsSPDisplayList(wf_dl_Cube_mesh_layer_1_tri_1),
	gsSPDisplayList(mat_revert_wf_dl_grass_layer1),
	gsSPDisplayList(mat_wf_dl_fake_skybox__layer1),
	gsSPDisplayList(wf_dl_Cube_mesh_layer_1_tri_2),
	gsSPDisplayList(mat_revert_wf_dl_fake_skybox__layer1),
	gsSPEndDisplayList(),
};

Gfx wf_dl_madmarcus_mesh_layer_1[] = {
	gsSPClearGeometryMode(G_LIGHTING),
	gsSPVertex(wf_dl_madmarcus_mesh_layer_1_vtx_cull + 0, 8, 0),
	gsSPSetGeometryMode(G_LIGHTING),
	gsSPCullDisplayList(0, 7),
	gsSPDisplayList(mat_wf_dl_tile_0_0_png_001_f3d),
	gsSPDisplayList(wf_dl_madmarcus_mesh_layer_1_tri_0),
	gsSPDisplayList(mat_revert_wf_dl_tile_0_0_png_001_f3d),
	gsSPDisplayList(mat_wf_dl_tile_0_1_png_001_f3d),
	gsSPDisplayList(wf_dl_madmarcus_mesh_layer_1_tri_1),
	gsSPDisplayList(mat_revert_wf_dl_tile_0_1_png_001_f3d),
	gsSPDisplayList(mat_wf_dl_tile_0_2_png_001_f3d),
	gsSPDisplayList(wf_dl_madmarcus_mesh_layer_1_tri_2),
	gsSPDisplayList(mat_revert_wf_dl_tile_0_2_png_001_f3d),
	gsSPDisplayList(mat_wf_dl_tile_0_3_png_001_f3d),
	gsSPDisplayList(wf_dl_madmarcus_mesh_layer_1_tri_3),
	gsSPDisplayList(mat_revert_wf_dl_tile_0_3_png_001_f3d),
	gsSPDisplayList(mat_wf_dl_tile_0_4_png_001_f3d),
	gsSPDisplayList(wf_dl_madmarcus_mesh_layer_1_tri_4),
	gsSPDisplayList(mat_revert_wf_dl_tile_0_4_png_001_f3d),
	gsSPDisplayList(mat_wf_dl_tile_0_5_png_001_f3d),
	gsSPDisplayList(wf_dl_madmarcus_mesh_layer_1_tri_5),
	gsSPDisplayList(mat_revert_wf_dl_tile_0_5_png_001_f3d),
	gsSPDisplayList(mat_wf_dl_tile_0_6_png_001_f3d),
	gsSPDisplayList(wf_dl_madmarcus_mesh_layer_1_tri_6),
	gsSPDisplayList(mat_revert_wf_dl_tile_0_6_png_001_f3d),
	gsSPDisplayList(mat_wf_dl_tile_0_7_png_001_f3d),
	gsSPDisplayList(wf_dl_madmarcus_mesh_layer_1_tri_7),
	gsSPDisplayList(mat_revert_wf_dl_tile_0_7_png_001_f3d),
	gsSPDisplayList(mat_wf_dl_tile_0_8_png_001_f3d),
	gsSPDisplayList(wf_dl_madmarcus_mesh_layer_1_tri_8),
	gsSPDisplayList(mat_revert_wf_dl_tile_0_8_png_001_f3d),
	gsSPDisplayList(mat_wf_dl_tile_0_9_png_001_f3d),
	gsSPDisplayList(wf_dl_madmarcus_mesh_layer_1_tri_9),
	gsSPDisplayList(mat_revert_wf_dl_tile_0_9_png_001_f3d),
	gsSPDisplayList(mat_wf_dl_tile_1_0_png_001_f3d),
	gsSPDisplayList(wf_dl_madmarcus_mesh_layer_1_tri_10),
	gsSPDisplayList(mat_revert_wf_dl_tile_1_0_png_001_f3d),
	gsSPDisplayList(mat_wf_dl_tile_1_1_png_001_f3d),
	gsSPDisplayList(wf_dl_madmarcus_mesh_layer_1_tri_11),
	gsSPDisplayList(mat_revert_wf_dl_tile_1_1_png_001_f3d),
	gsSPDisplayList(mat_wf_dl_tile_1_2_png_001_f3d),
	gsSPDisplayList(wf_dl_madmarcus_mesh_layer_1_tri_12),
	gsSPDisplayList(mat_revert_wf_dl_tile_1_2_png_001_f3d),
	gsSPDisplayList(mat_wf_dl_tile_1_3_png_001_f3d),
	gsSPDisplayList(wf_dl_madmarcus_mesh_layer_1_tri_13),
	gsSPDisplayList(mat_revert_wf_dl_tile_1_3_png_001_f3d),
	gsSPDisplayList(mat_wf_dl_tile_1_4_png_001_f3d),
	gsSPDisplayList(wf_dl_madmarcus_mesh_layer_1_tri_14),
	gsSPDisplayList(mat_revert_wf_dl_tile_1_4_png_001_f3d),
	gsSPDisplayList(mat_wf_dl_tile_1_5_png_001_f3d),
	gsSPDisplayList(wf_dl_madmarcus_mesh_layer_1_tri_15),
	gsSPDisplayList(mat_revert_wf_dl_tile_1_5_png_001_f3d),
	gsSPDisplayList(mat_wf_dl_tile_1_6_png_001_f3d),
	gsSPDisplayList(wf_dl_madmarcus_mesh_layer_1_tri_16),
	gsSPDisplayList(mat_revert_wf_dl_tile_1_6_png_001_f3d),
	gsSPDisplayList(mat_wf_dl_tile_1_7_png_001_f3d),
	gsSPDisplayList(wf_dl_madmarcus_mesh_layer_1_tri_17),
	gsSPDisplayList(mat_revert_wf_dl_tile_1_7_png_001_f3d),
	gsSPDisplayList(mat_wf_dl_tile_1_8_png_001_f3d),
	gsSPDisplayList(wf_dl_madmarcus_mesh_layer_1_tri_18),
	gsSPDisplayList(mat_revert_wf_dl_tile_1_8_png_001_f3d),
	gsSPDisplayList(mat_wf_dl_tile_1_9_png_001_f3d),
	gsSPDisplayList(wf_dl_madmarcus_mesh_layer_1_tri_19),
	gsSPDisplayList(mat_revert_wf_dl_tile_1_9_png_001_f3d),
	gsSPDisplayList(mat_wf_dl_tile_2_0_png_001_f3d),
	gsSPDisplayList(wf_dl_madmarcus_mesh_layer_1_tri_20),
	gsSPDisplayList(mat_revert_wf_dl_tile_2_0_png_001_f3d),
	gsSPDisplayList(mat_wf_dl_tile_2_1_png_001_f3d),
	gsSPDisplayList(wf_dl_madmarcus_mesh_layer_1_tri_21),
	gsSPDisplayList(mat_revert_wf_dl_tile_2_1_png_001_f3d),
	gsSPDisplayList(mat_wf_dl_tile_2_2_png_001_f3d),
	gsSPDisplayList(wf_dl_madmarcus_mesh_layer_1_tri_22),
	gsSPDisplayList(mat_revert_wf_dl_tile_2_2_png_001_f3d),
	gsSPDisplayList(mat_wf_dl_tile_2_3_png_001_f3d),
	gsSPDisplayList(wf_dl_madmarcus_mesh_layer_1_tri_23),
	gsSPDisplayList(mat_revert_wf_dl_tile_2_3_png_001_f3d),
	gsSPDisplayList(mat_wf_dl_tile_2_4_png_001_f3d),
	gsSPDisplayList(wf_dl_madmarcus_mesh_layer_1_tri_24),
	gsSPDisplayList(mat_revert_wf_dl_tile_2_4_png_001_f3d),
	gsSPDisplayList(mat_wf_dl_tile_2_5_png_001_f3d),
	gsSPDisplayList(wf_dl_madmarcus_mesh_layer_1_tri_25),
	gsSPDisplayList(mat_revert_wf_dl_tile_2_5_png_001_f3d),
	gsSPDisplayList(mat_wf_dl_tile_2_6_png_001_f3d),
	gsSPDisplayList(wf_dl_madmarcus_mesh_layer_1_tri_26),
	gsSPDisplayList(mat_revert_wf_dl_tile_2_6_png_001_f3d),
	gsSPDisplayList(mat_wf_dl_tile_2_7_png_001_f3d),
	gsSPDisplayList(wf_dl_madmarcus_mesh_layer_1_tri_27),
	gsSPDisplayList(mat_revert_wf_dl_tile_2_7_png_001_f3d),
	gsSPDisplayList(mat_wf_dl_tile_2_8_png_001_f3d),
	gsSPDisplayList(wf_dl_madmarcus_mesh_layer_1_tri_28),
	gsSPDisplayList(mat_revert_wf_dl_tile_2_8_png_001_f3d),
	gsSPDisplayList(mat_wf_dl_tile_2_9_png_001_f3d),
	gsSPDisplayList(wf_dl_madmarcus_mesh_layer_1_tri_29),
	gsSPDisplayList(mat_revert_wf_dl_tile_2_9_png_001_f3d),
	gsSPDisplayList(mat_wf_dl_tile_3_0_png_001_f3d),
	gsSPDisplayList(wf_dl_madmarcus_mesh_layer_1_tri_30),
	gsSPDisplayList(mat_revert_wf_dl_tile_3_0_png_001_f3d),
	gsSPDisplayList(mat_wf_dl_tile_3_1_png_001_f3d),
	gsSPDisplayList(wf_dl_madmarcus_mesh_layer_1_tri_31),
	gsSPDisplayList(mat_revert_wf_dl_tile_3_1_png_001_f3d),
	gsSPDisplayList(mat_wf_dl_tile_3_2_png_001_f3d),
	gsSPDisplayList(wf_dl_madmarcus_mesh_layer_1_tri_32),
	gsSPDisplayList(mat_revert_wf_dl_tile_3_2_png_001_f3d),
	gsSPDisplayList(mat_wf_dl_tile_3_3_png_001_f3d),
	gsSPDisplayList(wf_dl_madmarcus_mesh_layer_1_tri_33),
	gsSPDisplayList(mat_revert_wf_dl_tile_3_3_png_001_f3d),
	gsSPDisplayList(mat_wf_dl_tile_3_4_png_001_f3d),
	gsSPDisplayList(wf_dl_madmarcus_mesh_layer_1_tri_34),
	gsSPDisplayList(mat_revert_wf_dl_tile_3_4_png_001_f3d),
	gsSPDisplayList(mat_wf_dl_tile_3_5_png_001_f3d),
	gsSPDisplayList(wf_dl_madmarcus_mesh_layer_1_tri_35),
	gsSPDisplayList(mat_revert_wf_dl_tile_3_5_png_001_f3d),
	gsSPDisplayList(mat_wf_dl_tile_3_6_png_001_f3d),
	gsSPDisplayList(wf_dl_madmarcus_mesh_layer_1_tri_36),
	gsSPDisplayList(mat_revert_wf_dl_tile_3_6_png_001_f3d),
	gsSPDisplayList(mat_wf_dl_tile_3_7_png_001_f3d),
	gsSPDisplayList(wf_dl_madmarcus_mesh_layer_1_tri_37),
	gsSPDisplayList(mat_revert_wf_dl_tile_3_7_png_001_f3d),
	gsSPDisplayList(mat_wf_dl_tile_3_8_png_001_f3d),
	gsSPDisplayList(wf_dl_madmarcus_mesh_layer_1_tri_38),
	gsSPDisplayList(mat_revert_wf_dl_tile_3_8_png_001_f3d),
	gsSPDisplayList(mat_wf_dl_tile_3_9_png_001_f3d),
	gsSPDisplayList(wf_dl_madmarcus_mesh_layer_1_tri_39),
	gsSPDisplayList(mat_revert_wf_dl_tile_3_9_png_001_f3d),
	gsSPDisplayList(mat_wf_dl_tile_4_0_png_001_f3d),
	gsSPDisplayList(wf_dl_madmarcus_mesh_layer_1_tri_40),
	gsSPDisplayList(mat_revert_wf_dl_tile_4_0_png_001_f3d),
	gsSPDisplayList(mat_wf_dl_tile_4_1_png_001_f3d),
	gsSPDisplayList(wf_dl_madmarcus_mesh_layer_1_tri_41),
	gsSPDisplayList(mat_revert_wf_dl_tile_4_1_png_001_f3d),
	gsSPDisplayList(mat_wf_dl_tile_4_2_png_001_f3d),
	gsSPDisplayList(wf_dl_madmarcus_mesh_layer_1_tri_42),
	gsSPDisplayList(mat_revert_wf_dl_tile_4_2_png_001_f3d),
	gsSPDisplayList(mat_wf_dl_tile_4_3_png_001_f3d),
	gsSPDisplayList(wf_dl_madmarcus_mesh_layer_1_tri_43),
	gsSPDisplayList(mat_revert_wf_dl_tile_4_3_png_001_f3d),
	gsSPDisplayList(mat_wf_dl_tile_4_4_png_001_f3d),
	gsSPDisplayList(wf_dl_madmarcus_mesh_layer_1_tri_44),
	gsSPDisplayList(mat_revert_wf_dl_tile_4_4_png_001_f3d),
	gsSPDisplayList(mat_wf_dl_tile_4_5_png_001_f3d),
	gsSPDisplayList(wf_dl_madmarcus_mesh_layer_1_tri_45),
	gsSPDisplayList(mat_revert_wf_dl_tile_4_5_png_001_f3d),
	gsSPDisplayList(mat_wf_dl_tile_4_6_png_001_f3d),
	gsSPDisplayList(wf_dl_madmarcus_mesh_layer_1_tri_46),
	gsSPDisplayList(mat_revert_wf_dl_tile_4_6_png_001_f3d),
	gsSPDisplayList(mat_wf_dl_tile_4_7_png_001_f3d),
	gsSPDisplayList(wf_dl_madmarcus_mesh_layer_1_tri_47),
	gsSPDisplayList(mat_revert_wf_dl_tile_4_7_png_001_f3d),
	gsSPDisplayList(mat_wf_dl_tile_4_8_png_001_f3d),
	gsSPDisplayList(wf_dl_madmarcus_mesh_layer_1_tri_48),
	gsSPDisplayList(mat_revert_wf_dl_tile_4_8_png_001_f3d),
	gsSPDisplayList(mat_wf_dl_tile_4_9_png_001_f3d),
	gsSPDisplayList(wf_dl_madmarcus_mesh_layer_1_tri_49),
	gsSPDisplayList(mat_revert_wf_dl_tile_4_9_png_001_f3d),
	gsSPDisplayList(mat_wf_dl_tile_5_0_png_001_f3d),
	gsSPDisplayList(wf_dl_madmarcus_mesh_layer_1_tri_50),
	gsSPDisplayList(mat_revert_wf_dl_tile_5_0_png_001_f3d),
	gsSPDisplayList(mat_wf_dl_tile_5_1_png_001_f3d),
	gsSPDisplayList(wf_dl_madmarcus_mesh_layer_1_tri_51),
	gsSPDisplayList(mat_revert_wf_dl_tile_5_1_png_001_f3d),
	gsSPDisplayList(mat_wf_dl_tile_5_2_png_001_f3d),
	gsSPDisplayList(wf_dl_madmarcus_mesh_layer_1_tri_52),
	gsSPDisplayList(mat_revert_wf_dl_tile_5_2_png_001_f3d),
	gsSPDisplayList(mat_wf_dl_tile_5_3_png_001_f3d),
	gsSPDisplayList(wf_dl_madmarcus_mesh_layer_1_tri_53),
	gsSPDisplayList(mat_revert_wf_dl_tile_5_3_png_001_f3d),
	gsSPDisplayList(mat_wf_dl_tile_5_4_png_001_f3d),
	gsSPDisplayList(wf_dl_madmarcus_mesh_layer_1_tri_54),
	gsSPDisplayList(mat_revert_wf_dl_tile_5_4_png_001_f3d),
	gsSPDisplayList(mat_wf_dl_tile_5_5_png_001_f3d),
	gsSPDisplayList(wf_dl_madmarcus_mesh_layer_1_tri_55),
	gsSPDisplayList(mat_revert_wf_dl_tile_5_5_png_001_f3d),
	gsSPDisplayList(mat_wf_dl_tile_5_6_png_001_f3d),
	gsSPDisplayList(wf_dl_madmarcus_mesh_layer_1_tri_56),
	gsSPDisplayList(mat_revert_wf_dl_tile_5_6_png_001_f3d),
	gsSPDisplayList(mat_wf_dl_tile_5_7_png_001_f3d),
	gsSPDisplayList(wf_dl_madmarcus_mesh_layer_1_tri_57),
	gsSPDisplayList(mat_revert_wf_dl_tile_5_7_png_001_f3d),
	gsSPDisplayList(mat_wf_dl_tile_5_8_png_001_f3d),
	gsSPDisplayList(wf_dl_madmarcus_mesh_layer_1_tri_58),
	gsSPDisplayList(mat_revert_wf_dl_tile_5_8_png_001_f3d),
	gsSPDisplayList(mat_wf_dl_tile_5_9_png_001_f3d),
	gsSPDisplayList(wf_dl_madmarcus_mesh_layer_1_tri_59),
	gsSPDisplayList(mat_revert_wf_dl_tile_5_9_png_001_f3d),
	gsSPDisplayList(mat_wf_dl_tile_6_0_png_001_f3d),
	gsSPDisplayList(wf_dl_madmarcus_mesh_layer_1_tri_60),
	gsSPDisplayList(mat_revert_wf_dl_tile_6_0_png_001_f3d),
	gsSPDisplayList(mat_wf_dl_tile_6_1_png_001_f3d),
	gsSPDisplayList(wf_dl_madmarcus_mesh_layer_1_tri_61),
	gsSPDisplayList(mat_revert_wf_dl_tile_6_1_png_001_f3d),
	gsSPDisplayList(mat_wf_dl_tile_6_2_png_001_f3d),
	gsSPDisplayList(wf_dl_madmarcus_mesh_layer_1_tri_62),
	gsSPDisplayList(mat_revert_wf_dl_tile_6_2_png_001_f3d),
	gsSPDisplayList(mat_wf_dl_tile_6_3_png_001_f3d),
	gsSPDisplayList(wf_dl_madmarcus_mesh_layer_1_tri_63),
	gsSPDisplayList(mat_revert_wf_dl_tile_6_3_png_001_f3d),
	gsSPDisplayList(mat_wf_dl_tile_6_4_png_001_f3d),
	gsSPDisplayList(wf_dl_madmarcus_mesh_layer_1_tri_64),
	gsSPDisplayList(mat_revert_wf_dl_tile_6_4_png_001_f3d),
	gsSPDisplayList(mat_wf_dl_tile_6_5_png_001_f3d),
	gsSPDisplayList(wf_dl_madmarcus_mesh_layer_1_tri_65),
	gsSPDisplayList(mat_revert_wf_dl_tile_6_5_png_001_f3d),
	gsSPDisplayList(mat_wf_dl_tile_6_6_png_001_f3d),
	gsSPDisplayList(wf_dl_madmarcus_mesh_layer_1_tri_66),
	gsSPDisplayList(mat_revert_wf_dl_tile_6_6_png_001_f3d),
	gsSPDisplayList(mat_wf_dl_tile_6_7_png_001_f3d),
	gsSPDisplayList(wf_dl_madmarcus_mesh_layer_1_tri_67),
	gsSPDisplayList(mat_revert_wf_dl_tile_6_7_png_001_f3d),
	gsSPDisplayList(mat_wf_dl_tile_6_8_png_001_f3d),
	gsSPDisplayList(wf_dl_madmarcus_mesh_layer_1_tri_68),
	gsSPDisplayList(mat_revert_wf_dl_tile_6_8_png_001_f3d),
	gsSPDisplayList(mat_wf_dl_tile_6_9_png_001_f3d),
	gsSPDisplayList(wf_dl_madmarcus_mesh_layer_1_tri_69),
	gsSPDisplayList(mat_revert_wf_dl_tile_6_9_png_001_f3d),
	gsSPDisplayList(mat_wf_dl_tile_bottom_0_png_001_f3d),
	gsSPDisplayList(wf_dl_madmarcus_mesh_layer_1_tri_70),
	gsSPDisplayList(mat_revert_wf_dl_tile_bottom_0_png_001_f3d),
	gsSPDisplayList(mat_wf_dl_tile_bottom_1_png_001_f3d),
	gsSPDisplayList(wf_dl_madmarcus_mesh_layer_1_tri_71),
	gsSPDisplayList(mat_revert_wf_dl_tile_bottom_1_png_001_f3d),
	gsSPDisplayList(mat_wf_dl_tile_bottom_2_png_001_f3d),
	gsSPDisplayList(wf_dl_madmarcus_mesh_layer_1_tri_72),
	gsSPDisplayList(mat_revert_wf_dl_tile_bottom_2_png_001_f3d),
	gsSPDisplayList(mat_wf_dl_tile_bottom_3_png_001_f3d),
	gsSPDisplayList(wf_dl_madmarcus_mesh_layer_1_tri_73),
	gsSPDisplayList(mat_revert_wf_dl_tile_bottom_3_png_001_f3d),
	gsSPEndDisplayList(),
};

Gfx wf_dl_pipes_mesh_layer_1[] = {
	gsSPClearGeometryMode(G_LIGHTING),
	gsSPVertex(wf_dl_pipes_mesh_layer_1_vtx_cull + 0, 8, 0),
	gsSPSetGeometryMode(G_LIGHTING),
	gsSPCullDisplayList(0, 7),
	gsSPDisplayList(mat_wf_dl_sewer),
	gsSPDisplayList(wf_dl_pipes_mesh_layer_1_tri_0),
	gsSPDisplayList(mat_revert_wf_dl_sewer),
	gsSPEndDisplayList(),
};

Gfx wf_dl_room_mesh_layer_1[] = {
	gsSPDisplayList(mat_wf_dl_wooden_floor),
	gsSPDisplayList(wf_dl_room_mesh_layer_1_tri_0),
	gsSPDisplayList(mat_revert_wf_dl_wooden_floor),
	gsSPEndDisplayList(),
};

Gfx wf_dl_toilet_mesh_layer_1[] = {
	gsSPClearGeometryMode(G_LIGHTING),
	gsSPVertex(wf_dl_toilet_mesh_layer_1_vtx_cull + 0, 8, 0),
	gsSPSetGeometryMode(G_LIGHTING),
	gsSPCullDisplayList(0, 7),
	gsSPDisplayList(mat_wf_dl_white),
	gsSPDisplayList(wf_dl_toilet_mesh_layer_1_tri_0),
	gsSPDisplayList(mat_revert_wf_dl_white),
	gsSPDisplayList(mat_wf_dl_gray),
	gsSPDisplayList(wf_dl_toilet_mesh_layer_1_tri_1),
	gsSPDisplayList(mat_revert_wf_dl_gray),
	gsSPDisplayList(mat_wf_dl_fadingwhite),
	gsSPDisplayList(wf_dl_toilet_mesh_layer_1_tri_2),
	gsSPDisplayList(mat_revert_wf_dl_fadingwhite),
	gsSPEndDisplayList(),
};

Gfx wf_dl_toilet_001_mesh_layer_1[] = {
	gsSPClearGeometryMode(G_LIGHTING),
	gsSPVertex(wf_dl_toilet_001_mesh_layer_1_vtx_cull + 0, 8, 0),
	gsSPSetGeometryMode(G_LIGHTING),
	gsSPCullDisplayList(0, 7),
	gsSPDisplayList(mat_wf_dl_white_001),
	gsSPDisplayList(wf_dl_toilet_001_mesh_layer_1_tri_0),
	gsSPDisplayList(mat_revert_wf_dl_white_001),
	gsSPDisplayList(mat_wf_dl_gray_001),
	gsSPDisplayList(wf_dl_toilet_001_mesh_layer_1_tri_1),
	gsSPDisplayList(mat_revert_wf_dl_gray_001),
	gsDPPipeSync(),
	gsSPSetGeometryMode(G_LIGHTING),
	gsSPClearGeometryMode(G_TEXTURE_GEN),
	gsDPSetCombineLERP(0, 0, 0, SHADE, 0, 0, 0, ENVIRONMENT, 0, 0, 0, SHADE, 0, 0, 0, ENVIRONMENT),
	gsSPTexture(65535, 65535, 0, 0, 0),
	gsDPSetEnvColor(255, 255, 255, 255),
	gsDPSetAlphaCompare(G_AC_NONE),
	gsSPEndDisplayList(),
};

Gfx wf_dl_Water_Box_Mesh_mesh_layer_5[] = {
	gsSPClearGeometryMode(G_LIGHTING),
	gsSPVertex(wf_dl_Water_Box_Mesh_mesh_layer_5_vtx_cull + 0, 8, 0),
	gsSPSetGeometryMode(G_LIGHTING),
	gsSPCullDisplayList(0, 7),
	gsSPDisplayList(mat_wf_dl_warterrr),
	gsSPDisplayList(wf_dl_Water_Box_Mesh_mesh_layer_5_tri_0),
	gsSPDisplayList(mat_revert_wf_dl_warterrr),
	gsSPEndDisplayList(),
};

Gfx wf_dl_Water_Box_Mesh_001_mesh_layer_5[] = {
	gsSPDisplayList(mat_wf_dl_warterrr),
	gsSPDisplayList(wf_dl_Water_Box_Mesh_001_mesh_layer_5_tri_0),
	gsSPDisplayList(mat_revert_wf_dl_warterrr),
	gsDPPipeSync(),
	gsSPSetGeometryMode(G_LIGHTING),
	gsSPClearGeometryMode(G_TEXTURE_GEN),
	gsDPSetCombineLERP(0, 0, 0, SHADE, 0, 0, 0, ENVIRONMENT, 0, 0, 0, SHADE, 0, 0, 0, ENVIRONMENT),
	gsSPTexture(65535, 65535, 0, 0, 0),
	gsDPSetEnvColor(255, 255, 255, 255),
	gsDPSetAlphaCompare(G_AC_NONE),
	gsSPEndDisplayList(),
};

Gfx wf_dl_Plane_mesh_layer_1[] = {
	gsSPClearGeometryMode(G_LIGHTING),
	gsSPVertex(wf_dl_Plane_mesh_layer_1_vtx_cull + 0, 8, 0),
	gsSPSetGeometryMode(G_LIGHTING),
	gsSPCullDisplayList(0, 7),
	gsSPDisplayList(mat_wf_dl_Fast3D_Material),
	gsSPDisplayList(wf_dl_Plane_mesh_layer_1_tri_0),
	gsSPDisplayList(mat_revert_wf_dl_Fast3D_Material),
	gsDPPipeSync(),
	gsSPSetGeometryMode(G_LIGHTING),
	gsSPClearGeometryMode(G_TEXTURE_GEN),
	gsDPSetCombineLERP(0, 0, 0, SHADE, 0, 0, 0, ENVIRONMENT, 0, 0, 0, SHADE, 0, 0, 0, ENVIRONMENT),
	gsSPTexture(65535, 65535, 0, 0, 0),
	gsDPSetEnvColor(255, 255, 255, 255),
	gsDPSetAlphaCompare(G_AC_NONE),
	gsSPEndDisplayList(),
};

