Gfx pss_dl_generic_textures_01800_rgba16_ci8_aligner[] = {gsSPEndDisplayList()};
u8 pss_dl_generic_textures_01800_rgba16_ci8[] = {
	0x00, 0x01, 0x02, 0x03, 0x04, 0x05, 0x06, 0x07, 
	0x00, 0x06, 0x08, 0x06, 0x06, 0x01, 0x04, 0x09, 
	0x0a, 0x03, 0x00, 0x08, 0x04, 0x08, 0x00, 0x00, 
	0x00, 0x00, 0x08, 0x04, 0x0b, 0x0c, 0x0b, 0x00, 
	0x0d, 0x08, 0x09, 0x0e, 0x0f, 0x10, 0x11, 0x0e, 
	0x0f, 0x11, 0x0f, 0x0d, 0x0d, 0x0f, 0x11, 0x11, 
	0x12, 0x0d, 0x11, 0x0d, 0x12, 0x0e, 0x11, 0x13, 
	0x13, 0x0e, 0x14, 0x10, 0x12, 0x0d, 0x13, 0x0d, 
	0x15, 0x15, 0x16, 0x17, 0x18, 0x19, 0x00, 0x0a, 
	0x02, 0x0a, 0x1a, 0x1a, 0x0a, 0x00, 0x15, 0x0a, 
	0x1b, 0x1c, 0x1d, 0x1e, 0x1e, 0x1e, 0x03, 0x15, 
	0x1f, 0x17, 0x17, 0x1f, 0x15, 0x00, 0x15, 0x00, 
	0x20, 0x21, 0x22, 0x21, 0x23, 0x20, 0x24, 0x25, 
	0x21, 0x25, 0x25, 0x25, 0x20, 0x26, 0x26, 0x23, 
	0x08, 0x24, 0x18, 0x0d, 0x27, 0x28, 0x28, 0x28, 
	0x26, 0x29, 0x26, 0x2a, 0x2b, 0x20, 0x25, 0x26, 
	0x2c, 0x26, 0x13, 0x29, 0x23, 0x21, 0x2d, 0x2e, 
	0x2f, 0x24, 0x27, 0x2a, 0x21, 0x26, 0x2f, 0x22, 
	0x08, 0x28, 0x21, 0x22, 0x21, 0x2c, 0x2f, 0x21, 
	0x30, 0x30, 0x2f, 0x2f, 0x24, 0x24, 0x21, 0x2f, 
	0x31, 0x02, 0x17, 0x28, 0x28, 0x31, 0x31, 0x32, 
	0x04, 0x1e, 0x33, 0x18, 0x04, 0x03, 0x00, 0x17, 
	0x02, 0x31, 0x30, 0x33, 0x21, 0x30, 0x34, 0x32, 
	0x32, 0x24, 0x35, 0x02, 0x00, 0x18, 0x18, 0x11, 
	0x33, 0x17, 0x33, 0x24, 0x21, 0x19, 0x18, 0x17, 
	0x36, 0x0a, 0x19, 0x24, 0x11, 0x24, 0x17, 0x17, 
	0x17, 0x28, 0x27, 0x11, 0x33, 0x18, 0x02, 0x33, 
	0x19, 0x17, 0x11, 0x37, 0x02, 0x17, 0x18, 0x24, 
	0x05, 0x11, 0x19, 0x0d, 0x38, 0x00, 0x18, 0x0a, 
	0x02, 0x19, 0x0d, 0x33, 0x30, 0x22, 0x35, 0x39, 
	0x00, 0x3a, 0x3b, 0x30, 0x03, 0x19, 0x17, 0x33, 
	0x0a, 0x00, 0x28, 0x31, 0x0a, 0x17, 0x24, 0x19, 
	0x17, 0x18, 0x1f, 0x11, 0x33, 0x30, 0x1f, 0x04, 
	0x04, 0x19, 0x24, 0x03, 0x24, 0x38, 0x3c, 0x18, 
	0x1f, 0x24, 0x21, 0x33, 0x18, 0x18, 0x17, 0x18, 
	0x32, 0x28, 0x3d, 0x31, 0x17, 0x3e, 0x3f, 0x17, 
	0x28, 0x31, 0x17, 0x11, 0x3d, 0x30, 0x1e, 0x06, 
	0x04, 0x22, 0x19, 0x17, 0x28, 0x18, 0x17, 0x18, 
	0x00, 0x38, 0x3b, 0x30, 0x33, 0x18, 0x03, 0x31, 
	0x18, 0x30, 0x11, 0x38, 0x40, 0x1f, 0x00, 0x11, 
	0x19, 0x08, 0x11, 0x0d, 0x24, 0x00, 0x36, 0x05, 
	0x08, 0x24, 0x15, 0x06, 0x2a, 0x18, 0x19, 0x31, 
	0x17, 0x35, 0x23, 0x17, 0x31, 0x33, 0x00, 0x24, 
	0x15, 0x33, 0x11, 0x18, 0x41, 0x42, 0x43, 0x31, 
	0x11, 0x08, 0x17, 0x38, 0x43, 0x31, 0x0a, 0x04, 
	0x19, 0x0d, 0x1b, 0x17, 0x3a, 0x02, 0x38, 0x27, 
	0x04, 0x21, 0x28, 0x17, 0x3e, 0x16, 0x3e, 0x11, 
	0x15, 0x19, 0x35, 0x17, 0x36, 0x00, 0x21, 0x32, 
	0x19, 0x19, 0x11, 0x0d, 0x24, 0x44, 0x39, 0x3e, 
	0x33, 0x38, 0x28, 0x35, 0x19, 0x27, 0x22, 0x31, 
	0x0b, 0x28, 0x28, 0x32, 0x03, 0x1f, 0x0d, 0x17, 
	0x04, 0x00, 0x0d, 0x45, 0x17, 0x33, 0x21, 0x18, 
	0x00, 0x31, 0x31, 0x24, 0x28, 0x22, 0x36, 0x19, 
	0x31, 0x2c, 0x17, 0x00, 0x35, 0x30, 0x27, 0x0a, 
	0x0b, 0x30, 0x30, 0x35, 0x39, 0x31, 0x28, 0x31, 
	0x03, 0x0d, 0x0e, 0x19, 0x18, 0x2f, 0x35, 0x04, 
	0x31, 0x21, 0x22, 0x35, 0x43, 0x46, 0x00, 0x31, 
	0x35, 0x23, 0x47, 0x04, 0x19, 0x18, 0x04, 0x04, 
	0x48, 0x23, 0x33, 0x1b, 0x0b, 0x00, 0x11, 0x0d, 
	0x17, 0x30, 0x18, 0x0a, 0x33, 0x2f, 0x00, 0x19, 
	0x08, 0x04, 0x49, 0x49, 0x4a, 0x4a, 0x4b, 0x46, 
	0x49, 0x48, 0x4c, 0x4d, 0x4d, 0x4e, 0x4f, 0x4d, 
	0x50, 0x51, 0x4a, 0x4e, 0x52, 0x53, 0x4e, 0x4e, 
	0x54, 0x55, 0x54, 0x53, 0x48, 0x4e, 0x4e, 0x46, 
	0x3c, 0x00, 0x15, 0x0b, 0x0b, 0x00, 0x40, 0x02, 
	0x17, 0x0a, 0x18, 0x3e, 0x00, 0x36, 0x0a, 0x56, 
	0x57, 0x56, 0x3c, 0x32, 0x19, 0x3e, 0x02, 0x32, 
	0x02, 0x02, 0x32, 0x3c, 0x32, 0x32, 0x19, 0x3c, 
	0x19, 0x08, 0x18, 0x0d, 0x58, 0x43, 0x28, 0x28, 
	0x21, 0x28, 0x24, 0x28, 0x25, 0x35, 0x28, 0x21, 
	0x31, 0x24, 0x18, 0x32, 0x33, 0x19, 0x31, 0x24, 
	0x31, 0x35, 0x31, 0x31, 0x24, 0x35, 0x21, 0x31, 
	0x04, 0x18, 0x30, 0x28, 0x51, 0x2f, 0x28, 0x21, 
	0x30, 0x27, 0x22, 0x30, 0x22, 0x2f, 0x2f, 0x22, 
	0x28, 0x30, 0x2f, 0x23, 0x23, 0x2f, 0x30, 0x2f, 
	0x18, 0x18, 0x0d, 0x18, 0x24, 0x24, 0x24, 0x1d, 
	0x15, 0x19, 0x18, 0x10, 0x28, 0x19, 0x18, 0x38, 
	0x16, 0x18, 0x22, 0x00, 0x07, 0x33, 0x31, 0x04, 
	0x31, 0x33, 0x32, 0x0a, 0x3f, 0x30, 0x33, 0x03, 
	0x15, 0x3e, 0x19, 0x18, 0x18, 0x18, 0x18, 0x59, 
	0x1a, 0x18, 0x31, 0x27, 0x28, 0x17, 0x19, 0x03, 
	0x3e, 0x3e, 0x11, 0x31, 0x18, 0x3f, 0x0b, 0x3e, 
	0x04, 0x00, 0x06, 0x0a, 0x38, 0x33, 0x0a, 0x00, 
	0x33, 0x17, 0x19, 0x38, 0x19, 0x18, 0x33, 0x59, 
	0x16, 0x18, 0x31, 0x28, 0x24, 0x00, 0x17, 0x08, 
	0x17, 0x00, 0x0d, 0x38, 0x32, 0x0d, 0x33, 0x21, 
	0x15, 0x34, 0x30, 0x19, 0x06, 0x18, 0x19, 0x18, 
	0x19, 0x0a, 0x35, 0x22, 0x02, 0x19, 0x03, 0x42, 
	0x1d, 0x19, 0x24, 0x21, 0x33, 0x02, 0x08, 0x31, 
	0x0a, 0x18, 0x22, 0x0a, 0x04, 0x3e, 0x00, 0x08, 
	0x34, 0x19, 0x32, 0x00, 0x0b, 0x19, 0x00, 0x15, 
	0x04, 0x17, 0x31, 0x18, 0x1d, 0x11, 0x31, 0x42, 
	0x36, 0x33, 0x30, 0x28, 0x31, 0x04, 0x17, 0x19, 
	0x04, 0x11, 0x18, 0x02, 0x0b, 0x17, 0x0d, 0x08, 
	0x17, 0x3e, 0x19, 0x19, 0x18, 0x24, 0x04, 0x19, 
	0x31, 0x19, 0x43, 0x17, 0x0a, 0x30, 0x24, 0x42, 
	0x36, 0x33, 0x31, 0x28, 0x38, 0x03, 0x18, 0x03, 
	0x00, 0x18, 0x38, 0x04, 0x18, 0x30, 0x24, 0x18, 
	0x19, 0x17, 0x11, 0x19, 0x33, 0x32, 0x3c, 0x18, 
	0x19, 0x31, 0x31, 0x19, 0x21, 0x31, 0x33, 0x59, 
	0x36, 0x18, 0x35, 0x28, 0x18, 0x15, 0x18, 0x35, 
	0x18, 0x24, 0x1f, 0x17, 0x28, 0x00, 0x03, 0x33, 
	0x04, 0x19, 0x18, 0x00, 0x31, 0x0a, 0x3e, 0x17, 
	0x18, 0x28, 0x0a, 0x30, 0x21, 0x32, 0x17, 0x36, 
	0x42, 0x32, 0x24, 0x24, 0x17, 0x00, 0x11, 0x04, 
	0x17, 0x00, 0x06, 0x28, 0x19, 0x17, 0x19, 0x3e, 
	0x19, 0x18, 0x19, 0x3e, 0x19, 0x16, 0x22, 0x3c, 
	0x0a, 0x32, 0x17, 0x38, 0x0a, 0x00, 0x35, 0x59, 
	0x5a, 0x19, 0x28, 0x28, 0x19, 0x04, 0x06, 0x18, 
	0x19, 0x18, 0x5b, 0x31, 0x18, 0x32, 0x11, 0x22, 
	0x17, 0x00, 0x48, 0x19, 0x00, 0x17, 0x24, 0x1e, 
	0x24, 0x30, 0x38, 0x24, 0x15, 0x35, 0x2f, 0x42, 
	0x42, 0x0a, 0x21, 0x2c, 0x18, 0x32, 0x5c, 0x24, 
	0x19, 0x35, 0x06, 0x17, 0x02, 0x00, 0x30, 0x31, 
	0x3c, 0x32, 0x02, 0x3c, 0x18, 0x2f, 0x18, 0x3c, 
	0x21, 0x30, 0x22, 0x39, 0x18, 0x5b, 0x31, 0x59, 
	0x36, 0x17, 0x23, 0x5d, 0x05, 0x49, 0x07, 0x48, 
	0x53, 0x4a, 0x4e, 0x49, 0x52, 0x4b, 0x1b, 0x4a, 
	0x46, 0x46, 0x06, 0x1f, 0x1f, 0x46, 0x4b, 0x4b, 
	0x4b, 0x1b, 0x07, 0x00, 0x33, 0x49, 0x5e, 0x36, 
	0x59, 0x18, 0x28, 0x4a, 0x5e, 0x4b, 0x53, 0x53, 
	0x53, 0x53, 0x4b, 0x53, 0x4e, 0x4a, 0x4e, 0x53, 
	0x5f, 0x5e, 0x4e, 0x50, 0x50, 0x4e, 0x4e, 0x54, 
	0x53, 0x5e, 0x4e, 0x4e, 0x5e, 0x4d, 0x55, 0x41, 
	0x42, 0x33, 0x04, 0x60, 0x48, 0x61, 0x0b, 0x1b, 
	0x1b, 0x0b, 0x1b, 0x1b, 0x0c, 0x1b, 0x1b, 0x41, 
	0x4a, 0x4a, 0x4a, 0x62, 0x4a, 0x60, 0x42, 0x42, 
	0x48, 0x42, 0x48, 0x4a, 0x4f, 0x4a, 0x60, 0x60, 
	
};

Gfx pss_dl_generic_textures_01800_rgba16_pal_rgba16_aligner[] = {gsSPEndDisplayList()};
u8 pss_dl_generic_textures_01800_rgba16_pal_rgba16[] = {
	0x52, 0x97, 0x52, 0x55, 0x5b, 0x1b, 0x52, 0xd7, 
	0x4a, 0x55, 0x42, 0x53, 0x5a, 0xd7, 0x4a, 0x53, 
	0x52, 0x95, 0x52, 0x53, 0x52, 0xd9, 0x42, 0x13, 
	0x3a, 0x11, 0x6b, 0x5b, 0x62, 0xd7, 0x6b, 0x19, 
	0x73, 0x5b, 0x63, 0x19, 0x6b, 0x59, 0x73, 0x9b, 
	0x5a, 0xd5, 0x4a, 0x97, 0x42, 0x55, 0x5a, 0xd9, 
	0x6b, 0x5d, 0x63, 0x1b, 0x4a, 0x99, 0x39, 0xd1, 
	0x42, 0x97, 0x42, 0x15, 0x4a, 0x57, 0x4a, 0x95, 
	0x84, 0x1f, 0x84, 0x21, 0x84, 0x23, 0x8c, 0x63, 
	0x73, 0x9d, 0x83, 0xdf, 0x8c, 0x21, 0x73, 0x5d, 
	0x7b, 0xdf, 0x7b, 0xdd, 0x7b, 0x9d, 0x8c, 0x61, 
	0x94, 0xa5, 0x9c, 0xa5, 0x9c, 0xe7, 0x8c, 0x65, 
	0x7b, 0xe1, 0x73, 0x9f, 0x63, 0x5d, 0x63, 0x5b, 
	0x63, 0x1d, 0x73, 0xdf, 0x3a, 0x13, 0x6b, 0x5f, 
	0x6b, 0x9d, 0x73, 0xe1, 0x83, 0xe1, 0x94, 0x63, 
	0x6b, 0x9f, 0x8c, 0x23, 0x5b, 0x19, 0x62, 0xd9, 
	0x5a, 0xdb, 0x31, 0xcf, 0x31, 0xd1, 0x7b, 0x9f, 
	0x9c, 0xe9, 0x52, 0x99, 0x42, 0x11, 0x7c, 0x21, 
	0x31, 0x8f, 0x39, 0xcf, 0x29, 0x4d, 0x31, 0x8d, 
	0x10, 0xc7, 0x19, 0x09, 0x21, 0x09, 0x21, 0x4b, 
	0x18, 0xc9, 0x94, 0x65, 0x29, 0x8d, 0x29, 0x4b, 
	0x29, 0x0b, 0x31, 0x4d, 0x5b, 0x1d, 0x63, 0x5f, 
	0x6b, 0x1b, 0x31, 0xd3, 0x39, 0xd3, 0x94, 0xa7, 
	0x84, 0x63, 0x9c, 0xa7, 0x21, 0x0b, 0x18, 0xc7, 
	0x29, 0x8f, 0x31, 0x91, 0x21, 0x4d, 
};

Gfx pss_dl_generic_textures_03800_rgba16_ci8_aligner[] = {gsSPEndDisplayList()};
u8 pss_dl_generic_textures_03800_rgba16_ci8[] = {
	0x00, 0x01, 0x02, 0x03, 0x04, 0x05, 0x06, 0x07, 
	0x08, 0x09, 0x0a, 0x0b, 0x0c, 0x0d, 0x04, 0x0e, 
	0x0f, 0x10, 0x11, 0x12, 0x13, 0x14, 0x0e, 0x06, 
	0x15, 0x16, 0x17, 0x18, 0x08, 0x19, 0x1a, 0x1b, 
	0x1c, 0x09, 0x1d, 0x1e, 0x04, 0x0e, 0x1f, 0x20, 
	0x08, 0x21, 0x22, 0x23, 0x23, 0x03, 0x24, 0x23, 
	0x25, 0x26, 0x03, 0x00, 0x27, 0x28, 0x29, 0x2a, 
	0x2b, 0x2c, 0x17, 0x18, 0x1b, 0x2d, 0x2e, 0x00, 
	0x00, 0x2f, 0x09, 0x0f, 0x1c, 0x30, 0x31, 0x13, 
	0x32, 0x1d, 0x33, 0x22, 0x23, 0x00, 0x23, 0x1b, 
	0x0d, 0x1d, 0x34, 0x2e, 0x35, 0x36, 0x03, 0x03, 
	0x37, 0x02, 0x38, 0x08, 0x0b, 0x1c, 0x2f, 0x39, 
	0x00, 0x22, 0x3a, 0x3b, 0x29, 0x3c, 0x00, 0x06, 
	0x20, 0x22, 0x3d, 0x3e, 0x23, 0x07, 0x3f, 0x40, 
	0x41, 0x42, 0x1b, 0x27, 0x40, 0x1b, 0x1b, 0x1b, 
	0x09, 0x09, 0x43, 0x2a, 0x0e, 0x44, 0x45, 0x18, 
	0x46, 0x37, 0x47, 0x18, 0x23, 0x07, 0x06, 0x48, 
	0x36, 0x03, 0x49, 0x37, 0x03, 0x28, 0x4a, 0x4b, 
	0x41, 0x4c, 0x07, 0x2e, 0x20, 0x13, 0x46, 0x23, 
	0x0f, 0x34, 0x07, 0x4d, 0x4e, 0x4f, 0x49, 0x50, 
	0x36, 0x1d, 0x37, 0x51, 0x11, 0x11, 0x4e, 0x04, 
	0x46, 0x03, 0x38, 0x18, 0x07, 0x06, 0x52, 0x4a, 
	0x53, 0x54, 0x32, 0x30, 0x2e, 0x55, 0x2f, 0x00, 
	0x35, 0x2f, 0x06, 0x46, 0x11, 0x54, 0x08, 0x14, 
	0x11, 0x08, 0x56, 0x22, 0x11, 0x11, 0x4d, 0x29, 
	0x0e, 0x2a, 0x49, 0x18, 0x03, 0x0b, 0x05, 0x57, 
	0x55, 0x4e, 0x06, 0x0e, 0x14, 0x58, 0x37, 0x0f, 
	0x23, 0x23, 0x59, 0x31, 0x54, 0x55, 0x11, 0x03, 
	0x30, 0x59, 0x41, 0x5a, 0x08, 0x34, 0x07, 0x27, 
	0x29, 0x41, 0x5b, 0x17, 0x08, 0x29, 0x5c, 0x05, 
	0x30, 0x0e, 0x5d, 0x2f, 0x55, 0x38, 0x22, 0x51, 
	0x09, 0x08, 0x29, 0x5d, 0x1b, 0x30, 0x1f, 0x07, 
	0x02, 0x18, 0x37, 0x3a, 0x11, 0x11, 0x07, 0x00, 
	0x2e, 0x46, 0x49, 0x3e, 0x00, 0x0e, 0x0e, 0x29, 
	0x0b, 0x06, 0x5e, 0x5f, 0x19, 0x21, 0x1e, 0x22, 
	0x60, 0x0f, 0x61, 0x24, 0x20, 0x04, 0x62, 0x04, 
	0x45, 0x63, 0x64, 0x37, 0x07, 0x4d, 0x32, 0x23, 
	0x46, 0x65, 0x4f, 0x21, 0x23, 0x14, 0x35, 0x2e, 
	0x52, 0x61, 0x35, 0x22, 0x42, 0x22, 0x08, 0x08, 
	0x43, 0x66, 0x67, 0x68, 0x28, 0x35, 0x06, 0x40, 
	0x17, 0x37, 0x17, 0x22, 0x69, 0x0b, 0x14, 0x6a, 
	0x3a, 0x22, 0x08, 0x34, 0x11, 0x00, 0x35, 0x28, 
	0x06, 0x6b, 0x66, 0x09, 0x1e, 0x08, 0x55, 0x07, 
	0x12, 0x28, 0x68, 0x61, 0x6c, 0x03, 0x07, 0x55, 
	0x34, 0x02, 0x1a, 0x21, 0x03, 0x29, 0x46, 0x6d, 
	0x6e, 0x6f, 0x55, 0x3a, 0x21, 0x28, 0x0e, 0x40, 
	0x35, 0x34, 0x38, 0x70, 0x32, 0x2c, 0x18, 0x00, 
	0x0b, 0x06, 0x06, 0x0e, 0x0c, 0x11, 0x1b, 0x07, 
	0x30, 0x00, 0x54, 0x17, 0x11, 0x27, 0x71, 0x72, 
	0x73, 0x02, 0x58, 0x3d, 0x11, 0x4e, 0x59, 0x23, 
	0x13, 0x32, 0x6b, 0x23, 0x1b, 0x19, 0x74, 0x0b, 
	0x0b, 0x75, 0x00, 0x40, 0x2f, 0x0f, 0x09, 0x09, 
	0x29, 0x76, 0x2c, 0x1d, 0x32, 0x00, 0x77, 0x78, 
	0x1a, 0x11, 0x54, 0x21, 0x32, 0x4e, 0x35, 0x29, 
	0x07, 0x07, 0x4e, 0x79, 0x1b, 0x29, 0x61, 0x4a, 
	0x34, 0x19, 0x46, 0x46, 0x55, 0x55, 0x22, 0x6b, 
	0x29, 0x31, 0x09, 0x55, 0x29, 0x75, 0x26, 0x51, 
	0x1b, 0x2f, 0x1b, 0x30, 0x35, 0x13, 0x59, 0x0e, 
	0x55, 0x20, 0x46, 0x04, 0x48, 0x61, 0x62, 0x24, 
	0x2f, 0x22, 0x40, 0x7a, 0x43, 0x03, 0x07, 0x06, 
	0x28, 0x53, 0x2f, 0x1b, 0x32, 0x2c, 0x7b, 0x7c, 
	0x03, 0x07, 0x7d, 0x61, 0x7e, 0x07, 0x76, 0x46, 
	0x7f, 0x34, 0x5d, 0x30, 0x48, 0x7e, 0x7e, 0x5d, 
	0x39, 0x41, 0x55, 0x09, 0x54, 0x4d, 0x54, 0x39, 
	0x4a, 0x5d, 0x40, 0x53, 0x41, 0x49, 0x08, 0x34, 
	0x22, 0x11, 0x07, 0x0b, 0x0e, 0x01, 0x43, 0x23, 
	0x23, 0x2f, 0x07, 0x5d, 0x30, 0x04, 0x48, 0x48, 
	0x80, 0x2a, 0x2a, 0x7f, 0x55, 0x0f, 0x30, 0x00, 
	0x7a, 0x40, 0x23, 0x55, 0x81, 0x18, 0x82, 0x2a, 
	0x06, 0x5d, 0x35, 0x0e, 0x04, 0x0d, 0x0f, 0x46, 
	0x41, 0x55, 0x00, 0x28, 0x35, 0x7e, 0x52, 0x52, 
	0x80, 0x65, 0x53, 0x41, 0x00, 0x14, 0x0e, 0x35, 
	0x23, 0x36, 0x2f, 0x11, 0x42, 0x0f, 0x30, 0x06, 
	0x61, 0x5d, 0x76, 0x1f, 0x2f, 0x09, 0x55, 0x22, 
	0x08, 0x55, 0x23, 0x46, 0x04, 0x83, 0x2e, 0x35, 
	0x1f, 0x40, 0x0d, 0x2a, 0x35, 0x5d, 0x0e, 0x68, 
	0x84, 0x09, 0x41, 0x58, 0x7c, 0x0b, 0x5c, 0x0e, 
	0x0c, 0x09, 0x09, 0x14, 0x24, 0x20, 0x03, 0x0f, 
	0x42, 0x21, 0x23, 0x28, 0x0e, 0x80, 0x85, 0x32, 
	0x20, 0x0d, 0x1d, 0x39, 0x01, 0x08, 0x0b, 0x0e, 
	0x0d, 0x5a, 0x03, 0x38, 0x08, 0x06, 0x62, 0x06, 
	0x38, 0x22, 0x07, 0x0b, 0x1f, 0x07, 0x2e, 0x46, 
	0x1b, 0x32, 0x32, 0x13, 0x14, 0x14, 0x19, 0x5a, 
	0x1b, 0x23, 0x03, 0x42, 0x3a, 0x0f, 0x29, 0x35, 
	0x09, 0x86, 0x1d, 0x87, 0x22, 0x35, 0x4a, 0x53, 
	0x22, 0x2a, 0x59, 0x31, 0x46, 0x06, 0x31, 0x34, 
	0x07, 0x23, 0x88, 0x1b, 0x55, 0x22, 0x89, 0x5a, 
	0x00, 0x1c, 0x11, 0x8a, 0x1a, 0x00, 0x1c, 0x5d, 
	0x38, 0x17, 0x37, 0x26, 0x51, 0x1f, 0x20, 0x1b, 
	0x0f, 0x31, 0x07, 0x2f, 0x6b, 0x8b, 0x4c, 0x22, 
	0x32, 0x31, 0x13, 0x23, 0x8c, 0x09, 0x11, 0x08, 
	0x27, 0x35, 0x34, 0x54, 0x03, 0x88, 0x14, 0x7d, 
	0x09, 0x37, 0x21, 0x08, 0x0b, 0x80, 0x8d, 0x11, 
	0x34, 0x1b, 0x28, 0x1c, 0x7d, 0x8e, 0x8f, 0x03, 
	0x03, 0x00, 0x14, 0x41, 0x37, 0x55, 0x55, 0x07, 
	0x03, 0x07, 0x0b, 0x28, 0x08, 0x23, 0x29, 0x28, 
	0x41, 0x19, 0x0a, 0x28, 0x14, 0x90, 0x08, 0x18, 
	0x09, 0x32, 0x0e, 0x48, 0x0d, 0x3d, 0x7f, 0x91, 
	0x17, 0x55, 0x2f, 0x92, 0x8f, 0x51, 0x00, 0x13, 
	0x3c, 0x07, 0x6b, 0x46, 0x34, 0x23, 0x35, 0x23, 
	0x20, 0x55, 0x1c, 0x5d, 0x12, 0x27, 0x2f, 0x3a, 
	0x08, 0x1b, 0x27, 0x65, 0x2c, 0x93, 0x32, 0x00, 
	0x92, 0x02, 0x32, 0x17, 0x17, 0x2f, 0x35, 0x48, 
	0x28, 0x88, 0x7a, 0x13, 0x0f, 0x22, 0x55, 0x00, 
	0x94, 0x3f, 0x7e, 0x40, 0x00, 0x08, 0x3d, 0x4c, 
	0x08, 0x23, 0x59, 0x6b, 0x8d, 0x95, 0x75, 0x30, 
	0x70, 0x13, 0x5d, 0x96, 0x1a, 0x46, 0x29, 0x61, 
	0x04, 0x20, 0x0f, 0x07, 0x09, 0x54, 0x00, 0x0e, 
	0x48, 0x31, 0x23, 0x20, 0x97, 0x63, 0x6e, 0x78, 
	0x08, 0x32, 0x0b, 0x04, 0x40, 0x46, 0x11, 0x09, 
	0x09, 0x32, 0x01, 0x19, 0x0f, 0x3c, 0x30, 0x1c, 
	0x14, 0x4c, 0x17, 0x26, 0x5a, 0x1e, 0x6b, 0x61, 
	0x65, 0x8e, 0x70, 0x55, 0x22, 0x3d, 0x98, 0x5a, 
	0x11, 0x03, 0x00, 0x0e, 0x48, 0x42, 0x16, 0x1d, 
	0x11, 0x2e, 0x20, 0x03, 0x13, 0x03, 0x13, 0x29, 
	0x46, 0x92, 0x3e, 0x18, 0x43, 0x07, 0x0e, 0x61, 
	0x53, 0x3a, 0x51, 0x09, 0x18, 0x39, 0x22, 0x02, 
	0x1b, 0x88, 0x28, 0x0e, 0x80, 0x60, 0x33, 0x18, 
	0x24, 0x14, 0x32, 0x02, 0x23, 0x23, 0x13, 0x59, 
	0x99, 0x1e, 0x14, 0x35, 0x02, 0x2a, 0x6b, 0x29, 
	0x1b, 0x91, 0x09, 0x17, 0x00, 0x0b, 0x53, 0x1d, 
	0x03, 0x12, 0x46, 0x0b, 0x30, 0x34, 0x08, 0x2f, 
	0x14, 0x14, 0x18, 0x3d, 0x2a, 0x06, 0x94, 0x35, 
	0x46, 0x46, 0x0e, 0x9a, 0x19, 0x02, 0x3a, 0x22, 
	0x43, 0x55, 0x11, 0x55, 0x29, 0x61, 0x9b, 0x1d, 
	0x07, 0x20, 0x46, 0x0e, 0x83, 0x11, 0x07, 0x28, 
	0x59, 0x8c, 0x9c, 0x9d, 0x32, 0x1c, 0x52, 0x06, 
	0x24, 0x23, 0x40, 0x18, 0x18, 0x37, 0x9e, 0x3e, 
	
};

Gfx pss_dl_generic_textures_03800_rgba16_pal_rgba16_aligner[] = {gsSPEndDisplayList()};
u8 pss_dl_generic_textures_03800_rgba16_pal_rgba16[] = {
	0x61, 0x43, 0x9a, 0x8b, 0x92, 0x47, 0x7a, 0x05, 
	0x48, 0xc3, 0x20, 0x03, 0x38, 0x41, 0x71, 0xc5, 
	0x8a, 0x47, 0xa2, 0xcb, 0x69, 0x43, 0x40, 0x41, 
	0x69, 0x87, 0xab, 0x0d, 0x30, 0x01, 0x79, 0xc5, 
	0xdc, 0x53, 0x92, 0x89, 0x69, 0xc3, 0x61, 0x83, 
	0x48, 0x81, 0xc3, 0x91, 0xe4, 0x11, 0xcb, 0x4d, 
	0xaa, 0xcb, 0xcb, 0x8f, 0xa2, 0x89, 0x82, 0x47, 
	0x38, 0x01, 0xb3, 0x0b, 0x92, 0x87, 0x61, 0x85, 
	0x8a, 0x89, 0xa2, 0xc9, 0x9a, 0x89, 0x7a, 0x07, 
	0x59, 0x45, 0xdc, 0x95, 0xcb, 0x8d, 0x51, 0x01, 
	0x59, 0x43, 0x40, 0x81, 0x71, 0x85, 0xec, 0xd7, 
	0xc3, 0x8f, 0x61, 0x41, 0x69, 0xc5, 0x8a, 0x49, 
	0x59, 0x03, 0x82, 0x49, 0x69, 0x83, 0xcb, 0x4b, 
	0x9a, 0xcb, 0x51, 0x03, 0x92, 0x8b, 0xc3, 0x4d, 
	0xb3, 0x0d, 0x8a, 0x07, 0xd3, 0x8f, 0x81, 0xc7, 
	0x7a, 0x47, 0xe3, 0xcf, 0xb2, 0xcb, 0x49, 0x03, 
	0x71, 0xc7, 0x92, 0x49, 0xbb, 0x4d, 0x9a, 0xc9, 
	0x82, 0x0b, 0xfc, 0x95, 0x69, 0x85, 0xeb, 0xd1, 
	0x40, 0x83, 0xdb, 0x8f, 0x51, 0x05, 0x50, 0xc5, 
	0xbb, 0x0d, 0x59, 0x01, 0x50, 0xc1, 0xbb, 0x8f, 
	0x71, 0x43, 0x82, 0x05, 0x30, 0x43, 0x79, 0xc7, 
	0xab, 0x0b, 0x82, 0x07, 0xc3, 0x4f, 0x18, 0x43, 
	0xb3, 0x4d, 0x48, 0xc1, 0xbb, 0x0b, 0xf4, 0x0f, 
	0x28, 0x03, 0x61, 0x45, 0x92, 0xcb, 0xd4, 0x11, 
	0xdb, 0xd1, 0x28, 0x01, 0x20, 0x01, 0xd3, 0x4d, 
	0xec, 0x53, 0x69, 0x45, 0x61, 0x03, 0x30, 0x03, 
	0x38, 0x43, 0x59, 0x41, 0x9a, 0x87, 0x50, 0xc3, 
	0x59, 0x47, 0xfc, 0xd5, 0xfc, 0x51, 0x92, 0x05, 
	0x8a, 0x05, 0xba, 0xcb, 0xfc, 0x93, 0xe3, 0x8d, 
	0x81, 0xc5, 0x82, 0x09, 0x72, 0x07, 0xe3, 0xd1, 
	0xc3, 0x0b, 0x61, 0x87, 0x82, 0x89, 0xf4, 0x53, 
	0x9a, 0x47, 0x48, 0x83, 0x38, 0x83, 0xaa, 0xc9, 
	0x59, 0x05, 0xd3, 0xd1, 0x92, 0xc9, 0x48, 0xc5, 
	0x81, 0xc9, 0x8a, 0x87, 0xaa, 0x89, 0xf4, 0xd5, 
	0x72, 0x05, 0xe3, 0x8f, 0xf4, 0x95, 0x8a, 0x09, 
	0xa3, 0x0d, 0xa3, 0x0b, 0xec, 0x11, 0xdb, 0x8d, 
	0x69, 0xc7, 0x71, 0xc3, 0xdb, 0xcf, 0x71, 0x83, 
	0x40, 0xc3, 0x50, 0x81, 0xcb, 0x4f, 0x69, 0x81, 
	0xeb, 0xcf, 0x82, 0x4b, 0x7a, 0x09, 0x8a, 0x4b, 
	0xd3, 0xcf, 0x92, 0x45, 0xf4, 0x11, 
};

Gfx pss_dl_generic_textures_00000_rgba16_ci8_aligner[] = {gsSPEndDisplayList()};
u8 pss_dl_generic_textures_00000_rgba16_ci8[] = {
	0x00, 0x01, 0x02, 0x03, 0x04, 0x05, 0x06, 0x07, 
	0x08, 0x09, 0x01, 0x08, 0x0a, 0x0b, 0x02, 0x0c, 
	0x08, 0x06, 0x0c, 0x01, 0x08, 0x07, 0x0d, 0x0e, 
	0x08, 0x08, 0x05, 0x04, 0x0f, 0x06, 0x10, 0x11, 
	0x12, 0x13, 0x03, 0x14, 0x05, 0x06, 0x07, 0x15, 
	0x16, 0x0b, 0x16, 0x03, 0x17, 0x18, 0x0c, 0x02, 
	0x19, 0x1a, 0x1b, 0x03, 0x1c, 0x0d, 0x1d, 0x06, 
	0x02, 0x05, 0x1b, 0x1e, 0x08, 0x1c, 0x1f, 0x1a, 
	0x20, 0x03, 0x21, 0x16, 0x08, 0x08, 0x22, 0x23, 
	0x0b, 0x03, 0x0a, 0x24, 0x03, 0x0c, 0x08, 0x0c, 
	0x25, 0x0b, 0x16, 0x1c, 0x26, 0x27, 0x28, 0x02, 
	0x03, 0x12, 0x0f, 0x08, 0x23, 0x1f, 0x02, 0x01, 
	0x1e, 0x0b, 0x1e, 0x08, 0x08, 0x07, 0x20, 0x0b, 
	0x16, 0x18, 0x29, 0x03, 0x1a, 0x07, 0x19, 0x07, 
	0x2a, 0x03, 0x10, 0x2b, 0x23, 0x28, 0x02, 0x1a, 
	0x01, 0x0c, 0x06, 0x1c, 0x2c, 0x20, 0x2d, 0x13, 
	0x1b, 0x13, 0x0c, 0x08, 0x0c, 0x09, 0x0b, 0x16, 
	0x0a, 0x29, 0x03, 0x1a, 0x08, 0x0c, 0x1a, 0x2d, 
	0x18, 0x10, 0x2e, 0x27, 0x28, 0x02, 0x03, 0x01, 
	0x2f, 0x06, 0x10, 0x30, 0x08, 0x17, 0x03, 0x00, 
	0x31, 0x08, 0x08, 0x32, 0x16, 0x0b, 0x1a, 0x1e, 
	0x17, 0x18, 0x2f, 0x08, 0x0e, 0x1a, 0x33, 0x16, 
	0x34, 0x2b, 0x1d, 0x28, 0x02, 0x03, 0x35, 0x2f, 
	0x06, 0x34, 0x0d, 0x27, 0x0b, 0x03, 0x0a, 0x0b, 
	0x06, 0x02, 0x08, 0x16, 0x0b, 0x03, 0x03, 0x17, 
	0x1a, 0x0c, 0x36, 0x0e, 0x19, 0x17, 0x16, 0x34, 
	0x2e, 0x37, 0x08, 0x08, 0x03, 0x0b, 0x2f, 0x02, 
	0x34, 0x30, 0x07, 0x0b, 0x03, 0x03, 0x21, 0x1a, 
	0x08, 0x06, 0x05, 0x0b, 0x03, 0x07, 0x38, 0x39, 
	0x0c, 0x36, 0x05, 0x19, 0x17, 0x03, 0x34, 0x0d, 
	0x37, 0x3a, 0x07, 0x03, 0x17, 0x16, 0x06, 0x10, 
	0x1f, 0x07, 0x17, 0x03, 0x03, 0x21, 0x03, 0x08, 
	0x22, 0x16, 0x0b, 0x03, 0x07, 0x3b, 0x3c, 0x08, 
	0x02, 0x0e, 0x03, 0x17, 0x16, 0x34, 0x0d, 0x37, 
	0x0e, 0x02, 0x1a, 0x33, 0x2f, 0x08, 0x10, 0x15, 
	0x27, 0x17, 0x03, 0x0a, 0x17, 0x1a, 0x0c, 0x02, 
	0x1a, 0x0b, 0x03, 0x20, 0x38, 0x3c, 0x02, 0x07, 
	0x0c, 0x1a, 0x17, 0x03, 0x34, 0x2b, 0x37, 0x0e, 
	0x07, 0x18, 0x2a, 0x1a, 0x06, 0x34, 0x1f, 0x27, 
	0x0b, 0x03, 0x0a, 0x29, 0x03, 0x08, 0x08, 0x06, 
	0x01, 0x03, 0x1e, 0x38, 0x3d, 0x0c, 0x07, 0x19, 
	0x16, 0x33, 0x16, 0x34, 0x0d, 0x3e, 0x07, 0x07, 
	0x03, 0x3f, 0x03, 0x07, 0x34, 0x1f, 0x07, 0x17, 
	0x03, 0x39, 0x40, 0x03, 0x05, 0x1a, 0x08, 0x16, 
	0x06, 0x1e, 0x0b, 0x41, 0x0c, 0x07, 0x19, 0x16, 
	0x33, 0x16, 0x08, 0x2b, 0x3e, 0x07, 0x07, 0x03, 
	0x12, 0x03, 0x1a, 0x42, 0x1f, 0x27, 0x29, 0x03, 
	0x03, 0x21, 0x03, 0x2f, 0x07, 0x07, 0x16, 0x01, 
	0x0a, 0x17, 0x13, 0x0c, 0x08, 0x19, 0x41, 0x01, 
	0x16, 0x34, 0x2b, 0x1d, 0x07, 0x07, 0x1a, 0x2a, 
	0x03, 0x2f, 0x34, 0x0d, 0x27, 0x2a, 0x03, 0x03, 
	0x29, 0x03, 0x1a, 0x07, 0x22, 0x20, 0x0b, 0x03, 
	0x0b, 0x13, 0x0c, 0x08, 0x06, 0x2f, 0x01, 0x16, 
	0x07, 0x0d, 0x1d, 0x3a, 0x08, 0x1a, 0x2a, 0x03, 
	0x1a, 0x10, 0x43, 0x07, 0x2a, 0x03, 0x13, 0x12, 
	0x03, 0x1a, 0x07, 0x07, 0x20, 0x17, 0x03, 0x20, 
	0x02, 0x0e, 0x02, 0x19, 0x1a, 0x33, 0x16, 0x1c, 
	0x2b, 0x37, 0x3a, 0x03, 0x1a, 0x2a, 0x44, 0x1a, 
	0x42, 0x43, 0x02, 0x45, 0x03, 0x13, 0x46, 0x03, 
	0x1a, 0x07, 0x0e, 0x09, 0x17, 0x03, 0x20, 0x47, 
	0x0c, 0x02, 0x0e, 0x19, 0x0b, 0x16, 0x1c, 0x2b, 
	0x37, 0x07, 0x08, 0x16, 0x2a, 0x44, 0x2f, 0x34, 
	0x48, 0x07, 0x49, 0x03, 0x03, 0x46, 0x3d, 0x1a, 
	0x23, 0x22, 0x20, 0x17, 0x03, 0x02, 0x47, 0x0e, 
	0x08, 0x06, 0x13, 0x17, 0x03, 0x1c, 0x26, 0x4a, 
	0x07, 0x07, 0x16, 0x17, 0x2f, 0x07, 0x34, 0x4b, 
	0x07, 0x29, 0x03, 0x13, 0x12, 0x03, 0x1a, 0x07, 
	0x22, 0x23, 0x17, 0x03, 0x02, 0x4c, 0x1d, 0x08, 
	0x25, 0x0e, 0x0b, 0x16, 0x02, 0x47, 0x1d, 0x07, 
	0x07, 0x16, 0x17, 0x03, 0x07, 0x34, 0x43, 0x07, 
	0x29, 0x39, 0x39, 0x46, 0x03, 0x2f, 0x07, 0x0e, 
	0x16, 0x33, 0x16, 0x02, 0x4c, 0x1d, 0x08, 0x05, 
	0x06, 0x12, 0x1a, 0x1c, 0x47, 0x1d, 0x0c, 0x07, 
	0x1a, 0x17, 0x03, 0x1a, 0x27, 0x4b, 0x07, 0x29, 
	0x39, 0x13, 0x46, 0x39, 0x2f, 0x07, 0x2c, 0x23, 
	0x17, 0x16, 0x03, 0x4c, 0x1d, 0x08, 0x1a, 0x08, 
	0x4d, 0x05, 0x1c, 0x2e, 0x1d, 0x08, 0x08, 0x16, 
	0x4e, 0x18, 0x2f, 0x34, 0x30, 0x07, 0x45, 0x03, 
	0x0a, 0x4f, 0x03, 0x1a, 0x07, 0x0e, 0x20, 0x17, 
	0x03, 0x02, 0x47, 0x1d, 0x06, 0x08, 0x02, 0x28, 
	0x02, 0x07, 0x26, 0x1d, 0x28, 0x08, 0x03, 0x0b, 
	0x2f, 0x07, 0x10, 0x1f, 0x27, 0x17, 0x03, 0x03, 
	0x12, 0x03, 0x1a, 0x23, 0x22, 0x16, 0x17, 0x23, 
	0x02, 0x4c, 0x1d, 0x08, 0x08, 0x02, 0x28, 0x16, 
	0x02, 0x2b, 0x1d, 0x08, 0x02, 0x16, 0x17, 0x03, 
	0x0c, 0x34, 0x15, 0x42, 0x17, 0x39, 0x0a, 0x12, 
	0x03, 0x2f, 0x07, 0x22, 0x08, 0x29, 0x39, 0x02, 
	0x47, 0x1d, 0x06, 0x08, 0x06, 0x50, 0x16, 0x06, 
	0x47, 0x0e, 0x08, 0x08, 0x16, 0x0b, 0x03, 0x1a, 
	0x34, 0x0d, 0x42, 0x2a, 0x03, 0x13, 0x46, 0x39, 
	0x1a, 0x07, 0x0e, 0x16, 0x29, 0x39, 0x02, 0x4c, 
	0x1d, 0x08, 0x08, 0x08, 0x06, 0x16, 0x06, 0x07, 
	0x06, 0x28, 0x02, 0x03, 0x0b, 0x03, 0x1a, 0x42, 
	0x48, 0x07, 0x17, 0x03, 0x03, 0x29, 0x03, 0x1a, 
	0x16, 0x2c, 0x20, 0x29, 0x39, 0x02, 0x47, 0x1d, 
	0x06, 0x08, 0x0e, 0x16, 0x28, 0x06, 0x10, 0x4b, 
	0x08, 0x02, 0x1a, 0x0b, 0x2f, 0x08, 0x42, 0x1f, 
	0x07, 0x29, 0x03, 0x03, 0x29, 0x03, 0x1a, 0x1a, 
	0x07, 0x23, 0x17, 0x03, 0x08, 0x4c, 0x1d, 0x08, 
	0x08, 0x1a, 0x02, 0x28, 0x02, 0x10, 0x2e, 0x1d, 
	0x08, 0x05, 0x35, 0x13, 0x08, 0x42, 0x1f, 0x08, 
	0x2a, 0x03, 0x03, 0x29, 0x03, 0x1a, 0x1a, 0x07, 
	0x20, 0x17, 0x03, 0x08, 0x2b, 0x1d, 0x06, 0x08, 
	0x08, 0x08, 0x28, 0x06, 0x10, 0x2e, 0x1d, 0x41, 
	0x05, 0x01, 0x08, 0x0c, 0x10, 0x4b, 0x08, 0x17, 
	0x03, 0x0a, 0x17, 0x03, 0x1a, 0x1a, 0x07, 0x09, 
	0x17, 0x03, 0x08, 0x2b, 0x1d, 0x06, 0x08, 0x06, 
	0x28, 0x06, 0x02, 0x10, 0x51, 0x1a, 0x28, 0x02, 
	0x04, 0x0f, 0x06, 0x07, 0x1f, 0x08, 0x17, 0x03, 
	0x0a, 0x04, 0x16, 0x08, 0x1a, 0x08, 0x16, 0x0b, 
	0x16, 0x02, 0x4c, 0x1d, 0x08, 0x08, 0x08, 0x06, 
	0x06, 0x08, 0x34, 0x2e, 0x1d, 0x06, 0x08, 0x20, 
	0x02, 0x06, 0x07, 0x2c, 0x08, 0x0b, 0x03, 0x0a, 
	0x40, 0x16, 0x08, 0x07, 0x15, 0x23, 0x0b, 0x03, 
	0x02, 0x2b, 0x1d, 0x06, 0x08, 0x06, 0x50, 0x06, 
	0x06, 0x10, 0x2e, 0x37, 0x02, 0x08, 0x0a, 0x52, 
	0x05, 0x1c, 0x0d, 0x02, 0x17, 0x03, 0x0a, 0x21, 
	0x03, 0x08, 0x07, 0x0e, 0x1a, 0x0b, 0x03, 0x02, 
	0x53, 0x23, 0x08, 0x08, 0x07, 0x50, 0x41, 0x02, 
	0x10, 0x2e, 0x1d, 0x06, 0x08, 0x03, 0x0b, 0x1e, 
	0x07, 0x15, 0x02, 0x0b, 0x03, 0x0a, 0x40, 0x1a, 
	0x08, 0x07, 0x22, 0x20, 0x0b, 0x03, 0x02, 0x53, 
	0x1d, 0x06, 0x02, 0x0c, 0x02, 0x28, 0x06, 0x10, 
	0x2e, 0x1d, 0x28, 0x02, 0x00, 0x54, 0x05, 0x06, 
	0x43, 0x05, 0x01, 0x13, 0x08, 0x55, 0x03, 0x06, 
	0x02, 0x06, 0x25, 0x33, 0x03, 0x20, 0x47, 0x23, 
	0x08, 0x08, 0x06, 0x50, 0x06, 0x06, 0x07, 0x56, 
	0x1d, 0x41, 0x20, 0x06, 0x57, 0x1a, 0x06, 0x02, 
	
};

Gfx pss_dl_generic_textures_00000_rgba16_pal_rgba16_aligner[] = {gsSPEndDisplayList()};
u8 pss_dl_generic_textures_00000_rgba16_pal_rgba16[] = {
	0xc4, 0x0d, 0xed, 0x97, 0xd4, 0x4d, 0xd4, 0x4b, 
	0xe5, 0x97, 0xd4, 0x8f, 0xdc, 0xd1, 0xdc, 0x8d, 
	0xd4, 0x8d, 0xc4, 0x4d, 0xc4, 0x0b, 0xed, 0xd9, 
	0xdd, 0x11, 0x93, 0x8f, 0xe5, 0x11, 0xdd, 0x13, 
	0xe4, 0xcd, 0x9b, 0x8f, 0xf6, 0x1b, 0xcc, 0x0b, 
	0xdd, 0x59, 0xac, 0x0f, 0xdc, 0xcf, 0xf5, 0xd9, 
	0xd4, 0x0b, 0xcc, 0x8f, 0xdc, 0x8f, 0xed, 0x99, 
	0xe4, 0x8d, 0xed, 0x11, 0xcc, 0x4b, 0x9b, 0x8d, 
	0xcc, 0x4d, 0xdd, 0x99, 0xbc, 0x0d, 0xe4, 0xcf, 
	0xbc, 0xd7, 0xcc, 0x4f, 0xb4, 0x93, 0xed, 0x0f, 
	0xe5, 0x55, 0xf6, 0x19, 0xfe, 0x5d, 0xa4, 0x11, 
	0xb4, 0x0f, 0xf6, 0x5d, 0x8b, 0x8f, 0xe5, 0x13, 
	0x8b, 0x4d, 0xd4, 0xcf, 0xb4, 0x0d, 0xed, 0xd7, 
	0xec, 0xcd, 0xf6, 0x1d, 0xdc, 0x4d, 0xf5, 0x51, 
	0xbc, 0xd5, 0xdc, 0x4b, 0xed, 0x55, 0xbc, 0x95, 
	0xed, 0x53, 0xdc, 0x8b, 0xf5, 0x53, 0xfe, 0x9f, 
	0xe5, 0x99, 0xe5, 0x53, 0xec, 0xcf, 0xb4, 0x4f, 
	0xd4, 0x09, 0xfe, 0x19, 0xe5, 0xd9, 0xbc, 0x93, 
	0x93, 0x8d, 0xfe, 0x9d, 0xed, 0x51, 0x93, 0xcf, 
	0xac, 0x53, 0xee, 0x1b, 0xf6, 0x5b, 0xfe, 0x1b, 
	0xd4, 0xd3, 0x9b, 0xcf, 0xdd, 0x55, 0xac, 0x55, 
	0xd5, 0x17, 0xdd, 0x57, 0xa3, 0xcf, 0xd5, 0x15, 
	
};

Gfx pss_dl_generic_textures_02800_rgba16_ci8_aligner[] = {gsSPEndDisplayList()};
u8 pss_dl_generic_textures_02800_rgba16_ci8[] = {
	0x00, 0x00, 0x00, 0x00, 0x00, 0x00, 0x01, 0x02, 
	0x03, 0x04, 0x04, 0x04, 0x04, 0x04, 0x04, 0x04, 
	0x04, 0x05, 0x06, 0x07, 0x08, 0x09, 0x00, 0x00, 
	0x00, 0x00, 0x00, 0x00, 0x00, 0x00, 0x00, 0x00, 
	0x00, 0x00, 0x00, 0x00, 0x00, 0x00, 0x0a, 0x0b, 
	0x0c, 0x04, 0x04, 0x04, 0x04, 0x04, 0x04, 0x04, 
	0x04, 0x0d, 0x0e, 0x07, 0x0f, 0x10, 0x00, 0x00, 
	0x00, 0x00, 0x00, 0x00, 0x00, 0x00, 0x00, 0x00, 
	0x00, 0x00, 0x00, 0x00, 0x00, 0x00, 0x0a, 0x11, 
	0x12, 0x04, 0x04, 0x04, 0x04, 0x04, 0x04, 0x04, 
	0x04, 0x04, 0x13, 0x14, 0x15, 0x00, 0x00, 0x00, 
	0x00, 0x00, 0x00, 0x00, 0x00, 0x00, 0x00, 0x00, 
	0x00, 0x00, 0x00, 0x00, 0x00, 0x0f, 0x16, 0x0b, 
	0x17, 0x04, 0x04, 0x18, 0x18, 0x18, 0x18, 0x18, 
	0x18, 0x18, 0x05, 0x19, 0x1a, 0x00, 0x00, 0x00, 
	0x00, 0x00, 0x00, 0x00, 0x00, 0x00, 0x00, 0x00, 
	0x00, 0x00, 0x00, 0x00, 0x1b, 0x1c, 0x07, 0x14, 
	0x1d, 0x1e, 0x18, 0x18, 0x18, 0x18, 0x18, 0x18, 
	0x18, 0x18, 0x1f, 0x0b, 0x20, 0x00, 0x00, 0x00, 
	0x00, 0x00, 0x00, 0x00, 0x00, 0x00, 0x00, 0x00, 
	0x00, 0x00, 0x00, 0x1b, 0x02, 0x21, 0x16, 0x22, 
	0x23, 0x24, 0x18, 0x18, 0x18, 0x18, 0x18, 0x18, 
	0x18, 0x18, 0x25, 0x26, 0x27, 0x00, 0x00, 0x00, 
	0x00, 0x00, 0x00, 0x00, 0x00, 0x00, 0x00, 0x00, 
	0x00, 0x00, 0x09, 0x28, 0x29, 0x2a, 0x2b, 0x2c, 
	0x2d, 0x2e, 0x2f, 0x18, 0x18, 0x18, 0x18, 0x18, 
	0x18, 0x1e, 0x25, 0x19, 0x30, 0x0f, 0x00, 0x00, 
	0x00, 0x00, 0x00, 0x00, 0x00, 0x00, 0x00, 0x00, 
	0x31, 0x31, 0x32, 0x33, 0x29, 0x29, 0x29, 0x34, 
	0x35, 0x0b, 0x2e, 0x03, 0x36, 0x36, 0x37, 0x2f, 
	0x03, 0x12, 0x07, 0x14, 0x38, 0x31, 0x00, 0x00, 
	0x00, 0x00, 0x00, 0x00, 0x00, 0x00, 0x00, 0x00, 
	0x39, 0x0b, 0x3a, 0x29, 0x29, 0x29, 0x29, 0x29, 
	0x2a, 0x3b, 0x19, 0x3c, 0x3d, 0x23, 0x3e, 0x1a, 
	0x3f, 0x07, 0x40, 0x07, 0x41, 0x30, 0x10, 0x00, 
	0x00, 0x00, 0x00, 0x00, 0x00, 0x00, 0x0f, 0x20, 
	0x42, 0x43, 0x33, 0x29, 0x29, 0x29, 0x29, 0x29, 
	0x29, 0x44, 0x07, 0x07, 0x45, 0x46, 0x3f, 0x3f, 
	0x46, 0x47, 0x48, 0x2c, 0x49, 0x4a, 0x30, 0x10, 
	0x00, 0x00, 0x00, 0x00, 0x1b, 0x15, 0x4b, 0x26, 
	0x4c, 0x4d, 0x29, 0x29, 0x29, 0x29, 0x29, 0x29, 
	0x4e, 0x16, 0x3f, 0x01, 0x0a, 0x4f, 0x4f, 0x4f, 
	0x4f, 0x4f, 0x4f, 0x50, 0x2c, 0x51, 0x4a, 0x52, 
	0x30, 0x53, 0x15, 0x38, 0x54, 0x0b, 0x14, 0x42, 
	0x4c, 0x4d, 0x33, 0x29, 0x29, 0x29, 0x29, 0x29, 
	0x55, 0x00, 0x4f, 0x4f, 0x4f, 0x4f, 0x4f, 0x4f, 
	0x4f, 0x4f, 0x4f, 0x4f, 0x56, 0x57, 0x51, 0x4c, 
	0x0b, 0x0b, 0x58, 0x11, 0x0e, 0x59, 0x5a, 0x22, 
	0x16, 0x5b, 0x5c, 0x29, 0x29, 0x29, 0x29, 0x0a, 
	0x00, 0x00, 0x4f, 0x4f, 0x4f, 0x4f, 0x4f, 0x4f, 
	0x4f, 0x4f, 0x4f, 0x4f, 0x4f, 0x46, 0x5d, 0x07, 
	0x07, 0x5e, 0x5f, 0x18, 0x18, 0x05, 0x60, 0x61, 
	0x62, 0x63, 0x4d, 0x64, 0x5c, 0x33, 0x26, 0x0f, 
	0x4f, 0x4f, 0x4f, 0x4f, 0x4f, 0x4f, 0x4f, 0x4f, 
	0x4f, 0x4f, 0x4f, 0x4f, 0x4f, 0x4f, 0x65, 0x66, 
	0x16, 0x36, 0x18, 0x18, 0x18, 0x04, 0x04, 0x04, 
	0x67, 0x68, 0x19, 0x3e, 0x0b, 0x4c, 0x1b, 0x4f, 
	0x4f, 0x4f, 0x4f, 0x4f, 0x4f, 0x4f, 0x4f, 0x4f, 
	0x4f, 0x4f, 0x4f, 0x4f, 0x4f, 0x4f, 0x46, 0x69, 
	0x11, 0x6a, 0x18, 0x18, 0x18, 0x04, 0x04, 0x04, 
	0x6b, 0x6c, 0x07, 0x07, 0x07, 0x3c, 0x00, 0x4f, 
	0x4f, 0x4f, 0x4f, 0x4f, 0x4f, 0x4f, 0x4f, 0x4f, 
	0x4f, 0x4f, 0x4f, 0x4f, 0x4f, 0x4f, 0x01, 0x45, 
	0x58, 0x5f, 0x18, 0x18, 0x18, 0x04, 0x04, 0x04, 
	0x04, 0x6d, 0x07, 0x07, 0x25, 0x31, 0x4f, 0x4f, 
	0x4f, 0x4f, 0x4f, 0x4f, 0x4f, 0x4f, 0x4f, 0x4f, 
	0x4f, 0x4f, 0x4f, 0x4f, 0x4f, 0x4f, 0x01, 0x6e, 
	0x17, 0x18, 0x18, 0x18, 0x18, 0x04, 0x04, 0x04, 
	0x04, 0x05, 0x07, 0x07, 0x1a, 0x00, 0x4f, 0x4f, 
	0x4f, 0x4f, 0x4f, 0x4f, 0x4f, 0x4f, 0x4f, 0x4f, 
	0x4f, 0x4f, 0x4f, 0x4f, 0x4f, 0x4f, 0x00, 0x39, 
	0x17, 0x18, 0x18, 0x18, 0x18, 0x04, 0x04, 0x04, 
	0x04, 0x0d, 0x0e, 0x6f, 0x1a, 0x00, 0x4f, 0x4f, 
	0x4f, 0x4f, 0x4f, 0x4f, 0x4f, 0x4f, 0x4f, 0x4f, 
	0x4f, 0x4f, 0x4f, 0x4f, 0x4f, 0x4f, 0x00, 0x2d, 
	0x17, 0x18, 0x18, 0x18, 0x18, 0x04, 0x04, 0x04, 
	0x04, 0x0d, 0x70, 0x19, 0x09, 0x00, 0x4f, 0x4f, 
	0x4f, 0x4f, 0x4f, 0x4f, 0x4f, 0x4f, 0x4f, 0x4f, 
	0x4f, 0x4f, 0x4f, 0x4f, 0x4f, 0x00, 0x3f, 0x4c, 
	0x3d, 0x71, 0x18, 0x18, 0x18, 0x04, 0x04, 0x04, 
	0x04, 0x04, 0x72, 0x73, 0x31, 0x00, 0x00, 0x4f, 
	0x4f, 0x4f, 0x4f, 0x4f, 0x4f, 0x4f, 0x4f, 0x4f, 
	0x4f, 0x4f, 0x4f, 0x4f, 0x4f, 0x0f, 0x16, 0x07, 
	0x3c, 0x36, 0x18, 0x18, 0x04, 0x04, 0x04, 0x04, 
	0x04, 0x04, 0x1f, 0x73, 0x31, 0x00, 0x00, 0x4f, 
	0x4f, 0x4f, 0x4f, 0x4f, 0x4f, 0x4f, 0x4f, 0x4f, 
	0x4f, 0x4f, 0x4f, 0x4f, 0x0f, 0x14, 0x44, 0x07, 
	0x0b, 0x17, 0x18, 0x18, 0x04, 0x04, 0x04, 0x04, 
	0x04, 0x1e, 0x5e, 0x41, 0x1a, 0x00, 0x00, 0x00, 
	0x4f, 0x4f, 0x4f, 0x4f, 0x4f, 0x4f, 0x4f, 0x4f, 
	0x4f, 0x4f, 0x1b, 0x1a, 0x74, 0x2a, 0x75, 0x2c, 
	0x16, 0x23, 0x2f, 0x04, 0x04, 0x04, 0x04, 0x04, 
	0x2f, 0x11, 0x07, 0x0b, 0x30, 0x1b, 0x00, 0x00, 
	0x00, 0x4f, 0x4f, 0x4f, 0x4f, 0x4f, 0x4f, 0x4f, 
	0x00, 0x1a, 0x76, 0x33, 0x29, 0x29, 0x29, 0x77, 
	0x78, 0x3c, 0x79, 0x03, 0x2f, 0x1e, 0x1e, 0x36, 
	0x0b, 0x14, 0x07, 0x14, 0x2e, 0x27, 0x00, 0x00, 
	0x00, 0x00, 0x00, 0x4f, 0x4f, 0x4f, 0x4f, 0x1a, 
	0x09, 0x63, 0x33, 0x7a, 0x29, 0x29, 0x29, 0x29, 
	0x4e, 0x3b, 0x6f, 0x4b, 0x79, 0x79, 0x79, 0x3d, 
	0x65, 0x7b, 0x5a, 0x51, 0x4c, 0x7c, 0x20, 0x1b, 
	0x00, 0x00, 0x00, 0x00, 0x00, 0x09, 0x53, 0x73, 
	0x14, 0x26, 0x3a, 0x29, 0x29, 0x29, 0x29, 0x29, 
	0x29, 0x7d, 0x07, 0x14, 0x1c, 0x0a, 0x3f, 0x7e, 
	0x00, 0x00, 0x7f, 0x80, 0x81, 0x19, 0x2e, 0x82, 
	0x15, 0x1a, 0x1a, 0x53, 0x83, 0x0b, 0x14, 0x07, 
	0x07, 0x32, 0x33, 0x29, 0x29, 0x29, 0x29, 0x29, 
	0x33, 0x84, 0x84, 0x3f, 0x01, 0x01, 0x00, 0x00, 
	0x00, 0x00, 0x00, 0x00, 0x85, 0x86, 0x14, 0x73, 
	0x4b, 0x3c, 0x12, 0x36, 0x87, 0x88, 0x51, 0x07, 
	0x07, 0x4a, 0x3a, 0x29, 0x29, 0x29, 0x29, 0x7a, 
	0x32, 0x89, 0x0a, 0x4f, 0x00, 0x00, 0x00, 0x00, 
	0x00, 0x00, 0x00, 0x00, 0x00, 0x8a, 0x8b, 0x07, 
	0x07, 0x11, 0x18, 0x0d, 0x05, 0x8c, 0x5a, 0x61, 
	0x51, 0x8d, 0x5c, 0x29, 0x29, 0x29, 0x33, 0x33, 
	0x0a, 0x00, 0x00, 0x00, 0x00, 0x00, 0x00, 0x00, 
	0x00, 0x00, 0x00, 0x00, 0x00, 0x3f, 0x8e, 0x07, 
	0x2d, 0x6a, 0x04, 0x04, 0x04, 0x04, 0x04, 0x60, 
	0x8f, 0x90, 0x4d, 0x91, 0x3a, 0x5c, 0x52, 0x0f, 
	0x00, 0x00, 0x00, 0x00, 0x00, 0x00, 0x00, 0x00, 
	0x00, 0x00, 0x00, 0x00, 0x00, 0x00, 0x7e, 0x08, 
	0x58, 0x1e, 0x04, 0x04, 0x04, 0x04, 0x04, 0x04, 
	0x6c, 0x92, 0x93, 0x5b, 0x94, 0x0b, 0x0f, 0x00, 
	0x00, 0x00, 0x00, 0x00, 0x00, 0x00, 0x00, 0x00, 
	0x00, 0x00, 0x00, 0x00, 0x00, 0x00, 0x01, 0x55, 
	0x17, 0x71, 0x04, 0x04, 0x04, 0x04, 0x04, 0x04, 
	0x6b, 0x95, 0x07, 0x42, 0x42, 0x5e, 0x10, 0x00, 
	0x00, 0x00, 0x00, 0x00, 0x00, 0x00, 0x00, 0x00, 
	
};

Gfx pss_dl_generic_textures_02800_rgba16_pal_rgba16_aligner[] = {gsSPEndDisplayList()};
u8 pss_dl_generic_textures_02800_rgba16_pal_rgba16[] = {
	0x83, 0x9b, 0x8b, 0xdd, 0x73, 0x5b, 0x73, 0xd9, 
	0x8c, 0xdf, 0x9d, 0x23, 0xad, 0xa7, 0xad, 0xa9, 
	0xa5, 0x67, 0x73, 0x19, 0x83, 0xdd, 0x7c, 0x1f, 
	0x6b, 0xd9, 0x94, 0xe1, 0xa5, 0xa7, 0x7b, 0x9b, 
	0x7b, 0x5b, 0x84, 0x5f, 0x6b, 0x99, 0x9d, 0x63, 
	0x9d, 0x27, 0x6a, 0xd7, 0xa5, 0x69, 0x63, 0x57, 
	0x8c, 0xe1, 0x84, 0x61, 0x6b, 0x17, 0x7b, 0x59, 
	0x9c, 0xe5, 0x52, 0xd5, 0x84, 0x5d, 0x95, 0x23, 
	0x73, 0x17, 0x94, 0xa5, 0xad, 0xab, 0x5b, 0x17, 
	0x63, 0x97, 0x94, 0xe3, 0x84, 0x1f, 0x6a, 0xd5, 
	0x62, 0x97, 0x62, 0x99, 0x72, 0xdd, 0xb5, 0x2d, 
	0xe7, 0x39, 0x8c, 0xa3, 0x52, 0x93, 0x7c, 0x1b, 
	0x5a, 0x93, 0x73, 0x59, 0x6b, 0x1b, 0x5a, 0x57, 
	0xa4, 0xa9, 0xbd, 0xaf, 0x7c, 0x1d, 0x74, 0x1b, 
	0x5a, 0x95, 0x7b, 0xdd, 0x5a, 0x17, 0x9c, 0xe7, 
	0x6b, 0x59, 0x5b, 0x15, 0x63, 0x59, 0x8c, 0x1f, 
	0xb5, 0xab, 0x73, 0x9d, 0xa5, 0xa9, 0x62, 0xd9, 
	0xa5, 0x29, 0x9c, 0xa3, 0x94, 0x1f, 0xb5, 0x27, 
	0xde, 0x71, 0xb5, 0xed, 0x5a, 0xd7, 0x63, 0x17, 
	0x94, 0xe5, 0x41, 0xd1, 0x73, 0x1d, 0x83, 0x9d, 
	0xb5, 0x29, 0xbe, 0x2f, 0x52, 0x53, 0x62, 0xd5, 
	0x5a, 0xd5, 0x94, 0xa3, 0x94, 0x21, 0xe7, 0x37, 
	0x73, 0xdb, 0xce, 0xef, 0xde, 0xf5, 0x4a, 0x53, 
	0x52, 0x15, 0xce, 0x2f, 0x9d, 0x25, 0x8c, 0x9f, 
	0xb5, 0xeb, 0xdf, 0x37, 0xef, 0x79, 0x73, 0xdd, 
	0x49, 0xd3, 0xac, 0xe5, 0xad, 0x69, 0xb6, 0x29, 
	0xbe, 0x2d, 0xa4, 0xe5, 0x7c, 0x5d, 0x95, 0x21, 
	0xbe, 0x2b, 0xa5, 0xa5, 0x8c, 0x61, 0x8c, 0xa1, 
	0xa5, 0x65, 0x84, 0x9f, 0x9d, 0x65, 0x73, 0x9b, 
	0x72, 0xdb, 0xb4, 0xed, 0x62, 0x95, 0x94, 0x25, 
	0xd6, 0x75, 0x52, 0xd3, 0x62, 0x59, 0xc5, 0xeb, 
	0x4a, 0x51, 0x83, 0xe1, 0x9c, 0x61, 0xa4, 0xa3, 
	0xef, 0x39, 0xde, 0xf7, 0x52, 0x51, 0x62, 0xd7, 
	0xa5, 0x27, 0xce, 0x31, 0xef, 0x7b, 0xb5, 0xe9, 
	0xce, 0xb1, 0x94, 0x61, 0xd6, 0x2f, 0xbd, 0xed, 
	0xad, 0xe9, 0x5a, 0x97, 0xbd, 0x69, 0xd6, 0xb3, 
	0x84, 0x21, 0x51, 0xd5, 0xc6, 0x6f, 0x6b, 0x9b, 
	0x63, 0x19, 0xb6, 0x2b, 
};

Gfx pss_dl_generic_textures_03000_rgba16_ci8_aligner[] = {gsSPEndDisplayList()};
u8 pss_dl_generic_textures_03000_rgba16_ci8[] = {
	0x00, 0x01, 0x02, 0x03, 0x01, 0x04, 0x05, 0x06, 
	0x07, 0x08, 0x09, 0x0a, 0x0b, 0x0c, 0x0d, 0x0e, 
	0x02, 0x0f, 0x10, 0x11, 0x12, 0x13, 0x0d, 0x11, 
	0x14, 0x15, 0x06, 0x0d, 0x16, 0x14, 0x17, 0x17, 
	0x11, 0x18, 0x19, 0x16, 0x1a, 0x0e, 0x1b, 0x1c, 
	0x1d, 0x03, 0x1e, 0x1f, 0x20, 0x21, 0x22, 0x11, 
	0x23, 0x24, 0x25, 0x26, 0x26, 0x02, 0x26, 0x1d, 
	0x0f, 0x27, 0x28, 0x29, 0x1d, 0x1d, 0x16, 0x2a, 
	0x2b, 0x2c, 0x2d, 0x2e, 0x2f, 0x2f, 0x29, 0x1d, 
	0x1b, 0x30, 0x19, 0x02, 0x31, 0x32, 0x05, 0x33, 
	0x34, 0x35, 0x28, 0x36, 0x16, 0x28, 0x29, 0x28, 
	0x33, 0x1c, 0x11, 0x37, 0x0d, 0x1d, 0x33, 0x2b, 
	0x21, 0x38, 0x39, 0x3a, 0x0e, 0x28, 0x11, 0x27, 
	0x28, 0x0e, 0x3b, 0x32, 0x3c, 0x3d, 0x24, 0x0d, 
	0x11, 0x06, 0x3e, 0x3f, 0x40, 0x41, 0x0f, 0x29, 
	0x34, 0x42, 0x1f, 0x43, 0x2b, 0x22, 0x44, 0x45, 
	0x2f, 0x46, 0x47, 0x07, 0x48, 0x49, 0x4a, 0x49, 
	0x4b, 0x4c, 0x31, 0x2b, 0x4d, 0x08, 0x3e, 0x4e, 
	0x10, 0x4f, 0x15, 0x2c, 0x08, 0x2b, 0x10, 0x50, 
	0x51, 0x4e, 0x01, 0x52, 0x04, 0x53, 0x54, 0x06, 
	0x29, 0x29, 0x55, 0x0e, 0x56, 0x07, 0x57, 0x51, 
	0x40, 0x2f, 0x58, 0x59, 0x01, 0x11, 0x32, 0x5a, 
	0x29, 0x34, 0x1d, 0x19, 0x0d, 0x0e, 0x27, 0x27, 
	0x5b, 0x24, 0x23, 0x24, 0x39, 0x24, 0x28, 0x1d, 
	0x5c, 0x5c, 0x5d, 0x3e, 0x21, 0x14, 0x5e, 0x5f, 
	0x60, 0x27, 0x26, 0x05, 0x61, 0x27, 0x33, 0x62, 
	0x27, 0x63, 0x27, 0x1d, 0x1c, 0x29, 0x1d, 0x62, 
	0x1d, 0x19, 0x64, 0x65, 0x0e, 0x66, 0x11, 0x15, 
	0x67, 0x68, 0x67, 0x54, 0x52, 0x1f, 0x26, 0x0e, 
	0x69, 0x54, 0x16, 0x6a, 0x47, 0x68, 0x6b, 0x6c, 
	0x07, 0x63, 0x1a, 0x2b, 0x42, 0x5a, 0x16, 0x45, 
	0x2c, 0x31, 0x6d, 0x6e, 0x6f, 0x70, 0x71, 0x72, 
	0x73, 0x15, 0x01, 0x74, 0x07, 0x75, 0x3b, 0x13, 
	0x0d, 0x29, 0x6a, 0x76, 0x77, 0x4e, 0x60, 0x78, 
	0x79, 0x3f, 0x77, 0x7a, 0x7b, 0x31, 0x08, 0x5c, 
	0x03, 0x0d, 0x1d, 0x7c, 0x3f, 0x7d, 0x57, 0x17, 
	0x33, 0x11, 0x55, 0x7e, 0x06, 0x2b, 0x08, 0x7f, 
	0x25, 0x32, 0x80, 0x45, 0x81, 0x07, 0x60, 0x82, 
	0x83, 0x6b, 0x03, 0x26, 0x05, 0x3d, 0x47, 0x31, 
	0x26, 0x4e, 0x68, 0x72, 0x84, 0x85, 0x02, 0x11, 
	0x32, 0x86, 0x02, 0x87, 0x13, 0x6b, 0x88, 0x89, 
	0x0e, 0x78, 0x07, 0x5c, 0x06, 0x0c, 0x8a, 0x8b, 
	0x06, 0x1d, 0x6b, 0x25, 0x0d, 0x19, 0x19, 0x78, 
	0x07, 0x45, 0x12, 0x28, 0x78, 0x8c, 0x7c, 0x72, 
	0x72, 0x42, 0x33, 0x8d, 0x07, 0x8e, 0x7e, 0x67, 
	0x60, 0x78, 0x8f, 0x24, 0x90, 0x91, 0x63, 0x16, 
	0x02, 0x05, 0x2b, 0x6b, 0x29, 0x0f, 0x1d, 0x26, 
	0x03, 0x15, 0x28, 0x1d, 0x2c, 0x25, 0x04, 0x72, 
	0x45, 0x92, 0x01, 0x34, 0x03, 0x0d, 0x06, 0x26, 
	0x77, 0x93, 0x94, 0x69, 0x37, 0x95, 0x7a, 0x0d, 
	0x96, 0x19, 0x16, 0x0e, 0x16, 0x56, 0x1d, 0x6c, 
	0x16, 0x19, 0x05, 0x45, 0x2f, 0x03, 0x6f, 0x2c, 
	0x12, 0x97, 0x1d, 0x29, 0x19, 0x27, 0x6b, 0x32, 
	0x98, 0x29, 0x16, 0x95, 0x44, 0x25, 0x01, 0x11, 
	0x99, 0x07, 0x2c, 0x39, 0x05, 0x1e, 0x6d, 0x29, 
	0x02, 0x29, 0x19, 0x2b, 0x2b, 0x05, 0x07, 0x52, 
	0x25, 0x33, 0x10, 0x03, 0x16, 0x06, 0x0d, 0x6c, 
	0x97, 0x0f, 0x0f, 0x02, 0x0f, 0x02, 0x06, 0x33, 
	0x47, 0x01, 0x23, 0x51, 0x9a, 0x6b, 0x6b, 0x2b, 
	0x03, 0x7a, 0x1c, 0x2c, 0x03, 0x8b, 0x9b, 0x9c, 
	0x01, 0x2c, 0x7e, 0x6b, 0x2c, 0x54, 0x29, 0x63, 
	0x16, 0x15, 0x29, 0x0f, 0x2f, 0x27, 0x2f, 0x11, 
	0x27, 0x0d, 0x63, 0x9d, 0x73, 0x26, 0x2b, 0x2b, 
	0x2c, 0x5a, 0x5c, 0x2b, 0x6b, 0x9e, 0x69, 0x94, 
	0x26, 0x33, 0x2f, 0x03, 0x15, 0x28, 0x53, 0x7c, 
	0x9f, 0x2c, 0x74, 0x88, 0x6f, 0x7c, 0xa0, 0x6b, 
	0x19, 0x78, 0x0e, 0x2e, 0x12, 0x6b, 0x4e, 0xa1, 
	0x01, 0x78, 0x01, 0x29, 0x61, 0x04, 0x44, 0x1a, 
	0x19, 0xa2, 0x1d, 0x2f, 0x1d, 0x7a, 0x15, 0xa3, 
	0x53, 0x05, 0x06, 0x2b, 0x25, 0x2c, 0x2c, 0xa3, 
	0x11, 0x0f, 0xa4, 0xa4, 0xa5, 0x24, 0xa1, 0x03, 
	0x06, 0x45, 0x02, 0x75, 0xa6, 0x1d, 0x1d, 0x15, 
	0x31, 0x34, 0x03, 0x06, 0x1d, 0x05, 0x2b, 0x2c, 
	0x03, 0x01, 0x72, 0x3e, 0x2c, 0x26, 0x01, 0xa7, 
	0xa8, 0x0f, 0x1d, 0x28, 0x1d, 0x1a, 0xa9, 0x85, 
	0x28, 0x05, 0x02, 0x37, 0x6c, 0x78, 0x9f, 0x7e, 
	0x2c, 0xaa, 0x02, 0xab, 0x28, 0x16, 0x6b, 0x2b, 
	0x2c, 0x2b, 0x2b, 0x80, 0x2c, 0x45, 0x0f, 0x1e, 
	0x29, 0x11, 0x1d, 0x6b, 0x25, 0x6c, 0x14, 0x2e, 
	0x26, 0x2b, 0x28, 0x9f, 0x05, 0x88, 0x03, 0x32, 
	0x27, 0xac, 0x3b, 0x0e, 0x05, 0x78, 0x5a, 0x1d, 
	0x79, 0x78, 0x32, 0x03, 0x06, 0x06, 0x26, 0xad, 
	0x35, 0x34, 0x72, 0x99, 0x13, 0x0e, 0x95, 0x04, 
	0x9a, 0xae, 0x4e, 0x39, 0x2b, 0x1d, 0x0c, 0x18, 
	0x79, 0xaf, 0x08, 0x21, 0x99, 0x78, 0x31, 0x03, 
	0x16, 0x1d, 0x06, 0x03, 0x05, 0x05, 0x1c, 0x6c, 
	0x2b, 0x9c, 0x28, 0x01, 0x3c, 0xb0, 0x5c, 0x78, 
	0x27, 0x88, 0x6f, 0x32, 0x24, 0xa8, 0x2c, 0xa5, 
	0x4e, 0xa1, 0x2b, 0x27, 0x0d, 0x26, 0x1b, 0x28, 
	0x29, 0x02, 0x1d, 0x2b, 0x45, 0x7e, 0x2c, 0x68, 
	0x3b, 0x33, 0x1d, 0x05, 0x72, 0x7a, 0xaa, 0x12, 
	0x64, 0xb1, 0xb2, 0xb3, 0x53, 0xb4, 0x78, 0x32, 
	0x63, 0x19, 0x02, 0x06, 0x26, 0x1c, 0x78, 0x5c, 
	0x2c, 0x05, 0x2f, 0x2f, 0xb4, 0xb5, 0x2b, 0xb4, 
	0x6b, 0x2c, 0x79, 0x6b, 0xb6, 0x24, 0x25, 0x9e, 
	0x33, 0x16, 0x2f, 0x55, 0x14, 0x39, 0x3f, 0x05, 
	0x58, 0x56, 0x45, 0x54, 0x2b, 0x10, 0x16, 0x26, 
	0x13, 0x4e, 0x27, 0xb7, 0x87, 0x15, 0x34, 0x9c, 
	0x31, 0x2c, 0x03, 0x14, 0x3b, 0x12, 0x03, 0x56, 
	0x25, 0x29, 0x06, 0x02, 0xb8, 0xb9, 0x27, 0xba, 
	0xa1, 0x2b, 0x45, 0x1d, 0x19, 0x6b, 0x2c, 0x03, 
	0xbb, 0xbc, 0x39, 0x68, 0x29, 0x04, 0x4d, 0xa5, 
	0x2f, 0x98, 0xb7, 0x6f, 0xbd, 0xbe, 0x27, 0x6c, 
	0x15, 0x2f, 0x19, 0x11, 0xbf, 0x39, 0x18, 0xc0, 
	0x1d, 0x06, 0x5c, 0x79, 0x6b, 0x92, 0x77, 0x3e, 
	0x3f, 0x05, 0x6b, 0x72, 0x3e, 0x80, 0xc1, 0x6b, 
	0x63, 0xac, 0xc2, 0x99, 0x38, 0x51, 0x01, 0x62, 
	0x76, 0x6a, 0xc3, 0x62, 0x78, 0x2c, 0xc4, 0x56, 
	0x28, 0x15, 0x04, 0x2c, 0x19, 0x0e, 0xc5, 0x23, 
	0x59, 0x08, 0x10, 0x24, 0x27, 0x63, 0x64, 0x55, 
	0x72, 0x58, 0x01, 0x6b, 0x18, 0xc6, 0x28, 0x5c, 
	0x6b, 0x01, 0xc7, 0x2f, 0x12, 0x3c, 0x71, 0x27, 
	0x06, 0x6c, 0x27, 0x26, 0x2f, 0x19, 0xb7, 0x27, 
	0x0f, 0x64, 0x47, 0x29, 0x6b, 0xc8, 0xc9, 0x10, 
	0x80, 0xca, 0x76, 0x03, 0x06, 0x33, 0x79, 0x03, 
	0x2b, 0x0c, 0xca, 0x1d, 0x28, 0xb7, 0xad, 0x13, 
	0x62, 0x1a, 0x10, 0x75, 0x28, 0x2f, 0x33, 0x1d, 
	0x12, 0x6c, 0x28, 0x1d, 0x6b, 0x7d, 0x72, 0x24, 
	0x13, 0x0e, 0x6c, 0x55, 0x1e, 0x59, 0x2c, 0x45, 
	0x97, 0x15, 0x0d, 0x29, 0x69, 0x56, 0xcb, 0x10, 
	0x33, 0x25, 0x06, 0xca, 0x42, 0xcc, 0x33, 0x1b, 
	0x33, 0x27, 0x56, 0x3c, 0x19, 0x55, 0x6b, 0x05, 
	0x19, 0x55, 0xa8, 0x1a, 0x1e, 0x85, 0x27, 0x85, 
	0x29, 0x7e, 0x5a, 0x2c, 0x08, 0x38, 0x67, 0x92, 
	0x67, 0x15, 0x2f, 0x54, 0x35, 0xcd, 0x7a, 0x31, 
	0x43, 0x04, 0x76, 0x28, 0x2f, 0x15, 0x0d, 0x27, 
	0x56, 0xce, 0x01, 0x6b, 0x45, 0x24, 0x15, 0x78, 
	0x32, 0x2c, 0x6b, 0x6c, 0x2b, 0x1d, 0xb1, 0x87, 
	
};

Gfx pss_dl_generic_textures_03000_rgba16_pal_rgba16_aligner[] = {gsSPEndDisplayList()};
u8 pss_dl_generic_textures_03000_rgba16_pal_rgba16[] = {
	0x9c, 0xe7, 0xcd, 0xe9, 0x94, 0x1d, 0xa4, 0x9f, 
	0xac, 0xe3, 0xac, 0xe1, 0x9c, 0x9f, 0xc5, 0xa9, 
	0xe6, 0xb1, 0xe6, 0x6f, 0x5a, 0xd1, 0x6a, 0x8f, 
	0x94, 0x5b, 0x83, 0x99, 0x83, 0x97, 0x94, 0x5f, 
	0xb5, 0x25, 0x73, 0x57, 0x7b, 0x55, 0x73, 0x55, 
	0x73, 0x15, 0x9c, 0x5d, 0x83, 0xdb, 0x6a, 0xd1, 
	0x7b, 0xd9, 0x7b, 0x97, 0x7b, 0xdb, 0x83, 0x95, 
	0x84, 0x1d, 0x94, 0x5d, 0xbd, 0x63, 0xc5, 0xab, 
	0xb5, 0xab, 0xf7, 0x33, 0x7b, 0xdd, 0xd5, 0xeb, 
	0xcd, 0xa7, 0x9c, 0xa1, 0x94, 0x1b, 0x83, 0xd9, 
	0x8c, 0x1b, 0x8c, 0x1d, 0xbd, 0xab, 0xb5, 0x23, 
	0xc5, 0xa7, 0x6b, 0x5b, 0x6b, 0x11, 0x8b, 0xdb, 
	0x8b, 0x97, 0xbd, 0x67, 0xad, 0x23, 0x7b, 0x99, 
	0xcd, 0xeb, 0xde, 0x2b, 0x6b, 0x59, 0x6b, 0x13, 
	0xee, 0xb1, 0xff, 0xfb, 0x8c, 0xa7, 0x62, 0xd3, 
	0xbd, 0xa7, 0xa4, 0x9d, 0xf7, 0x35, 0xde, 0x2d, 
	0xa5, 0x27, 0x94, 0xa1, 0xd5, 0xe7, 0xd6, 0x2f, 
	0x8c, 0x5f, 0xa4, 0xe1, 0x6b, 0x57, 0x9c, 0x1b, 
	0x73, 0xdd, 0x8c, 0x1f, 0xf6, 0xf3, 0x62, 0xd5, 
	0x9c, 0xe5, 0xce, 0x2b, 0xd6, 0x2d, 0xc5, 0xe9, 
	0xb4, 0xe3, 0xff, 0xf9, 0xde, 0xaf, 0xe6, 0x6d, 
	0xa4, 0xa1, 0x73, 0x97, 0xa4, 0xe3, 0xe6, 0xf1, 
	0xee, 0xf1, 0xd6, 0x2b, 0xc5, 0x65, 0x39, 0xc9, 
	0xb5, 0x65, 0x83, 0x9b, 0x7b, 0x59, 0xc6, 0x2b, 
	0xff, 0xff, 0xbd, 0xa5, 0x8c, 0x5d, 0x7b, 0x57, 
	0x73, 0x53, 0x52, 0x4f, 0x83, 0xd7, 0xde, 0x6f, 
	0xff, 0xb9, 0x62, 0xd1, 0x94, 0x9f, 0xbd, 0x65, 
	0x8b, 0xd9, 0x94, 0x1f, 0xa5, 0x25, 0xb5, 0x67, 
	0xef, 0x37, 0xff, 0xb7, 0xde, 0x6d, 0x93, 0xdb, 
	0xcd, 0xa9, 0xe6, 0xad, 0xac, 0xa1, 0xee, 0xf3, 
	0x9c, 0x5f, 0xd5, 0xe9, 0xad, 0x25, 0x7b, 0x9d, 
	0xe6, 0xaf, 0xee, 0xaf, 0xad, 0x21, 0x39, 0xcb, 
	0xbd, 0x25, 0xa4, 0x5f, 0x30, 0x81, 0x6b, 0x17, 
	0x41, 0xc9, 0x9c, 0x9d, 0xa4, 0xa3, 0x73, 0x13, 
	0xb4, 0xe1, 0xff, 0xfd, 0x49, 0xc5, 0x5a, 0x91, 
	0x6b, 0x55, 0x7c, 0x1f, 0xd5, 0xa9, 0x9c, 0x5b, 
	0xb5, 0x1f, 0x73, 0x11, 0xd6, 0x6d, 0x6a, 0x8d, 
	0x5a, 0x8f, 0x84, 0x1f, 0x7b, 0x9b, 0x8c, 0x19, 
	0x7b, 0x95, 0xd6, 0x29, 0xff, 0x77, 0x7b, 0x13, 
	0xac, 0xdf, 0x7b, 0x11, 0x83, 0xdd, 0x94, 0x61, 
	0xf6, 0xaf, 0xc5, 0x67, 0x84, 0x1b, 0xc5, 0xa5, 
	0x9c, 0xa3, 0xcd, 0xe7, 0xa4, 0xdf, 0xf6, 0xf1, 
	0x73, 0x99, 0xa4, 0x5b, 0x94, 0x19, 0xac, 0x9f, 
	0x6b, 0x15, 0x7b, 0x53, 0xef, 0x33, 0xb5, 0xa9, 
	0x8c, 0x61, 0x6a, 0xcf, 0x6a, 0xd3, 0x8b, 0xd7, 
	0xbd, 0x23, 0xde, 0x29, 0xe6, 0xed, 0x62, 0x8f, 
	0x52, 0x0d, 0x52, 0x4d, 0x73, 0x17, 0x9c, 0xe3, 
	0xde, 0x6b, 0xde, 0xb1, 0xb5, 0x6b, 0xd6, 0x6f, 
	0x5a, 0xd3, 0xc5, 0x63, 0xb5, 0x69, 0x73, 0x59, 
	0xff, 0x31, 0xff, 0x33, 0x62, 0x4d, 0xce, 0x2d, 
	0xa5, 0x23, 0xbd, 0x69, 0xb5, 0x21, 0xce, 0x71, 
	0x73, 0xdb, 0xa4, 0xe5, 0xc5, 0xeb, 
};

Gfx pss_dl_generic_textures_01000_rgba16_rgba16_aligner[] = {gsSPEndDisplayList()};
u8 pss_dl_generic_textures_01000_rgba16_rgba16[] = {
	0x9d, 0x2b, 0xde, 0xfd, 0xad, 0x29, 0x74, 0x23, 
	0x64, 0xa5, 0x74, 0x65, 0xc6, 0x79, 0xc5, 0xf1, 
	0x6c, 0x63, 0x6c, 0xa5, 0x7c, 0x63, 0x75, 0x2b, 
	0x4b, 0x17, 0x5b, 0x57, 0xc6, 0x77, 0x7c, 0x65, 
	0x64, 0x61, 0x4b, 0x95, 0x5c, 0x1d, 0x8d, 0x6d, 
	0x7c, 0x63, 0x7c, 0x21, 0x6c, 0x63, 0x84, 0xe7, 
	0x7b, 0xdd, 0x75, 0x29, 0x7c, 0xa5, 0x63, 0xdd, 
	0x6b, 0xdd, 0x74, 0x5f, 0x74, 0xa5, 0x7d, 0x29, 
	0x4b, 0x99, 0x53, 0xdd, 0x6c, 0x61, 0x6c, 0xa3, 
	0x7c, 0xe5, 0x74, 0x63, 0x53, 0xdb, 0x84, 0xa5, 
	0xa5, 0x2b, 0x6c, 0x63, 0x8c, 0xe9, 0x74, 0xa5, 
	0xb5, 0x29, 0x9c, 0xe9, 0x74, 0xe9, 0x6b, 0xdb, 
	0x42, 0xd1, 0x32, 0xd3, 0x6c, 0x5f, 0x7c, 0xe9, 
	0x8d, 0x2b, 0x5c, 0x1b, 0x2b, 0x0f, 0x74, 0x1f, 
	0xc5, 0xf3, 0x4b, 0x99, 0x6c, 0x21, 0x75, 0x29, 
	0xa5, 0xad, 0xad, 0xaf, 0x6c, 0x63, 0x74, 0x1f, 
	0x53, 0x99, 0x33, 0x57, 0x6b, 0xdb, 0x84, 0xa5, 
	0x74, 0xa3, 0x8c, 0xe5, 0x64, 0xa1, 0x74, 0x5f, 
	0x7c, 0xa3, 0x64, 0xa3, 0x7c, 0xa3, 0x3b, 0x57, 
	0x95, 0x6d, 0xc6, 0xfb, 0x75, 0x6b, 0x8d, 0x29, 
	0x63, 0x9b, 0x9c, 0xe7, 0x8c, 0xe7, 0x6c, 0x61, 
	0x7c, 0x65, 0x5b, 0xdb, 0x32, 0x8d, 0x53, 0x59, 
	0xad, 0xad, 0x9c, 0x61, 0x7c, 0xa5, 0x5c, 0x1f, 
	0x74, 0x21, 0x64, 0x63, 0x74, 0xe7, 0x6c, 0x23, 
	0x64, 0x1d, 0x5b, 0xdd, 0x8c, 0xe7, 0x8c, 0xa9, 
	0x7c, 0xa5, 0x84, 0x61, 0x5b, 0xdb, 0x8c, 0xa5, 
	0x7c, 0xa5, 0x7c, 0xe5, 0x74, 0x21, 0x4b, 0x9b, 
	0x43, 0xdb, 0x94, 0xe9, 0x5b, 0x9d, 0x43, 0x19, 
	0x85, 0x6b, 0xce, 0xfd, 0x73, 0xdd, 0x42, 0xd1, 
	0x7c, 0xeb, 0x85, 0x2d, 0x84, 0xa3, 0x7c, 0xa7, 
	0x64, 0xa5, 0xc6, 0x75, 0x84, 0x63, 0x6b, 0x59, 
	0x7c, 0x63, 0x6b, 0xdf, 0x6c, 0x21, 0x84, 0x63, 
	0x7c, 0xe9, 0x7c, 0xe9, 0x6c, 0xa7, 0x7d, 0x2b, 
	0x6c, 0xa7, 0x5b, 0xd9, 0xa4, 0xe7, 0x8c, 0xe9, 
	0x84, 0xe7, 0x74, 0xa5, 0x74, 0x21, 0x5b, 0xdd, 
	0x3b, 0x59, 0x64, 0x1f, 0x7b, 0x9d, 0x72, 0xd7, 
	0x5b, 0x9d, 0x64, 0x23, 0x43, 0x99, 0x4b, 0xd9, 
	0x8d, 0x6f, 0x8d, 0x29, 0x7c, 0xa5, 0x85, 0x2b, 
	0x6c, 0x63, 0x5c, 0x65, 0x74, 0xa7, 0xad, 0x6d, 
	0x74, 0xe9, 0x8c, 0xa3, 0x74, 0x21, 0x74, 0xa7, 
	0x74, 0xe9, 0x75, 0x2b, 0x6c, 0x65, 0x74, 0xe9, 
	0x6c, 0xe9, 0x4b, 0x99, 0xc6, 0x35, 0x74, 0xeb, 
	0x7c, 0x63, 0x74, 0xa5, 0x7c, 0xe5, 0x74, 0x21, 
	0x7c, 0x65, 0x6c, 0xa7, 0xa5, 0xf1, 0xe6, 0xb7, 
	0x7c, 0xe9, 0x84, 0x65, 0x3b, 0x13, 0x53, 0xdb, 
	0x8c, 0xe9, 0x84, 0xe9, 0x4b, 0x17, 0x42, 0x4d, 
	0x7c, 0xa3, 0x8c, 0xa3, 0x7c, 0x21, 0x6c, 0x63, 
	0x7c, 0xe9, 0xbe, 0x35, 0x7d, 0x29, 0x6c, 0xe9, 
	0x7c, 0x63, 0x5c, 0x21, 0x6c, 0x61, 0x8c, 0xa5, 
	0x6b, 0xdf, 0x3b, 0x57, 0x6c, 0x1f, 0x6c, 0xa7, 
	0x8c, 0xe5, 0x7d, 0x29, 0x7c, 0xa3, 0x64, 0x1d, 
	0x7c, 0xe7, 0x6c, 0x63, 0x64, 0x63, 0x7c, 0xe5, 
	0x6c, 0xeb, 0x95, 0x2b, 0x6c, 0x1d, 0x6c, 0x61, 
	0x7c, 0xe9, 0x6c, 0xa5, 0xc5, 0xf1, 0xd5, 0xf3, 
	0x7d, 0x2b, 0x5b, 0xdb, 0x4b, 0x97, 0x53, 0x57, 
	0x7c, 0x63, 0x94, 0xe7, 0x6c, 0x21, 0x63, 0x9b, 
	0x8d, 0x29, 0x6c, 0xa1, 0x84, 0xe7, 0x74, 0x61, 
	0x5b, 0xdb, 0x74, 0x61, 0xa4, 0xe7, 0x74, 0x63, 
	0x74, 0xa7, 0x74, 0x21, 0x43, 0xdb, 0x33, 0x57, 
	0x73, 0xdf, 0x84, 0x1f, 0x74, 0x1f, 0x74, 0xa3, 
	0x74, 0x65, 0x84, 0xe9, 0x74, 0xe7, 0x63, 0x9d, 
	0x74, 0x63, 0x7c, 0xe9, 0xa5, 0xaf, 0x9d, 0x6b, 
	0x64, 0x63, 0x43, 0x57, 0x3b, 0x97, 0x4b, 0x97, 
	0x7c, 0x63, 0x64, 0xa3, 0x94, 0xa5, 0xa5, 0x29, 
	0x95, 0x69, 0x7d, 0x29, 0x8d, 0x29, 0x5b, 0xdd, 
	0x43, 0xdd, 0x7c, 0xe7, 0x9d, 0x29, 0x74, 0xe9, 
	0x6c, 0xa7, 0x53, 0x9b, 0x43, 0x57, 0x6c, 0x21, 
	0x8d, 0x6d, 0x74, 0x65, 0x7b, 0xdf, 0x64, 0x61, 
	0x6c, 0x61, 0x8d, 0x29, 0x85, 0x6d, 0x53, 0xdb, 
	0x5b, 0xdb, 0x74, 0x21, 0x3b, 0x15, 0x53, 0x99, 
	0x8c, 0xa5, 0x94, 0xa5, 0x43, 0x15, 0x63, 0xdd, 
	0x95, 0x29, 0x75, 0x2b, 0x6c, 0x65, 0x74, 0xe9, 
	0x84, 0x63, 0x63, 0xdf, 0x5b, 0xdd, 0x5b, 0xdb, 
	0x4b, 0x55, 0x74, 0xa3, 0x74, 0xe7, 0x7c, 0x63, 
	0xa5, 0x6b, 0x7d, 0x29, 0x6b, 0xdd, 0x74, 0xa7, 
	0x5c, 0xe9, 0xad, 0x6d, 0x95, 0x29, 0x33, 0x5d, 
	0x3b, 0x59, 0x52, 0xd5, 0x3a, 0x4f, 0x33, 0x99, 
	0x74, 0xa3, 0x84, 0xeb, 0x43, 0x59, 0x64, 0x1f, 
	0x85, 0x2f, 0x85, 0x6f, 0x6c, 0x63, 0x95, 0x2d, 
	0x7c, 0x63, 0x64, 0x1f, 0x84, 0x63, 0x7d, 0x2b, 
	0x53, 0x9b, 0x3b, 0x99, 0x33, 0x59, 0x74, 0x63, 
	0xa5, 0x2b, 0x8c, 0xe3, 0x6c, 0x63, 0x63, 0xdd, 
	0x74, 0xa5, 0x85, 0x29, 0x95, 0x29, 0x8c, 0xa5, 
	0x74, 0x1f, 0x95, 0x6b, 0x6c, 0x63, 0x5b, 0x9d, 
	0x84, 0xa7, 0x8d, 0x6d, 0x94, 0x1f, 0x32, 0xd3, 
	0x74, 0x63, 0x9d, 0x6f, 0x63, 0xdd, 0x5b, 0x59, 
	0x7c, 0x63, 0x63, 0xdf, 0x74, 0xa7, 0x74, 0xe9, 
	0x3b, 0x15, 0x6b, 0x99, 0x6b, 0x9b, 0x4b, 0x17, 
	0x8c, 0xa5, 0x4b, 0x9b, 0x53, 0x9b, 0xa5, 0x29, 
	0xce, 0x75, 0x53, 0xdb, 0x94, 0x63, 0x5b, 0x9d, 
	0x12, 0x95, 0x53, 0x9b, 0xa5, 0x29, 0xa5, 0x2b, 
	0x6c, 0x61, 0x7d, 0x29, 0x85, 0x29, 0x84, 0xe7, 
	0x74, 0xe9, 0x74, 0xa7, 0xc6, 0x35, 0xac, 0xe9, 
	0x5b, 0xdd, 0x6c, 0xa7, 0xbd, 0xad, 0x85, 0x29, 
	0x85, 0x25, 0x94, 0xe3, 0xa5, 0x6d, 0x5c, 0x1d, 
	0x3b, 0x55, 0x7c, 0x63, 0x43, 0xdb, 0xa5, 0x29, 
	0xb5, 0xad, 0xd6, 0x37, 0x9d, 0x6d, 0x7c, 0xe5, 
	0x64, 0x1d, 0x5b, 0x9b, 0xde, 0xfb, 0xad, 0x6d, 
	0x53, 0x5b, 0x3b, 0x57, 0x84, 0xe7, 0x3b, 0xdf, 
	0x33, 0x5b, 0x95, 0x2b, 0x95, 0xad, 0x74, 0x1f, 
	0x8c, 0xe9, 0x4b, 0x59, 0x3b, 0x9d, 0xad, 0xf1, 
	0x53, 0xd9, 0x22, 0xd1, 0x4b, 0x99, 0x7c, 0xe5, 
	0x74, 0x1f, 0x94, 0xe9, 0xad, 0x6d, 0x5b, 0xdd, 
	0x5b, 0x99, 0x53, 0xdd, 0x5c, 0x1d, 0xd6, 0xbb, 
	0x3b, 0x15, 0x95, 0x6f, 0x6c, 0xeb, 0x7c, 0x65, 
	0x5b, 0xdd, 0x4b, 0x9b, 0x7c, 0xa3, 0x64, 0xe7, 
	0xbd, 0xf1, 0x95, 0x27, 0x85, 0x29, 0x6c, 0x1f, 
	0x3b, 0xdd, 0x74, 0x61, 0x5b, 0xdb, 0x53, 0x59, 
	0x95, 0x2d, 0x84, 0xa5, 0x22, 0x91, 0x2b, 0x17, 
	0x74, 0x63, 0x74, 0x61, 0x63, 0x9b, 0x53, 0xdd, 
	0x33, 0x59, 0x43, 0x59, 0x85, 0x29, 0x7d, 0x2b, 
	0x8c, 0xa7, 0x5b, 0x9d, 0x5b, 0xdd, 0x64, 0x23, 
	0x53, 0x99, 0x8d, 0x29, 0x7c, 0xa5, 0x5b, 0xdb, 
	0x32, 0xd5, 0x4b, 0xdd, 0xad, 0x6b, 0x74, 0xe7, 
	0x7c, 0xe7, 0x84, 0xe7, 0x74, 0xa5, 0x84, 0x21, 
	0x6c, 0x21, 0x64, 0x1f, 0x54, 0x1d, 0x54, 0x1d, 
	0x7c, 0xa9, 0xb5, 0xf1, 0x9c, 0xe9, 0x7c, 0x63, 
	0xa5, 0x6f, 0x85, 0xb1, 0x74, 0x65, 0x4b, 0x59, 
	0x5c, 0x1f, 0x7b, 0xdf, 0x7c, 0x63, 0x8d, 0x29, 
	0x5c, 0x1d, 0x53, 0x99, 0x94, 0xe5, 0x85, 0x2b, 
	0x7c, 0x61, 0x8d, 0x27, 0x74, 0xa5, 0x74, 0x21, 
	0x63, 0xdd, 0x74, 0xe7, 0x95, 0x29, 0x9d, 0x2b, 
	0x7c, 0x1f, 0xad, 0x29, 0x94, 0xe5, 0x4b, 0x99, 
	0x6c, 0xa5, 0x84, 0xeb, 0x4b, 0x99, 0x54, 0x1d, 
	0x5c, 0x1f, 0x74, 0xa5, 0xb5, 0xef, 0x7c, 0xa1, 
	0x6c, 0x61, 0x74, 0xa7, 0x8c, 0xa7, 0x8c, 0xa3, 
	0x7d, 0x2b, 0xe7, 0x3d, 0x64, 0x1f, 0x5c, 0x1f, 
	0x6c, 0x21, 0x33, 0x15, 0x4b, 0x99, 0x7c, 0xe9, 
	0x64, 0x63, 0x8d, 0x27, 0x74, 0xe7, 0xa5, 0x69, 
	0xad, 0x6d, 0x6c, 0x65, 0x6c, 0x61, 0xb5, 0xad, 
	0x4b, 0xdf, 0x5c, 0x63, 0x7c, 0xa5, 0x43, 0x99, 
	0x6c, 0x61, 0x95, 0x71, 0x7c, 0x61, 0x4b, 0x59, 
	0x2b, 0x17, 0x33, 0x17, 0x43, 0x9b, 0x4b, 0x99, 
	0x3b, 0x57, 0x8c, 0xa3, 0xef, 0x3d, 0xbd, 0xf3, 
	0x6c, 0xe7, 0xa5, 0xb1, 0x43, 0x9b, 0x5c, 0x21, 
	0x95, 0xaf, 0x74, 0x63, 0x74, 0x21, 0x53, 0xdd, 
	0x64, 0x1f, 0xa5, 0x29, 0x6c, 0x21, 0x84, 0xe7, 
	0x84, 0xa5, 0x53, 0x9d, 0x64, 0x61, 0x8d, 0x27, 
	0x73, 0xdf, 0x23, 0x17, 0x43, 0x59, 0x53, 0x99, 
	0x84, 0xe5, 0x84, 0xeb, 0xad, 0x69, 0x94, 0xe7, 
	0x33, 0x57, 0xac, 0xe9, 0x94, 0xe7, 0x53, 0x57, 
	0x63, 0xdd, 0x3b, 0x55, 0x3b, 0x57, 0x53, 0x99, 
	0x7c, 0xa5, 0x6c, 0x63, 0x4b, 0x99, 0x7c, 0x61, 
	0x6c, 0x21, 0x8c, 0xe9, 0xbd, 0xb1, 0x73, 0xdf, 
	0x74, 0x61, 0x5b, 0x9b, 0x64, 0x1d, 0x8d, 0x6d, 
	0x74, 0xa3, 0x3b, 0x9b, 0x84, 0xa5, 0x8d, 0x25, 
	0xbd, 0xad, 0x63, 0xdd, 0x8c, 0xa3, 0x33, 0x59, 
	0x5b, 0xdf, 0x74, 0x61, 0x84, 0xe7, 0x7c, 0xe5, 
	0x9c, 0xe7, 0xde, 0xfd, 0xad, 0xaf, 0x4b, 0x15, 
	0x63, 0x9d, 0x63, 0xdb, 0x3b, 0x55, 0x5b, 0x59, 
	0x84, 0xa5, 0x8c, 0xa5, 0x7c, 0xa5, 0x7c, 0x63, 
	0x53, 0x59, 0x63, 0x9b, 0x5c, 0x1f, 0x64, 0x1f, 
	0x7c, 0xa7, 0x3b, 0x57, 0x3b, 0x97, 0x8c, 0xe9, 
	0x8d, 0x29, 0x2b, 0x57, 0x9d, 0x2b, 0x94, 0xe7, 
	0x43, 0xdd, 0x5c, 0x61, 0x95, 0x29, 0x4b, 0xdf, 
	0x53, 0xdf, 0x84, 0xe9, 0x74, 0xa3, 0x6c, 0xa1, 
	0xbd, 0xef, 0x6c, 0xe9, 0x53, 0x9b, 0x33, 0x57, 
	0x8c, 0xe9, 0xad, 0x2b, 0x73, 0xdf, 0x5b, 0x9b, 
	0x3b, 0xdb, 0x4b, 0xdd, 0x84, 0xe9, 0x53, 0xdb, 
	0x53, 0xdf, 0x64, 0x5f, 0x23, 0x59, 0x4b, 0x59, 
	0xbe, 0x35, 0xcd, 0xf1, 0x22, 0xd5, 0x53, 0x9b, 
	0xb5, 0x6d, 0x53, 0x9b, 0x84, 0xa5, 0x84, 0xa5, 
	0x33, 0x99, 0x3b, 0x9b, 0x6b, 0xdf, 0x9d, 0x29, 
	0x94, 0xe9, 0x7c, 0xa5, 0x33, 0x15, 0x2b, 0x15, 
	0x63, 0xdd, 0x85, 0x6d, 0x64, 0x61, 0x43, 0x99, 
	0x6c, 0xa3, 0x95, 0xef, 0x95, 0xf1, 0x74, 0xa3, 
	0x4c, 0x1f, 0x54, 0x21, 0x9d, 0xb1, 0x7c, 0xa5, 
	0x63, 0xdf, 0x7c, 0x63, 0x4b, 0x9b, 0x6c, 0x1d, 
	0x6c, 0x23, 0x94, 0xe5, 0x94, 0xe7, 0x3b, 0x5b, 
	0x94, 0xe9, 0x7d, 0x2b, 0x6c, 0xe7, 0x9d, 0x29, 
	0x43, 0x59, 0x7c, 0x21, 0xb5, 0xaf, 0x85, 0x2b, 
	0x4b, 0xdd, 0x33, 0x15, 0x73, 0x9b, 0x7c, 0xa3, 
	0x84, 0xa7, 0x7c, 0xa7, 0x74, 0x63, 0x53, 0x9b, 
	0x74, 0x1f, 0x7c, 0x65, 0x84, 0xe9, 0x63, 0x9d, 
	0x43, 0x5b, 0x4b, 0x9b, 0x8c, 0x65, 0xd5, 0xf1, 
	0x64, 0x1f, 0x53, 0x9d, 0x84, 0xe9, 0x8d, 0x29, 
	0x33, 0x13, 0x53, 0xd9, 0xb5, 0x6d, 0x43, 0x9d, 
	0x64, 0x61, 0xad, 0xad, 0x84, 0xa5, 0x8d, 0x2b, 
	0x74, 0x63, 0x6c, 0x1d, 0xa5, 0x6b, 0x7d, 0x2d, 
	0x2b, 0x59, 0x64, 0x1f, 0xe6, 0xbb, 0x7d, 0x2b, 
	0x84, 0xa9, 0x7c, 0xa3, 0x5c, 0x1d, 0x5c, 0x1b, 
	0x5b, 0xdf, 0x53, 0x9b, 0x5b, 0x9b, 0x6c, 0x1b, 
	0x74, 0x1f, 0x53, 0x9b, 0x33, 0x17, 0x6c, 0x61, 
	0x5c, 0x1f, 0x5b, 0x9d, 0x84, 0xa3, 0x95, 0x2b, 
	0x64, 0x1f, 0x6c, 0x5f, 0x5b, 0xdd, 0x4b, 0x9b, 
	0x4b, 0xdf, 0x7c, 0xa3, 0x43, 0x15, 0x74, 0xa5, 
	0x7d, 0x2b, 0x3b, 0x55, 0x4b, 0xdd, 0x8c, 0xe9, 
	0x53, 0x9b, 0x84, 0xe5, 0xb5, 0xf1, 0x6c, 0xa9, 
	0x8d, 0x6f, 0x95, 0x29, 0x3b, 0x55, 0x63, 0xdd, 
	0x63, 0xdd, 0x54, 0x63, 0x5b, 0xdb, 0x4b, 0xd9, 
	0x6c, 0x61, 0x84, 0x63, 0x43, 0x57, 0x4b, 0x59, 
	0x4b, 0xdd, 0x4b, 0xdd, 0x53, 0x9b, 0x5c, 0x1f, 
	0x84, 0xe9, 0x53, 0x9b, 0x43, 0x99, 0x6b, 0xdd, 
	0x6b, 0x9b, 0x2b, 0x57, 0x43, 0x57, 0x8c, 0xe7, 
	0x7c, 0xe7, 0x8c, 0xa3, 0x43, 0x57, 0x74, 0xa3, 
	0x95, 0x6d, 0x74, 0xa5, 0x3b, 0x99, 0x5b, 0x59, 
	0x7c, 0xa5, 0x6c, 0x1f, 0x7c, 0x1f, 0xb6, 0x31, 
	0xad, 0xaf, 0x43, 0x9d, 0x4b, 0x99, 0x4b, 0x99, 
	0x53, 0x9b, 0x85, 0x6d, 0x9d, 0xad, 0xb5, 0x6d, 
	0x6b, 0xdd, 0x43, 0x59, 0x43, 0x9d, 0x3b, 0xdd, 
	0x85, 0x2b, 0x64, 0x1f, 0x2b, 0x13, 0xa5, 0xad, 
	0xc6, 0x33, 0x64, 0x1f, 0x9d, 0x27, 0x84, 0xe7, 
	0x7c, 0xa3, 0xe6, 0xb9, 0xd6, 0x73, 0x8d, 0x6b, 
	0x7c, 0xeb, 0x5c, 0x1f, 0x4b, 0xdb, 0x84, 0xa5, 
	0x64, 0x5f, 0x53, 0xdb, 0x84, 0xa7, 0x7d, 0x69, 
	0x94, 0xe7, 0x73, 0xdf, 0x7c, 0xa5, 0x74, 0xa3, 
	0x7c, 0x21, 0x73, 0x9d, 0x5b, 0xdf, 0x5c, 0x1d, 
	0x7c, 0xa3, 0x94, 0xa5, 0x63, 0x9b, 0x4b, 0x9b, 
	0x85, 0x2b, 0x7c, 0xe5, 0x5b, 0x9d, 0x74, 0x61, 
	0x64, 0x1f, 0x53, 0xdb, 0x95, 0x27, 0x84, 0xe5, 
	0x7c, 0xe3, 0x74, 0xa5, 0x64, 0xa5, 0x74, 0x63, 
	0x8c, 0xa7, 0x43, 0x99, 0x3b, 0x99, 0x84, 0x61, 
	0x4b, 0x99, 0x64, 0x1f, 0x74, 0x63, 0x85, 0x25, 
	0x8c, 0xe7, 0xad, 0x6f, 0x95, 0x29, 0x7c, 0xe7, 
	0x95, 0x29, 0x64, 0x61, 0x53, 0x9d, 0x53, 0x13, 
	0x23, 0x11, 0x63, 0x99, 0xb5, 0x6d, 0x9d, 0x2b, 
	0x84, 0x63, 0x54, 0x1f, 0x43, 0x9d, 0x53, 0xdb, 
	0x23, 0x15, 0x43, 0x57, 0x74, 0x1f, 0x74, 0x63, 
	0x7c, 0xa3, 0x43, 0x9b, 0x33, 0x17, 0x73, 0x9b, 
	0x74, 0x21, 0x7c, 0x63, 0x74, 0x61, 0xb5, 0xaf, 
	0x63, 0xdf, 0x43, 0xe1, 0x5b, 0xdf, 0xa5, 0x29, 
	0x5b, 0xdd, 0x2a, 0xd3, 0x7c, 0x21, 0x6c, 0x1d, 
	0x5b, 0xdd, 0x4b, 0xdf, 0x64, 0x21, 0x84, 0x63, 
	0x43, 0x57, 0x63, 0x9b, 0x7c, 0xe5, 0x64, 0x61, 
	0x64, 0x1d, 0x43, 0x59, 0x4b, 0x9b, 0x84, 0xa3, 
	0x43, 0x97, 0x7c, 0xa5, 0x8c, 0xa3, 0x3b, 0x5b, 
	0x3b, 0x59, 0x3b, 0x59, 0x64, 0x61, 0xa4, 0xe9, 
	0x2b, 0x55, 0xbe, 0x35, 0xce, 0x77, 0x85, 0x2d, 
	0x64, 0x61, 0x5c, 0x1f, 0x4b, 0x9d, 0x74, 0xa7, 
	0x74, 0xa3, 0x63, 0xe1, 0x74, 0x63, 0x3b, 0x9b, 
	0x43, 0x5b, 0x43, 0x59, 0x7c, 0x65, 0xb6, 0x37, 
	0x85, 0x71, 0xad, 0x6d, 0x85, 0x27, 0x85, 0x29, 
	0x63, 0xdb, 0x7c, 0xa3, 0x74, 0x65, 0xbd, 0xf1, 
	0xd6, 0x33, 0x6c, 0x63, 0x5c, 0x61, 0x5b, 0x99, 
	0x84, 0xa5, 0x8c, 0xe5, 0x9d, 0x27, 0xde, 0xb7, 
	0x43, 0x99, 0x3b, 0x99, 0x64, 0x61, 0x6c, 0xe7, 
	0x7c, 0xe7, 0x54, 0x1f, 0x43, 0x99, 0x53, 0x99, 
	0x4b, 0x55, 0x64, 0x1f, 0x84, 0xa5, 0x63, 0xdd, 
	0x53, 0xdb, 0x5c, 0x1f, 0xbd, 0x6b, 0x6c, 0x1f, 
	0x43, 0x5b, 0x9c, 0xe7, 0x5b, 0xdd, 0x8c, 0xa3, 
	0x7c, 0xe9, 0x85, 0x2b, 0x6c, 0x63, 0x95, 0x6b, 
	0xc5, 0xf1, 0x43, 0x57, 0x2a, 0x91, 0x63, 0xdb, 
	0x8d, 0x2d, 0x7d, 0x29, 0x95, 0x29, 0x95, 0x6d, 
	0x7c, 0x61, 0x4b, 0x9b, 0x84, 0xa5, 0x95, 0x2b, 
	0x95, 0x2b, 0x63, 0xdd, 0x43, 0x9b, 0xc5, 0xb1, 
	0xe6, 0x77, 0x5b, 0x9f, 0x4b, 0xdf, 0x64, 0x1f, 
	0x4c, 0x61, 0x64, 0x61, 0x64, 0x1d, 0x3b, 0x9b, 
	0x33, 0x15, 0x4b, 0x99, 0x3b, 0x97, 0x4b, 0x9b, 
	0x7c, 0xe7, 0x53, 0x99, 0x5b, 0xdb, 0x74, 0xa7, 
	0x5b, 0x9b, 0x4b, 0xdd, 0x53, 0xdb, 0x84, 0x61, 
	0x75, 0x2b, 0x74, 0xa5, 0x9d, 0x27, 0x85, 0x29, 
	0x7c, 0xe7, 0x43, 0x59, 0x53, 0xdf, 0x8c, 0xe5, 
	0x64, 0x1f, 0x53, 0x9b, 0x3b, 0x5b, 0x6c, 0xe7, 
	0xa5, 0xaf, 0x54, 0x1f, 0x4b, 0x9b, 0x7c, 0x61, 
	0x53, 0xdd, 0x6b, 0xdd, 0x5b, 0xdd, 0x64, 0x5d, 
	0x5c, 0x1f, 0x5b, 0x9b, 0x6c, 0x1f, 0x6c, 0x1f, 
	
};

Gfx pss_dl_generic_textures_05000_rgba16_ci8_aligner[] = {gsSPEndDisplayList()};
u8 pss_dl_generic_textures_05000_rgba16_ci8[] = {
	0x00, 0x01, 0x02, 0x03, 0x04, 0x05, 0x06, 0x07, 
	0x08, 0x07, 0x09, 0x0a, 0x0b, 0x0c, 0x0d, 0x0b, 
	0x0e, 0x0f, 0x10, 0x11, 0x12, 0x13, 0x14, 0x15, 
	0x01, 0x0b, 0x15, 0x16, 0x07, 0x17, 0x00, 0x18, 
	0x19, 0x1a, 0x14, 0x1b, 0x04, 0x14, 0x1c, 0x1d, 
	0x0c, 0x1e, 0x17, 0x1f, 0x20, 0x21, 0x0c, 0x22, 
	0x23, 0x24, 0x25, 0x26, 0x27, 0x28, 0x1b, 0x00, 
	0x03, 0x21, 0x07, 0x29, 0x04, 0x2a, 0x1a, 0x21, 
	0x14, 0x21, 0x00, 0x0e, 0x0b, 0x2b, 0x1e, 0x15, 
	0x06, 0x0c, 0x07, 0x12, 0x2c, 0x12, 0x07, 0x03, 
	0x2d, 0x1b, 0x1d, 0x2c, 0x2e, 0x15, 0x0e, 0x2f, 
	0x15, 0x03, 0x06, 0x30, 0x21, 0x16, 0x2f, 0x2f, 
	0x1b, 0x03, 0x31, 0x07, 0x15, 0x14, 0x03, 0x03, 
	0x05, 0x06, 0x32, 0x33, 0x34, 0x35, 0x10, 0x14, 
	0x04, 0x17, 0x03, 0x33, 0x36, 0x37, 0x0e, 0x38, 
	0x15, 0x0d, 0x2f, 0x2f, 0x13, 0x2d, 0x2f, 0x2f, 
	0x39, 0x3a, 0x01, 0x0c, 0x3b, 0x14, 0x07, 0x37, 
	0x14, 0x15, 0x21, 0x3b, 0x03, 0x00, 0x00, 0x0b, 
	0x3c, 0x39, 0x05, 0x14, 0x3d, 0x3d, 0x37, 0x01, 
	0x08, 0x2b, 0x2d, 0x3e, 0x3f, 0x3c, 0x37, 0x40, 
	0x03, 0x41, 0x04, 0x13, 0x1b, 0x0c, 0x42, 0x43, 
	0x44, 0x0b, 0x0c, 0x0d, 0x06, 0x06, 0x3b, 0x45, 
	0x40, 0x0c, 0x0d, 0x03, 0x15, 0x3b, 0x06, 0x3b, 
	0x2f, 0x46, 0x03, 0x2a, 0x13, 0x2f, 0x2d, 0x2b, 
	0x0a, 0x0c, 0x3b, 0x40, 0x07, 0x14, 0x47, 0x0c, 
	0x14, 0x29, 0x3b, 0x18, 0x00, 0x00, 0x1e, 0x03, 
	0x48, 0x21, 0x00, 0x07, 0x06, 0x0d, 0x04, 0x03, 
	0x45, 0x2f, 0x37, 0x1c, 0x2f, 0x2f, 0x2d, 0x49, 
	0x08, 0x02, 0x0e, 0x05, 0x01, 0x4a, 0x1e, 0x05, 
	0x06, 0x49, 0x39, 0x0d, 0x06, 0x06, 0x0d, 0x24, 
	0x03, 0x49, 0x07, 0x4b, 0x15, 0x23, 0x07, 0x13, 
	0x18, 0x04, 0x04, 0x47, 0x4c, 0x40, 0x29, 0x07, 
	0x05, 0x4d, 0x4e, 0x1b, 0x4f, 0x00, 0x04, 0x03, 
	0x0c, 0x11, 0x15, 0x07, 0x37, 0x47, 0x15, 0x50, 
	0x14, 0x03, 0x04, 0x2b, 0x1c, 0x01, 0x01, 0x51, 
	0x0b, 0x04, 0x0d, 0x4b, 0x14, 0x45, 0x3a, 0x21, 
	0x52, 0x04, 0x2b, 0x53, 0x22, 0x4f, 0x00, 0x0b, 
	0x2b, 0x50, 0x00, 0x03, 0x54, 0x04, 0x01, 0x37, 
	0x13, 0x03, 0x55, 0x00, 0x1b, 0x56, 0x57, 0x1b, 
	0x00, 0x18, 0x00, 0x38, 0x21, 0x16, 0x07, 0x2f, 
	0x58, 0x01, 0x59, 0x2b, 0x5a, 0x5b, 0x01, 0x0e, 
	0x0d, 0x07, 0x00, 0x03, 0x03, 0x0d, 0x50, 0x06, 
	0x18, 0x0b, 0x1c, 0x00, 0x0d, 0x5c, 0x50, 0x14, 
	0x23, 0x18, 0x18, 0x38, 0x15, 0x5d, 0x04, 0x18, 
	0x1b, 0x38, 0x06, 0x07, 0x09, 0x5e, 0x07, 0x14, 
	0x0d, 0x00, 0x1e, 0x0d, 0x03, 0x2f, 0x1c, 0x06, 
	0x03, 0x2f, 0x15, 0x4e, 0x00, 0x3b, 0x48, 0x5f, 
	0x1d, 0x03, 0x0d, 0x2b, 0x4e, 0x15, 0x00, 0x18, 
	0x09, 0x00, 0x37, 0x05, 0x03, 0x3a, 0x03, 0x14, 
	0x03, 0x15, 0x15, 0x04, 0x51, 0x07, 0x04, 0x04, 
	0x03, 0x00, 0x2b, 0x22, 0x18, 0x03, 0x00, 0x60, 
	0x0a, 0x0b, 0x37, 0x2f, 0x04, 0x21, 0x2b, 0x5a, 
	0x21, 0x14, 0x00, 0x0c, 0x07, 0x14, 0x37, 0x1e, 
	0x05, 0x2b, 0x30, 0x61, 0x52, 0x2f, 0x0d, 0x5a, 
	0x1a, 0x2f, 0x18, 0x04, 0x00, 0x2f, 0x62, 0x36, 
	0x21, 0x23, 0x01, 0x44, 0x63, 0x37, 0x2b, 0x08, 
	0x33, 0x31, 0x0b, 0x0e, 0x00, 0x4f, 0x04, 0x64, 
	0x00, 0x22, 0x54, 0x21, 0x00, 0x00, 0x4b, 0x04, 
	0x65, 0x24, 0x2f, 0x66, 0x18, 0x01, 0x2f, 0x10, 
	0x21, 0x0d, 0x18, 0x24, 0x2b, 0x67, 0x2f, 0x18, 
	0x31, 0x68, 0x69, 0x37, 0x61, 0x03, 0x1b, 0x52, 
	0x1e, 0x5a, 0x00, 0x07, 0x00, 0x5d, 0x04, 0x1b, 
	0x2b, 0x22, 0x1b, 0x49, 0x6a, 0x15, 0x3b, 0x44, 
	0x3c, 0x2f, 0x18, 0x18, 0x6b, 0x6c, 0x18, 0x3e, 
	0x6d, 0x6d, 0x6e, 0x6f, 0x70, 0x15, 0x15, 0x2f, 
	0x0d, 0x1b, 0x52, 0x1d, 0x06, 0x3a, 0x61, 0x00, 
	0x03, 0x4b, 0x00, 0x0b, 0x00, 0x1e, 0x18, 0x18, 
	0x37, 0x3c, 0x4b, 0x71, 0x50, 0x2a, 0x18, 0x3e, 
	0x72, 0x2c, 0x2c, 0x1a, 0x05, 0x1b, 0x30, 0x00, 
	0x2f, 0x06, 0x50, 0x3c, 0x01, 0x21, 0x00, 0x40, 
	0x73, 0x49, 0x50, 0x2b, 0x0d, 0x2b, 0x5d, 0x5a, 
	0x03, 0x18, 0x0b, 0x07, 0x0b, 0x1a, 0x16, 0x5d, 
	0x03, 0x74, 0x00, 0x09, 0x00, 0x2f, 0x01, 0x03, 
	0x54, 0x06, 0x1f, 0x2c, 0x42, 0x3c, 0x14, 0x45, 
	0x2f, 0x03, 0x37, 0x43, 0x07, 0x2f, 0x2f, 0x75, 
	0x24, 0x2f, 0x76, 0x0b, 0x5d, 0x0b, 0x00, 0x03, 
	0x4f, 0x3a, 0x2b, 0x1b, 0x1e, 0x3e, 0x2b, 0x2f, 
	0x0d, 0x00, 0x77, 0x68, 0x33, 0x78, 0x17, 0x18, 
	0x2f, 0x01, 0x15, 0x3b, 0x58, 0x11, 0x0b, 0x2b, 
	0x5d, 0x2f, 0x43, 0x4b, 0x2d, 0x20, 0x12, 0x2e, 
	0x1b, 0x00, 0x50, 0x00, 0x3b, 0x04, 0x13, 0x00, 
	0x14, 0x61, 0x27, 0x42, 0x33, 0x79, 0x0e, 0x38, 
	0x0d, 0x37, 0x13, 0x18, 0x2f, 0x2b, 0x42, 0x38, 
	0x00, 0x2f, 0x37, 0x0d, 0x7a, 0x5e, 0x7b, 0x68, 
	0x03, 0x4b, 0x06, 0x08, 0x2b, 0x21, 0x17, 0x00, 
	0x23, 0x31, 0x36, 0x20, 0x35, 0x5e, 0x05, 0x38, 
	0x07, 0x15, 0x1b, 0x00, 0x2f, 0x0d, 0x2d, 0x5a, 
	0x5e, 0x4a, 0x50, 0x5a, 0x4b, 0x11, 0x11, 0x23, 
	0x2b, 0x00, 0x23, 0x3e, 0x56, 0x38, 0x18, 0x3b, 
	0x18, 0x72, 0x3d, 0x00, 0x23, 0x03, 0x76, 0x6d, 
	0x31, 0x49, 0x4b, 0x4b, 0x5a, 0x0f, 0x0b, 0x11, 
	0x15, 0x2f, 0x52, 0x4b, 0x3a, 0x15, 0x16, 0x7c, 
	0x2b, 0x1b, 0x0d, 0x01, 0x07, 0x4b, 0x0d, 0x08, 
	0x50, 0x3b, 0x07, 0x2b, 0x05, 0x00, 0x38, 0x04, 
	0x1b, 0x0d, 0x0a, 0x51, 0x4b, 0x2b, 0x2f, 0x49, 
	0x2f, 0x5c, 0x2b, 0x2f, 0x7d, 0x15, 0x7c, 0x3e, 
	0x44, 0x2b, 0x05, 0x03, 0x29, 0x47, 0x1b, 0x38, 
	0x4b, 0x06, 0x00, 0x50, 0x15, 0x04, 0x2b, 0x65, 
	0x2f, 0x2f, 0x01, 0x15, 0x2f, 0x18, 0x76, 0x07, 
	0x18, 0x08, 0x08, 0x00, 0x6b, 0x04, 0x7e, 0x44, 
	0x0e, 0x43, 0x4a, 0x09, 0x04, 0x03, 0x38, 0x7f, 
	0x14, 0x2f, 0x05, 0x80, 0x58, 0x06, 0x4b, 0x0b, 
	0x2f, 0x2f, 0x38, 0x37, 0x2f, 0x18, 0x41, 0x4b, 
	0x18, 0x3e, 0x3e, 0x1e, 0x41, 0x07, 0x40, 0x29, 
	0x4f, 0x50, 0x81, 0x56, 0x2b, 0x0e, 0x0e, 0x55, 
	0x01, 0x1b, 0x29, 0x63, 0x38, 0x06, 0x3e, 0x49, 
	0x45, 0x18, 0x80, 0x40, 0x00, 0x2f, 0x6d, 0x03, 
	0x3e, 0x08, 0x08, 0x2f, 0x49, 0x3b, 0x05, 0x16, 
	0x2b, 0x3d, 0x82, 0x74, 0x54, 0x15, 0x43, 0x0b, 
	0x41, 0x4b, 0x15, 0x3b, 0x58, 0x29, 0x2f, 0x07, 
	0x0d, 0x11, 0x13, 0x49, 0x2b, 0x3e, 0x83, 0x24, 
	0x2f, 0x5c, 0x4b, 0x2d, 0x84, 0x78, 0x0a, 0x76, 
	0x85, 0x33, 0x33, 0x86, 0x00, 0x04, 0x08, 0x06, 
	0x03, 0x07, 0x03, 0x0d, 0x6d, 0x50, 0x00, 0x03, 
	0x3a, 0x07, 0x2d, 0x29, 0x51, 0x01, 0x52, 0x42, 
	0x3a, 0x3e, 0x5d, 0x23, 0x26, 0x87, 0x88, 0x2b, 
	0x14, 0x2c, 0x6d, 0x89, 0x1b, 0x2d, 0x4e, 0x2f, 
	0x18, 0x15, 0x1b, 0x2f, 0x37, 0x03, 0x0a, 0x42, 
	0x07, 0x2f, 0x18, 0x08, 0x12, 0x21, 0x2d, 0x0b, 
	0x38, 0x0a, 0x4a, 0x2d, 0x42, 0x8a, 0x27, 0x1b, 
	0x8b, 0x06, 0x76, 0x41, 0x0e, 0x01, 0x38, 0x3b, 
	0x08, 0x6d, 0x2b, 0x4b, 0x2b, 0x45, 0x52, 0x40, 
	0x06, 0x18, 0x18, 0x2b, 0x11, 0x06, 0x7c, 0x0b, 
	0x2f, 0x18, 0x44, 0x04, 0x6e, 0x8c, 0x8d, 0x14, 
	0x2b, 0x0e, 0x1b, 0x11, 0x3a, 0x3a, 0x2b, 0x2b, 
	0x38, 0x4a, 0x8b, 0x6d, 0x06, 0x08, 0x2f, 0x4b, 
	0x07, 0x18, 0x00, 0x58, 0x15, 0x18, 0x76, 0x0b, 
	0x3e, 0x76, 0x5d, 0x7c, 0x31, 0x42, 0x83, 0x2b, 
	
};

Gfx pss_dl_generic_textures_05000_rgba16_pal_rgba16_aligner[] = {gsSPEndDisplayList()};
u8 pss_dl_generic_textures_05000_rgba16_pal_rgba16[] = {
	0x31, 0xd1, 0x4a, 0x97, 0x21, 0x0d, 0x29, 0x8f, 
	0x4a, 0x55, 0x11, 0x0b, 0x21, 0x4d, 0x52, 0x97, 
	0x42, 0x15, 0x10, 0x87, 0x73, 0xa1, 0x5a, 0xd9, 
	0x10, 0xc9, 0x21, 0x4f, 0x10, 0xcb, 0x73, 0x5d, 
	0xa5, 0x2b, 0x73, 0x9f, 0xad, 0xb3, 0x31, 0x8f, 
	0x19, 0x0b, 0x42, 0x13, 0x21, 0x91, 0x29, 0x4d, 
	0x31, 0xd3, 0x7c, 0x21, 0x3a, 0x11, 0x19, 0x0d, 
	0x73, 0x9d, 0x5a, 0xd7, 0x31, 0x91, 0xa5, 0x2d, 
	0xad, 0x6f, 0x39, 0xd1, 0x5a, 0x97, 0x11, 0x0d, 
	0x29, 0xd1, 0x7b, 0x9f, 0x7c, 0x25, 0xa5, 0x71, 
	0x39, 0xcf, 0x52, 0x99, 0x42, 0x11, 0x3a, 0x13, 
	0x9c, 0xed, 0x19, 0x4f, 0xa5, 0x6f, 0x29, 0x91, 
	0x52, 0xd7, 0x84, 0x23, 0x9c, 0xe7, 0xa5, 0x2f, 
	0x9c, 0xe9, 0xb5, 0xb3, 0xbe, 0x37, 0x63, 0x1b, 
	0x4a, 0x57, 0x18, 0xcb, 0x5a, 0xdb, 0x19, 0x4d, 
	0x6b, 0x5b, 0x94, 0xa7, 0x3a, 0x15, 0x84, 0x21, 
	0x6b, 0x5d, 0x5b, 0x1d, 0x84, 0x25, 0x63, 0x5d, 
	0x4a, 0x99, 0x21, 0x8f, 0x63, 0x5b, 0x73, 0xe1, 
	0x8c, 0xa7, 0x52, 0xd9, 0x6b, 0x5f, 0x42, 0x55, 
	0x62, 0xd7, 0x6b, 0x9f, 0x42, 0x53, 0x10, 0x89, 
	0x7b, 0xe1, 0x63, 0x19, 0x39, 0xd3, 0x8c, 0x63, 
	0x29, 0x4f, 0x7c, 0x23, 0x73, 0xe3, 0x73, 0x5b, 
	0x63, 0x1d, 0x10, 0x47, 0x5b, 0x1b, 0x39, 0x8f, 
	0x32, 0x13, 0x29, 0xd3, 0x8c, 0x65, 0xc6, 0x79, 
	0xd6, 0xfb, 0x52, 0x95, 0x11, 0x4d, 0x84, 0x67, 
	0x94, 0xa5, 0x62, 0xd9, 0x4a, 0x95, 0x4a, 0x53, 
	0x94, 0xa9, 0x9c, 0xeb, 0x7b, 0xdf, 0x52, 0xdb, 
	0x52, 0x55, 0x7b, 0xe3, 0x9d, 0x2d, 0xad, 0xf3, 
	0x29, 0x8d, 0x29, 0x93, 0x8c, 0x67, 0x6b, 0x1b, 
	0xb5, 0xf5, 0x6b, 0x19, 0x42, 0x57, 0xad, 0x71, 
	0xb5, 0xf3, 0x9d, 0x2b, 0x11, 0x4f, 0xc6, 0xb9, 
	0x32, 0x15, 0x42, 0x99, 0x3a, 0x57, 0x74, 0x25, 
	0x6b, 0xa1, 0xad, 0xf5, 0x94, 0xab, 0x94, 0xeb, 
	0x84, 0x27, 0x63, 0x61, 0x62, 0xdb, 0xad, 0x73, 
	0xbe, 0x39, 0x10, 0x45, 0x94, 0xed, 0x63, 0x5f, 
	0xad, 0xb5, 0xad, 0xb1, 
};

Gfx pss_dl_generic_textures_05800_rgba16_ci8_aligner[] = {gsSPEndDisplayList()};
u8 pss_dl_generic_textures_05800_rgba16_ci8[] = {
	0x00, 0x01, 0x02, 0x01, 0x02, 0x03, 0x04, 0x05, 
	0x05, 0x02, 0x05, 0x06, 0x04, 0x04, 0x07, 0x06, 
	0x08, 0x07, 0x07, 0x09, 0x07, 0x07, 0x07, 0x04, 
	0x04, 0x06, 0x06, 0x06, 0x04, 0x09, 0x08, 0x02, 
	0x04, 0x06, 0x06, 0x0a, 0x06, 0x02, 0x05, 0x00, 
	0x00, 0x05, 0x00, 0x00, 0x00, 0x02, 0x02, 0x0b, 
	0x05, 0x00, 0x02, 0x02, 0x05, 0x05, 0x00, 0x00, 
	0x00, 0x00, 0x00, 0x00, 0x02, 0x02, 0x06, 0x0c, 
	0x02, 0x02, 0x02, 0x02, 0x02, 0x06, 0x02, 0x00, 
	0x00, 0x05, 0x00, 0x00, 0x05, 0x02, 0x06, 0x00, 
	0x06, 0x02, 0x02, 0x06, 0x06, 0x02, 0x02, 0x02, 
	0x02, 0x00, 0x00, 0x00, 0x06, 0x06, 0x06, 0x0c, 
	0x02, 0x02, 0x06, 0x02, 0x06, 0x06, 0x02, 0x00, 
	0x05, 0x05, 0x05, 0x00, 0x02, 0x02, 0x06, 0x0c, 
	0x05, 0x02, 0x02, 0x02, 0x02, 0x06, 0x02, 0x02, 
	0x02, 0x05, 0x00, 0x00, 0x02, 0x06, 0x06, 0x0b, 
	0x06, 0x02, 0x02, 0x06, 0x06, 0x02, 0x05, 0x00, 
	0x00, 0x00, 0x00, 0x05, 0x05, 0x02, 0x06, 0x0b, 
	0x06, 0x05, 0x02, 0x05, 0x05, 0x02, 0x02, 0x00, 
	0x05, 0x00, 0x00, 0x02, 0x06, 0x06, 0x06, 0x00, 
	0x02, 0x02, 0x02, 0x06, 0x06, 0x02, 0x02, 0x00, 
	0x00, 0x05, 0x00, 0x00, 0x00, 0x02, 0x02, 0x00, 
	0x06, 0x02, 0x05, 0x00, 0x05, 0x06, 0x02, 0x02, 
	0x02, 0x05, 0x00, 0x02, 0x02, 0x06, 0x06, 0x0c, 
	0x06, 0x02, 0x02, 0x02, 0x02, 0x02, 0x02, 0x00, 
	0x00, 0x00, 0x00, 0x00, 0x02, 0x02, 0x06, 0x00, 
	0x02, 0x02, 0x05, 0x00, 0x05, 0x02, 0x02, 0x02, 
	0x02, 0x02, 0x00, 0x02, 0x06, 0x06, 0x06, 0x0c, 
	0x02, 0x02, 0x06, 0x02, 0x01, 0x02, 0x02, 0x00, 
	0x00, 0x00, 0x05, 0x05, 0x02, 0x02, 0x02, 0x00, 
	0x06, 0x02, 0x00, 0x00, 0x05, 0x02, 0x01, 0x00, 
	0x02, 0x00, 0x00, 0x00, 0x02, 0x02, 0x02, 0x0d, 
	0x02, 0x02, 0x02, 0x02, 0x02, 0x02, 0x00, 0x00, 
	0x00, 0x00, 0x05, 0x00, 0x02, 0x02, 0x02, 0x00, 
	0x02, 0x01, 0x05, 0x00, 0x00, 0x00, 0x02, 0x01, 
	0x01, 0x01, 0x00, 0x02, 0x02, 0x02, 0x02, 0x0c, 
	0x02, 0x02, 0x02, 0x02, 0x01, 0x02, 0x00, 0x00, 
	0x00, 0x02, 0x00, 0x00, 0x02, 0x02, 0x0a, 0x00, 
	0x00, 0x02, 0x00, 0x00, 0x00, 0x00, 0x02, 0x00, 
	0x01, 0x00, 0x00, 0x02, 0x02, 0x02, 0x02, 0x0b, 
	0x02, 0x00, 0x00, 0x00, 0x00, 0x00, 0x00, 0x00, 
	0x00, 0x05, 0x02, 0x00, 0x02, 0x02, 0x0a, 0x0c, 
	0x00, 0x00, 0x00, 0x00, 0x00, 0x00, 0x01, 0x00, 
	0x00, 0x00, 0x00, 0x05, 0x02, 0x00, 0x02, 0x0d, 
	0x02, 0x02, 0x00, 0x00, 0x00, 0x00, 0x05, 0x00, 
	0x00, 0x05, 0x05, 0x00, 0x02, 0x02, 0x06, 0x0c, 
	0x00, 0x01, 0x00, 0x00, 0x00, 0x00, 0x05, 0x00, 
	0x05, 0x00, 0x00, 0x02, 0x02, 0x02, 0x02, 0x0b, 
	0x02, 0x00, 0x02, 0x02, 0x00, 0x00, 0x00, 0x00, 
	0x00, 0x02, 0x00, 0x00, 0x02, 0x02, 0x06, 0x0c, 
	0x00, 0x0c, 0x00, 0x00, 0x00, 0x00, 0x05, 0x05, 
	0x02, 0x00, 0x00, 0x02, 0x05, 0x00, 0x06, 0x0d, 
	0x02, 0x00, 0x02, 0x02, 0x02, 0x02, 0x00, 0x00, 
	0x00, 0x05, 0x05, 0x02, 0x02, 0x02, 0x06, 0x0c, 
	0x00, 0x00, 0x00, 0x05, 0x00, 0x05, 0x05, 0x02, 
	0x02, 0x00, 0x05, 0x02, 0x00, 0x00, 0x06, 0x0c, 
	0x05, 0x02, 0x02, 0x02, 0x02, 0x00, 0x00, 0x00, 
	0x00, 0x00, 0x00, 0x05, 0x00, 0x00, 0x02, 0x0d, 
	0x00, 0x00, 0x02, 0x00, 0x00, 0x00, 0x00, 0x05, 
	0x00, 0x00, 0x05, 0x00, 0x0b, 0x00, 0x05, 0x0d, 
	0x0e, 0x0f, 0x0f, 0x0f, 0x0f, 0x0e, 0x10, 0x10, 
	0x11, 0x0f, 0x0f, 0x0f, 0x0f, 0x0f, 0x0f, 0x0f, 
	0x0f, 0x0f, 0x0f, 0x0f, 0x0f, 0x12, 0x12, 0x0f, 
	0x0f, 0x0f, 0x0f, 0x0f, 0x0e, 0x0f, 0x0f, 0x0f, 
	0x02, 0x0d, 0x0d, 0x00, 0x00, 0x05, 0x0d, 0x13, 
	0x13, 0x0d, 0x0d, 0x13, 0x13, 0x0d, 0x0b, 0x0d, 
	0x06, 0x02, 0x00, 0x14, 0x00, 0x15, 0x15, 0x02, 
	0x02, 0x00, 0x00, 0x14, 0x05, 0x06, 0x04, 0x00, 
	0x06, 0x02, 0x02, 0x02, 0x06, 0x00, 0x02, 0x00, 
	0x00, 0x00, 0x00, 0x00, 0x00, 0x05, 0x02, 0x0c, 
	0x06, 0x02, 0x02, 0x02, 0x02, 0x02, 0x05, 0x02, 
	0x06, 0x06, 0x05, 0x14, 0x0b, 0x05, 0x06, 0x0b, 
	0x02, 0x00, 0x02, 0x02, 0x00, 0x00, 0x05, 0x00, 
	0x14, 0x00, 0x00, 0x00, 0x00, 0x00, 0x00, 0x0d, 
	0x06, 0x02, 0x05, 0x02, 0x02, 0x02, 0x02, 0x02, 
	0x05, 0x02, 0x05, 0x14, 0x00, 0x00, 0x02, 0x0d, 
	0x05, 0x00, 0x02, 0x02, 0x05, 0x00, 0x00, 0x00, 
	0x00, 0x00, 0x00, 0x00, 0x00, 0x00, 0x00, 0x0d, 
	0x02, 0x02, 0x02, 0x02, 0x02, 0x02, 0x02, 0x05, 
	0x05, 0x02, 0x00, 0x14, 0x00, 0x00, 0x02, 0x0d, 
	0x05, 0x00, 0x02, 0x05, 0x02, 0x00, 0x05, 0x00, 
	0x00, 0x00, 0x00, 0x00, 0x00, 0x00, 0x00, 0x0d, 
	0x06, 0x05, 0x05, 0x05, 0x00, 0x05, 0x02, 0x05, 
	0x05, 0x02, 0x00, 0x00, 0x00, 0x00, 0x05, 0x0d, 
	0x05, 0x00, 0x00, 0x00, 0x00, 0x00, 0x00, 0x00, 
	0x14, 0x00, 0x00, 0x00, 0x00, 0x00, 0x00, 0x0b, 
	0x06, 0x05, 0x05, 0x02, 0x00, 0x02, 0x02, 0x00, 
	0x02, 0x00, 0x00, 0x0b, 0x00, 0x00, 0x00, 0x0b, 
	0x00, 0x00, 0x00, 0x00, 0x0c, 0x00, 0x00, 0x0b, 
	0x14, 0x00, 0x14, 0x00, 0x0c, 0x00, 0x00, 0x0c, 
	0x06, 0x02, 0x02, 0x00, 0x05, 0x02, 0x00, 0x05, 
	0x00, 0x00, 0x00, 0x14, 0x14, 0x00, 0x00, 0x0b, 
	0x05, 0x00, 0x00, 0x00, 0x00, 0x00, 0x00, 0x0b, 
	0x14, 0x00, 0x0b, 0x0b, 0x00, 0x00, 0x00, 0x0c, 
	0x06, 0x00, 0x00, 0x00, 0x05, 0x05, 0x00, 0x00, 
	0x00, 0x00, 0x00, 0x0b, 0x00, 0x00, 0x05, 0x0b, 
	0x05, 0x00, 0x00, 0x00, 0x00, 0x00, 0x00, 0x0b, 
	0x00, 0x00, 0x0b, 0x0b, 0x00, 0x00, 0x00, 0x0c, 
	0x06, 0x00, 0x00, 0x00, 0x00, 0x00, 0x00, 0x00, 
	0x00, 0x00, 0x00, 0x14, 0x00, 0x0b, 0x05, 0x0b, 
	0x00, 0x00, 0x00, 0x00, 0x00, 0x00, 0x14, 0x0b, 
	0x0b, 0x00, 0x00, 0x0b, 0x00, 0x00, 0x00, 0x0c, 
	0x02, 0x00, 0x00, 0x00, 0x00, 0x05, 0x00, 0x00, 
	0x00, 0x00, 0x00, 0x0b, 0x0b, 0x0b, 0x00, 0x0b, 
	0x00, 0x00, 0x00, 0x00, 0x0b, 0x0b, 0x00, 0x0b, 
	0x0b, 0x00, 0x14, 0x0b, 0x00, 0x00, 0x05, 0x0b, 
	0x06, 0x00, 0x00, 0x00, 0x00, 0x00, 0x05, 0x00, 
	0x00, 0x00, 0x00, 0x0b, 0x0b, 0x00, 0x00, 0x0b, 
	0x00, 0x00, 0x00, 0x00, 0x0b, 0x00, 0x0c, 0x0b, 
	0x0b, 0x00, 0x0b, 0x0b, 0x00, 0x00, 0x00, 0x0c, 
	0x05, 0x00, 0x00, 0x00, 0x00, 0x00, 0x00, 0x00, 
	0x00, 0x00, 0x00, 0x14, 0x00, 0x0b, 0x00, 0x0b, 
	0x00, 0x0c, 0x00, 0x0c, 0x0b, 0x0c, 0x0b, 0x0d, 
	0x0d, 0x0b, 0x0b, 0x0b, 0x0b, 0x00, 0x00, 0x0b, 
	0x00, 0x00, 0x0b, 0x00, 0x00, 0x00, 0x00, 0x00, 
	0x0b, 0x00, 0x0c, 0x0b, 0x0b, 0x0b, 0x00, 0x0d, 
	0x00, 0x0c, 0x00, 0x00, 0x0b, 0x0c, 0x0b, 0x0b, 
	0x0b, 0x0b, 0x0d, 0x0b, 0x0b, 0x0b, 0x0c, 0x0d, 
	0x00, 0x00, 0x00, 0x00, 0x00, 0x00, 0x00, 0x0c, 
	0x0d, 0x0b, 0x0b, 0x0b, 0x0b, 0x00, 0x00, 0x0b, 
	0x05, 0x00, 0x00, 0x02, 0x00, 0x00, 0x00, 0x0b, 
	0x00, 0x00, 0x0b, 0x0b, 0x00, 0x00, 0x00, 0x0d, 
	0x00, 0x05, 0x00, 0x00, 0x05, 0x05, 0x00, 0x00, 
	0x00, 0x00, 0x00, 0x14, 0x00, 0x00, 0x02, 0x0b, 
	0x16, 0x17, 0x0e, 0x0e, 0x0e, 0x0e, 0x0f, 0x0f, 
	0x10, 0x0f, 0x11, 0x10, 0x0f, 0x0f, 0x0f, 0x0f, 
	0x12, 0x0f, 0x0f, 0x0f, 0x0f, 0x0f, 0x10, 0x0f, 
	0x0f, 0x0f, 0x0f, 0x10, 0x18, 0x10, 0x0f, 0x0f, 
	
};

Gfx pss_dl_generic_textures_05800_rgba16_pal_rgba16_aligner[] = {gsSPEndDisplayList()};
u8 pss_dl_generic_textures_05800_rgba16_pal_rgba16[] = {
	0x73, 0xe3, 0x73, 0xe5, 0x74, 0x25, 0x84, 0x67, 
	0x7c, 0x67, 0x74, 0x23, 0x7c, 0x25, 0x84, 0xa9, 
	0x8c, 0xa9, 0x84, 0x69, 0x7c, 0x27, 0x6b, 0xe1, 
	0x6b, 0xe3, 0x6b, 0xa1, 0x5b, 0x1d, 0x5b, 0x1b, 
	0x5a, 0xd9, 0x5a, 0xdb, 0x63, 0x5d, 0x6b, 0x9f, 
	0x73, 0xe1, 0x7c, 0x65, 0x63, 0x9f, 0x5b, 0x5d, 
	0x5b, 0x19, 
};

Gfx pss_dl_generic_textures_02000_rgba16_ci8_aligner[] = {gsSPEndDisplayList()};
u8 pss_dl_generic_textures_02000_rgba16_ci8[] = {
	0x00, 0x00, 0x00, 0x00, 0x00, 0x00, 0x00, 0x01, 
	0x02, 0x03, 0x03, 0x03, 0x03, 0x03, 0x03, 0x03, 
	0x03, 0x04, 0x05, 0x06, 0x07, 0x08, 0x00, 0x00, 
	0x00, 0x00, 0x00, 0x00, 0x00, 0x00, 0x00, 0x00, 
	0x00, 0x00, 0x00, 0x00, 0x00, 0x00, 0x09, 0x0a, 
	0x0b, 0x03, 0x03, 0x03, 0x03, 0x03, 0x03, 0x03, 
	0x03, 0x0c, 0x0d, 0x06, 0x0e, 0x0f, 0x00, 0x00, 
	0x00, 0x00, 0x00, 0x00, 0x00, 0x00, 0x00, 0x00, 
	0x00, 0x00, 0x00, 0x00, 0x00, 0x09, 0x10, 0x11, 
	0x12, 0x03, 0x03, 0x03, 0x03, 0x03, 0x03, 0x03, 
	0x03, 0x03, 0x05, 0x13, 0x14, 0x00, 0x00, 0x00, 
	0x00, 0x00, 0x00, 0x00, 0x00, 0x00, 0x00, 0x00, 
	0x00, 0x00, 0x00, 0x00, 0x00, 0x15, 0x16, 0x17, 
	0x18, 0x03, 0x03, 0x03, 0x03, 0x03, 0x03, 0x03, 
	0x03, 0x03, 0x19, 0x1a, 0x1b, 0x00, 0x00, 0x00, 
	0x00, 0x00, 0x00, 0x00, 0x00, 0x00, 0x00, 0x00, 
	0x00, 0x00, 0x00, 0x00, 0x15, 0x1c, 0x06, 0x13, 
	0x1d, 0x1e, 0x03, 0x03, 0x03, 0x03, 0x03, 0x03, 
	0x03, 0x03, 0x1f, 0x20, 0x21, 0x00, 0x00, 0x00, 
	0x00, 0x00, 0x00, 0x00, 0x00, 0x00, 0x00, 0x00, 
	0x00, 0x00, 0x00, 0x22, 0x23, 0x24, 0x25, 0x26, 
	0x27, 0x28, 0x03, 0x03, 0x03, 0x03, 0x03, 0x03, 
	0x03, 0x03, 0x29, 0x2a, 0x14, 0x00, 0x00, 0x00, 
	0x00, 0x00, 0x00, 0x00, 0x00, 0x00, 0x00, 0x00, 
	0x00, 0x2b, 0x2c, 0x2d, 0x2e, 0x2f, 0x30, 0x31, 
	0x1a, 0x1d, 0x32, 0x03, 0x03, 0x03, 0x03, 0x03, 
	0x03, 0x33, 0x34, 0x1a, 0x35, 0x2b, 0x00, 0x00, 
	0x00, 0x00, 0x00, 0x00, 0x00, 0x00, 0x00, 0x00, 
	0x36, 0x37, 0x38, 0x39, 0x3a, 0x3a, 0x3a, 0x3b, 
	0x3c, 0x0a, 0x3d, 0x3e, 0x3f, 0x40, 0x40, 0x40, 
	0x02, 0x41, 0x06, 0x13, 0x42, 0x43, 0x00, 0x00, 
	0x00, 0x00, 0x00, 0x00, 0x00, 0x00, 0x00, 0x00, 
	0x44, 0x45, 0x46, 0x3a, 0x3a, 0x3a, 0x3a, 0x3a, 
	0x47, 0x48, 0x1a, 0x49, 0x4a, 0x4a, 0x4b, 0x4c, 
	0x4d, 0x25, 0x26, 0x06, 0x4e, 0x4f, 0x50, 0x00, 
	0x00, 0x00, 0x00, 0x00, 0x00, 0x00, 0x2b, 0x1b, 
	0x06, 0x51, 0x52, 0x3a, 0x3a, 0x3a, 0x3a, 0x3a, 
	0x3a, 0x53, 0x06, 0x06, 0x54, 0x55, 0x55, 0x56, 
	0x56, 0x57, 0x58, 0x0d, 0x59, 0x5a, 0x4f, 0x50, 
	0x00, 0x00, 0x00, 0x00, 0x5b, 0x5c, 0x5d, 0x2a, 
	0x5e, 0x5f, 0x3a, 0x3a, 0x3a, 0x3a, 0x3a, 0x3a, 
	0x60, 0x16, 0x61, 0x00, 0x00, 0x00, 0x00, 0x00, 
	0x00, 0x00, 0x00, 0x62, 0x58, 0x63, 0x5a, 0x64, 
	0x65, 0x66, 0x67, 0x68, 0x69, 0x20, 0x13, 0x06, 
	0x5e, 0x6a, 0x52, 0x3a, 0x3a, 0x3a, 0x3a, 0x6b, 
	0x6c, 0x0f, 0x00, 0x00, 0x00, 0x00, 0x00, 0x00, 
	0x00, 0x00, 0x00, 0x00, 0x62, 0x58, 0x25, 0x5e, 
	0x17, 0x20, 0x6d, 0x6e, 0x6f, 0x3c, 0x05, 0x70, 
	0x59, 0x71, 0x72, 0x3a, 0x3a, 0x3a, 0x73, 0x74, 
	0x0f, 0x09, 0x00, 0x00, 0x00, 0x00, 0x00, 0x00, 
	0x00, 0x00, 0x00, 0x00, 0x00, 0x62, 0x0d, 0x06, 
	0x06, 0x75, 0x76, 0x03, 0x03, 0x0c, 0x04, 0x6f, 
	0x3c, 0x77, 0x78, 0x79, 0x79, 0x7a, 0x74, 0x7b, 
	0x00, 0x00, 0x00, 0x00, 0x00, 0x00, 0x00, 0x00, 
	0x00, 0x00, 0x00, 0x00, 0x00, 0x00, 0x57, 0x25, 
	0x7c, 0x7d, 0x03, 0x03, 0x03, 0x03, 0x03, 0x03, 
	0x7e, 0x7f, 0x1a, 0x80, 0x20, 0x81, 0x22, 0x00, 
	0x00, 0x00, 0x00, 0x00, 0x00, 0x00, 0x00, 0x00, 
	0x00, 0x00, 0x00, 0x00, 0x00, 0x00, 0x56, 0x7f, 
	0x82, 0x83, 0x03, 0x03, 0x03, 0x03, 0x03, 0x03, 
	0x0c, 0x3c, 0x06, 0x06, 0x06, 0x84, 0x2b, 0x00, 
	0x00, 0x00, 0x00, 0x00, 0x00, 0x00, 0x00, 0x00, 
	0x00, 0x00, 0x00, 0x00, 0x00, 0x00, 0x62, 0x85, 
	0x86, 0x87, 0x03, 0x03, 0x03, 0x03, 0x03, 0x03, 
	0x03, 0x6f, 0x25, 0x06, 0x88, 0x36, 0x00, 0x00, 
	0x00, 0x00, 0x00, 0x00, 0x00, 0x00, 0x00, 0x00, 
	0x00, 0x00, 0x00, 0x00, 0x00, 0x00, 0x89, 0x8a, 
	0x8b, 0x03, 0x03, 0x03, 0x03, 0x03, 0x03, 0x03, 
	0x03, 0x7e, 0x7f, 0x06, 0x8c, 0x00, 0x00, 0x00, 
	0x00, 0x00, 0x00, 0x00, 0x00, 0x00, 0x00, 0x00, 
	0x00, 0x00, 0x00, 0x00, 0x00, 0x00, 0x00, 0x74, 
	0x12, 0x03, 0x03, 0x03, 0x03, 0x03, 0x03, 0x03, 
	0x03, 0x0c, 0x7f, 0x8d, 0x8e, 0x00, 0x00, 0x00, 
	0x00, 0x00, 0x00, 0x00, 0x00, 0x00, 0x00, 0x00, 
	0x00, 0x00, 0x00, 0x00, 0x00, 0x00, 0x0f, 0x8f, 
	0x90, 0x03, 0x03, 0x03, 0x03, 0x03, 0x03, 0x03, 
	0x03, 0x91, 0x7f, 0x92, 0x93, 0x00, 0x00, 0x00, 
	0x00, 0x00, 0x00, 0x00, 0x00, 0x00, 0x00, 0x00, 
	0x00, 0x00, 0x00, 0x00, 0x00, 0x2b, 0x94, 0x5e, 
	0x95, 0x1e, 0x03, 0x03, 0x03, 0x03, 0x03, 0x03, 
	0x03, 0x03, 0x96, 0x97, 0x93, 0x00, 0x00, 0x00, 
	0x00, 0x00, 0x00, 0x00, 0x00, 0x00, 0x00, 0x00, 
	0x00, 0x00, 0x00, 0x00, 0x00, 0x98, 0x16, 0x06, 
	0x99, 0x40, 0x03, 0x03, 0x03, 0x03, 0x03, 0x03, 
	0x03, 0x03, 0x91, 0x9a, 0x93, 0x00, 0x00, 0x00, 
	0x00, 0x00, 0x00, 0x00, 0x00, 0x00, 0x00, 0x00, 
	0x00, 0x00, 0x00, 0x00, 0x9b, 0x53, 0x25, 0x06, 
	0x0a, 0x18, 0x03, 0x03, 0x03, 0x03, 0x03, 0x03, 
	0x03, 0x9c, 0x9d, 0x4e, 0x9e, 0x00, 0x00, 0x00, 
	0x00, 0x00, 0x00, 0x00, 0x00, 0x00, 0x00, 0x00, 
	0x00, 0x00, 0x50, 0x1b, 0x9f, 0x47, 0xa0, 0x0d, 
	0x59, 0x95, 0x32, 0x03, 0x03, 0x03, 0x03, 0x03, 
	0xa1, 0x83, 0x06, 0x17, 0xa2, 0xa3, 0x00, 0x00, 
	0x00, 0x00, 0x00, 0x00, 0x00, 0x00, 0x00, 0x00, 
	0x2b, 0x8e, 0xa4, 0x6b, 0x3a, 0x3a, 0x3a, 0x3b, 
	0x3c, 0x6d, 0xa5, 0x12, 0x1e, 0x87, 0x87, 0x32, 
	0x0a, 0x13, 0x06, 0x13, 0xa6, 0xa7, 0x00, 0x00, 
	0x00, 0x00, 0x00, 0x00, 0x00, 0x00, 0x2b, 0x1b, 
	0xa8, 0xa9, 0x6b, 0x2e, 0x3a, 0x3a, 0x3a, 0x3a, 
	0xaa, 0x48, 0xab, 0xac, 0xad, 0x1d, 0x1d, 0x95, 
	0xa0, 0x3c, 0x0d, 0x25, 0x5e, 0xae, 0xaf, 0xb0, 
	0x00, 0x00, 0x00, 0x00, 0x2b, 0x93, 0xb1, 0xb2, 
	0x13, 0xb3, 0xb4, 0x3a, 0x3a, 0x3a, 0x3a, 0x3a, 
	0x3a, 0xb5, 0x06, 0x13, 0xb6, 0xb7, 0xb8, 0x58, 
	0x00, 0x00, 0x62, 0xa0, 0x0d, 0x17, 0xb9, 0xba, 
	0x66, 0xbb, 0x21, 0x67, 0x68, 0x20, 0x13, 0x06, 
	0x06, 0xbc, 0x52, 0x3a, 0x3a, 0x3a, 0x3a, 0x3a, 
	0x39, 0x59, 0xbd, 0x89, 0x62, 0x89, 0x00, 0x00, 
	0x00, 0x00, 0x00, 0x00, 0x57, 0x3c, 0x13, 0x4e, 
	0xbe, 0xbf, 0xc0, 0xc1, 0xc2, 0x05, 0x25, 0x06, 
	0x06, 0xc3, 0xc4, 0x3a, 0x3a, 0x3a, 0x3a, 0xc5, 
	0xc6, 0xc7, 0x09, 0x00, 0x00, 0x00, 0x00, 0x00, 
	0x00, 0x00, 0x00, 0x00, 0x00, 0x57, 0x25, 0x06, 
	0x06, 0x9c, 0x29, 0x91, 0x0c, 0x04, 0x6f, 0x0d, 
	0x25, 0xc8, 0x46, 0x3a, 0x3a, 0x3a, 0x52, 0xc9, 
	0x10, 0x09, 0x00, 0x00, 0x00, 0x00, 0x00, 0x00, 
	0x00, 0x00, 0x00, 0x00, 0x00, 0x62, 0x3c, 0x06, 
	0xca, 0xcb, 0x03, 0x03, 0x03, 0x03, 0x03, 0x04, 
	0xcc, 0xcd, 0x78, 0xce, 0xcf, 0xd0, 0xd1, 0xd2, 
	0x00, 0x00, 0x00, 0x00, 0x00, 0x00, 0x00, 0x00, 
	0x00, 0x00, 0x00, 0x00, 0x00, 0x00, 0x55, 0x26, 
	0x86, 0x9c, 0x03, 0x03, 0x03, 0x03, 0x03, 0x03, 
	0x7e, 0x7f, 0xd3, 0xd4, 0xd5, 0xd6, 0xd7, 0x2b, 
	0x00, 0x00, 0x00, 0x00, 0x00, 0x00, 0x00, 0x00, 
	0x00, 0x00, 0x00, 0x00, 0x00, 0x00, 0xd8, 0xd9, 
	0xda, 0xdb, 0x03, 0x03, 0x03, 0x03, 0x03, 0x03, 
	0x91, 0x6f, 0x26, 0x06, 0x06, 0xdc, 0x7b, 0x00, 
	0x00, 0x00, 0x00, 0x00, 0x00, 0x00, 0x00, 0x00, 
	
};

Gfx pss_dl_generic_textures_02000_rgba16_pal_rgba16_aligner[] = {gsSPEndDisplayList()};
u8 pss_dl_generic_textures_02000_rgba16_pal_rgba16[] = {
	0xfe, 0x79, 0xde, 0x6d, 0xaf, 0x25, 0xdf, 0xf1, 
	0xef, 0xf5, 0xff, 0xf9, 0xff, 0xf1, 0xff, 0x71, 
	0xf5, 0x2f, 0xfe, 0x39, 0xd6, 0xeb, 0xb7, 0x27, 
	0xe7, 0xf3, 0xff, 0xfb, 0xe6, 0x2d, 0xfd, 0xf5, 
	0xfe, 0x35, 0xd6, 0xe9, 0xae, 0xe5, 0xf7, 0xaf, 
	0xe5, 0x2d, 0xfd, 0xb3, 0xff, 0xb1, 0xde, 0xeb, 
	0x9e, 0x61, 0xf7, 0xf7, 0xe7, 0x2d, 0xed, 0x2f, 
	0xfe, 0xf1, 0x9d, 0xe1, 0xcf, 0xad, 0xef, 0xf1, 
	0xde, 0xab, 0xe5, 0x2f, 0xfd, 0x71, 0xee, 0x2f, 
	0xff, 0xb7, 0xff, 0xf5, 0xff, 0xf3, 0xbe, 0x25, 
	0xa6, 0xa5, 0xdf, 0xef, 0xe6, 0xab, 0xfe, 0x37, 
	0xed, 0x73, 0xdd, 0x77, 0xe6, 0x3f, 0xf6, 0xff, 
	0xf7, 0x7f, 0xff, 0xff, 0xc7, 0x6b, 0xcf, 0xeb, 
	0xdf, 0xed, 0xcc, 0xe7, 0xf5, 0x71, 0xed, 0x6d, 
	0xd5, 0xf3, 0xd5, 0xbb, 0xee, 0x7f, 0xee, 0xbf, 
	0xff, 0xfd, 0x9d, 0x9f, 0xb6, 0xe7, 0xbf, 0x29, 
	0xbf, 0x69, 0xbe, 0xe7, 0xc5, 0x25, 0xed, 0xb3, 
	0xe6, 0x6d, 0xde, 0xad, 0xc5, 0x77, 0xff, 0x7f, 
	0xff, 0xb5, 0xc6, 0x67, 0xae, 0x23, 0xb6, 0xa7, 
	0xc6, 0xad, 0xe7, 0x73, 0xd6, 0x69, 0xc4, 0xa7, 
	0xf5, 0xf5, 0xc5, 0xaf, 0xd5, 0xfb, 0xff, 0xb3, 
	0xff, 0x37, 0xff, 0x3d, 0xfe, 0xfd, 0xff, 0x7d, 
	0xff, 0xbd, 0xf7, 0xb3, 0xc5, 0xe7, 0xf5, 0xb5, 
	0xe4, 0xeb, 0xdd, 0x29, 0xef, 0x6d, 0xac, 0xeb, 
	0xde, 0x39, 0xfe, 0xb7, 0xfe, 0xbb, 0xf7, 0xb5, 
	0xbc, 0x65, 0xcc, 0x67, 0xdc, 0xed, 0xdc, 0xeb, 
	0xd5, 0x29, 0xcd, 0x67, 0xa4, 0xab, 0xd5, 0xf9, 
	0xf6, 0xf3, 0xce, 0xa9, 0xe7, 0x71, 0xf7, 0xfb, 
	0xef, 0x71, 0xac, 0xe9, 0xc5, 0x75, 0xcd, 0xb7, 
	0xee, 0x71, 0xe7, 0xed, 0xcf, 0xed, 0xce, 0x6b, 
	0x9c, 0x67, 0xb4, 0xf1, 0xbd, 0x73, 0xfd, 0xb5, 
	0xf7, 0xef, 0xbf, 0xe9, 0xef, 0xf7, 0xff, 0xf7, 
	0xc6, 0x29, 0xf7, 0x6f, 0xd7, 0x2b, 0xc7, 0xa9, 
	0xed, 0xad, 0xff, 0x79, 0xbf, 0x27, 0xd7, 0xef, 
	0xf6, 0xef, 0xfe, 0x7b, 0xf6, 0xf5, 0xae, 0xa3, 
	0xe5, 0x6b, 0xe6, 0xed, 0xec, 0xed, 0xef, 0x2f, 
	0xae, 0x63, 0xe7, 0xf1, 0xee, 0x6d, 0xed, 0x71, 
	0xfe, 0x71, 0xa6, 0x21, 0xf7, 0xf5, 0xdd, 0xe9, 
	0xfd, 0xb1, 0xb6, 0x65, 0xd5, 0xa9, 0xfd, 0xaf, 
	0xcf, 0xab, 0xe7, 0xef, 0xdd, 0x2d, 0xee, 0x7b, 
	0xff, 0xbf, 0xb7, 0x67, 0xc4, 0xa5, 0xed, 0xf5, 
	0xd5, 0x2b, 0x95, 0xdf, 0xbd, 0x25, 0xcc, 0xab, 
	0xe5, 0x2b, 0xde, 0x6b, 0xf7, 0x3f, 0xdf, 0x2b, 
	0xb6, 0x25, 0x9d, 0xdf, 0xb4, 0x63, 0xe5, 0x71, 
	0xf6, 0x37, 0xdc, 0xa9, 0xde, 0x2b, 0xde, 0xaf, 
	0xcd, 0x79, 0xf7, 0x39, 0xf7, 0x71, 0xee, 0xf5, 
	0xf7, 0x3b, 0xbc, 0xe3, 0xbc, 0x25, 0xdd, 0x2f, 
	0xcd, 0xef, 0xff, 0x73, 0xc5, 0xa7, 0xd5, 0xe9, 
	0xce, 0x2b, 0xde, 0xf1, 0xf7, 0xb7, 0xbd, 0xab, 
	0xd5, 0xb9, 0xdd, 0xfd, 0xd5, 0xf5, 0xfe, 0xb5, 
	0xbd, 0x6b, 0xcd, 0x75, 0xe7, 0x6d, 0xc7, 0xeb, 
	0xf7, 0xf9, 0xde, 0xed, 0xbc, 0xf3, 0xcd, 0xb9, 
	0xc5, 0x35, 0xbd, 0x2d, 0xf5, 0xb3, 0xd6, 0xa9, 
	0xad, 0x67, 0xc5, 0xab, 0xd6, 0xab, 0xf5, 0xb1, 
	0xfe, 0xfb, 0xf7, 0x75, 0xa6, 0xe3, 0xd7, 0xed, 
	0xff, 0x31, 
};

Gfx pss_dl__3153E4C6_c_ci8_aligner[] = {gsSPEndDisplayList()};
u8 pss_dl__3153E4C6_c_ci8[] = {
	0x00, 0x01, 0x01, 0x01, 0x01, 0x01, 0x01, 0x01, 
	0x02, 0x02, 0x02, 0x02, 0x02, 0x02, 0x02, 0x02, 
	0x00, 0x01, 0x01, 0x01, 0x01, 0x01, 0x01, 0x01, 
	0x02, 0x02, 0x02, 0x02, 0x02, 0x02, 0x02, 0x02, 
	0x03, 0x04, 0x00, 0x05, 0x01, 0x06, 0x07, 0x01, 
	0x02, 0x02, 0x02, 0x02, 0x02, 0x02, 0x02, 0x02, 
	0x03, 0x00, 0x08, 0x09, 0x05, 0x00, 0x00, 0x01, 
	0x02, 0x02, 0x02, 0x02, 0x02, 0x02, 0x02, 0x02, 
	0x03, 0x06, 0x07, 0x0a, 0x0b, 0x0c, 0x05, 0x01, 
	0x02, 0x02, 0x02, 0x02, 0x02, 0x02, 0x02, 0x02, 
	0x03, 0x07, 0x06, 0x09, 0x0d, 0x00, 0x07, 0x01, 
	0x02, 0x02, 0x02, 0x02, 0x02, 0x02, 0x02, 0x02, 
	0x0e, 0x0f, 0x10, 0x00, 0x05, 0x11, 0x0b, 0x01, 
	0x02, 0x02, 0x02, 0x02, 0x02, 0x02, 0x02, 0x02, 
	0x03, 0x12, 0x0c, 0x13, 0x14, 0x00, 0x04, 0x01, 
	0x02, 0x02, 0x02, 0x02, 0x02, 0x02, 0x02, 0x02, 
	0x15, 0x13, 0x04, 0x00, 0x07, 0x0f, 0x09, 0x01, 
	0x02, 0x02, 0x02, 0x02, 0x02, 0x02, 0x02, 0x02, 
	0x03, 0x16, 0x09, 0x17, 0x07, 0x07, 0x17, 0x01, 
	0x02, 0x02, 0x02, 0x02, 0x02, 0x02, 0x02, 0x02, 
	0x10, 0x18, 0x0f, 0x19, 0x1a, 0x0d, 0x09, 0x01, 
	0x02, 0x02, 0x02, 0x02, 0x02, 0x02, 0x02, 0x02, 
	0x1b, 0x13, 0x09, 0x05, 0x07, 0x04, 0x09, 0x01, 
	0x02, 0x02, 0x02, 0x02, 0x02, 0x02, 0x02, 0x02, 
	0x15, 0x0b, 0x09, 0x17, 0x19, 0x19, 0x1c, 0x01, 
	0x02, 0x02, 0x02, 0x02, 0x02, 0x02, 0x02, 0x02, 
	0x15, 0x09, 0x17, 0x07, 0x19, 0x0f, 0x09, 0x01, 
	0x02, 0x02, 0x02, 0x02, 0x02, 0x02, 0x02, 0x02, 
	0x03, 0x05, 0x13, 0x13, 0x1c, 0x12, 0x19, 0x01, 
	0x02, 0x02, 0x02, 0x02, 0x02, 0x02, 0x02, 0x02, 
	0x07, 0x0d, 0x10, 0x07, 0x16, 0x09, 0x0c, 0x01, 
	0x02, 0x02, 0x02, 0x02, 0x02, 0x02, 0x02, 0x02, 
	0x03, 0x07, 0x05, 0x0c, 0x01, 0x0b, 0x0a, 0x01, 
	0x02, 0x02, 0x02, 0x02, 0x02, 0x02, 0x02, 0x02, 
	0x03, 0x00, 0x00, 0x04, 0x13, 0x1d, 0x1e, 0x01, 
	0x02, 0x02, 0x02, 0x02, 0x02, 0x02, 0x02, 0x02, 
	0x03, 0x00, 0x07, 0x14, 0x0b, 0x09, 0x1c, 0x01, 
	0x02, 0x02, 0x02, 0x02, 0x02, 0x02, 0x02, 0x02, 
	0x1f, 0x20, 0x0a, 0x0c, 0x01, 0x0b, 0x10, 0x01, 
	0x02, 0x02, 0x02, 0x02, 0x02, 0x02, 0x02, 0x02, 
	0x15, 0x14, 0x0d, 0x12, 0x08, 0x13, 0x0c, 0x01, 
	0x02, 0x02, 0x02, 0x02, 0x02, 0x02, 0x02, 0x02, 
	0x21, 0x22, 0x23, 0x24, 0x0c, 0x12, 0x00, 0x01, 
	0x02, 0x02, 0x02, 0x02, 0x02, 0x02, 0x02, 0x02, 
	0x03, 0x09, 0x01, 0x0c, 0x0d, 0x04, 0x0a, 0x01, 
	0x02, 0x02, 0x02, 0x02, 0x02, 0x02, 0x02, 0x02, 
	0x25, 0x26, 0x27, 0x27, 0x28, 0x29, 0x20, 0x01, 
	0x02, 0x02, 0x02, 0x02, 0x02, 0x02, 0x02, 0x02, 
	0x03, 0x09, 0x13, 0x09, 0x09, 0x04, 0x00, 0x01, 
	0x02, 0x02, 0x02, 0x02, 0x02, 0x02, 0x02, 0x02, 
	0x2a, 0x2b, 0x2c, 0x2a, 0x2d, 0x2e, 0x2f, 0x24, 
	0x02, 0x02, 0x02, 0x02, 0x02, 0x02, 0x02, 0x02, 
	0x15, 0x13, 0x16, 0x0f, 0x09, 0x17, 0x07, 0x01, 
	0x02, 0x02, 0x02, 0x02, 0x02, 0x02, 0x02, 0x02, 
	0x30, 0x31, 0x31, 0x31, 0x30, 0x32, 0x33, 0x34, 
	0x02, 0x02, 0x02, 0x02, 0x02, 0x02, 0x02, 0x02, 
	0x0e, 0x35, 0x36, 0x1c, 0x09, 0x37, 0x38, 0x09, 
	0x39, 0x3a, 0x3b, 0x01, 0x01, 0x3c, 0x24, 0x3c, 
	0x3d, 0x34, 0x2a, 0x3e, 0x27, 0x3f, 0x40, 0x23, 
	0x23, 0x41, 0x42, 0x01, 0x01, 0x01, 0x01, 0x01, 
	0x0e, 0x43, 0x37, 0x1c, 0x1c, 0x43, 0x44, 0x09, 
	0x01, 0x00, 0x07, 0x17, 0x11, 0x13, 0x11, 0x1c, 
	0x12, 0x43, 0x45, 0x1c, 0x0f, 0x43, 0x46, 0x47, 
	0x48, 0x49, 0x4a, 0x12, 0x06, 0x0c, 0x0c, 0x1c, 
	0x15, 0x09, 0x0f, 0x12, 0x06, 0x09, 0x0d, 0x01, 
	0x39, 0x14, 0x19, 0x05, 0x06, 0x0b, 0x09, 0x09, 
	0x0a, 0x06, 0x09, 0x06, 0x09, 0x13, 0x1c, 0x23, 
	0x28, 0x05, 0x19, 0x07, 0x05, 0x1c, 0x0c, 0x09, 
	0x1b, 0x17, 0x09, 0x0b, 0x1e, 0x09, 0x04, 0x01, 
	0x4b, 0x4c, 0x0f, 0x08, 0x19, 0x19, 0x0d, 0x04, 
	0x19, 0x06, 0x09, 0x06, 0x09, 0x13, 0x1c, 0x4d, 
	0x23, 0x1c, 0x14, 0x12, 0x19, 0x19, 0x12, 0x11, 
	0x15, 0x4e, 0x4f, 0x1c, 0x0b, 0x50, 0x38, 0x01, 
	0x51, 0x52, 0x4c, 0x0c, 0x12, 0x07, 0x0a, 0x45, 
	0x53, 0x54, 0x55, 0x1c, 0x0c, 0x56, 0x57, 0x58, 
	0x59, 0x5a, 0x1c, 0x5b, 0x3c, 0x5c, 0x05, 0x16, 
	0x03, 0x43, 0x5d, 0x1c, 0x09, 0x43, 0x35, 0x09, 
	0x5e, 0x5f, 0x27, 0x28, 0x29, 0x37, 0x1a, 0x60, 
	0x61, 0x62, 0x63, 0x64, 0x45, 0x35, 0x35, 0x35, 
	0x65, 0x66, 0x20, 0x67, 0x1a, 0x68, 0x69, 0x0a, 
	0x03, 0x07, 0x1a, 0x16, 0x09, 0x1c, 0x07, 0x01, 
	0x02, 0x02, 0x02, 0x02, 0x02, 0x02, 0x02, 0x02, 
	0x69, 0x05, 0x17, 0x0c, 0x11, 0x0c, 0x0b, 0x01, 
	0x02, 0x02, 0x02, 0x02, 0x02, 0x02, 0x02, 0x02, 
	0x03, 0x16, 0x10, 0x05, 0x09, 0x0f, 0x10, 0x01, 
	0x02, 0x02, 0x02, 0x02, 0x02, 0x02, 0x02, 0x02, 
	0x1b, 0x00, 0x00, 0x19, 0x0c, 0x09, 0x0f, 0x01, 
	0x02, 0x02, 0x02, 0x02, 0x02, 0x02, 0x02, 0x02, 
	0x1b, 0x0c, 0x14, 0x14, 0x11, 0x0c, 0x19, 0x01, 
	0x02, 0x02, 0x02, 0x02, 0x02, 0x02, 0x02, 0x02, 
	0x15, 0x12, 0x12, 0x07, 0x04, 0x0c, 0x01, 0x01, 
	0x02, 0x02, 0x02, 0x02, 0x02, 0x02, 0x02, 0x02, 
	0x0e, 0x09, 0x16, 0x14, 0x0c, 0x0c, 0x0a, 0x01, 
	0x02, 0x02, 0x02, 0x02, 0x02, 0x02, 0x02, 0x02, 
	0x0e, 0x0c, 0x11, 0x12, 0x6a, 0x0a, 0x05, 0x01, 
	0x02, 0x02, 0x02, 0x02, 0x02, 0x02, 0x02, 0x02, 
	0x6a, 0x09, 0x0c, 0x05, 0x0b, 0x0b, 0x19, 0x01, 
	0x02, 0x02, 0x02, 0x02, 0x02, 0x02, 0x02, 0x02, 
	0x0e, 0x0c, 0x09, 0x0d, 0x00, 0x00, 0x00, 0x01, 
	0x02, 0x02, 0x02, 0x02, 0x02, 0x02, 0x02, 0x02, 
	0x07, 0x0c, 0x09, 0x1e, 0x12, 0x19, 0x00, 0x01, 
	0x02, 0x02, 0x02, 0x02, 0x02, 0x02, 0x02, 0x02, 
	0x1b, 0x06, 0x09, 0x17, 0x07, 0x00, 0x00, 0x01, 
	0x02, 0x02, 0x02, 0x02, 0x02, 0x02, 0x02, 0x02, 
	0x1b, 0x0d, 0x09, 0x0c, 0x14, 0x00, 0x00, 0x01, 
	0x02, 0x02, 0x02, 0x02, 0x02, 0x02, 0x02, 0x02, 
	0x03, 0x05, 0x09, 0x11, 0x0a, 0x00, 0x00, 0x01, 
	0x02, 0x02, 0x02, 0x02, 0x02, 0x02, 0x02, 0x02, 
	0x03, 0x19, 0x0b, 0x09, 0x1c, 0x07, 0x00, 0x01, 
	0x02, 0x02, 0x02, 0x02, 0x02, 0x02, 0x02, 0x02, 
	0x03, 0x19, 0x0b, 0x09, 0x16, 0x00, 0x00, 0x01, 
	0x02, 0x02, 0x02, 0x02, 0x02, 0x02, 0x02, 0x02, 
	0x03, 0x00, 0x05, 0x13, 0x09, 0x0d, 0x00, 0x01, 
	0x02, 0x02, 0x02, 0x02, 0x02, 0x02, 0x02, 0x02, 
	0x03, 0x6a, 0x0d, 0x09, 0x0c, 0x19, 0x00, 0x01, 
	0x02, 0x02, 0x02, 0x02, 0x02, 0x02, 0x02, 0x02, 
	0x03, 0x00, 0x07, 0x16, 0x09, 0x0c, 0x0a, 0x01, 
	0x02, 0x02, 0x02, 0x02, 0x02, 0x02, 0x02, 0x02, 
	0x03, 0x00, 0x19, 0x0c, 0x09, 0x16, 0x1a, 0x01, 
	0x02, 0x02, 0x02, 0x02, 0x02, 0x02, 0x02, 0x02, 
	0x03, 0x00, 0x00, 0x07, 0x17, 0x01, 0x05, 0x01, 
	0x02, 0x02, 0x02, 0x02, 0x02, 0x02, 0x02, 0x02, 
	0x03, 0x00, 0x00, 0x0d, 0x09, 0x0b, 0x10, 0x01, 
	0x02, 0x02, 0x02, 0x02, 0x02, 0x02, 0x02, 0x02, 
	0x6b, 0x03, 0x03, 0x03, 0x6c, 0x07, 0x0e, 0x1a, 
	0x02, 0x02, 0x02, 0x02, 0x02, 0x02, 0x02, 0x02, 
	0x6b, 0x03, 0x03, 0x1b, 0x00, 0x6d, 0x03, 0x00, 
	0x02, 0x02, 0x02, 0x02, 0x02, 0x02, 0x02, 0x02, 
	
};

Gfx pss_dl__3153E4C6_c_pal_rgba16_aligner[] = {gsSPEndDisplayList()};
u8 pss_dl__3153E4C6_c_pal_rgba16[] = {
	0x9b, 0xd3, 0x51, 0x83, 0x00, 0x00, 0xbc, 0x9b, 
	0x83, 0x0d, 0x82, 0xcd, 0x72, 0x89, 0x93, 0x91, 
	0x82, 0xcb, 0x59, 0xc5, 0x8b, 0x4f, 0x6a, 0x07, 
	0x62, 0x07, 0x7a, 0xcb, 0xa4, 0x15, 0x6a, 0x47, 
	0x93, 0x51, 0x62, 0x05, 0x8b, 0x0f, 0x61, 0xc5, 
	0x8b, 0x0d, 0xac, 0x57, 0x7a, 0x8b, 0x72, 0x49, 
	0x59, 0x83, 0x93, 0x4f, 0x93, 0x93, 0xb4, 0x99, 
	0x6a, 0x49, 0x59, 0xc3, 0x72, 0x8b, 0x8b, 0x53, 
	0x83, 0x0f, 0x6a, 0x8d, 0x6a, 0x4b, 0x59, 0xc7, 
	0x49, 0x85, 0x41, 0x89, 0x39, 0x47, 0x41, 0x45, 
	0x62, 0x09, 0x7a, 0xcf, 0x29, 0x05, 0x28, 0xc3, 
	0x31, 0x03, 0x41, 0x87, 0x52, 0x0b, 0x62, 0x4b, 
	0x18, 0x83, 0x10, 0x83, 0x20, 0xc5, 0x31, 0x05, 
	0x39, 0x45, 0x8b, 0x95, 0x72, 0xd1, 0x93, 0xd7, 
	0x73, 0x13, 0x38, 0xc1, 0x49, 0x03, 0x51, 0x43, 
	0x51, 0x85, 0x41, 0x85, 0x39, 0x05, 0x49, 0x87, 
	0x51, 0xc7, 0x51, 0x87, 0x49, 0x43, 0xe6, 0xad, 
	0x83, 0x11, 0x93, 0xd5, 0x72, 0x8d, 0x6a, 0x8f, 
	0x5a, 0x0b, 0x51, 0xc9, 0x7a, 0xcd, 0x20, 0x41, 
	0x41, 0x03, 0x49, 0x45, 0x83, 0x55, 0x72, 0xd3, 
	0x93, 0xd9, 0x10, 0x43, 0x28, 0x41, 0xa4, 0x59, 
	0xde, 0x6d, 0x73, 0x15, 0xf7, 0xbd, 0x7b, 0x15, 
	0x6a, 0x4d, 0x5a, 0x09, 0x41, 0x43, 0x6a, 0x09, 
	0x72, 0x4b, 0x7b, 0x11, 0x08, 0x01, 0x10, 0x01, 
	0x9c, 0x19, 0xa4, 0x9b, 0xa4, 0x5b, 0x9c, 0x5b, 
	0x94, 0x19, 0x83, 0x53, 0x72, 0xcf, 0x8b, 0x51, 
	0xa4, 0x17, 0x9b, 0xd5, 0x93, 0xd3, 0xdd, 0xe7, 
	0xa4, 0x55, 0x9c, 0x15, 
};

Gfx pss_dl_generic_textures_04000_rgba16_ci8_aligner[] = {gsSPEndDisplayList()};
u8 pss_dl_generic_textures_04000_rgba16_ci8[] = {
	0x00, 0x01, 0x02, 0x00, 0x00, 0x03, 0x04, 0x00, 
	0x02, 0x00, 0x02, 0x00, 0x01, 0x05, 0x00, 0x06, 
	0x07, 0x04, 0x02, 0x00, 0x00, 0x05, 0x00, 0x01, 
	0x00, 0x00, 0x02, 0x02, 0x01, 0x08, 0x00, 0x00, 
	0x08, 0x09, 0x09, 0x09, 0x00, 0x00, 0x01, 0x0a, 
	0x09, 0x00, 0x02, 0x00, 0x09, 0x0b, 0x0c, 0x0d, 
	0x0e, 0x0f, 0x0b, 0x01, 0x02, 0x02, 0x03, 0x01, 
	0x01, 0x03, 0x02, 0x05, 0x00, 0x04, 0x02, 0x02, 
	0x00, 0x01, 0x10, 0x0b, 0x00, 0x03, 0x00, 0x11, 
	0x11, 0x00, 0x02, 0x03, 0x00, 0x0c, 0x12, 0x13, 
	0x14, 0x0e, 0x15, 0x02, 0x00, 0x16, 0x02, 0x03, 
	0x05, 0x0c, 0x02, 0x05, 0x00, 0x05, 0x05, 0x05, 
	0x00, 0x04, 0x00, 0x04, 0x01, 0x02, 0x01, 0x00, 
	0x00, 0x11, 0x02, 0x00, 0x00, 0x0a, 0x17, 0x17, 
	0x13, 0x17, 0x0e, 0x15, 0x01, 0x00, 0x00, 0x03, 
	0x18, 0x0c, 0x19, 0x08, 0x02, 0x05, 0x02, 0x02, 
	0x09, 0x11, 0x00, 0x01, 0x1a, 0x0a, 0x09, 0x08, 
	0x00, 0x0b, 0x1b, 0x0b, 0x1c, 0x1d, 0x1e, 0x1f, 
	0x1f, 0x13, 0x20, 0x0e, 0x0a, 0x11, 0x00, 0x02, 
	0x18, 0x03, 0x04, 0x00, 0x02, 0x05, 0x05, 0x05, 
	0x0a, 0x01, 0x08, 0x00, 0x11, 0x09, 0x04, 0x00, 
	0x00, 0x08, 0x01, 0x0a, 0x1d, 0x20, 0x21, 0x21, 
	0x20, 0x13, 0x20, 0x20, 0x22, 0x11, 0x03, 0x00, 
	0x23, 0x00, 0x02, 0x05, 0x01, 0x16, 0x02, 0x02, 
	0x04, 0x0b, 0x00, 0x08, 0x04, 0x00, 0x01, 0x01, 
	0x02, 0x01, 0x24, 0x13, 0x25, 0x13, 0x17, 0x21, 
	0x20, 0x25, 0x17, 0x17, 0x1e, 0x0e, 0x24, 0x0b, 
	0x08, 0x00, 0x02, 0x02, 0x04, 0x0b, 0x04, 0x04, 
	0x04, 0x0a, 0x1b, 0x01, 0x04, 0x00, 0x01, 0x1b, 
	0x1b, 0x0a, 0x26, 0x13, 0x25, 0x27, 0x25, 0x20, 
	0x20, 0x13, 0x1f, 0x17, 0x20, 0x20, 0x14, 0x1c, 
	0x01, 0x03, 0x02, 0x02, 0x03, 0x00, 0x03, 0x03, 
	0x08, 0x16, 0x19, 0x09, 0x00, 0x02, 0x02, 0x0b, 
	0x28, 0x1e, 0x20, 0x20, 0x29, 0x29, 0x1e, 0x1e, 
	0x20, 0x29, 0x29, 0x1e, 0x2a, 0x14, 0x29, 0x1c, 
	0x11, 0x19, 0x00, 0x23, 0x23, 0x00, 0x01, 0x01, 
	0x01, 0x08, 0x01, 0x1a, 0x1a, 0x02, 0x11, 0x2b, 
	0x2c, 0x1e, 0x17, 0x28, 0x29, 0x29, 0x14, 0x13, 
	0x2b, 0x2b, 0x2b, 0x2b, 0x14, 0x2b, 0x2c, 0x2c, 
	0x10, 0x0c, 0x23, 0x16, 0x2d, 0x05, 0x16, 0x08, 
	0x09, 0x09, 0x16, 0x01, 0x02, 0x11, 0x14, 0x2c, 
	0x28, 0x2b, 0x29, 0x14, 0x2b, 0x14, 0x2b, 0x10, 
	0x14, 0x20, 0x14, 0x2b, 0x1b, 0x2b, 0x21, 0x28, 
	0x14, 0x12, 0x0c, 0x01, 0x00, 0x02, 0x00, 0x08, 
	0x08, 0x00, 0x00, 0x08, 0x11, 0x2e, 0x13, 0x17, 
	0x1e, 0x2b, 0x29, 0x14, 0x25, 0x1e, 0x2b, 0x29, 
	0x28, 0x17, 0x13, 0x2b, 0x29, 0x2c, 0x13, 0x1e, 
	0x2c, 0x2b, 0x12, 0x07, 0x00, 0x02, 0x02, 0x00, 
	0x04, 0x08, 0x04, 0x11, 0x2b, 0x28, 0x28, 0x13, 
	0x14, 0x28, 0x2c, 0x2b, 0x28, 0x28, 0x2b, 0x2c, 
	0x2b, 0x2b, 0x29, 0x28, 0x29, 0x2b, 0x29, 0x29, 
	0x14, 0x2c, 0x28, 0x2f, 0x30, 0x00, 0x02, 0x08, 
	0x0a, 0x04, 0x11, 0x31, 0x20, 0x2b, 0x20, 0x29, 
	0x28, 0x13, 0x28, 0x21, 0x29, 0x2c, 0x1e, 0x20, 
	0x20, 0x29, 0x29, 0x13, 0x1e, 0x21, 0x2c, 0x29, 
	0x20, 0x2a, 0x13, 0x28, 0x12, 0x07, 0x01, 0x01, 
	0x1a, 0x0c, 0x2b, 0x14, 0x25, 0x32, 0x20, 0x2b, 
	0x2b, 0x13, 0x17, 0x14, 0x2b, 0x2c, 0x14, 0x17, 
	0x14, 0x29, 0x29, 0x2b, 0x21, 0x28, 0x2b, 0x29, 
	0x29, 0x28, 0x28, 0x2b, 0x2b, 0x10, 0x07, 0x07, 
	0x0c, 0x2e, 0x28, 0x14, 0x14, 0x14, 0x28, 0x2b, 
	0x28, 0x2b, 0x2b, 0x28, 0x28, 0x28, 0x2b, 0x10, 
	0x28, 0x14, 0x2c, 0x28, 0x10, 0x2c, 0x20, 0x2c, 
	0x14, 0x29, 0x29, 0x13, 0x28, 0x20, 0x0d, 0x0f, 
	0x0d, 0x1e, 0x33, 0x1e, 0x14, 0x2b, 0x13, 0x21, 
	0x1e, 0x28, 0x29, 0x20, 0x17, 0x1e, 0x28, 0x29, 
	0x2b, 0x25, 0x1e, 0x28, 0x29, 0x29, 0x1e, 0x17, 
	0x33, 0x29, 0x29, 0x20, 0x17, 0x2b, 0x11, 0x05, 
	0x0c, 0x14, 0x1f, 0x17, 0x28, 0x28, 0x14, 0x17, 
	0x21, 0x2b, 0x2b, 0x2b, 0x13, 0x20, 0x2b, 0x2b, 
	0x2b, 0x28, 0x28, 0x28, 0x2c, 0x2b, 0x2c, 0x2b, 
	0x2b, 0x28, 0x2c, 0x28, 0x10, 0x18, 0x2d, 0x2d, 
	0x16, 0x0c, 0x2b, 0x20, 0x14, 0x28, 0x14, 0x2b, 
	0x2b, 0x20, 0x2c, 0x14, 0x2b, 0x29, 0x13, 0x28, 
	0x20, 0x2b, 0x29, 0x20, 0x20, 0x20, 0x2b, 0x29, 
	0x28, 0x1e, 0x20, 0x0e, 0x18, 0x23, 0x01, 0x01, 
	0x08, 0x00, 0x0c, 0x2b, 0x25, 0x1e, 0x13, 0x2b, 
	0x28, 0x17, 0x17, 0x13, 0x2b, 0x29, 0x13, 0x32, 
	0x13, 0x2b, 0x2b, 0x28, 0x17, 0x13, 0x2b, 0x2b, 
	0x2b, 0x1e, 0x13, 0x07, 0x2d, 0x2d, 0x02, 0x02, 
	0x0a, 0x00, 0x05, 0x0c, 0x1d, 0x17, 0x14, 0x28, 
	0x28, 0x14, 0x20, 0x28, 0x28, 0x2b, 0x28, 0x28, 
	0x28, 0x28, 0x2b, 0x28, 0x29, 0x29, 0x14, 0x2c, 
	0x28, 0x2b, 0x15, 0x05, 0x34, 0x16, 0x23, 0x23, 
	0x02, 0x00, 0x16, 0x02, 0x07, 0x0e, 0x13, 0x28, 
	0x20, 0x14, 0x2c, 0x14, 0x13, 0x33, 0x20, 0x2c, 
	0x28, 0x2a, 0x20, 0x20, 0x2b, 0x29, 0x1e, 0x1e, 
	0x13, 0x24, 0x2d, 0x02, 0x01, 0x08, 0x23, 0x23, 
	0x03, 0x11, 0x09, 0x11, 0x03, 0x11, 0x13, 0x35, 
	0x25, 0x28, 0x2b, 0x28, 0x25, 0x17, 0x28, 0x2b, 
	0x2b, 0x21, 0x17, 0x28, 0x28, 0x2b, 0x2b, 0x13, 
	0x12, 0x05, 0x2d, 0x23, 0x02, 0x02, 0x02, 0x02, 
	0x02, 0x00, 0x11, 0x00, 0x02, 0x05, 0x0c, 0x14, 
	0x14, 0x14, 0x28, 0x28, 0x28, 0x2b, 0x14, 0x2b, 
	0x14, 0x2b, 0x29, 0x14, 0x33, 0x2c, 0x14, 0x12, 
	0x00, 0x00, 0x34, 0x05, 0x2d, 0x16, 0x08, 0x08, 
	0x02, 0x00, 0x05, 0x00, 0x08, 0x05, 0x00, 0x0c, 
	0x14, 0x17, 0x20, 0x13, 0x28, 0x2c, 0x13, 0x1e, 
	0x13, 0x28, 0x2b, 0x14, 0x25, 0x2a, 0x0e, 0x0c, 
	0x16, 0x01, 0x01, 0x03, 0x16, 0x23, 0x00, 0x00, 
	0x0a, 0x0c, 0x03, 0x00, 0x09, 0x0a, 0x00, 0x05, 
	0x0c, 0x13, 0x35, 0x13, 0x28, 0x28, 0x28, 0x17, 
	0x20, 0x28, 0x28, 0x2b, 0x20, 0x14, 0x11, 0x23, 
	0x23, 0x05, 0x03, 0x05, 0x16, 0x23, 0x05, 0x05, 
	0x04, 0x00, 0x05, 0x03, 0x00, 0x00, 0x03, 0x05, 
	0x05, 0x07, 0x2b, 0x20, 0x20, 0x2b, 0x20, 0x2b, 
	0x2b, 0x21, 0x2b, 0x14, 0x0e, 0x0c, 0x00, 0x16, 
	0x02, 0x02, 0x16, 0x00, 0x08, 0x02, 0x03, 0x03, 
	0x00, 0x01, 0x00, 0x01, 0x00, 0x02, 0x01, 0x08, 
	0x01, 0x00, 0x06, 0x36, 0x25, 0x1e, 0x13, 0x2b, 
	0x2b, 0x1e, 0x25, 0x13, 0x11, 0x05, 0x00, 0x0b, 
	0x04, 0x05, 0x05, 0x02, 0x01, 0x01, 0x02, 0x02, 
	0x00, 0x11, 0x1a, 0x11, 0x03, 0x18, 0x00, 0x09, 
	0x0b, 0x03, 0x02, 0x0c, 0x22, 0x17, 0x14, 0x28, 
	0x28, 0x14, 0x1d, 0x24, 0x05, 0x23, 0x05, 0x02, 
	0x05, 0x02, 0x2d, 0x05, 0x05, 0x16, 0x00, 0x00, 
	0x02, 0x00, 0x0c, 0x00, 0x00, 0x05, 0x00, 0x03, 
	0x03, 0x0c, 0x05, 0x02, 0x0c, 0x0d, 0x13, 0x20, 
	0x14, 0x1d, 0x0a, 0x18, 0x08, 0x23, 0x03, 0x05, 
	0x23, 0x01, 0x08, 0x00, 0x05, 0x23, 0x00, 0x00, 
	0x01, 0x11, 0x00, 0x0c, 0x0b, 0x08, 0x01, 0x03, 
	0x03, 0x11, 0x01, 0x01, 0x03, 0x0c, 0x22, 0x1f, 
	0x17, 0x12, 0x18, 0x02, 0x01, 0x11, 0x00, 0x05, 
	0x02, 0x00, 0x11, 0x00, 0x05, 0x23, 0x05, 0x05, 
	0x1a, 0x04, 0x00, 0x00, 0x11, 0x0a, 0x0c, 0x03, 
	0x02, 0x00, 0x01, 0x00, 0x02, 0x05, 0x0c, 0x0e, 
	0x36, 0x00, 0x23, 0x02, 0x00, 0x02, 0x02, 0x02, 
	0x16, 0x00, 0x05, 0x02, 0x00, 0x34, 0x02, 0x02, 
	
};

Gfx pss_dl_generic_textures_04000_rgba16_pal_rgba16_aligner[] = {gsSPEndDisplayList()};
u8 pss_dl_generic_textures_04000_rgba16_pal_rgba16[] = {
	0x8c, 0x67, 0x84, 0x25, 0x8c, 0xa9, 0x8c, 0xa7, 
	0x84, 0x65, 0x94, 0xa9, 0x94, 0x65, 0x8c, 0x63, 
	0x84, 0x67, 0x7b, 0xe3, 0x7b, 0xe1, 0x7c, 0x23, 
	0x8c, 0x65, 0x73, 0x9d, 0x6b, 0x5b, 0x83, 0xe1, 
	0x73, 0x9f, 0x84, 0x23, 0x7b, 0x9f, 0x5a, 0xd9, 
	0x63, 0x1b, 0x8c, 0x23, 0x8c, 0xab, 0x52, 0x97, 
	0x94, 0xa7, 0x7c, 0x25, 0x73, 0xe1, 0x73, 0xa1, 
	0x7b, 0xdf, 0x5b, 0x19, 0x52, 0xd9, 0x42, 0x55, 
	0x5b, 0x1b, 0x5a, 0xdb, 0x6b, 0x1b, 0x94, 0xab, 
	0x84, 0x21, 0x4a, 0x97, 0x63, 0x19, 0x42, 0x13, 
	0x63, 0x5d, 0x6b, 0x9f, 0x52, 0x99, 0x6b, 0x5d, 
	0x6b, 0x5f, 0x94, 0xeb, 0x6b, 0x9d, 0x7b, 0x9d, 
	0x94, 0xa5, 0x63, 0x5b, 0x4a, 0x57, 0x63, 0x1d, 
	0x94, 0xed, 0x4a, 0x55, 0x73, 0x5d, 
};

Gfx pss_dl__63E31A21_c_ci8_aligner[] = {gsSPEndDisplayList()};
u8 pss_dl__63E31A21_c_ci8[] = {
	0x00, 0x01, 0x02, 0x03, 0x04, 0x05, 0x06, 0x07, 
	0x08, 0x09, 0x09, 0x0a, 0x0b, 0x0c, 0x0d, 0x07, 
	0x0e, 0x0f, 0x10, 0x03, 0x04, 0x05, 0x05, 0x11, 
	0x12, 0x06, 0x13, 0x0a, 0x14, 0x15, 0x16, 0x17, 
	0x12, 0x18, 0x18, 0x18, 0x18, 0x18, 0x18, 0x19, 
	0x1a, 0x18, 0x18, 0x18, 0x18, 0x18, 0x18, 0x1b, 
	0x12, 0x18, 0x18, 0x18, 0x18, 0x18, 0x18, 0x1c, 
	0x05, 0x18, 0x18, 0x18, 0x18, 0x18, 0x18, 0x1b, 
	0x12, 0x18, 0x18, 0x18, 0x18, 0x18, 0x18, 0x1d, 
	0x1e, 0x18, 0x18, 0x18, 0x18, 0x18, 0x18, 0x1f, 
	0x12, 0x18, 0x18, 0x18, 0x18, 0x18, 0x18, 0x20, 
	0x21, 0x18, 0x18, 0x18, 0x18, 0x18, 0x18, 0x22, 
	0x23, 0x18, 0x18, 0x18, 0x18, 0x18, 0x18, 0x24, 
	0x25, 0x18, 0x18, 0x18, 0x18, 0x18, 0x18, 0x13, 
	0x05, 0x18, 0x18, 0x18, 0x18, 0x18, 0x18, 0x1d, 
	0x23, 0x18, 0x18, 0x18, 0x18, 0x18, 0x18, 0x26, 
	0x21, 0x18, 0x18, 0x18, 0x18, 0x18, 0x18, 0x27, 
	0x05, 0x18, 0x18, 0x18, 0x18, 0x18, 0x18, 0x03, 
	0x21, 0x18, 0x18, 0x18, 0x18, 0x18, 0x18, 0x28, 
	0x21, 0x18, 0x18, 0x18, 0x18, 0x18, 0x18, 0x03, 
	0x12, 0x18, 0x18, 0x18, 0x18, 0x18, 0x18, 0x29, 
	0x05, 0x18, 0x18, 0x18, 0x18, 0x18, 0x18, 0x2a, 
	0x05, 0x18, 0x18, 0x18, 0x18, 0x18, 0x18, 0x2b, 
	0x12, 0x18, 0x18, 0x18, 0x18, 0x18, 0x18, 0x2c, 
	0x05, 0x18, 0x18, 0x18, 0x18, 0x18, 0x18, 0x2d, 
	0x05, 0x18, 0x18, 0x18, 0x18, 0x18, 0x18, 0x1d, 
	0x05, 0x18, 0x18, 0x18, 0x18, 0x18, 0x18, 0x2e, 
	0x12, 0x18, 0x18, 0x18, 0x18, 0x18, 0x18, 0x2f, 
	0x05, 0x12, 0x12, 0x05, 0x05, 0x12, 0x12, 0x12, 
	0x12, 0x12, 0x12, 0x05, 0x21, 0x21, 0x12, 0x19, 
	0x21, 0x12, 0x12, 0x12, 0x05, 0x30, 0x30, 0x30, 
	0x30, 0x30, 0x12, 0x12, 0x12, 0x12, 0x12, 0x16, 
	0x12, 0x31, 0x32, 0x14, 0x33, 0x0c, 0x0d, 0x34, 
	0x35, 0x0d, 0x36, 0x03, 0x29, 0x37, 0x2b, 0x38, 
	0x39, 0x3a, 0x3b, 0x0b, 0x3c, 0x3d, 0x3e, 0x38, 
	0x3f, 0x1d, 0x36, 0x03, 0x29, 0x37, 0x06, 0x1c, 
	0x12, 0x18, 0x18, 0x18, 0x18, 0x18, 0x18, 0x06, 
	0x12, 0x18, 0x18, 0x18, 0x18, 0x18, 0x18, 0x40, 
	0x21, 0x18, 0x18, 0x18, 0x18, 0x18, 0x18, 0x41, 
	0x21, 0x18, 0x18, 0x18, 0x18, 0x18, 0x18, 0x40, 
	0x12, 0x18, 0x18, 0x18, 0x18, 0x18, 0x18, 0x3b, 
	0x05, 0x18, 0x18, 0x18, 0x18, 0x18, 0x18, 0x42, 
	0x05, 0x18, 0x18, 0x18, 0x18, 0x18, 0x18, 0x43, 
	0x21, 0x18, 0x18, 0x18, 0x18, 0x18, 0x18, 0x42, 
	0x23, 0x18, 0x18, 0x18, 0x18, 0x18, 0x18, 0x44, 
	0x23, 0x18, 0x18, 0x18, 0x18, 0x18, 0x18, 0x45, 
	0x23, 0x18, 0x18, 0x18, 0x18, 0x18, 0x18, 0x29, 
	0x23, 0x18, 0x18, 0x18, 0x18, 0x18, 0x18, 0x45, 
	0x21, 0x18, 0x18, 0x18, 0x18, 0x18, 0x18, 0x46, 
	0x21, 0x18, 0x18, 0x18, 0x18, 0x18, 0x18, 0x47, 
	0x21, 0x18, 0x18, 0x18, 0x18, 0x18, 0x18, 0x0a, 
	0x21, 0x18, 0x18, 0x18, 0x18, 0x18, 0x18, 0x47, 
	0x12, 0x18, 0x18, 0x18, 0x18, 0x18, 0x18, 0x48, 
	0x12, 0x18, 0x18, 0x18, 0x18, 0x18, 0x18, 0x49, 
	0x12, 0x18, 0x18, 0x18, 0x18, 0x18, 0x18, 0x14, 
	0x12, 0x18, 0x18, 0x18, 0x18, 0x18, 0x18, 0x49, 
	0x12, 0x18, 0x18, 0x18, 0x18, 0x18, 0x18, 0x4a, 
	0x21, 0x18, 0x18, 0x18, 0x18, 0x18, 0x18, 0x49, 
	0x12, 0x18, 0x18, 0x18, 0x18, 0x18, 0x18, 0x4b, 
	0x12, 0x18, 0x18, 0x18, 0x18, 0x18, 0x18, 0x49, 
	0x12, 0x12, 0x05, 0x05, 0x05, 0x12, 0x12, 0x4c, 
	0x12, 0x12, 0x12, 0x05, 0x21, 0x21, 0x05, 0x12, 
	0x12, 0x12, 0x12, 0x12, 0x23, 0x12, 0x12, 0x20, 
	0x05, 0x1b, 0x12, 0x05, 0x12, 0x12, 0x4d, 0x1b, 
	0x00, 0x01, 0x02, 0x03, 0x04, 0x05, 0x06, 0x4e, 
	0x12, 0x4f, 0x13, 0x0a, 0x0b, 0x33, 0x50, 0x51, 
	0x00, 0x01, 0x02, 0x03, 0x52, 0x05, 0x05, 0x17, 
	0x05, 0x06, 0x09, 0x0a, 0x14, 0x15, 0x16, 0x17, 
	0x12, 0x18, 0x18, 0x18, 0x18, 0x18, 0x18, 0x53, 
	0x05, 0x18, 0x18, 0x18, 0x18, 0x18, 0x18, 0x1b, 
	0x12, 0x18, 0x18, 0x18, 0x18, 0x18, 0x18, 0x00, 
	0x21, 0x18, 0x18, 0x18, 0x18, 0x18, 0x18, 0x06, 
	0x12, 0x18, 0x18, 0x18, 0x18, 0x18, 0x18, 0x54, 
	0x55, 0x18, 0x18, 0x18, 0x18, 0x18, 0x18, 0x56, 
	0x12, 0x18, 0x18, 0x18, 0x18, 0x18, 0x18, 0x57, 
	0x21, 0x18, 0x18, 0x18, 0x18, 0x18, 0x18, 0x22, 
	0x23, 0x18, 0x18, 0x18, 0x18, 0x18, 0x18, 0x58, 
	0x23, 0x18, 0x18, 0x18, 0x18, 0x18, 0x18, 0x59, 
	0x23, 0x18, 0x18, 0x18, 0x18, 0x18, 0x18, 0x2a, 
	0x23, 0x18, 0x18, 0x18, 0x18, 0x18, 0x18, 0x13, 
	0x21, 0x18, 0x18, 0x18, 0x18, 0x18, 0x18, 0x5a, 
	0x21, 0x18, 0x18, 0x18, 0x18, 0x18, 0x18, 0x03, 
	0x21, 0x18, 0x18, 0x18, 0x18, 0x18, 0x18, 0x31, 
	0x21, 0x18, 0x18, 0x18, 0x18, 0x18, 0x18, 0x03, 
	0x12, 0x18, 0x18, 0x18, 0x18, 0x18, 0x18, 0x3b, 
	0x12, 0x18, 0x18, 0x18, 0x18, 0x18, 0x18, 0x2c, 
	0x12, 0x18, 0x18, 0x18, 0x18, 0x18, 0x18, 0x52, 
	0x12, 0x18, 0x18, 0x18, 0x18, 0x18, 0x18, 0x36, 
	0x12, 0x18, 0x18, 0x18, 0x18, 0x18, 0x18, 0x5b, 
	0x21, 0x18, 0x18, 0x18, 0x18, 0x18, 0x18, 0x2f, 
	0x12, 0x18, 0x18, 0x18, 0x18, 0x18, 0x18, 0x37, 
	0x12, 0x18, 0x18, 0x18, 0x18, 0x18, 0x18, 0x42, 
	0x4d, 0x12, 0x12, 0x05, 0x05, 0x12, 0x12, 0x12, 
	0x12, 0x12, 0x12, 0x12, 0x05, 0x05, 0x12, 0x5c, 
	0x05, 0x12, 0x12, 0x12, 0x21, 0x21, 0x05, 0x05, 
	0x12, 0x12, 0x12, 0x12, 0x12, 0x12, 0x12, 0x20, 
	0x12, 0x31, 0x32, 0x14, 0x33, 0x0c, 0x0d, 0x35, 
	0x5d, 0x50, 0x5e, 0x2a, 0x32, 0x5f, 0x5f, 0x60, 
	0x12, 0x09, 0x13, 0x61, 0x62, 0x1d, 0x16, 0x1c, 
	0x11, 0x63, 0x64, 0x03, 0x29, 0x05, 0x2b, 0x17, 
	0x12, 0x18, 0x18, 0x18, 0x18, 0x18, 0x18, 0x2b, 
	0x12, 0x18, 0x18, 0x18, 0x18, 0x18, 0x18, 0x65, 
	0x12, 0x18, 0x18, 0x18, 0x18, 0x18, 0x18, 0x66, 
	0x21, 0x18, 0x18, 0x18, 0x18, 0x18, 0x18, 0x40, 
	0x12, 0x18, 0x18, 0x18, 0x18, 0x18, 0x18, 0x67, 
	0x05, 0x18, 0x18, 0x18, 0x18, 0x18, 0x18, 0x42, 
	0x12, 0x18, 0x18, 0x18, 0x18, 0x18, 0x18, 0x41, 
	0x21, 0x18, 0x18, 0x18, 0x18, 0x18, 0x18, 0x42, 
	0x23, 0x18, 0x18, 0x18, 0x18, 0x18, 0x18, 0x68, 
	0x69, 0x18, 0x18, 0x18, 0x18, 0x18, 0x18, 0x45, 
	0x23, 0x18, 0x18, 0x18, 0x18, 0x18, 0x18, 0x52, 
	0x23, 0x18, 0x18, 0x18, 0x18, 0x18, 0x18, 0x45, 
	0x21, 0x18, 0x18, 0x18, 0x18, 0x18, 0x18, 0x6a, 
	0x30, 0x18, 0x18, 0x18, 0x18, 0x18, 0x18, 0x47, 
	0x21, 0x18, 0x18, 0x18, 0x18, 0x18, 0x18, 0x0a, 
	0x21, 0x18, 0x18, 0x18, 0x18, 0x18, 0x18, 0x47, 
	0x12, 0x18, 0x18, 0x18, 0x18, 0x18, 0x18, 0x6b, 
	0x30, 0x18, 0x18, 0x18, 0x18, 0x18, 0x18, 0x49, 
	0x12, 0x18, 0x18, 0x18, 0x18, 0x18, 0x18, 0x6c, 
	0x12, 0x18, 0x18, 0x18, 0x18, 0x18, 0x18, 0x4f, 
	0x12, 0x18, 0x18, 0x18, 0x18, 0x18, 0x18, 0x44, 
	0x69, 0x18, 0x18, 0x18, 0x18, 0x18, 0x18, 0x49, 
	0x12, 0x18, 0x18, 0x18, 0x18, 0x18, 0x18, 0x6d, 
	0x12, 0x18, 0x18, 0x18, 0x18, 0x18, 0x18, 0x49, 
	0x12, 0x12, 0x05, 0x05, 0x05, 0x12, 0x12, 0x6e, 
	0x6f, 0x12, 0x12, 0x05, 0x21, 0x21, 0x05, 0x12, 
	0x12, 0x12, 0x12, 0x12, 0x05, 0x12, 0x12, 0x70, 
	0x12, 0x05, 0x12, 0x05, 0x12, 0x12, 0x4d, 0x1b, 
	
};

Gfx pss_dl__63E31A21_c_pal_rgba16_aligner[] = {gsSPEndDisplayList()};
u8 pss_dl__63E31A21_c_pal_rgba16[] = {
	0x8c, 0xe3, 0x7b, 0x95, 0x72, 0xcd, 0x5a, 0x09, 
	0x28, 0xc5, 0x00, 0x45, 0x29, 0x05, 0x96, 0x2f, 
	0x09, 0x0b, 0x62, 0x45, 0x41, 0x89, 0x31, 0x8d, 
	0x3a, 0x55, 0x74, 0xa3, 0x95, 0xa9, 0x94, 0xe3, 
	0x84, 0x17, 0x84, 0x5b, 0x00, 0x05, 0x51, 0xc7, 
	0x39, 0xcd, 0x52, 0xd5, 0x84, 0xa3, 0xb7, 0xbd, 
	0x00, 0x04, 0x7c, 0xa3, 0x11, 0x4b, 0x10, 0x85, 
	0x9e, 0x2f, 0x63, 0x15, 0x11, 0x0b, 0x39, 0x85, 
	0x8c, 0xa3, 0x00, 0x85, 0x41, 0x85, 0x08, 0xc5, 
	0x52, 0x0d, 0x08, 0xc7, 0x62, 0x07, 0x49, 0x89, 
	0x5a, 0x0d, 0x41, 0x47, 0x5a, 0x4d, 0x31, 0x05, 
	0x62, 0x4d, 0x20, 0x87, 0x18, 0x85, 0x6b, 0x15, 
	0x00, 0x47, 0x51, 0xc9, 0x49, 0xcb, 0x3a, 0x11, 
	0x96, 0x73, 0x85, 0x29, 0x62, 0x8d, 0x20, 0xc7, 
	0x95, 0xef, 0x21, 0x05, 0x4a, 0x09, 0x41, 0xcb, 
	0x31, 0xd1, 0x32, 0x55, 0x64, 0x23, 0x5c, 0x23, 
	0x6c, 0x63, 0x51, 0xc5, 0x6b, 0x55, 0x49, 0x87, 
	0x42, 0x51, 0x6a, 0xcd, 0x42, 0xd7, 0x62, 0x49, 
	0x4b, 0x9f, 0x51, 0x85, 0x64, 0xa5, 0x3a, 0x95, 
	0x7d, 0x6b, 0x08, 0x45, 0x8d, 0xef, 0x5a, 0x07, 
	0x5b, 0x59, 0x8d, 0x6b, 0x41, 0x87, 0x7d, 0x29, 
	0x6c, 0x1f, 0x08, 0x85, 0x6a, 0x47, 0x73, 0x55, 
	0x5b, 0x17, 0x62, 0x47, 0x52, 0x4f, 0x20, 0xc9, 
	0x7c, 0x1b, 0x64, 0x63, 0x5a, 0xd3, 0x29, 0x07, 
	0x95, 0xeb, 0x49, 0xc9, 0x4a, 0x4d, 0x73, 0x51, 
	0x6a, 0xcb, 0x84, 0xe7, 0x62, 0x05, 0x39, 0x07, 
	0x31, 0x07, 0x00, 0x87, 0x29, 0x09, 0x31, 0x8b, 
	0x42, 0x0d, 0x52, 0x91, 0x6b, 0xdb, 0x00, 0x89, 
	0x7b, 0xd5, 
};

Gfx pss_dl__66E3247E_c_ci8_aligner[] = {gsSPEndDisplayList()};
u8 pss_dl__66E3247E_c_ci8[] = {
	0x00, 0x00, 0x00, 0x00, 0x00, 0x00, 0x01, 0x02, 
	0x00, 0x01, 0x02, 0x02, 0x03, 0x00, 0x00, 0x00, 
	0x00, 0x00, 0x00, 0x04, 0x04, 0x04, 0x04, 0x04, 
	0x05, 0x00, 0x00, 0x00, 0x06, 0x04, 0x04, 0x00, 
	0x00, 0x07, 0x08, 0x09, 0x09, 0x0a, 0x0a, 0x07, 
	0x04, 0x07, 0x0b, 0x0c, 0x0b, 0x0b, 0x0b, 0x0b, 
	0x0d, 0x07, 0x07, 0x0e, 0x0e, 0x0f, 0x10, 0x0e, 
	0x04, 0x11, 0x11, 0x12, 0x12, 0x08, 0x0e, 0x0e, 
	0x00, 0x13, 0x14, 0x15, 0x16, 0x17, 0x18, 0x19, 
	0x0d, 0x18, 0x18, 0x1a, 0x18, 0x1a, 0x18, 0x19, 
	0x0d, 0x13, 0x1b, 0x1c, 0x1c, 0x1c, 0x18, 0x07, 
	0x04, 0x1d, 0x1e, 0x1a, 0x1a, 0x1f, 0x1f, 0x19, 
	0x00, 0x1d, 0x20, 0x1a, 0x21, 0x21, 0x21, 0x19, 
	0x04, 0x18, 0x1a, 0x1a, 0x21, 0x21, 0x21, 0x19, 
	0x0d, 0x13, 0x13, 0x21, 0x21, 0x21, 0x13, 0x01, 
	0x0d, 0x22, 0x1f, 0x1a, 0x1a, 0x21, 0x21, 0x19, 
	0x05, 0x23, 0x23, 0x00, 0x04, 0x24, 0x24, 0x24, 
	0x04, 0x04, 0x04, 0x04, 0x03, 0x03, 0x00, 0x00, 
	0x01, 0x24, 0x24, 0x00, 0x01, 0x01, 0x01, 0x00, 
	0x01, 0x25, 0x05, 0x05, 0x05, 0x06, 0x05, 0x05, 
	0x0e, 0x0e, 0x0e, 0x0e, 0x01, 0x07, 0x07, 0x0e, 
	0x0e, 0x0e, 0x0e, 0x0e, 0x24, 0x26, 0x27, 0x26, 
	0x0c, 0x0c, 0x07, 0x07, 0x24, 0x19, 0x0e, 0x0e, 
	0x0e, 0x12, 0x12, 0x0e, 0x00, 0x02, 0x02, 0x02, 
	0x1b, 0x1b, 0x22, 0x07, 0x02, 0x13, 0x28, 0x20, 
	0x14, 0x20, 0x29, 0x0e, 0x01, 0x1a, 0x1a, 0x1a, 
	0x20, 0x20, 0x29, 0x07, 0x24, 0x13, 0x1a, 0x1c, 
	0x2a, 0x28, 0x14, 0x0e, 0x00, 0x29, 0x29, 0x22, 
	0x1b, 0x2b, 0x13, 0x19, 0x01, 0x18, 0x2c, 0x1a, 
	0x21, 0x21, 0x22, 0x19, 0x01, 0x18, 0x1a, 0x21, 
	0x21, 0x18, 0x18, 0x19, 0x01, 0x13, 0x21, 0x21, 
	0x1a, 0x1a, 0x18, 0x19, 0x00, 0x1b, 0x22, 0x22, 
	0x06, 0x06, 0x23, 0x23, 0x23, 0x23, 0x06, 0x23, 
	0x23, 0x23, 0x25, 0x23, 0x23, 0x23, 0x23, 0x2d, 
	0x2e, 0x2f, 0x30, 0x30, 0x30, 0x30, 0x30, 0x30, 
	0x31, 0x32, 0x32, 0x32, 0x32, 0x32, 0x32, 0x32, 
	0x00, 0x27, 0x07, 0x07, 0x0e, 0x0e, 0x0e, 0x33, 
	0x00, 0x07, 0x12, 0x0e, 0x0e, 0x27, 0x20, 0x0e, 
	0x2f, 0x34, 0x34, 0x35, 0x35, 0x35, 0x34, 0x34, 
	0x34, 0x35, 0x35, 0x35, 0x34, 0x34, 0x34, 0x36, 
	0x05, 0x1a, 0x1b, 0x1b, 0x1b, 0x1b, 0x28, 0x0e, 
	0x00, 0x29, 0x28, 0x28, 0x28, 0x1c, 0x28, 0x0e, 
	0x36, 0x34, 0x37, 0x37, 0x37, 0x37, 0x37, 0x38, 
	0x30, 0x37, 0x37, 0x37, 0x37, 0x37, 0x34, 0x36, 
	0x00, 0x18, 0x1a, 0x09, 0x1a, 0x1a, 0x13, 0x19, 
	0x00, 0x13, 0x21, 0x21, 0x1b, 0x1b, 0x13, 0x19, 
	0x01, 0x35, 0x37, 0x37, 0x37, 0x37, 0x37, 0x39, 
	0x2f, 0x37, 0x37, 0x37, 0x37, 0x37, 0x35, 0x36, 
	0x00, 0x00, 0x00, 0x00, 0x05, 0x00, 0x05, 0x05, 
	0x05, 0x05, 0x05, 0x05, 0x05, 0x05, 0x05, 0x04, 
	0x30, 0x35, 0x37, 0x37, 0x37, 0x37, 0x37, 0x3a, 
	0x39, 0x37, 0x37, 0x37, 0x37, 0x37, 0x35, 0x32, 
	0x07, 0x07, 0x07, 0x19, 0x0d, 0x0e, 0x0e, 0x0e, 
	0x0e, 0x07, 0x07, 0x12, 0x3b, 0x09, 0x09, 0x09, 
	0x3c, 0x34, 0x38, 0x39, 0x3a, 0x3a, 0x3a, 0x3a, 
	0x39, 0x3a, 0x3a, 0x3a, 0x39, 0x39, 0x34, 0x36, 
	0x20, 0x20, 0x20, 0x0e, 0x00, 0x20, 0x29, 0x20, 
	0x1d, 0x28, 0x28, 0x09, 0x3d, 0x18, 0x13, 0x1a, 
	0x3e, 0x34, 0x37, 0x37, 0x37, 0x37, 0x37, 0x3a, 
	0x39, 0x37, 0x37, 0x37, 0x37, 0x37, 0x35, 0x06, 
	0x29, 0x13, 0x13, 0x19, 0x00, 0x1a, 0x1a, 0x28, 
	0x28, 0x1b, 0x29, 0x19, 0x01, 0x18, 0x1a, 0x1a, 
	0x2d, 0x35, 0x37, 0x37, 0x37, 0x37, 0x37, 0x3a, 
	0x39, 0x37, 0x37, 0x37, 0x37, 0x37, 0x34, 0x06, 
	0x01, 0x01, 0x00, 0x00, 0x00, 0x00, 0x00, 0x00, 
	0x00, 0x00, 0x05, 0x00, 0x04, 0x00, 0x04, 0x0d, 
	0x2f, 0x34, 0x3f, 0x37, 0x37, 0x37, 0x37, 0x3a, 
	0x39, 0x37, 0x37, 0x37, 0x37, 0x3f, 0x34, 0x31, 
	0x00, 0x07, 0x07, 0x40, 0x40, 0x40, 0x0e, 0x07, 
	0x25, 0x29, 0x29, 0x0e, 0x12, 0x0e, 0x0e, 0x07, 
	0x41, 0x35, 0x42, 0x38, 0x39, 0x3a, 0x3a, 0x3a, 
	0x39, 0x3a, 0x3a, 0x39, 0x38, 0x3f, 0x35, 0x36, 
	0x01, 0x18, 0x18, 0x1a, 0x28, 0x1b, 0x28, 0x19, 
	0x05, 0x43, 0x43, 0x1f, 0x1f, 0x1f, 0x22, 0x0c, 
	0x44, 0x45, 0x35, 0x37, 0x37, 0x37, 0x37, 0x3a, 
	0x39, 0x37, 0x37, 0x37, 0x37, 0x35, 0x45, 0x46, 
	0x03, 0x18, 0x1a, 0x1a, 0x1a, 0x1a, 0x1a, 0x0b, 
	0x04, 0x1d, 0x1d, 0x1f, 0x1f, 0x47, 0x1a, 0x09, 
	0x48, 0x2d, 0x34, 0x3f, 0x37, 0x37, 0x37, 0x39, 
	0x2f, 0x37, 0x37, 0x37, 0x3f, 0x34, 0x05, 0x0b, 
	0x00, 0x00, 0x49, 0x05, 0x05, 0x05, 0x05, 0x04, 
	0x25, 0x00, 0x04, 0x00, 0x01, 0x02, 0x01, 0x01, 
	0x01, 0x31, 0x4a, 0x34, 0x3f, 0x37, 0x37, 0x38, 
	0x30, 0x37, 0x37, 0x3f, 0x34, 0x4a, 0x32, 0x00, 
	0x02, 0x02, 0x4b, 0x4b, 0x00, 0x02, 0x33, 0x4c, 
	0x4c, 0x02, 0x12, 0x07, 0x04, 0x19, 0x07, 0x07, 
	0x0e, 0x12, 0x41, 0x35, 0x34, 0x35, 0x3f, 0x3f, 
	0x3f, 0x3f, 0x35, 0x34, 0x4d, 0x31, 0x4c, 0x3b, 
	0x14, 0x15, 0x14, 0x4b, 0x03, 0x4e, 0x4f, 0x14, 
	0x15, 0x50, 0x50, 0x0e, 0x3b, 0x13, 0x1a, 0x1a, 
	0x28, 0x1b, 0x28, 0x51, 0x2f, 0x45, 0x35, 0x34, 
	0x34, 0x35, 0x45, 0x41, 0x2f, 0x16, 0x52, 0x20, 
	0x20, 0x20, 0x20, 0x4b, 0x00, 0x13, 0x1a, 0x1a, 
	0x1a, 0x1a, 0x43, 0x0e, 0x3b, 0x18, 0x43, 0x1a, 
	0x17, 0x21, 0x21, 0x19, 0x00, 0x06, 0x06, 0x53, 
	0x53, 0x06, 0x06, 0x3b, 0x04, 0x18, 0x43, 0x20, 
	0x00, 0x00, 0x00, 0x04, 0x04, 0x3b, 0x3b, 0x04, 
	0x25, 0x01, 0x08, 0x4c, 0x4c, 0x02, 0x02, 0x01, 
	0x03, 0x03, 0x00, 0x00, 0x00, 0x00, 0x24, 0x01, 
	0x00, 0x24, 0x24, 0x00, 0x04, 0x00, 0x2e, 0x05, 
	0x01, 0x19, 0x0e, 0x27, 0x27, 0x27, 0x0e, 0x27, 
	0x04, 0x07, 0x0e, 0x0e, 0x0e, 0x07, 0x0e, 0x0e, 
	0x00, 0x07, 0x07, 0x07, 0x07, 0x0e, 0x0e, 0x0e, 
	0x00, 0x0e, 0x0e, 0x0e, 0x0e, 0x27, 0x12, 0x07, 
	0x4b, 0x13, 0x20, 0x1c, 0x1c, 0x1f, 0x22, 0x09, 
	0x04, 0x1f, 0x1f, 0x1f, 0x1f, 0x1f, 0x1f, 0x0e, 
	0x04, 0x18, 0x1a, 0x1a, 0x1a, 0x1a, 0x1a, 0x07, 
	0x00, 0x18, 0x28, 0x1c, 0x17, 0x1f, 0x18, 0x27, 
	0x24, 0x29, 0x29, 0x29, 0x28, 0x22, 0x1a, 0x09, 
	0x00, 0x1a, 0x1a, 0x18, 0x18, 0x43, 0x18, 0x19, 
	0x00, 0x13, 0x13, 0x21, 0x21, 0x21, 0x13, 0x19, 
	0x00, 0x18, 0x1a, 0x1f, 0x1f, 0x1f, 0x18, 0x0e, 
	0x00, 0x00, 0x04, 0x04, 0x00, 0x06, 0x00, 0x2e, 
	0x2e, 0x2e, 0x2e, 0x2e, 0x06, 0x04, 0x04, 0x02, 
	0x02, 0x02, 0x02, 0x02, 0x00, 0x00, 0x00, 0x00, 
	0x25, 0x25, 0x25, 0x00, 0x04, 0x00, 0x2d, 0x2d, 
	0x02, 0x0e, 0x07, 0x07, 0x48, 0x07, 0x0e, 0x27, 
	0x27, 0x12, 0x12, 0x0e, 0x00, 0x43, 0x1c, 0x1c, 
	0x0e, 0x0e, 0x07, 0x07, 0x04, 0x0e, 0x27, 0x27, 
	0x27, 0x27, 0x27, 0x07, 0x00, 0x3b, 0x54, 0x54, 
	0x21, 0x17, 0x1f, 0x09, 0x4b, 0x18, 0x18, 0x20, 
	0x1c, 0x1c, 0x1c, 0x0e, 0x00, 0x18, 0x43, 0x2c, 
	0x2a, 0x1c, 0x43, 0x0e, 0x04, 0x18, 0x1f, 0x1f, 
	0x1f, 0x1c, 0x43, 0x19, 0x04, 0x0e, 0x43, 0x2b, 
	0x21, 0x2b, 0x1f, 0x09, 0x4b, 0x1a, 0x21, 0x21, 
	0x22, 0x22, 0x1f, 0x19, 0x00, 0x13, 0x13, 0x18, 
	0x22, 0x22, 0x18, 0x07, 0x00, 0x13, 0x13, 0x22, 
	0x22, 0x1f, 0x18, 0x07, 0x00, 0x18, 0x21, 0x21, 
	
};

Gfx pss_dl__66E3247E_c_pal_rgba16_aligner[] = {gsSPEndDisplayList()};
u8 pss_dl__66E3247E_c_pal_rgba16[] = {
	0x29, 0x07, 0x31, 0x49, 0x39, 0x49, 0x31, 0x47, 
	0x31, 0x07, 0x20, 0xc7, 0x20, 0xc5, 0x41, 0x8b, 
	0x41, 0x47, 0x49, 0xc9, 0x52, 0x07, 0x41, 0x8d, 
	0x49, 0xcb, 0x29, 0x09, 0x41, 0x89, 0x49, 0x87, 
	0x41, 0x07, 0x39, 0x4b, 0x41, 0x49, 0x52, 0x0f, 
	0x51, 0xcb, 0x51, 0x49, 0x51, 0x89, 0x62, 0x8b, 
	0x52, 0x0d, 0x41, 0xcd, 0x5a, 0x4d, 0x5a, 0x0d, 
	0x5a, 0x09, 0x59, 0xcb, 0x49, 0x49, 0x62, 0x4b, 
	0x51, 0xcd, 0x5a, 0x8f, 0x62, 0x4d, 0x28, 0xc5, 
	0x31, 0x09, 0x28, 0xc7, 0x41, 0xcb, 0x49, 0x89, 
	0x5a, 0x0b, 0x51, 0xcf, 0x62, 0x49, 0x6a, 0x8b, 
	0x5a, 0x4b, 0x29, 0x05, 0x31, 0x05, 0x10, 0x41, 
	0x08, 0x01, 0x10, 0x43, 0x08, 0x41, 0x39, 0x09, 
	0x92, 0xc1, 0x72, 0x01, 0x18, 0x85, 0x00, 0x01, 
	0x10, 0x01, 0x20, 0x81, 0x38, 0xc1, 0x39, 0x47, 
	0x20, 0xc3, 0x39, 0x87, 0x29, 0x03, 0x41, 0x01, 
	0x41, 0x09, 0x18, 0x83, 0x20, 0x41, 0x52, 0x0b, 
	0x10, 0x83, 0x49, 0x83, 0x18, 0x43, 0x6a, 0x89, 
	0x31, 0x4b, 0x21, 0x07, 0x62, 0x01, 0x39, 0x89, 
	0x39, 0x07, 0x61, 0xc1, 0x49, 0x8d, 0x51, 0x8b, 
	0x59, 0xc9, 0x20, 0x83, 0x51, 0x09, 0x20, 0x85, 
	0x41, 0x87, 
};

Gfx pss_dl_generic_textures_04800_rgba16_ci8_aligner[] = {gsSPEndDisplayList()};
u8 pss_dl_generic_textures_04800_rgba16_ci8[] = {
	0x00, 0x01, 0x02, 0x03, 0x03, 0x04, 0x05, 0x06, 
	0x03, 0x07, 0x08, 0x09, 0x0a, 0x03, 0x0b, 0x05, 
	0x04, 0x0c, 0x0d, 0x0e, 0x0f, 0x10, 0x11, 0x12, 
	0x13, 0x14, 0x15, 0x16, 0x16, 0x05, 0x06, 0x16, 
	0x03, 0x17, 0x06, 0x06, 0x03, 0x16, 0x18, 0x19, 
	0x1a, 0x1b, 0x1c, 0x07, 0x1d, 0x1e, 0x19, 0x1f, 
	0x1e, 0x20, 0x21, 0x22, 0x23, 0x24, 0x25, 0x26, 
	0x27, 0x28, 0x29, 0x00, 0x2a, 0x06, 0x06, 0x2b, 
	0x03, 0x06, 0x03, 0x06, 0x02, 0x2c, 0x2d, 0x16, 
	0x1e, 0x03, 0x03, 0x2e, 0x2f, 0x30, 0x0c, 0x0c, 
	0x31, 0x32, 0x33, 0x34, 0x1f, 0x35, 0x36, 0x37, 
	0x1b, 0x38, 0x39, 0x3a, 0x1e, 0x1e, 0x19, 0x2a, 
	0x02, 0x02, 0x06, 0x2a, 0x16, 0x3b, 0x35, 0x3c, 
	0x3d, 0x05, 0x00, 0x16, 0x3e, 0x3f, 0x40, 0x31, 
	0x38, 0x38, 0x41, 0x42, 0x35, 0x43, 0x41, 0x17, 
	0x35, 0x0a, 0x44, 0x45, 0x13, 0x05, 0x46, 0x19, 
	0x03, 0x06, 0x06, 0x19, 0x3c, 0x42, 0x47, 0x19, 
	0x48, 0x06, 0x3c, 0x49, 0x4a, 0x4b, 0x2e, 0x4c, 
	0x4d, 0x0d, 0x4e, 0x4f, 0x50, 0x51, 0x52, 0x52, 
	0x52, 0x41, 0x1b, 0x53, 0x54, 0x04, 0x55, 0x19, 
	0x03, 0x03, 0x18, 0x06, 0x16, 0x02, 0x2a, 0x35, 
	0x2a, 0x03, 0x02, 0x56, 0x07, 0x57, 0x58, 0x04, 
	0x59, 0x18, 0x5a, 0x02, 0x46, 0x5b, 0x42, 0x43, 
	0x5c, 0x43, 0x5d, 0x50, 0x5e, 0x0c, 0x2a, 0x5f, 
	0x35, 0x35, 0x59, 0x06, 0x16, 0x02, 0x1f, 0x1f, 
	0x46, 0x42, 0x2a, 0x50, 0x60, 0x61, 0x62, 0x04, 
	0x04, 0x0d, 0x08, 0x26, 0x4c, 0x1b, 0x3c, 0x02, 
	0x35, 0x63, 0x64, 0x65, 0x45, 0x66, 0x19, 0x67, 
	0x5b, 0x02, 0x04, 0x00, 0x43, 0x02, 0x46, 0x49, 
	0x1f, 0x04, 0x20, 0x68, 0x38, 0x69, 0x6a, 0x61, 
	0x06, 0x4d, 0x42, 0x6b, 0x6c, 0x6d, 0x4d, 0x6e, 
	0x6f, 0x70, 0x22, 0x71, 0x72, 0x30, 0x73, 0x04, 
	0x2d, 0x02, 0x00, 0x3c, 0x02, 0x2a, 0x3b, 0x47, 
	0x2a, 0x43, 0x37, 0x53, 0x13, 0x61, 0x18, 0x04, 
	0x74, 0x75, 0x55, 0x23, 0x76, 0x4e, 0x77, 0x78, 
	0x79, 0x7a, 0x6c, 0x7b, 0x7c, 0x7d, 0x05, 0x02, 
	0x02, 0x00, 0x0c, 0x16, 0x16, 0x02, 0x5b, 0x49, 
	0x35, 0x02, 0x60, 0x5e, 0x59, 0x04, 0x59, 0x59, 
	0x74, 0x02, 0x7e, 0x30, 0x7f, 0x80, 0x81, 0x82, 
	0x6c, 0x83, 0x58, 0x4d, 0x20, 0x84, 0x5e, 0x1e, 
	0x09, 0x16, 0x85, 0x00, 0x2d, 0x06, 0x55, 0x19, 
	0x43, 0x71, 0x86, 0x87, 0x2c, 0x67, 0x7e, 0x6a, 
	0x06, 0x88, 0x89, 0x8a, 0x24, 0x61, 0x8b, 0x66, 
	0x8c, 0x1e, 0x75, 0x04, 0x19, 0x7c, 0x5a, 0x30, 
	0x38, 0x46, 0x03, 0x8d, 0x3c, 0x1f, 0x8e, 0x71, 
	0x14, 0x5c, 0x49, 0x52, 0x0c, 0x8f, 0x88, 0x13, 
	0x04, 0x90, 0x91, 0x23, 0x4d, 0x92, 0x90, 0x20, 
	0x4d, 0x6a, 0x67, 0x04, 0x19, 0x0a, 0x34, 0x8e, 
	0x39, 0x39, 0x71, 0x53, 0x07, 0x71, 0x24, 0x37, 
	0x44, 0x36, 0x8c, 0x93, 0x91, 0x62, 0x6a, 0x74, 
	0x59, 0x4d, 0x71, 0x45, 0x4d, 0x59, 0x04, 0x94, 
	0x0a, 0x06, 0x67, 0x20, 0x1f, 0x4c, 0x3c, 0x95, 
	0x02, 0x55, 0x02, 0x2d, 0x52, 0x37, 0x36, 0x1e, 
	0x2a, 0x2d, 0x74, 0x42, 0x45, 0x96, 0x97, 0x59, 
	0x74, 0x04, 0x60, 0x18, 0x8f, 0x15, 0x06, 0x74, 
	0x74, 0x4d, 0x04, 0x1e, 0x19, 0x47, 0x98, 0x34, 
	0x2a, 0x46, 0x55, 0x68, 0x52, 0x36, 0x2a, 0x3b, 
	0x1f, 0x03, 0x04, 0x46, 0x53, 0x62, 0x74, 0x4d, 
	0x4d, 0x57, 0x60, 0x99, 0x9a, 0x29, 0x06, 0x59, 
	0x67, 0x4d, 0x04, 0x2b, 0x1f, 0x8c, 0x1a, 0x95, 
	0x9b, 0x14, 0x09, 0x82, 0x9c, 0x04, 0x03, 0x19, 
	0x35, 0x05, 0x03, 0x0a, 0x9d, 0x88, 0x58, 0x74, 
	0x61, 0x39, 0x85, 0x6a, 0x9e, 0x67, 0x04, 0x59, 
	0x74, 0x74, 0x1e, 0x9f, 0x44, 0x1e, 0xa0, 0x95, 
	0x38, 0x3c, 0x00, 0x04, 0x20, 0x19, 0x2a, 0x02, 
	0x2a, 0x06, 0x36, 0x35, 0x24, 0x38, 0x29, 0x8f, 
	0x87, 0x23, 0x90, 0x7e, 0x6a, 0x59, 0x06, 0x06, 
	0x1e, 0x4c, 0x4d, 0xa1, 0xa2, 0xa0, 0x95, 0x45, 
	0x09, 0x00, 0x06, 0x2a, 0x19, 0x19, 0x19, 0x46, 
	0x19, 0x47, 0x20, 0x47, 0x50, 0x82, 0x25, 0xa3, 
	0xa4, 0xa5, 0x64, 0x90, 0x19, 0x2c, 0x1e, 0x83, 
	0x74, 0x14, 0xa6, 0xa7, 0x82, 0xa8, 0x53, 0x3c, 
	0x8e, 0x09, 0x51, 0x06, 0x04, 0x04, 0x19, 0x46, 
	0x1e, 0x1e, 0x0b, 0x37, 0x9c, 0xa9, 0xaa, 0x50, 
	0x20, 0x3f, 0x82, 0x4d, 0x4d, 0x94, 0x88, 0xab, 
	0xa6, 0xa8, 0xac, 0x20, 0xad, 0x41, 0x0f, 0x08, 
	0x0f, 0x00, 0x43, 0x43, 0x00, 0x06, 0x06, 0x06, 
	0x19, 0x1a, 0x4d, 0x20, 0xae, 0x41, 0x9f, 0x90, 
	0x8f, 0x9c, 0x39, 0x9e, 0x5e, 0xaf, 0xb0, 0xb1, 
	0x60, 0xb2, 0xb3, 0x8e, 0x2a, 0x14, 0xb4, 0xa0, 
	0x82, 0x14, 0x03, 0x2b, 0x0b, 0x6a, 0x05, 0x0b, 
	0x74, 0x35, 0x55, 0x7c, 0xb5, 0x5c, 0x04, 0x15, 
	0x2c, 0x74, 0x60, 0xb0, 0x78, 0x6b, 0x23, 0x1b, 
	0xb6, 0x1e, 0x52, 0x16, 0x38, 0x2a, 0x43, 0x14, 
	0x03, 0xb7, 0x68, 0x1e, 0x04, 0x59, 0x06, 0x04, 
	0x6a, 0x55, 0x49, 0x47, 0x85, 0x85, 0x06, 0x2b, 
	0x13, 0x18, 0x09, 0x23, 0x39, 0x3c, 0xb8, 0x1e, 
	0xb9, 0x42, 0x1e, 0x19, 0x16, 0xb2, 0x03, 0x2a, 
	0x1f, 0x03, 0x39, 0x45, 0x4d, 0x2a, 0x04, 0x04, 
	0x47, 0x47, 0x46, 0x1b, 0x2a, 0xba, 0x2b, 0x00, 
	0x06, 0x15, 0x87, 0x2f, 0x1b, 0x98, 0x2a, 0x02, 
	0x55, 0x35, 0x19, 0x1f, 0x46, 0x55, 0x02, 0x02, 
	0x46, 0x1e, 0x19, 0x39, 0x45, 0xbb, 0x1e, 0x46, 
	0x47, 0x35, 0x46, 0x44, 0x49, 0x14, 0x06, 0x2c, 
	0x9a, 0x2c, 0x09, 0x68, 0xbc, 0x19, 0x2d, 0x2a, 
	0x3b, 0x46, 0x02, 0x49, 0x2a, 0x3b, 0xbd, 0x46, 
	0x03, 0x19, 0x16, 0xba, 0x39, 0x45, 0x1a, 0x37, 
	0x1e, 0x19, 0x1b, 0x7c, 0xb4, 0x68, 0x2c, 0xbe, 
	0xbf, 0xc0, 0x29, 0x07, 0x2a, 0x06, 0x05, 0x04, 
	0x03, 0x06, 0x55, 0x42, 0x5b, 0x35, 0x37, 0x2a, 
	0x51, 0x45, 0x14, 0xc1, 0x5a, 0x82, 0x8c, 0x3b, 
	0x2a, 0x1a, 0x47, 0x36, 0xc2, 0xc3, 0x87, 0xc4, 
	0x91, 0x64, 0x9e, 0x24, 0x00, 0x05, 0x02, 0x16, 
	0x35, 0x5b, 0x1f, 0x3b, 0x43, 0x02, 0x49, 0x02, 
	0xc5, 0x21, 0xc6, 0x77, 0x45, 0x82, 0x68, 0x8c, 
	0x1e, 0x1f, 0x02, 0x43, 0x9c, 0x82, 0x67, 0x2c, 
	0x91, 0xc7, 0x8f, 0x85, 0x01, 0x1b, 0x1b, 0x47, 
	0x2a, 0x02, 0x02, 0x06, 0x3b, 0x0a, 0xc8, 0x14, 
	0xc9, 0xca, 0x54, 0xcb, 0x38, 0x5e, 0xcc, 0x01, 
	0xbc, 0xcd, 0x36, 0x00, 0xce, 0x8e, 0xcf, 0xb9, 
	0xc5, 0xc0, 0x88, 0x08, 0x51, 0x19, 0x47, 0xd0, 
	0x55, 0x2a, 0x2d, 0x59, 0x0a, 0x2f, 0xd1, 0x71, 
	0xc1, 0x8d, 0x8d, 0x30, 0xd2, 0x14, 0xd3, 0x14, 
	0x38, 0x82, 0xd3, 0x31, 0x53, 0x53, 0x52, 0x06, 
	0xc0, 0xd4, 0x34, 0x9c, 0x38, 0xd5, 0x1b, 0x5b, 
	0x49, 0x1f, 0x06, 0x20, 0x00, 0xd6, 0xc1, 0x04, 
	0x16, 0x18, 0xd7, 0x38, 0x46, 0x02, 0x2f, 0xd8, 
	0x39, 0x25, 0x71, 0x72, 0x50, 0x9c, 0x71, 0x82, 
	0x30, 0xd9, 0x37, 0x7c, 0x85, 0x38, 0x1b, 0x02, 
	0x2d, 0x02, 0x20, 0x24, 0xda, 0x02, 0x8b, 0x2c, 
	0x8d, 0x00, 0x00, 0x16, 0x02, 0x1b, 0x1a, 0x3b, 
	0x2e, 0xdb, 0x5b, 0x1a, 0x50, 0x7e, 0x49, 0x4b, 
	0xba, 0x7b, 0x19, 0x1f, 0x8c, 0xd3, 0x43, 0xd5, 
	0x47, 0xbc, 0x82, 0x40, 0x05, 0x44, 0x06, 0x8d, 
	0x16, 0x2d, 0x02, 0x06, 0x2a, 0x1f, 0xdc, 0x67, 
	0xba, 0x34, 0x07, 0x46, 0x2d, 0x17, 0x46, 0xb5, 
	0x52, 0x1f, 0x19, 0x5b, 0x36, 0x5b, 0x0f, 0xdd, 
	0x93, 0x08, 0x8e, 0x8c, 0x8c, 0x47, 0x19, 0x0c, 
	
};

Gfx pss_dl_generic_textures_04800_rgba16_pal_rgba16_aligner[] = {gsSPEndDisplayList()};
u8 pss_dl_generic_textures_04800_rgba16_pal_rgba16[] = {
	0xad, 0x69, 0x9d, 0x27, 0xb5, 0xad, 0xb5, 0xed, 
	0xc6, 0x2f, 0xbe, 0x2f, 0xbd, 0xed, 0x73, 0xdd, 
	0x63, 0x17, 0xa5, 0x27, 0xd6, 0xb7, 0xc6, 0x71, 
	0xb5, 0x69, 0xd6, 0xf5, 0xce, 0xb1, 0x42, 0x51, 
	0x19, 0x07, 0x42, 0x0d, 0x83, 0xd9, 0xc5, 0xeb, 
	0x84, 0x1f, 0xad, 0x27, 0xb5, 0xab, 0xa5, 0x69, 
	0xbd, 0xeb, 0xc6, 0x31, 0xce, 0xb5, 0xc6, 0x75, 
	0x8c, 0xe9, 0x9c, 0xe3, 0xce, 0x73, 0xbe, 0x31, 
	0xd6, 0xb5, 0x73, 0x99, 0x10, 0xc5, 0x4a, 0x95, 
	0x84, 0x21, 0x52, 0x93, 0x39, 0xcf, 0x3a, 0x0d, 
	0x73, 0x57, 0xa4, 0xe5, 0xbd, 0xef, 0xbd, 0xad, 
	0xbd, 0xab, 0xad, 0xab, 0xa5, 0x6d, 0x8c, 0xa3, 
	0x94, 0xa1, 0x5b, 0x15, 0x4a, 0x51, 0x21, 0x4b, 
	0x5b, 0x19, 0xb5, 0xef, 0xce, 0xb7, 0xbe, 0x33, 
	0x94, 0xa3, 0x52, 0xd5, 0x7b, 0xdf, 0xbd, 0xf1, 
	0xad, 0x6b, 0xc5, 0xe9, 0xd6, 0xfd, 0x6b, 0x9d, 
	0x3a, 0x4f, 0x9d, 0x29, 0xad, 0xad, 0xa5, 0x29, 
	0xdf, 0x3b, 0x7b, 0xdd, 0xc6, 0x73, 0xc6, 0x33, 
	0xbd, 0xa7, 0xb5, 0xf1, 0xbd, 0xf3, 0x63, 0x5b, 
	0xdf, 0x39, 0xd6, 0xb3, 0x7b, 0x9b, 0xad, 0x6d, 
	0xa5, 0x6b, 0x94, 0xe5, 0x94, 0xa5, 0x6b, 0x9b, 
	0x9c, 0xe1, 0xce, 0x75, 0xce, 0xb9, 0x8c, 0x5f, 
	0xde, 0xf5, 0xc5, 0xed, 0x4a, 0x93, 0xb5, 0xaf, 
	0x9c, 0xe7, 0xdf, 0x7f, 0x7b, 0xdb, 0xc5, 0xef, 
	0x52, 0xd7, 0xd6, 0xb1, 0xde, 0xb1, 0xf7, 0xbf, 
	0x94, 0x5f, 0x29, 0x8b, 0xe7, 0x79, 0xce, 0x2f, 
	0x8c, 0x61, 0xe6, 0xf5, 0xc6, 0x2d, 0x10, 0xc7, 
	0xce, 0xb3, 0xe7, 0x7d, 0xde, 0xb3, 0x83, 0xdd, 
	0x29, 0x09, 0x63, 0x59, 0x7c, 0x1f, 0xe7, 0x3b, 
	0xce, 0x71, 0xd6, 0x73, 0x8c, 0x5d, 0x42, 0x0f, 
	0x18, 0xc7, 0x10, 0x85, 0x4a, 0x91, 0xe7, 0x7b, 
	0xde, 0xf9, 0x52, 0xd3, 0xce, 0x6f, 0x21, 0x8b, 
	0x19, 0x09, 0x29, 0x8d, 0x6b, 0x59, 0xe7, 0x39, 
	0x9c, 0xa5, 0x9c, 0xe5, 0x4a, 0xd5, 0xb5, 0x67, 
	0xbd, 0xa9, 0xd6, 0x6d, 0x63, 0x15, 0xe7, 0x37, 
	0xd6, 0xf9, 0xad, 0x67, 0x73, 0x9b, 0xce, 0x2d, 
	0xd6, 0x6f, 0x9c, 0xa1, 0xce, 0x2b, 0x94, 0xe7, 
	0xd6, 0x71, 0x5b, 0x17, 0xe6, 0xf3, 0xce, 0x31, 
	0xef, 0xbf, 0xd6, 0x2d, 0xad, 0x25, 0x5a, 0xd5, 
	0x8c, 0xa5, 0x7c, 0x21, 0xa4, 0xe3, 0xde, 0xf7, 
	0x31, 0xcd, 0x8c, 0x1f, 0x29, 0xcd, 0x4a, 0x53, 
	0x5a, 0xd7, 0x53, 0x19, 0x31, 0xcb, 0x19, 0x4b, 
	0x3a, 0x0f, 0x5b, 0x5b, 0x84, 0xa5, 0x9c, 0x9f, 
	0x73, 0x5b, 0x9c, 0xa3, 0xad, 0xf1, 0x5a, 0xd3, 
	0x21, 0x49, 0x11, 0x09, 0xad, 0x29, 0xa4, 0xe7, 
	0xa5, 0x2b, 0x9d, 0x2b, 0xf7, 0xff, 0x52, 0x95, 
	0xe7, 0xbf, 0xb5, 0xa7, 0x8c, 0x63, 0xdf, 0x37, 
	0xd6, 0xf7, 0xc6, 0x77, 0xac, 0xe1, 0xb5, 0x23, 
	0xb5, 0x25, 0xa5, 0x25, 0xad, 0xaf, 0x84, 0x61, 
	0xad, 0x23, 0x6b, 0x57, 0x6b, 0x97, 0x8c, 0x1d, 
	0xdf, 0x3d, 0x8c, 0x9f, 0xad, 0x65, 0x6b, 0x99, 
	0x94, 0x63, 0xe7, 0x7f, 0x73, 0x9d, 0xff, 0xff, 
	0xc6, 0xb7, 0x53, 0x15, 0x94, 0xe3, 0x63, 0x57, 
	0x83, 0xdb, 0xbe, 0x73, 0x63, 0x9b, 0xa5, 0x23, 
	0x6b, 0x5b, 0x74, 0x21, 0x3a, 0x11, 0x7c, 0x23, 
	0xbe, 0x35, 0x84, 0x1d, 
};

Gfx pss_dl_inside_castle_textures_05000_rgba16_ci4_aligner[] = {gsSPEndDisplayList()};
u8 pss_dl_inside_castle_textures_05000_rgba16_ci4[] = {
	0x00, 0x00, 0x12, 0x11, 0x22, 0x22, 0x21, 0x21, 
	0x00, 0x21, 0x10, 0x01, 0x11, 0x22, 0x11, 0x02, 
	0x12, 0x12, 0x11, 0x11, 0x02, 0x02, 0x12, 0x22, 
	0x00, 0x22, 0x21, 0x21, 0x02, 0x21, 0x22, 0x12, 
	0x22, 0x02, 0x12, 0x12, 0x20, 0x21, 0x12, 0x01, 
	0x11, 0x11, 0x10, 0x00, 0x00, 0x21, 0x10, 0x11, 
	0x21, 0x00, 0x12, 0x22, 0x21, 0x22, 0x01, 0x22, 
	0x21, 0x01, 0x02, 0x12, 0x00, 0x02, 0x20, 0x21, 
	0x00, 0x11, 0x22, 0x10, 0x22, 0x11, 0x21, 0x02, 
	0x22, 0x01, 0x21, 0x10, 0x22, 0x22, 0x00, 0x01, 
	0x10, 0x00, 0x01, 0x10, 0x20, 0x22, 0x12, 0x12, 
	0x21, 0x00, 0x12, 0x10, 0x22, 0x10, 0x12, 0x21, 
	0x10, 0x01, 0x12, 0x11, 0x12, 0x21, 0x20, 0x10, 
	0x12, 0x10, 0x11, 0x12, 0x20, 0x21, 0x11, 0x12, 
	0x01, 0x00, 0x01, 0x10, 0x01, 0x12, 0x12, 0x11, 
	0x11, 0x11, 0x00, 0x11, 0x10, 0x12, 0x01, 0x12, 
	0x11, 0x10, 0x11, 0x01, 0x10, 0x12, 0x22, 0x10, 
	0x00, 0x22, 0x01, 0x22, 0x00, 0x21, 0x20, 0x12, 
	0x10, 0x01, 0x01, 0x20, 0x02, 0x10, 0x12, 0x11, 
	0x10, 0x01, 0x00, 0x00, 0x20, 0x01, 0x02, 0x11, 
	0x01, 0x00, 0x02, 0x12, 0x11, 0x10, 0x01, 0x21, 
	0x20, 0x00, 0x01, 0x00, 0x11, 0x20, 0x12, 0x21, 
	0x20, 0x00, 0x10, 0x21, 0x20, 0x10, 0x21, 0x10, 
	0x10, 0x01, 0x01, 0x20, 0x22, 0x02, 0x22, 0x22, 
	0x12, 0x01, 0x11, 0x02, 0x01, 0x00, 0x10, 0x22, 
	0x21, 0x00, 0x01, 0x11, 0x10, 0x21, 0x21, 0x22, 
	0x21, 0x20, 0x11, 0x01, 0x00, 0x11, 0x01, 0x00, 
	0x21, 0x10, 0x00, 0x22, 0x02, 0x12, 0x22, 0x21, 
	0x21, 0x11, 0x01, 0x22, 0x00, 0x00, 0x11, 0x11, 
	0x02, 0x11, 0x20, 0x10, 0x01, 0x01, 0x20, 0x02, 
	0x20, 0x00, 0x10, 0x12, 0x00, 0x11, 0x21, 0x13, 
	0x12, 0x10, 0x22, 0x12, 0x20, 0x02, 0x00, 0x20, 
	0x20, 0x22, 0x01, 0x02, 0x10, 0x20, 0x01, 0x22, 
	0x23, 0x30, 0x11, 0x11, 0x01, 0x02, 0x10, 0x02, 
	0x00, 0x12, 0x11, 0x12, 0x11, 0x22, 0x23, 0x12, 
	0x01, 0x13, 0x32, 0x10, 0x00, 0x01, 0x10, 0x11, 
	0x00, 0x00, 0x20, 0x11, 0x13, 0x31, 0x02, 0x31, 
	0x20, 0x02, 0x11, 0x11, 0x01, 0x00, 0x10, 0x11, 
	0x01, 0x10, 0x10, 0x02, 0x01, 0x33, 0x01, 0x22, 
	0x32, 0x10, 0x23, 0x30, 0x12, 0x00, 0x00, 0x01, 
	0x00, 0x01, 0x20, 0x10, 0x22, 0x12, 0x31, 0x21, 
	0x13, 0x32, 0x02, 0x03, 0x01, 0x20, 0x20, 0x12, 
	0x10, 0x01, 0x33, 0x12, 0x00, 0x12, 0x13, 0x10, 
	0x20, 0x33, 0x10, 0x01, 0x00, 0x12, 0x11, 0x22, 
	0x10, 0x10, 0x00, 0x11, 0x02, 0x21, 0x21, 0x23, 
	0x32, 0x23, 0x11, 0x11, 0x11, 0x11, 0x22, 0x12, 
	0x00, 0x01, 0x00, 0x21, 0x10, 0x10, 0x11, 0x21, 
	0x22, 0x11, 0x00, 0x11, 0x00, 0x12, 0x02, 0x22, 
	0x22, 0x21, 0x11, 0x21, 0x20, 0x01, 0x33, 0x32, 
	0x11, 0x33, 0x10, 0x22, 0x02, 0x10, 0x00, 0x02, 
	0x10, 0x01, 0x21, 0x10, 0x11, 0x10, 0x12, 0x20, 
	0x21, 0x00, 0x20, 0x11, 0x02, 0x12, 0x20, 0x20, 
	0x21, 0x22, 0x22, 0x11, 0x00, 0x10, 0x11, 0x01, 
	0x02, 0x10, 0x00, 0x22, 0x02, 0x12, 0x21, 0x12, 
	0x22, 0x21, 0x21, 0x21, 0x11, 0x11, 0x22, 0x11, 
	0x21, 0x21, 0x10, 0x22, 0x11, 0x20, 0x20, 0x02, 
	0x22, 0x12, 0x11, 0x20, 0x12, 0x10, 0x22, 0x21, 
	0x10, 0x00, 0x01, 0x11, 0x21, 0x10, 0x01, 0x01, 
	0x11, 0x20, 0x02, 0x20, 0x00, 0x22, 0x02, 0x20, 
	0x10, 0x02, 0x12, 0x12, 0x20, 0x00, 0x21, 0x02, 
	0x00, 0x12, 0x10, 0x12, 0x22, 0x22, 0x12, 0x21, 
	0x10, 0x02, 0x22, 0x00, 0x21, 0x00, 0x01, 0x12, 
	0x11, 0x12, 0x22, 0x22, 0x20, 0x12, 0x02, 0x02, 
	0x20, 0x12, 0x20, 0x12, 0x12, 0x22, 0x10, 0x11, 
	
};

Gfx pss_dl_inside_castle_textures_05000_rgba16_pal_rgba16_aligner[] = {gsSPEndDisplayList()};
u8 pss_dl_inside_castle_textures_05000_rgba16_pal_rgba16[] = {
	0x80, 0xc7, 0xb0, 0xc7, 0x90, 0xc7, 0x88, 0xc7, 
	
};

Gfx pss_dl_Yellow_ci4_aligner[] = {gsSPEndDisplayList()};
u8 pss_dl_Yellow_ci4[] = {
	0x00, 0x00, 0x00, 0x00, 0x00, 0x00, 0x00, 0x00, 
	0x00, 0x00, 0x00, 0x00, 0x00, 0x00, 0x00, 0x00, 
	0x00, 0x00, 0x00, 0x00, 0x00, 0x00, 0x00, 0x00, 
	0x00, 0x00, 0x00, 0x00, 0x00, 0x00, 0x00, 0x00, 
	0x00, 0x00, 0x00, 0x00, 0x00, 0x00, 0x00, 0x00, 
	0x00, 0x00, 0x00, 0x00, 0x00, 0x00, 0x00, 0x00, 
	0x00, 0x00, 0x00, 0x00, 0x00, 0x00, 0x00, 0x00, 
	0x00, 0x00, 0x00, 0x00, 0x00, 0x00, 0x00, 0x00, 
	0x00, 0x00, 0x00, 0x00, 0x00, 0x00, 0x00, 0x00, 
	0x00, 0x00, 0x00, 0x00, 0x00, 0x00, 0x00, 0x00, 
	0x00, 0x00, 0x00, 0x00, 0x00, 0x00, 0x00, 0x00, 
	0x00, 0x00, 0x00, 0x00, 0x00, 0x00, 0x00, 0x00, 
	0x00, 0x00, 0x00, 0x00, 0x00, 0x00, 0x00, 0x00, 
	0x00, 0x00, 0x00, 0x00, 0x00, 0x00, 0x00, 0x00, 
	0x00, 0x00, 0x00, 0x00, 0x00, 0x00, 0x00, 0x00, 
	0x00, 0x00, 0x00, 0x00, 0x00, 0x00, 0x00, 0x00, 
	0x00, 0x00, 0x00, 0x00, 0x00, 0x00, 0x00, 0x00, 
	0x00, 0x00, 0x00, 0x00, 0x00, 0x00, 0x00, 0x00, 
	0x00, 0x00, 0x00, 0x00, 0x00, 0x00, 0x00, 0x00, 
	0x00, 0x00, 0x00, 0x00, 0x00, 0x00, 0x00, 0x00, 
	0x00, 0x00, 0x00, 0x00, 0x00, 0x00, 0x00, 0x00, 
	0x00, 0x00, 0x00, 0x00, 0x00, 0x00, 0x00, 0x00, 
	0x00, 0x00, 0x00, 0x00, 0x00, 0x00, 0x00, 0x00, 
	0x00, 0x00, 0x00, 0x00, 0x00, 0x00, 0x00, 0x00, 
	0x00, 0x00, 0x00, 0x00, 0x00, 0x00, 0x00, 0x00, 
	0x00, 0x00, 0x00, 0x00, 0x00, 0x00, 0x00, 0x00, 
	0x00, 0x00, 0x00, 0x00, 0x00, 0x00, 0x00, 0x00, 
	0x00, 0x00, 0x00, 0x00, 0x00, 0x00, 0x00, 0x00, 
	0x00, 0x00, 0x00, 0x00, 0x00, 0x00, 0x00, 0x00, 
	0x00, 0x00, 0x00, 0x00, 0x00, 0x00, 0x00, 0x00, 
	0x00, 0x00, 0x00, 0x00, 0x00, 0x00, 0x00, 0x00, 
	0x00, 0x00, 0x00, 0x00, 0x00, 0x00, 0x00, 0x00, 
	0x00, 0x00, 0x00, 0x00, 0x00, 0x00, 0x00, 0x00, 
	0x00, 0x00, 0x00, 0x00, 0x00, 0x00, 0x00, 0x00, 
	0x00, 0x00, 0x00, 0x00, 0x00, 0x00, 0x00, 0x00, 
	0x00, 0x00, 0x00, 0x00, 0x00, 0x00, 0x00, 0x00, 
	0x00, 0x00, 0x00, 0x00, 0x00, 0x00, 0x00, 0x00, 
	0x00, 0x00, 0x00, 0x00, 0x00, 0x00, 0x00, 0x00, 
	0x00, 0x00, 0x00, 0x00, 0x00, 0x00, 0x00, 0x00, 
	0x00, 0x00, 0x00, 0x00, 0x00, 0x00, 0x00, 0x00, 
	0x00, 0x00, 0x00, 0x00, 0x00, 0x00, 0x00, 0x00, 
	0x00, 0x00, 0x00, 0x00, 0x00, 0x00, 0x00, 0x00, 
	0x00, 0x00, 0x00, 0x00, 0x00, 0x00, 0x00, 0x00, 
	0x00, 0x00, 0x00, 0x00, 0x00, 0x00, 0x00, 0x00, 
	0x00, 0x00, 0x00, 0x00, 0x00, 0x00, 0x00, 0x00, 
	0x00, 0x00, 0x00, 0x00, 0x00, 0x00, 0x00, 0x00, 
	0x00, 0x00, 0x00, 0x00, 0x00, 0x00, 0x00, 0x00, 
	0x00, 0x00, 0x00, 0x00, 0x00, 0x00, 0x00, 0x00, 
	0x00, 0x00, 0x00, 0x00, 0x00, 0x00, 0x00, 0x00, 
	0x00, 0x00, 0x00, 0x00, 0x00, 0x00, 0x00, 0x00, 
	0x00, 0x00, 0x00, 0x00, 0x00, 0x00, 0x00, 0x00, 
	0x00, 0x00, 0x00, 0x00, 0x00, 0x00, 0x00, 0x00, 
	0x00, 0x00, 0x00, 0x00, 0x00, 0x00, 0x00, 0x00, 
	0x00, 0x00, 0x00, 0x00, 0x00, 0x00, 0x00, 0x00, 
	0x00, 0x00, 0x00, 0x00, 0x00, 0x00, 0x00, 0x00, 
	0x00, 0x00, 0x00, 0x00, 0x00, 0x00, 0x00, 0x00, 
	0x00, 0x00, 0x00, 0x00, 0x00, 0x00, 0x00, 0x00, 
	0x00, 0x00, 0x00, 0x00, 0x00, 0x00, 0x00, 0x00, 
	0x00, 0x00, 0x00, 0x00, 0x00, 0x00, 0x00, 0x00, 
	0x00, 0x00, 0x00, 0x00, 0x00, 0x00, 0x00, 0x00, 
	0x00, 0x00, 0x00, 0x00, 0x00, 0x00, 0x00, 0x00, 
	0x00, 0x00, 0x00, 0x00, 0x00, 0x00, 0x00, 0x00, 
	0x00, 0x00, 0x00, 0x00, 0x00, 0x00, 0x00, 0x00, 
	0x00, 0x00, 0x00, 0x00, 0x00, 0x00, 0x00, 0x00, 
	
};

Gfx pss_dl_Yellow_pal_rgba16_aligner[] = {gsSPEndDisplayList()};
u8 pss_dl_Yellow_pal_rgba16[] = {
	0xff, 0x40, 
};

Gfx pss_dl__225C7641_c_ci8_aligner[] = {gsSPEndDisplayList()};
u8 pss_dl__225C7641_c_ci8[] = {
	0x00, 0x00, 0x00, 0x00, 0x00, 0x00, 0x00, 0x00, 
	0x00, 0x00, 0x00, 0x00, 0x00, 0x00, 0x00, 0x00, 
	0x01, 0x01, 0x01, 0x01, 0x01, 0x01, 0x01, 0x01, 
	0x02, 0x01, 0x01, 0x01, 0x01, 0x03, 0x03, 0x03, 
	0x00, 0x00, 0x00, 0x00, 0x00, 0x00, 0x00, 0x04, 
	0x04, 0x04, 0x05, 0x05, 0x05, 0x05, 0x05, 0x05, 
	0x06, 0x06, 0x06, 0x06, 0x06, 0x07, 0x07, 0x07, 
	0x08, 0x07, 0x06, 0x06, 0x06, 0x06, 0x08, 0x07, 
	0x09, 0x09, 0x09, 0x09, 0x09, 0x09, 0x09, 0x09, 
	0x09, 0x0a, 0x0a, 0x0b, 0x0b, 0x0b, 0x0b, 0x0b, 
	0x0c, 0x0c, 0x0c, 0x0d, 0x0e, 0x02, 0x01, 0x02, 
	0x02, 0x0e, 0x0d, 0x0e, 0x0f, 0x0f, 0x0e, 0x0d, 
	0x10, 0x10, 0x10, 0x10, 0x10, 0x10, 0x10, 0x10, 
	0x10, 0x10, 0x10, 0x10, 0x10, 0x10, 0x11, 0x11, 
	0x01, 0x01, 0x01, 0x01, 0x01, 0x01, 0x01, 0x01, 
	0x01, 0x01, 0x01, 0x01, 0x01, 0x01, 0x01, 0x01, 
	0x10, 0x10, 0x05, 0x05, 0x10, 0x05, 0x05, 0x05, 
	0x05, 0x05, 0x05, 0x05, 0x05, 0x05, 0x05, 0x04, 
	0x01, 0x01, 0x01, 0x01, 0x01, 0x01, 0x01, 0x01, 
	0x01, 0x01, 0x01, 0x01, 0x01, 0x01, 0x02, 0x01, 
	0x10, 0x10, 0x12, 0x11, 0x13, 0x11, 0x12, 0x12, 
	0x12, 0x12, 0x09, 0x11, 0x11, 0x10, 0x10, 0x11, 
	0x01, 0x01, 0x02, 0x02, 0x02, 0x0f, 0x0e, 0x0e, 
	0x0d, 0x0d, 0x0d, 0x0d, 0x0e, 0x02, 0x02, 0x02, 
	0x10, 0x10, 0x10, 0x11, 0x10, 0x10, 0x10, 0x10, 
	0x13, 0x11, 0x10, 0x11, 0x11, 0x11, 0x11, 0x11, 
	0x01, 0x01, 0x01, 0x01, 0x01, 0x02, 0x01, 0x01, 
	0x01, 0x01, 0x01, 0x01, 0x01, 0x01, 0x01, 0x01, 
	0x0b, 0x11, 0x10, 0x05, 0x14, 0x10, 0x05, 0x00, 
	0x10, 0x10, 0x00, 0x00, 0x10, 0x10, 0x00, 0x10, 
	0x01, 0x01, 0x02, 0x02, 0x02, 0x02, 0x0f, 0x0f, 
	0x0f, 0x0e, 0x0f, 0x0f, 0x0e, 0x0e, 0x0e, 0x0e, 
	0x12, 0x11, 0x13, 0x12, 0x12, 0x10, 0x0b, 0x0b, 
	0x10, 0x11, 0x12, 0x11, 0x11, 0x09, 0x09, 0x09, 
	0x02, 0x0e, 0x0f, 0x0f, 0x02, 0x0f, 0x0f, 0x0f, 
	0x0e, 0x0e, 0x0e, 0x0e, 0x0e, 0x0e, 0x0e, 0x0e, 
	0x10, 0x10, 0x13, 0x11, 0x10, 0x10, 0x10, 0x10, 
	0x10, 0x10, 0x10, 0x10, 0x10, 0x10, 0x10, 0x10, 
	0x02, 0x0f, 0x02, 0x01, 0x01, 0x02, 0x02, 0x01, 
	0x01, 0x01, 0x01, 0x01, 0x01, 0x01, 0x01, 0x01, 
	0x0b, 0x0b, 0x11, 0x11, 0x11, 0x10, 0x10, 0x11, 
	0x00, 0x10, 0x13, 0x10, 0x11, 0x11, 0x0b, 0x10, 
	0x01, 0x02, 0x0e, 0x0e, 0x0e, 0x0e, 0x0e, 0x0e, 
	0x0e, 0x0e, 0x0e, 0x0e, 0x15, 0x15, 0x0d, 0x0e, 
	0x05, 0x05, 0x05, 0x05, 0x05, 0x05, 0x00, 0x00, 
	0x00, 0x05, 0x05, 0x05, 0x05, 0x05, 0x05, 0x14, 
	0x16, 0x01, 0x01, 0x01, 0x01, 0x01, 0x01, 0x01, 
	0x01, 0x02, 0x01, 0x01, 0x01, 0x01, 0x01, 0x01, 
	0x0b, 0x04, 0x13, 0x11, 0x0b, 0x11, 0x13, 0x10, 
	0x00, 0x13, 0x10, 0x13, 0x11, 0x11, 0x0b, 0x0b, 
	0x01, 0x0e, 0x0d, 0x0d, 0x0e, 0x15, 0x0e, 0x0f, 
	0x0e, 0x01, 0x0e, 0x0d, 0x01, 0x0e, 0x0e, 0x0f, 
	0x04, 0x04, 0x04, 0x04, 0x04, 0x00, 0x10, 0x10, 
	0x00, 0x00, 0x00, 0x00, 0x00, 0x04, 0x04, 0x04, 
	0x17, 0x17, 0x01, 0x01, 0x01, 0x01, 0x01, 0x01, 
	0x01, 0x01, 0x01, 0x01, 0x01, 0x01, 0x01, 0x01, 
	0x11, 0x0b, 0x0b, 0x11, 0x11, 0x11, 0x10, 0x00, 
	0x00, 0x13, 0x11, 0x11, 0x0b, 0x0b, 0x0b, 0x0b, 
	0x0e, 0x02, 0x02, 0x02, 0x02, 0x02, 0x01, 0x01, 
	0x01, 0x02, 0x02, 0x02, 0x0e, 0x0e, 0x0e, 0x0e, 
	0x0b, 0x0b, 0x0b, 0x0b, 0x0b, 0x0b, 0x0b, 0x0b, 
	0x0b, 0x0b, 0x0b, 0x0b, 0x0b, 0x0b, 0x0b, 0x0b, 
	0x0d, 0x0d, 0x0e, 0x0e, 0x0e, 0x0e, 0x0e, 0x0e, 
	0x0e, 0x0f, 0x02, 0x02, 0x01, 0x02, 0x0f, 0x0e, 
	0x02, 0x02, 0x02, 0x02, 0x02, 0x02, 0x02, 0x02, 
	0x01, 0x01, 0x01, 0x01, 0x01, 0x01, 0x01, 0x01, 
	0x00, 0x00, 0x00, 0x00, 0x00, 0x00, 0x00, 0x00, 
	0x00, 0x00, 0x00, 0x00, 0x00, 0x00, 0x00, 0x00, 
	0x07, 0x08, 0x06, 0x06, 0x06, 0x06, 0x07, 0x08, 
	0x07, 0x07, 0x07, 0x06, 0x06, 0x06, 0x06, 0x06, 
	0x05, 0x05, 0x05, 0x05, 0x05, 0x05, 0x00, 0x10, 
	0x04, 0x00, 0x10, 0x10, 0x00, 0x00, 0x00, 0x00, 
	0x0d, 0x0e, 0x0f, 0x0f, 0x0e, 0x0d, 0x0e, 0x02, 
	0x02, 0x01, 0x02, 0x0e, 0x0d, 0x0c, 0x0c, 0x0c, 
	0x0b, 0x0b, 0x0b, 0x0b, 0x0b, 0x0a, 0x0a, 0x11, 
	0x09, 0x09, 0x10, 0x13, 0x11, 0x09, 0x09, 0x09, 
	0x01, 0x01, 0x01, 0x01, 0x01, 0x01, 0x01, 0x01, 
	0x01, 0x01, 0x01, 0x01, 0x01, 0x01, 0x01, 0x01, 
	0x11, 0x11, 0x10, 0x10, 0x10, 0x10, 0x10, 0x10, 
	0x10, 0x10, 0x10, 0x10, 0x10, 0x10, 0x10, 0x10, 
	0x01, 0x01, 0x01, 0x02, 0x01, 0x01, 0x01, 0x01, 
	0x01, 0x01, 0x01, 0x01, 0x01, 0x01, 0x01, 0x01, 
	0x04, 0x05, 0x05, 0x05, 0x05, 0x05, 0x05, 0x05, 
	0x05, 0x05, 0x05, 0x05, 0x05, 0x05, 0x05, 0x05, 
	0x0f, 0x0d, 0x0d, 0x02, 0x0d, 0x0f, 0x0d, 0x0d, 
	0x0e, 0x0e, 0x0f, 0x02, 0x02, 0x02, 0x01, 0x01, 
	0x11, 0x10, 0x10, 0x11, 0x11, 0x09, 0x12, 0x12, 
	0x12, 0x12, 0x12, 0x12, 0x12, 0x12, 0x12, 0x12, 
	0x01, 0x01, 0x01, 0x02, 0x01, 0x01, 0x01, 0x01, 
	0x01, 0x01, 0x02, 0x01, 0x01, 0x01, 0x01, 0x01, 
	0x11, 0x11, 0x11, 0x11, 0x11, 0x10, 0x11, 0x13, 
	0x10, 0x10, 0x10, 0x10, 0x10, 0x10, 0x10, 0x10, 
	0x0e, 0x0e, 0x0e, 0x02, 0x0f, 0x0f, 0x0e, 0x0f, 
	0x0f, 0x0f, 0x02, 0x02, 0x02, 0x02, 0x01, 0x01, 
	0x10, 0x00, 0x10, 0x10, 0x00, 0x00, 0x10, 0x00, 
	0x00, 0x05, 0x05, 0x14, 0x05, 0x05, 0x05, 0x05, 
	0x0e, 0x0e, 0x0e, 0x0e, 0x0e, 0x0e, 0x0e, 0x0e, 
	0x0f, 0x0f, 0x0f, 0x02, 0x0f, 0x0f, 0x0e, 0x02, 
	0x09, 0x09, 0x09, 0x11, 0x11, 0x12, 0x11, 0x11, 
	0x0b, 0x0b, 0x12, 0x12, 0x12, 0x12, 0x12, 0x12, 
	0x01, 0x01, 0x01, 0x01, 0x01, 0x01, 0x01, 0x01, 
	0x01, 0x02, 0x02, 0x01, 0x01, 0x02, 0x0f, 0x02, 
	0x10, 0x10, 0x10, 0x10, 0x10, 0x10, 0x10, 0x10, 
	0x10, 0x10, 0x10, 0x10, 0x10, 0x10, 0x10, 0x10, 
	0x0e, 0x0d, 0x15, 0x15, 0x0e, 0x0e, 0x0e, 0x0e, 
	0x0e, 0x0e, 0x0e, 0x0e, 0x0e, 0x0e, 0x02, 0x01, 
	0x10, 0x0b, 0x11, 0x11, 0x10, 0x13, 0x10, 0x00, 
	0x11, 0x10, 0x10, 0x0b, 0x0b, 0x0b, 0x0b, 0x0b, 
	0x01, 0x01, 0x01, 0x01, 0x01, 0x01, 0x01, 0x01, 
	0x01, 0x01, 0x01, 0x01, 0x01, 0x01, 0x01, 0x16, 
	0x14, 0x05, 0x10, 0x05, 0x05, 0x05, 0x05, 0x05, 
	0x05, 0x05, 0x05, 0x05, 0x05, 0x05, 0x05, 0x05, 
	0x0f, 0x0e, 0x0e, 0x0d, 0x0d, 0x0e, 0x0f, 0x02, 
	0x01, 0x01, 0x15, 0x0e, 0x0d, 0x0d, 0x0e, 0x01, 
	0x0b, 0x0b, 0x11, 0x11, 0x13, 0x00, 0x13, 0x11, 
	0x11, 0x11, 0x11, 0x0b, 0x11, 0x13, 0x04, 0x0b, 
	0x01, 0x01, 0x01, 0x01, 0x01, 0x01, 0x01, 0x01, 
	0x01, 0x01, 0x01, 0x01, 0x01, 0x01, 0x17, 0x17, 
	0x04, 0x04, 0x10, 0x00, 0x00, 0x00, 0x00, 0x00, 
	0x10, 0x10, 0x00, 0x04, 0x04, 0x04, 0x04, 0x04, 
	0x0e, 0x0e, 0x0e, 0x0e, 0x02, 0x02, 0x02, 0x01, 
	0x01, 0x01, 0x02, 0x02, 0x02, 0x02, 0x02, 0x0e, 
	0x0b, 0x0b, 0x0b, 0x0b, 0x11, 0x11, 0x13, 0x00, 
	0x00, 0x10, 0x11, 0x11, 0x11, 0x0b, 0x0b, 0x11, 
	0x0e, 0x0f, 0x02, 0x01, 0x02, 0x02, 0x0f, 0x0e, 
	0x0e, 0x0e, 0x0e, 0x0e, 0x0e, 0x0e, 0x0d, 0x0d, 
	0x0b, 0x0b, 0x0b, 0x0b, 0x0b, 0x0b, 0x0b, 0x0b, 
	0x0b, 0x0b, 0x0b, 0x0b, 0x0b, 0x0b, 0x0b, 0x0b, 
	
};

Gfx pss_dl__225C7641_c_pal_rgba16_aligner[] = {gsSPEndDisplayList()};
u8 pss_dl__225C7641_c_pal_rgba16[] = {
	0xdd, 0x13, 0x5b, 0x59, 0x53, 0x59, 0x63, 0x99, 
	0xdd, 0x53, 0xe5, 0x53, 0x6b, 0x99, 0x6b, 0xd9, 
	0x73, 0xd9, 0xcc, 0x8f, 0xcc, 0x91, 0xd4, 0x91, 
	0x3a, 0xd9, 0x43, 0x19, 0x4b, 0x19, 0x53, 0x19, 
	0xdd, 0x11, 0xd4, 0xd1, 0xd4, 0x8f, 0xdc, 0xd1, 
	0xdd, 0x51, 0x42, 0xd9, 0x63, 0x59, 0x5b, 0x99, 
	
};

Gfx pss_dl__5CA0DDAE_c_ci8_aligner[] = {gsSPEndDisplayList()};
u8 pss_dl__5CA0DDAE_c_ci8[] = {
	0x00, 0x00, 0x00, 0x00, 0x00, 0x00, 0x00, 0x00, 
	0x00, 0x00, 0x00, 0x00, 0x00, 0x00, 0x01, 0x01, 
	0x02, 0x02, 0x02, 0x02, 0x02, 0x02, 0x02, 0x02, 
	0x02, 0x02, 0x02, 0x02, 0x02, 0x02, 0x02, 0x02, 
	0x03, 0x03, 0x03, 0x04, 0x04, 0x04, 0x03, 0x03, 
	0x03, 0x03, 0x03, 0x03, 0x03, 0x03, 0x04, 0x04, 
	0x05, 0x05, 0x05, 0x05, 0x05, 0x05, 0x05, 0x05, 
	0x02, 0x02, 0x02, 0x02, 0x02, 0x02, 0x02, 0x02, 
	0x06, 0x07, 0x08, 0x07, 0x09, 0x09, 0x09, 0x09, 
	0x09, 0x09, 0x09, 0x09, 0x09, 0x09, 0x0a, 0x0b, 
	0x0c, 0x0c, 0x0c, 0x0c, 0x0c, 0x0c, 0x0c, 0x0c, 
	0x0d, 0x0c, 0x0e, 0x0e, 0x0e, 0x0e, 0x0e, 0x0e, 
	0x0f, 0x0f, 0x0f, 0x0f, 0x0f, 0x0f, 0x0f, 0x0f, 
	0x0f, 0x00, 0x01, 0x0f, 0x0f, 0x0f, 0x0f, 0x0f, 
	0x10, 0x10, 0x10, 0x10, 0x10, 0x10, 0x10, 0x10, 
	0x11, 0x11, 0x11, 0x11, 0x11, 0x11, 0x11, 0x11, 
	0x0f, 0x01, 0x00, 0x00, 0x00, 0x07, 0x07, 0x12, 
	0x13, 0x14, 0x00, 0x00, 0x0f, 0x01, 0x00, 0x0f, 
	0x02, 0x02, 0x02, 0x02, 0x02, 0x02, 0x02, 0x02, 
	0x05, 0x05, 0x05, 0x05, 0x05, 0x05, 0x05, 0x05, 
	0x07, 0x06, 0x06, 0x06, 0x06, 0x15, 0x16, 0x17, 
	0x18, 0x19, 0x1a, 0x0f, 0x00, 0x00, 0x01, 0x01, 
	0x10, 0x10, 0x10, 0x10, 0x10, 0x10, 0x10, 0x10, 
	0x0e, 0x0e, 0x0e, 0x0e, 0x0e, 0x0e, 0x0e, 0x0e, 
	0x0f, 0x0f, 0x0f, 0x00, 0x06, 0x16, 0x1b, 0x1c, 
	0x1d, 0x1e, 0x1f, 0x00, 0x0f, 0x0f, 0x0f, 0x0f, 
	0x10, 0x10, 0x10, 0x10, 0x10, 0x10, 0x10, 0x10, 
	0x11, 0x11, 0x11, 0x11, 0x11, 0x11, 0x11, 0x11, 
	0x06, 0x07, 0x07, 0x00, 0x12, 0x20, 0x21, 0x22, 
	0x23, 0x10, 0x24, 0x13, 0x00, 0x00, 0x00, 0x01, 
	0x25, 0x25, 0x02, 0x02, 0x02, 0x02, 0x02, 0x02, 
	0x05, 0x02, 0x05, 0x05, 0x05, 0x05, 0x05, 0x05, 
	0x26, 0x07, 0x07, 0x07, 0x27, 0x20, 0x28, 0x05, 
	0x29, 0x2a, 0x2b, 0x2c, 0x07, 0x07, 0x07, 0x26, 
	0x0e, 0x0e, 0x0e, 0x0e, 0x0e, 0x0e, 0x0e, 0x0e, 
	0x0e, 0x0e, 0x0e, 0x0e, 0x0e, 0x0e, 0x0e, 0x0e, 
	0x0f, 0x0f, 0x0f, 0x0f, 0x2d, 0x2e, 0x2f, 0x02, 
	0x29, 0x2a, 0x30, 0x2d, 0x0f, 0x00, 0x07, 0x00, 
	0x10, 0x10, 0x10, 0x10, 0x10, 0x10, 0x10, 0x11, 
	0x25, 0x25, 0x25, 0x25, 0x25, 0x25, 0x25, 0x25, 
	0x31, 0x06, 0x09, 0x06, 0x06, 0x32, 0x33, 0x2b, 
	0x02, 0x34, 0x35, 0x0f, 0x07, 0x07, 0x00, 0x0f, 
	0x25, 0x10, 0x10, 0x0c, 0x0c, 0x0d, 0x0d, 0x0d, 
	0x0c, 0x0c, 0x0c, 0x0c, 0x0c, 0x0c, 0x0c, 0x0c, 
	0x0f, 0x0f, 0x0f, 0x0f, 0x07, 0x00, 0x36, 0x37, 
	0x38, 0x39, 0x07, 0x00, 0x0f, 0x0f, 0x0f, 0x0f, 
	0x25, 0x25, 0x25, 0x02, 0x25, 0x02, 0x10, 0x10, 
	0x02, 0x02, 0x02, 0x02, 0x02, 0x02, 0x02, 0x02, 
	0x07, 0x06, 0x07, 0x06, 0x06, 0x06, 0x00, 0x00, 
	0x07, 0x07, 0x07, 0x06, 0x06, 0x06, 0x07, 0x00, 
	0x0c, 0x0c, 0x0c, 0x0c, 0x10, 0x10, 0x10, 0x10, 
	0x10, 0x10, 0x10, 0x11, 0x02, 0x10, 0x0c, 0x0c, 
	0x01, 0x01, 0x0f, 0x0f, 0x0f, 0x0f, 0x0f, 0x0f, 
	0x0f, 0x0f, 0x0f, 0x0f, 0x0f, 0x0f, 0x0f, 0x0f, 
	0x02, 0x02, 0x02, 0x02, 0x02, 0x11, 0x02, 0x02, 
	0x02, 0x02, 0x02, 0x02, 0x02, 0x02, 0x02, 0x02, 
	0x07, 0x07, 0x07, 0x07, 0x07, 0x00, 0x00, 0x01, 
	0x01, 0x00, 0x00, 0x07, 0x07, 0x07, 0x07, 0x07, 
	0x0c, 0x0c, 0x0c, 0x0c, 0x0c, 0x0c, 0x0c, 0x0c, 
	0x10, 0x0c, 0x0c, 0x0c, 0x10, 0x10, 0x10, 0x10, 
	0x08, 0x07, 0x00, 0x00, 0x00, 0x07, 0x07, 0x07, 
	0x07, 0x07, 0x07, 0x06, 0x06, 0x06, 0x06, 0x06, 
	0x0c, 0x0c, 0x0c, 0x0c, 0x0c, 0x0c, 0x0c, 0x0c, 
	0x0c, 0x0c, 0x0c, 0x0c, 0x0c, 0x0c, 0x0c, 0x0c, 
	
};

Gfx pss_dl__5CA0DDAE_c_pal_rgba16_aligner[] = {gsSPEndDisplayList()};
u8 pss_dl__5CA0DDAE_c_pal_rgba16[] = {
	0x6b, 0xdd, 0x6c, 0x1d, 0xf6, 0x5f, 0x84, 0x5d, 
	0x7c, 0x5d, 0xf6, 0x9f, 0x5b, 0x9d, 0x63, 0xdd, 
	0x5b, 0xdd, 0x53, 0x9d, 0x53, 0x5d, 0x4b, 0x5d, 
	0xe5, 0xdd, 0xed, 0xdd, 0xe5, 0xdb, 0x74, 0x1d, 
	0xee, 0x1d, 0xee, 0x5d, 0x5b, 0x59, 0x63, 0x59, 
	0x6b, 0xdb, 0x5b, 0x9b, 0x5a, 0xd5, 0x5a, 0x0d, 
	0x5a, 0x4d, 0x62, 0xd3, 0x6b, 0x9b, 0x6a, 0x8f, 
	0x9b, 0xd3, 0xbc, 0x57, 0xac, 0x15, 0x72, 0xd1, 
	0x52, 0x0d, 0x8b, 0x53, 0xdd, 0x19, 0xf6, 0xa1, 
	0xa3, 0xd5, 0xf6, 0x5d, 0x63, 0xdf, 0x53, 0x17, 
	0xa3, 0xd3, 0xf7, 0xa9, 0xf7, 0xa5, 0xcc, 0x97, 
	0x6b, 0x57, 0x63, 0x9b, 0x4a, 0x0d, 0x9b, 0x93, 
	0xbc, 0x97, 0x63, 0x9d, 0x5b, 0x15, 0x72, 0xcf, 
	0xe5, 0x5b, 0x7b, 0x97, 0x63, 0x57, 0x73, 0x13, 
	0x93, 0x95, 0x7b, 0xd9, 
};

Gfx pss_dl__422EF87F_c_ci8_aligner[] = {gsSPEndDisplayList()};
u8 pss_dl__422EF87F_c_ci8[] = {
	0x00, 0x00, 0x00, 0x00, 0x00, 0x00, 0x00, 0x00, 
	0x00, 0x00, 0x00, 0x00, 0x00, 0x01, 0x02, 0x03, 
	0x00, 0x00, 0x00, 0x00, 0x00, 0x00, 0x00, 0x00, 
	0x00, 0x00, 0x00, 0x00, 0x00, 0x03, 0x04, 0x04, 
	0x05, 0x06, 0x06, 0x07, 0x07, 0x07, 0x08, 0x09, 
	0x0a, 0x0b, 0x0c, 0x0d, 0x0e, 0x0f, 0x10, 0x04, 
	0x00, 0x11, 0x12, 0x09, 0x13, 0x14, 0x15, 0x16, 
	0x17, 0x17, 0x17, 0x17, 0x17, 0x18, 0x19, 0x02, 
	0x1a, 0x1b, 0x1c, 0x1d, 0x1d, 0x1d, 0x1e, 0x1d, 
	0x1f, 0x20, 0x21, 0x22, 0x23, 0x24, 0x0f, 0x03, 
	0x00, 0x25, 0x26, 0x27, 0x28, 0x29, 0x2a, 0x2b, 
	0x2c, 0x2d, 0x2e, 0x2f, 0x30, 0x31, 0x10, 0x01, 
	0x1a, 0x32, 0x33, 0x1d, 0x34, 0x1e, 0x35, 0x1c, 
	0x35, 0x28, 0x29, 0x22, 0x2f, 0x36, 0x37, 0x00, 
	0x00, 0x38, 0x39, 0x27, 0x28, 0x3a, 0x22, 0x2b, 
	0x2c, 0x3b, 0x3c, 0x3c, 0x3d, 0x30, 0x18, 0x00, 
	0x3e, 0x3f, 0x40, 0x41, 0x39, 0x42, 0x39, 0x43, 
	0x42, 0x42, 0x44, 0x45, 0x46, 0x46, 0x47, 0x00, 
	0x00, 0x48, 0x49, 0x4a, 0x42, 0x4b, 0x4c, 0x4d, 
	0x4e, 0x4e, 0x4f, 0x50, 0x50, 0x51, 0x17, 0x00, 
	0x00, 0x00, 0x00, 0x00, 0x00, 0x00, 0x00, 0x00, 
	0x00, 0x00, 0x00, 0x00, 0x03, 0x04, 0x04, 0x04, 
	0x00, 0x00, 0x00, 0x01, 0x02, 0x00, 0x00, 0x00, 
	0x00, 0x00, 0x00, 0x00, 0x00, 0x00, 0x00, 0x00, 
	0x52, 0x53, 0x54, 0x10, 0x55, 0x02, 0x56, 0x57, 
	0x58, 0x59, 0x59, 0x59, 0x59, 0x59, 0x59, 0x59, 
	0x59, 0x59, 0x5a, 0x5a, 0x5b, 0x5a, 0x5b, 0x5c, 
	0x5d, 0x5e, 0x00, 0x5f, 0x60, 0x61, 0x62, 0x04, 
	0x00, 0x24, 0x63, 0x63, 0x64, 0x65, 0x66, 0x67, 
	0x59, 0x58, 0x58, 0x58, 0x5a, 0x5a, 0x5a, 0x5a, 
	0x58, 0x5a, 0x5a, 0x5a, 0x5a, 0x58, 0x5a, 0x58, 
	0x68, 0x5e, 0x00, 0x69, 0x6a, 0x6b, 0x10, 0x03, 
	0x6c, 0x6d, 0x6e, 0x6a, 0x64, 0x01, 0x6f, 0x70, 
	0x57, 0x58, 0x58, 0x71, 0x58, 0x58, 0x58, 0x58, 
	0x59, 0x58, 0x59, 0x57, 0x58, 0x58, 0x5a, 0x5b, 
	0x72, 0x5c, 0x00, 0x2d, 0x73, 0x74, 0x75, 0x00, 
	0x76, 0x77, 0x78, 0x6a, 0x10, 0x00, 0x79, 0x70, 
	0x7a, 0x67, 0x58, 0x5a, 0x59, 0x59, 0x59, 0x59, 
	0x58, 0x59, 0x58, 0x59, 0x58, 0x59, 0x58, 0x5a, 
	0x5a, 0x58, 0x00, 0x2d, 0x36, 0x78, 0x75, 0x00, 
	0x7b, 0x6d, 0x7c, 0x6a, 0x64, 0x00, 0x70, 0x70, 
	0x58, 0x58, 0x5a, 0x57, 0x58, 0x58, 0x59, 0x58, 
	0x59, 0x59, 0x57, 0x58, 0x58, 0x5b, 0x5a, 0x58, 
	0x5b, 0x59, 0x00, 0x7d, 0x2f, 0x7e, 0x17, 0x00, 
	0x7f, 0x77, 0x7c, 0x80, 0x10, 0x00, 0x81, 0x7a, 
	0x82, 0x82, 0x58, 0x5a, 0x5a, 0x59, 0x59, 0x59, 
	0x58, 0x59, 0x59, 0x5b, 0x58, 0x58, 0x5a, 0x58, 
	0x5b, 0x59, 0x00, 0x7d, 0x2e, 0x36, 0x75, 0x00, 
	0x83, 0x84, 0x84, 0x85, 0x65, 0x03, 0x79, 0x66, 
	0x82, 0x5a, 0x59, 0x58, 0x58, 0x58, 0x58, 0x58, 
	0x58, 0x5a, 0x59, 0x5a, 0x58, 0x5a, 0x5a, 0x86, 
	0x59, 0x59, 0x00, 0x3c, 0x2d, 0x3b, 0x87, 0x00, 
	0x00, 0x17, 0x75, 0x88, 0x88, 0x65, 0x81, 0x89, 
	0x66, 0x66, 0x57, 0x67, 0x57, 0x57, 0x58, 0x58, 
	0x58, 0x58, 0x58, 0x5a, 0x58, 0x59, 0x58, 0x58, 
	0x59, 0x59, 0x00, 0x8a, 0x2c, 0x2c, 0x8b, 0x00, 
	0x00, 0x8c, 0x8c, 0x75, 0x17, 0x01, 0x8d, 0x8e, 
	0x66, 0x8f, 0x58, 0x5a, 0x57, 0x57, 0x5a, 0x5a, 
	0x59, 0x58, 0x58, 0x58, 0x58, 0x58, 0x58, 0x58, 
	0x59, 0x59, 0x00, 0x2d, 0x2b, 0x2b, 0x90, 0x00, 
	0x00, 0x3d, 0x3d, 0x71, 0x75, 0x00, 0x18, 0x89, 
	0x58, 0x0d, 0x5a, 0x8f, 0x58, 0x57, 0x58, 0x58, 
	0x5a, 0x58, 0x57, 0x58, 0x5a, 0x5a, 0x58, 0x59, 
	0x59, 0x59, 0x00, 0x91, 0x2a, 0x22, 0x92, 0x00, 
	0x00, 0x7d, 0x3c, 0x7e, 0x17, 0x00, 0x18, 0x93, 
	0x66, 0x82, 0x58, 0x58, 0x57, 0x57, 0x57, 0x57, 
	0x57, 0x57, 0x94, 0x58, 0x59, 0x58, 0x57, 0x58, 
	0x59, 0x59, 0x00, 0x95, 0x29, 0x3a, 0x96, 0x00, 
	0x00, 0x7d, 0x3c, 0x36, 0x75, 0x00, 0x18, 0x89, 
	0x8f, 0x82, 0x82, 0x58, 0x58, 0x57, 0x58, 0x58, 
	0x71, 0x94, 0x58, 0x58, 0x58, 0x58, 0x58, 0x58, 
	0x59, 0x59, 0x00, 0x97, 0x28, 0x28, 0x98, 0x00, 
	0x00, 0x3c, 0x2d, 0x3c, 0x87, 0x00, 0x0e, 0x70, 
	0x8f, 0x8f, 0x58, 0x5a, 0x58, 0x5a, 0x5a, 0x8f, 
	0x67, 0x99, 0x57, 0x71, 0x58, 0x58, 0x59, 0x59, 
	0x58, 0x59, 0x00, 0x9a, 0x27, 0x27, 0x98, 0x00, 
	0x00, 0x8a, 0x2c, 0x2c, 0x8b, 0x00, 0x8e, 0x66, 
	0x66, 0x8f, 0x58, 0x58, 0x58, 0x58, 0x58, 0x58, 
	0x57, 0x57, 0x57, 0x58, 0x58, 0x59, 0x59, 0x58, 
	0x58, 0x59, 0x00, 0x9b, 0x26, 0x39, 0x9c, 0x01, 
	0x00, 0x2d, 0x2b, 0x2b, 0x90, 0x00, 0x18, 0x66, 
	0x82, 0x67, 0x8f, 0x58, 0x58, 0x8f, 0x57, 0x67, 
	0x8f, 0x7a, 0x8f, 0x71, 0x82, 0x82, 0x5a, 0x5a, 
	0x58, 0x59, 0x00, 0x9d, 0x25, 0x38, 0x9e, 0x01, 
	0x00, 0x91, 0x2a, 0x22, 0x92, 0x00, 0x18, 0x0e, 
	0x70, 0x66, 0x67, 0x58, 0x58, 0x82, 0x8f, 0x7a, 
	0x70, 0x8f, 0x8f, 0x8f, 0x8f, 0x82, 0x58, 0x5a, 
	0x82, 0x59, 0x00, 0x01, 0x02, 0x04, 0x04, 0x04, 
	0x00, 0x95, 0x29, 0x3a, 0x96, 0x00, 0x18, 0x9f, 
	0x89, 0x8f, 0x8f, 0x8f, 0x82, 0x7a, 0x66, 0x70, 
	0x70, 0x66, 0x8f, 0x71, 0x0d, 0x58, 0x58, 0x59, 
	0x82, 0x82, 0x00, 0x18, 0x64, 0x10, 0x88, 0x04, 
	0xa0, 0x97, 0x28, 0x28, 0x98, 0x00, 0x18, 0xa1, 
	0x89, 0x66, 0x8f, 0x8f, 0x8f, 0x66, 0x66, 0x66, 
	0x70, 0x66, 0x66, 0x8f, 0x82, 0x82, 0x58, 0x59, 
	0x8f, 0x59, 0x00, 0x24, 0x78, 0x63, 0xa2, 0xa3, 
	0xa0, 0x9a, 0x27, 0x27, 0x98, 0x00, 0x9f, 0x89, 
	0x89, 0x0d, 0x66, 0x66, 0x66, 0x63, 0x70, 0x70, 
	0x70, 0x70, 0x70, 0x70, 0x66, 0x66, 0x82, 0x82, 
	0x66, 0x5b, 0x00, 0x6d, 0x7c, 0xa4, 0x79, 0xa5, 
	0xa0, 0x9b, 0x26, 0x39, 0x9c, 0x00, 0x64, 0x9f, 
	0x89, 0xa1, 0x89, 0x0e, 0x8e, 0x63, 0x63, 0xa6, 
	0x79, 0x70, 0x66, 0x70, 0x89, 0x8e, 0x66, 0x0d, 
	0x89, 0x5d, 0x00, 0x77, 0x7c, 0xa7, 0x10, 0x83, 
	0xa0, 0x9d, 0x25, 0x38, 0x9e, 0x00, 0xa8, 0x18, 
	0x9f, 0xa9, 0x9f, 0x18, 0x0e, 0x70, 0xaa, 0xaa, 
	0xab, 0x66, 0x66, 0x8d, 0x8d, 0x8e, 0x89, 0x89, 
	0x0e, 0xac, 0x00, 0x45, 0x46, 0x46, 0x17, 0xad, 
	0xae, 0x00, 0x00, 0x00, 0x00, 0x00, 0x00, 0x00, 
	0x00, 0x00, 0x00, 0x01, 0x03, 0x02, 0x04, 0x03, 
	0x00, 0x00, 0x00, 0x00, 0x00, 0x00, 0x00, 0x00, 
	0x00, 0x00, 0x00, 0x00, 0x00, 0x03, 0x04, 0xaf, 
	0xb0, 0x11, 0x12, 0x09, 0x13, 0x14, 0x15, 0x16, 
	0x17, 0x31, 0x31, 0x16, 0x16, 0x18, 0x10, 0x04, 
	0xb1, 0x07, 0x06, 0x07, 0x07, 0x07, 0x08, 0x09, 
	0x0a, 0x0b, 0x0c, 0x31, 0x31, 0x63, 0xb2, 0xb3, 
	0xb4, 0x25, 0x26, 0x27, 0x28, 0x29, 0x2a, 0x2b, 
	0x3c, 0x7e, 0xb5, 0x3d, 0x7d, 0x8c, 0x75, 0x04, 
	0xb6, 0x1b, 0x1c, 0x1d, 0x1d, 0x1d, 0x1e, 0x1f, 
	0xb7, 0x21, 0xb8, 0xb9, 0xba, 0x74, 0x10, 0xbb, 
	0xbc, 0x38, 0x39, 0x27, 0x28, 0x3a, 0x22, 0x2b, 
	0x2c, 0x3b, 0x3c, 0x3d, 0x7d, 0x74, 0x75, 0xbd, 
	0xbe, 0x1c, 0x33, 0x1d, 0x34, 0x1e, 0x35, 0x1c, 
	0x35, 0x28, 0x29, 0x22, 0x2f, 0x36, 0x18, 0x83, 
	0xbf, 0x48, 0x49, 0x4a, 0x42, 0x4b, 0x4c, 0x4d, 
	0x4e, 0x4e, 0x4f, 0x50, 0x50, 0x51, 0x17, 0xc0, 
	0x3e, 0x3f, 0x40, 0x41, 0x39, 0x42, 0x39, 0x43, 
	0x42, 0x42, 0x44, 0x45, 0x46, 0x46, 0x17, 0xad, 
	
};

Gfx pss_dl__422EF87F_c_pal_rgba16_aligner[] = {gsSPEndDisplayList()};
u8 pss_dl__422EF87F_c_pal_rgba16[] = {
	0x94, 0xa5, 0x8c, 0x63, 0x7b, 0xdf, 0x84, 0x21, 
	0x6b, 0x5b, 0x82, 0x4d, 0x81, 0x85, 0x81, 0xc7, 
	0x89, 0xc9, 0x81, 0x43, 0x79, 0x43, 0x71, 0x05, 
	0x68, 0xc5, 0x60, 0xc5, 0x48, 0x43, 0x40, 0x03, 
	0x30, 0x01, 0x92, 0x0b, 0x78, 0xc1, 0x79, 0x03, 
	0x68, 0xc3, 0x60, 0x83, 0x50, 0x41, 0x48, 0x01, 
	0x40, 0x01, 0x28, 0x01, 0xc3, 0x97, 0xcb, 0x0f, 
	0xc3, 0x0f, 0xc3, 0x51, 0xc3, 0x4f, 0xbb, 0x11, 
	0xba, 0xd1, 0xaa, 0x8f, 0xa2, 0x4f, 0x71, 0x49, 
	0x69, 0x0b, 0xcb, 0xd5, 0xba, 0x8b, 0xbb, 0x0f, 
	0xba, 0xcf, 0xb2, 0x8f, 0x9a, 0x0f, 0x92, 0x0f, 
	0x91, 0xcf, 0x89, 0xcf, 0x81, 0xcd, 0x89, 0xcd, 
	0x69, 0x09, 0x58, 0x85, 0xc3, 0x0d, 0xcb, 0x0d, 
	0xcb, 0x51, 0xc3, 0x11, 0x79, 0x8d, 0x78, 0x89, 
	0xd3, 0xd5, 0xc2, 0x89, 0xb2, 0x8d, 0x89, 0x8d, 
	0x81, 0x8d, 0x79, 0x4b, 0xbb, 0xdb, 0xba, 0x07, 
	0xc2, 0x07, 0xca, 0x8b, 0xc2, 0x8b, 0xc2, 0x49, 
	0xb2, 0x0b, 0xa1, 0x8b, 0x91, 0x4b, 0x80, 0x47, 
	0xcb, 0x53, 0xca, 0x03, 0xca, 0xcb, 0xba, 0x0b, 
	0xa9, 0xc9, 0x99, 0x8b, 0x91, 0x0b, 0x81, 0x09, 
	0x80, 0xcb, 0x80, 0xc9, 0x8c, 0x21, 0x51, 0x09, 
	0x62, 0x53, 0x00, 0x01, 0x6a, 0x0f, 0x61, 0x47, 
	0x69, 0x47, 0x71, 0x45, 0x71, 0x47, 0x71, 0x89, 
	0x79, 0xcb, 0x7a, 0x0d, 0x82, 0x91, 0x28, 0x89, 
	0x38, 0x87, 0x30, 0x87, 0x38, 0x03, 0x50, 0x85, 
	0x38, 0x01, 0x73, 0x9d, 0x58, 0xc5, 0x61, 0x07, 
	0x7a, 0x91, 0x81, 0x4b, 0x50, 0xc7, 0x40, 0x87, 
	0x94, 0xa9, 0x60, 0x89, 0x58, 0xc7, 0x48, 0xc5, 
	0x50, 0xc5, 0x69, 0x07, 0x71, 0x87, 0x69, 0x4b, 
	0x60, 0xc7, 0x50, 0x01, 0x9c, 0xa9, 0x60, 0x49, 
	0x61, 0x09, 0x40, 0x85, 0x59, 0x05, 0x9c, 0xeb, 
	0x69, 0x8d, 0x81, 0xcf, 0x71, 0x4b, 0x9c, 0xed, 
	0x69, 0x4d, 0x40, 0x83, 0x69, 0x05, 0x94, 0x65, 
	0x93, 0xe1, 0x8b, 0xdf, 0x61, 0x49, 0x58, 0x01, 
	0x18, 0x01, 0x50, 0x83, 0x81, 0x4d, 0x60, 0x01, 
	0x68, 0xc7, 0x40, 0x43, 0x48, 0x83, 0x61, 0x05, 
	0x68, 0x01, 0x92, 0x51, 0x78, 0x01, 0x50, 0x43, 
	0x59, 0x49, 0x9a, 0x51, 0x88, 0x81, 0xa2, 0xd1, 
	0x91, 0x01, 0x59, 0x07, 0xaa, 0xd1, 0xaa, 0x4b, 
	0x90, 0x81, 0xbb, 0xd9, 0x91, 0xc5, 0x48, 0x41, 
	0x9c, 0xe7, 0x58, 0xc3, 0x30, 0x43, 0x7b, 0xe1, 
	0x59, 0x09, 0x8c, 0x65, 0x48, 0x85, 0x61, 0x4b, 
	0x61, 0xcf, 0x58, 0x83, 0x38, 0x43, 0x38, 0x85, 
	0x7a, 0xd5, 0xa4, 0x65, 0xa5, 0x29, 0x8b, 0xe1, 
	0xad, 0x6b, 0x8b, 0x17, 0x20, 0x01, 0x7b, 0x9d, 
	0xb5, 0xad, 0x71, 0x09, 0xc4, 0x5f, 0xb2, 0xcf, 
	0x92, 0x0d, 0x81, 0x8b, 0x79, 0x49, 0x94, 0x23, 
	0xc5, 0xf1, 0x83, 0x9f, 0xbc, 0x5f, 0xd6, 0x73, 
	0x9b, 0xdf, 
};

Gfx pss_dl__18F70B20_c_ci8_aligner[] = {gsSPEndDisplayList()};
u8 pss_dl__18F70B20_c_ci8[] = {
	0x00, 0x01, 0x02, 0x03, 0x04, 0x05, 0x06, 0x07, 
	0x08, 0x08, 0x09, 0x0a, 0x0b, 0x00, 0x00, 0x0c, 
	0x0d, 0x04, 0x0e, 0x0f, 0x0f, 0x0f, 0x0f, 0x0f, 
	0x0f, 0x0f, 0x0f, 0x0f, 0x0f, 0x0f, 0x0f, 0x10, 
	0x11, 0x12, 0x03, 0x13, 0x13, 0x14, 0x15, 0x15, 
	0x16, 0x17, 0x17, 0x0f, 0x18, 0x19, 0x0d, 0x1a, 
	0x1b, 0x13, 0x04, 0x04, 0x04, 0x04, 0x05, 0x05, 
	0x05, 0x05, 0x06, 0x05, 0x05, 0x05, 0x05, 0x0f, 
	0x11, 0x12, 0x01, 0x04, 0x05, 0x14, 0x14, 0x15, 
	0x16, 0x0e, 0x0e, 0x0f, 0x18, 0x19, 0x0d, 0x1a, 
	0x1b, 0x13, 0x04, 0x04, 0x04, 0x04, 0x04, 0x05, 
	0x05, 0x13, 0x13, 0x13, 0x13, 0x05, 0x05, 0x0f, 
	0x1c, 0x1d, 0x01, 0x04, 0x05, 0x06, 0x07, 0x08, 
	0x09, 0x09, 0x0e, 0x0f, 0x18, 0x1e, 0x1f, 0x1f, 
	0x1f, 0x1f, 0x1e, 0x04, 0x04, 0x04, 0x04, 0x04, 
	0x05, 0x13, 0x13, 0x13, 0x13, 0x05, 0x05, 0x0f, 
	0x1c, 0x1d, 0x01, 0x03, 0x04, 0x06, 0x07, 0x08, 
	0x08, 0x09, 0x1e, 0x1f, 0x1f, 0x1f, 0x20, 0x20, 
	0x20, 0x20, 0x1f, 0x1f, 0x1f, 0x1e, 0x21, 0x03, 
	0x22, 0x22, 0x23, 0x24, 0x13, 0x05, 0x05, 0x0f, 
	0x25, 0x1d, 0x02, 0x26, 0x13, 0x13, 0x14, 0x07, 
	0x1e, 0x27, 0x27, 0x20, 0x20, 0x20, 0x20, 0x20, 
	0x20, 0x20, 0x20, 0x20, 0x20, 0x27, 0x27, 0x1e, 
	0x28, 0x17, 0x15, 0x23, 0x13, 0x05, 0x05, 0x0f, 
	0x25, 0x29, 0x1d, 0x2a, 0x23, 0x23, 0x23, 0x2b, 
	0x27, 0x20, 0x20, 0x20, 0x20, 0x20, 0x20, 0x20, 
	0x20, 0x20, 0x20, 0x20, 0x20, 0x20, 0x20, 0x27, 
	0x1e, 0x28, 0x17, 0x22, 0x04, 0x05, 0x05, 0x0f, 
	0x2c, 0x25, 0x25, 0x2d, 0x2e, 0x0a, 0x2b, 0x27, 
	0x20, 0x20, 0x20, 0x20, 0x20, 0x20, 0x20, 0x20, 
	0x20, 0x20, 0x20, 0x20, 0x20, 0x20, 0x20, 0x20, 
	0x1e, 0x1e, 0x18, 0x17, 0x04, 0x04, 0x05, 0x0f, 
	0x2c, 0x2c, 0x25, 0x18, 0x2d, 0x2b, 0x2b, 0x20, 
	0x20, 0x20, 0x20, 0x20, 0x20, 0x20, 0x20, 0x20, 
	0x20, 0x20, 0x20, 0x20, 0x20, 0x20, 0x20, 0x20, 
	0x20, 0x2b, 0x2b, 0x02, 0x13, 0x13, 0x13, 0x0f, 
	0x2c, 0x2c, 0x2c, 0x25, 0x25, 0x1e, 0x20, 0x20, 
	0x20, 0x20, 0x20, 0x20, 0x20, 0x20, 0x20, 0x20, 
	0x20, 0x20, 0x20, 0x20, 0x20, 0x20, 0x20, 0x20, 
	0x20, 0x20, 0x2b, 0x03, 0x13, 0x13, 0x13, 0x0e, 
	0x2f, 0x2f, 0x2c, 0x2c, 0x1e, 0x1e, 0x20, 0x20, 
	0x20, 0x20, 0x20, 0x20, 0x20, 0x20, 0x20, 0x20, 
	0x20, 0x20, 0x20, 0x20, 0x20, 0x20, 0x20, 0x20, 
	0x20, 0x20, 0x30, 0x2b, 0x13, 0x13, 0x13, 0x0e, 
	0x31, 0x2f, 0x2f, 0x2c, 0x1e, 0x20, 0x20, 0x20, 
	0x20, 0x20, 0x20, 0x20, 0x20, 0x20, 0x20, 0x20, 
	0x20, 0x20, 0x20, 0x20, 0x20, 0x20, 0x20, 0x20, 
	0x20, 0x20, 0x20, 0x2b, 0x13, 0x13, 0x13, 0x0e, 
	0x31, 0x31, 0x2f, 0x2f, 0x1e, 0x20, 0x20, 0x20, 
	0x20, 0x20, 0x20, 0x20, 0x20, 0x20, 0x20, 0x20, 
	0x20, 0x20, 0x20, 0x20, 0x20, 0x20, 0x20, 0x20, 
	0x20, 0x20, 0x20, 0x2b, 0x13, 0x13, 0x13, 0x32, 
	0x31, 0x31, 0x31, 0x1e, 0x1e, 0x20, 0x20, 0x20, 
	0x20, 0x20, 0x20, 0x20, 0x20, 0x20, 0x20, 0x20, 
	0x20, 0x20, 0x20, 0x20, 0x20, 0x20, 0x20, 0x20, 
	0x20, 0x20, 0x20, 0x2b, 0x2b, 0x13, 0x13, 0x32, 
	0x31, 0x31, 0x31, 0x2b, 0x20, 0x20, 0x20, 0x20, 
	0x20, 0x20, 0x20, 0x20, 0x20, 0x20, 0x20, 0x20, 
	0x20, 0x20, 0x20, 0x20, 0x20, 0x20, 0x20, 0x20, 
	0x20, 0x20, 0x20, 0x20, 0x33, 0x2a, 0x23, 0x04, 
	0x31, 0x31, 0x31, 0x2b, 0x20, 0x20, 0x20, 0x20, 
	0x20, 0x20, 0x20, 0x20, 0x20, 0x20, 0x20, 0x20, 
	0x20, 0x20, 0x20, 0x20, 0x20, 0x20, 0x20, 0x20, 
	0x20, 0x20, 0x20, 0x20, 0x1e, 0x1b, 0x1b, 0x0d, 
	0x31, 0x06, 0x2f, 0x30, 0x20, 0x20, 0x20, 0x20, 
	0x20, 0x20, 0x20, 0x20, 0x20, 0x20, 0x20, 0x20, 
	0x20, 0x20, 0x20, 0x20, 0x20, 0x20, 0x20, 0x20, 
	0x20, 0x20, 0x20, 0x20, 0x2b, 0x34, 0x34, 0x35, 
	0x31, 0x03, 0x36, 0x2b, 0x20, 0x20, 0x20, 0x20, 
	0x20, 0x20, 0x20, 0x20, 0x20, 0x20, 0x20, 0x20, 
	0x20, 0x20, 0x20, 0x20, 0x20, 0x20, 0x20, 0x20, 
	0x20, 0x20, 0x20, 0x20, 0x1e, 0x37, 0x38, 0x39, 
	0x31, 0x28, 0x1b, 0x1e, 0x2b, 0x20, 0x20, 0x20, 
	0x20, 0x20, 0x20, 0x20, 0x20, 0x20, 0x20, 0x20, 
	0x20, 0x20, 0x20, 0x20, 0x20, 0x20, 0x20, 0x20, 
	0x20, 0x20, 0x20, 0x1e, 0x1e, 0x37, 0x15, 0x34, 
	0x31, 0x17, 0x0f, 0x0d, 0x2b, 0x20, 0x20, 0x20, 
	0x20, 0x20, 0x20, 0x20, 0x20, 0x20, 0x20, 0x20, 
	0x20, 0x20, 0x20, 0x20, 0x20, 0x20, 0x20, 0x20, 
	0x20, 0x20, 0x20, 0x2b, 0x01, 0x02, 0x37, 0x34, 
	0x31, 0x14, 0x09, 0x0f, 0x2b, 0x20, 0x20, 0x20, 
	0x20, 0x20, 0x20, 0x20, 0x20, 0x20, 0x20, 0x20, 
	0x20, 0x20, 0x20, 0x20, 0x20, 0x20, 0x20, 0x20, 
	0x20, 0x20, 0x20, 0x2b, 0x04, 0x02, 0x37, 0x34, 
	0x31, 0x13, 0x07, 0x09, 0x1e, 0x2b, 0x20, 0x20, 
	0x20, 0x20, 0x20, 0x20, 0x20, 0x20, 0x20, 0x20, 
	0x20, 0x20, 0x20, 0x20, 0x20, 0x20, 0x20, 0x20, 
	0x20, 0x20, 0x2b, 0x2b, 0x04, 0x01, 0x02, 0x3a, 
	0x31, 0x23, 0x13, 0x14, 0x15, 0x33, 0x20, 0x20, 
	0x20, 0x20, 0x20, 0x20, 0x20, 0x20, 0x20, 0x20, 
	0x20, 0x20, 0x20, 0x20, 0x20, 0x20, 0x20, 0x20, 
	0x20, 0x20, 0x30, 0x06, 0x0f, 0x32, 0x3b, 0x37, 
	0x31, 0x31, 0x31, 0x31, 0x31, 0x1e, 0x2b, 0x20, 
	0x20, 0x20, 0x20, 0x20, 0x20, 0x20, 0x20, 0x20, 
	0x20, 0x20, 0x20, 0x20, 0x20, 0x20, 0x20, 0x20, 
	0x20, 0x2b, 0x2b, 0x3c, 0x3d, 0x3d, 0x3d, 0x3e, 
	0x31, 0x3d, 0x21, 0x3f, 0x39, 0x39, 0x3f, 0x39, 
	0x20, 0x20, 0x20, 0x20, 0x20, 0x20, 0x20, 0x20, 
	0x20, 0x20, 0x20, 0x20, 0x20, 0x20, 0x20, 0x20, 
	0x2b, 0x2b, 0x40, 0x41, 0x42, 0x3d, 0x3d, 0x3d, 
	0x31, 0x43, 0x3d, 0x21, 0x03, 0x02, 0x28, 0x3f, 
	0x33, 0x20, 0x20, 0x20, 0x20, 0x20, 0x20, 0x20, 
	0x20, 0x20, 0x20, 0x20, 0x20, 0x20, 0x20, 0x33, 
	0x2b, 0x0a, 0x0a, 0x40, 0x00, 0x42, 0x3d, 0x3d, 
	0x31, 0x44, 0x00, 0x3c, 0x21, 0x03, 0x02, 0x22, 
	0x2b, 0x14, 0x20, 0x20, 0x20, 0x20, 0x20, 0x20, 
	0x20, 0x20, 0x20, 0x20, 0x20, 0x2b, 0x2b, 0x33, 
	0x0a, 0x0a, 0x0a, 0x0a, 0x00, 0x00, 0x42, 0x3d, 
	0x31, 0x45, 0x1c, 0x0a, 0x3c, 0x21, 0x03, 0x39, 
	0x2b, 0x2b, 0x2b, 0x33, 0x2b, 0x33, 0x20, 0x20, 
	0x20, 0x20, 0x1e, 0x1e, 0x1e, 0x1e, 0x18, 0x17, 
	0x11, 0x11, 0x11, 0x00, 0x00, 0x00, 0x00, 0x42, 
	0x31, 0x27, 0x2c, 0x2e, 0x0a, 0x3c, 0x21, 0x3f, 
	0x2b, 0x2b, 0x2b, 0x2b, 0x31, 0x1e, 0x2b, 0x2b, 
	0x2b, 0x30, 0x1e, 0x11, 0x42, 0x36, 0x1b, 0x02, 
	0x1c, 0x1c, 0x11, 0x11, 0x0a, 0x0a, 0x40, 0x3c, 
	0x31, 0x27, 0x31, 0x46, 0x2e, 0x0a, 0x3c, 0x3a, 
	0x2b, 0x2b, 0x2b, 0x2b, 0x31, 0x31, 0x31, 0x31, 
	0x31, 0x47, 0x31, 0x25, 0x1a, 0x3d, 0x36, 0x03, 
	0x25, 0x1c, 0x11, 0x11, 0x0a, 0x0a, 0x0a, 0x40, 
	0x31, 0x1f, 0x27, 0x2c, 0x1c, 0x00, 0x3d, 0x3c, 
	0x2b, 0x2b, 0x2b, 0x2b, 0x31, 0x31, 0x31, 0x31, 
	0x31, 0x1f, 0x48, 0x49, 0x4a, 0x43, 0x2f, 0x36, 
	0x25, 0x25, 0x1c, 0x11, 0x0a, 0x0a, 0x0a, 0x0a, 
	0x31, 0x31, 0x31, 0x2b, 0x2b, 0x2b, 0x2b, 0x2b, 
	0x2b, 0x2b, 0x2b, 0x2b, 0x31, 0x31, 0x31, 0x31, 
	0x31, 0x31, 0x31, 0x31, 0x31, 0x2f, 0x2c, 0x2c, 
	0x2c, 0x25, 0x25, 0x1c, 0x2e, 0x0a, 0x0a, 0x0a, 
	
};

Gfx pss_dl__18F70B20_c_pal_rgba16_aligner[] = {gsSPEndDisplayList()};
u8 pss_dl__18F70B20_c_pal_rgba16[] = {
	0x94, 0x1f, 0x4a, 0x11, 0x4a, 0x0f, 0x52, 0x11, 
	0x52, 0x51, 0x52, 0x53, 0x5a, 0x53, 0x5a, 0x93, 
	0x62, 0x95, 0x62, 0xd5, 0x6a, 0xd5, 0x8b, 0xdf, 
	0xa5, 0x27, 0x73, 0x59, 0x6a, 0xd7, 0x6b, 0x17, 
	0x7b, 0xdd, 0x94, 0x61, 0x31, 0x4b, 0x39, 0x8b, 
	0x41, 0x8d, 0x41, 0xcd, 0x49, 0xcd, 0x49, 0xcf, 
	0x73, 0x17, 0x73, 0x19, 0x94, 0x21, 0x7b, 0x59, 
	0x9c, 0x61, 0x31, 0x49, 0xb4, 0xa5, 0xf7, 0xbb, 
	0x00, 0x01, 0x5a, 0x51, 0x28, 0xc7, 0x20, 0xc5, 
	0x08, 0x01, 0x9c, 0xa3, 0x39, 0x4b, 0xde, 0x2f, 
	0x52, 0x0f, 0x18, 0x85, 0x20, 0x85, 0x83, 0x59, 
	0xa4, 0xa3, 0x72, 0xd7, 0x72, 0xd5, 0xa4, 0xa5, 
	0xac, 0xa3, 0xac, 0xa5, 0x62, 0xd7, 0x51, 0x8b, 
	0x29, 0x09, 0x10, 0x83, 0x83, 0x9b, 0x41, 0xcf, 
	0x39, 0x8d, 0x29, 0x07, 0x31, 0x09, 0x5a, 0x95, 
	0x62, 0x93, 0x8b, 0xdd, 0x8b, 0x9d, 0x31, 0x07, 
	0x6a, 0x95, 0x6a, 0x93, 0x93, 0xdf, 0xb5, 0x27, 
	0xbd, 0x69, 0xcd, 0xab, 0x7b, 0x17, 0xd5, 0xef, 
	0xd6, 0x2d, 0xd5, 0xed, 0xc5, 0x69, 
};

Gfx pss_dl__6DAF90F6_c_ci8_aligner[] = {gsSPEndDisplayList()};
u8 pss_dl__6DAF90F6_c_ci8[] = {
	0x00, 0x01, 0x01, 0x01, 0x02, 0x00, 0x00, 0x02, 
	0x01, 0x03, 0x04, 0x05, 0x06, 0x04, 0x04, 0x07, 
	0x08, 0x09, 0x0a, 0x0b, 0x0c, 0x0d, 0x0b, 0x0e, 
	0x03, 0x09, 0x09, 0x0f, 0x0f, 0x0f, 0x0f, 0x05, 
	0x10, 0x00, 0x00, 0x00, 0x00, 0x00, 0x00, 0x02, 
	0x01, 0x05, 0x05, 0x01, 0x01, 0x01, 0x01, 0x05, 
	0x11, 0x12, 0x13, 0x0d, 0x0d, 0x0d, 0x14, 0x0b, 
	0x15, 0x16, 0x15, 0x15, 0x14, 0x0f, 0x05, 0x10, 
	0x10, 0x10, 0x00, 0x00, 0x00, 0x00, 0x00, 0x02, 
	0x01, 0x01, 0x05, 0x17, 0x00, 0x00, 0x17, 0x01, 
	0x01, 0x01, 0x04, 0x0d, 0x0d, 0x18, 0x18, 0x18, 
	0x16, 0x19, 0x1a, 0x0f, 0x1b, 0x0c, 0x05, 0x00, 
	0x02, 0x10, 0x02, 0x00, 0x00, 0x02, 0x02, 0x02, 
	0x01, 0x01, 0x02, 0x00, 0x00, 0x02, 0x02, 0x02, 
	0x02, 0x01, 0x06, 0x04, 0x0d, 0x0d, 0x0b, 0x18, 
	0x1c, 0x09, 0x1d, 0x09, 0x09, 0x1e, 0x1f, 0x03, 
	0x01, 0x02, 0x02, 0x00, 0x02, 0x02, 0x02, 0x20, 
	0x03, 0x20, 0x21, 0x02, 0x02, 0x17, 0x01, 0x01, 
	0x01, 0x01, 0x06, 0x06, 0x0f, 0x0c, 0x0b, 0x0a, 
	0x22, 0x23, 0x24, 0x04, 0x11, 0x04, 0x03, 0x20, 
	0x02, 0x00, 0x02, 0x02, 0x01, 0x01, 0x11, 0x1f, 
	0x1f, 0x1f, 0x20, 0x01, 0x02, 0x17, 0x01, 0x05, 
	0x01, 0x05, 0x05, 0x1e, 0x09, 0x22, 0x0c, 0x22, 
	0x22, 0x13, 0x0a, 0x1f, 0x25, 0x26, 0x1f, 0x02, 
	0x01, 0x00, 0x00, 0x01, 0x20, 0x20, 0x0e, 0x11, 
	0x11, 0x1f, 0x20, 0x02, 0x00, 0x01, 0x01, 0x17, 
	0x05, 0x05, 0x05, 0x05, 0x05, 0x00, 0x27, 0x10, 
	0x28, 0x03, 0x03, 0x20, 0x29, 0x25, 0x25, 0x20, 
	0x00, 0x01, 0x03, 0x1f, 0x25, 0x1c, 0x1f, 0x20, 
	0x21, 0x20, 0x02, 0x00, 0x01, 0x17, 0x00, 0x01, 
	0x01, 0x00, 0x01, 0x00, 0x10, 0x2a, 0x2b, 0x2a, 
	0x2b, 0x00, 0x20, 0x00, 0x20, 0x07, 0x1f, 0x2c, 
	0x20, 0x27, 0x1f, 0x1f, 0x20, 0x21, 0x02, 0x02, 
	0x2d, 0x02, 0x02, 0x01, 0x02, 0x20, 0x01, 0x01, 
	0x00, 0x10, 0x10, 0x10, 0x2b, 0x2b, 0x2a, 0x2a, 
	0x2a, 0x2a, 0x10, 0x00, 0x21, 0x20, 0x2e, 0x2c, 
	0x03, 0x2f, 0x20, 0x21, 0x02, 0x2d, 0x10, 0x10, 
	0x10, 0x10, 0x2d, 0x02, 0x01, 0x02, 0x01, 0x01, 
	0x00, 0x10, 0x10, 0x10, 0x10, 0x2a, 0x2a, 0x2a, 
	0x2b, 0x2a, 0x10, 0x27, 0x00, 0x21, 0x1f, 0x03, 
	0x04, 0x02, 0x2a, 0x10, 0x10, 0x10, 0x10, 0x10, 
	0x10, 0x10, 0x2d, 0x2d, 0x02, 0x02, 0x01, 0x00, 
	0x10, 0x00, 0x10, 0x2a, 0x2a, 0x10, 0x2a, 0x2a, 
	0x2a, 0x2a, 0x2b, 0x2b, 0x2b, 0x30, 0x10, 0x00, 
	0x10, 0x10, 0x2d, 0x2a, 0x2a, 0x10, 0x10, 0x10, 
	0x10, 0x10, 0x2d, 0x02, 0x02, 0x05, 0x05, 0x05, 
	0x28, 0x01, 0x00, 0x10, 0x10, 0x10, 0x10, 0x2a, 
	0x2b, 0x2b, 0x2b, 0x2b, 0x2b, 0x10, 0x01, 0x05, 
	0x01, 0x2a, 0x2a, 0x2a, 0x2a, 0x10, 0x10, 0x10, 
	0x10, 0x2d, 0x01, 0x01, 0x06, 0x06, 0x0d, 0x0d, 
	0x0d, 0x28, 0x17, 0x00, 0x10, 0x10, 0x10, 0x2a, 
	0x2a, 0x2b, 0x31, 0x10, 0x00, 0x00, 0x01, 0x01, 
	0x2a, 0x2a, 0x10, 0x10, 0x10, 0x10, 0x10, 0x10, 
	0x10, 0x2d, 0x20, 0x05, 0x06, 0x04, 0x0a, 0x0d, 
	0x18, 0x1e, 0x06, 0x00, 0x00, 0x32, 0x27, 0x10, 
	0x2a, 0x2a, 0x10, 0x00, 0x01, 0x17, 0x10, 0x2a, 
	0x01, 0x10, 0x2a, 0x10, 0x10, 0x10, 0x10, 0x10, 
	0x10, 0x02, 0x04, 0x22, 0x22, 0x04, 0x1e, 0x1e, 
	0x1a, 0x08, 0x04, 0x01, 0x17, 0x00, 0x05, 0x00, 
	0x10, 0x00, 0x17, 0x00, 0x01, 0x01, 0x05, 0x10, 
	0x04, 0x05, 0x02, 0x02, 0x10, 0x10, 0x10, 0x00, 
	0x01, 0x03, 0x09, 0x1e, 0x06, 0x06, 0x11, 0x11, 
	0x0e, 0x33, 0x09, 0x04, 0x05, 0x01, 0x1e, 0x05, 
	0x17, 0x06, 0x05, 0x30, 0x00, 0x01, 0x00, 0x05, 
	0x11, 0x1e, 0x11, 0x21, 0x02, 0x02, 0x01, 0x2f, 
	0x28, 0x03, 0x0f, 0x0f, 0x0f, 0x06, 0x03, 0x0e, 
	0x25, 0x1a, 0x0e, 0x11, 0x03, 0x05, 0x03, 0x11, 
	0x09, 0x1e, 0x03, 0x06, 0x00, 0x2a, 0x02, 0x06, 
	0x1e, 0x09, 0x1e, 0x1e, 0x1e, 0x03, 0x06, 0x0d, 
	0x0d, 0x0d, 0x18, 0x0a, 0x0a, 0x04, 0x01, 0x21, 
	0x0e, 0x11, 0x1f, 0x20, 0x05, 0x01, 0x20, 0x20, 
	0x1e, 0x09, 0x03, 0x03, 0x01, 0x00, 0x05, 0x03, 
	0x1e, 0x25, 0x1c, 0x09, 0x09, 0x0f, 0x1e, 0x0a, 
	0x0d, 0x0d, 0x0d, 0x22, 0x04, 0x05, 0x20, 0x01, 
	0x02, 0x02, 0x02, 0x01, 0x20, 0x01, 0x03, 0x1e, 
	0x0e, 0x03, 0x03, 0x05, 0x10, 0x02, 0x02, 0x20, 
	0x03, 0x25, 0x1c, 0x1c, 0x1e, 0x1e, 0x1e, 0x1e, 
	0x0a, 0x0d, 0x0d, 0x22, 0x05, 0x02, 0x10, 0x00, 
	0x10, 0x10, 0x10, 0x10, 0x10, 0x03, 0x1f, 0x11, 
	0x11, 0x11, 0x04, 0x20, 0x10, 0x2a, 0x10, 0x02, 
	0x01, 0x11, 0x20, 0x0e, 0x03, 0x03, 0x1e, 0x11, 
	0x04, 0x22, 0x04, 0x03, 0x02, 0x10, 0x2a, 0x2a, 
	0x2a, 0x2a, 0x2a, 0x2a, 0x2a, 0x10, 0x02, 0x20, 
	0x03, 0x03, 0x03, 0x01, 0x2a, 0x2a, 0x2a, 0x10, 
	0x10, 0x02, 0x10, 0x21, 0x20, 0x20, 0x11, 0x11, 
	0x03, 0x03, 0x01, 0x02, 0x10, 0x2a, 0x2a, 0x2a, 
	0x2a, 0x2a, 0x2a, 0x2a, 0x2a, 0x2a, 0x2a, 0x10, 
	0x2d, 0x01, 0x03, 0x01, 0x10, 0x2a, 0x2a, 0x2a, 
	0x2a, 0x2a, 0x2a, 0x10, 0x02, 0x02, 0x03, 0x03, 
	0x20, 0x06, 0x02, 0x10, 0x2a, 0x2a, 0x2a, 0x2a, 
	0x2a, 0x2a, 0x2a, 0x2a, 0x34, 0x34, 0x34, 0x34, 
	0x2a, 0x01, 0x01, 0x01, 0x10, 0x2a, 0x2a, 0x2a, 
	0x2a, 0x34, 0x2a, 0x2a, 0x10, 0x10, 0x05, 0x20, 
	0x02, 0x01, 0x10, 0x00, 0x10, 0x2a, 0x2a, 0x2a, 
	0x2a, 0x2a, 0x2a, 0x2a, 0x34, 0x34, 0x34, 0x34, 
	0x2a, 0x01, 0x01, 0x10, 0x10, 0x2a, 0x2a, 0x2a, 
	0x34, 0x34, 0x2a, 0x2a, 0x2a, 0x02, 0x01, 0x02, 
	0x10, 0x02, 0x00, 0x10, 0x10, 0x10, 0x2a, 0x2a, 
	0x2a, 0x2a, 0x2a, 0x2a, 0x34, 0x34, 0x34, 0x34, 
	0x2a, 0x10, 0x10, 0x10, 0x2a, 0x34, 0x2a, 0x2a, 
	0x34, 0x31, 0x31, 0x2a, 0x02, 0x20, 0x04, 0x1e, 
	0x03, 0x05, 0x00, 0x10, 0x10, 0x10, 0x10, 0x10, 
	0x2a, 0x2a, 0x2a, 0x2a, 0x34, 0x34, 0x34, 0x34, 
	0x34, 0x2a, 0x2a, 0x2a, 0x31, 0x31, 0x2a, 0x2a, 
	0x31, 0x31, 0x34, 0x02, 0x1f, 0x11, 0x0f, 0x09, 
	0x0f, 0x03, 0x05, 0x17, 0x00, 0x00, 0x01, 0x00, 
	0x00, 0x10, 0x2a, 0x2a, 0x2a, 0x34, 0x34, 0x34, 
	0x31, 0x31, 0x31, 0x31, 0x31, 0x31, 0x2b, 0x2b, 
	0x2b, 0x2a, 0x2a, 0x02, 0x11, 0x1c, 0x09, 0x35, 
	0x0f, 0x09, 0x04, 0x05, 0x05, 0x04, 0x04, 0x03, 
	0x05, 0x01, 0x00, 0x10, 0x2a, 0x34, 0x34, 0x34, 
	0x31, 0x31, 0x31, 0x31, 0x31, 0x31, 0x34, 0x2a, 
	0x10, 0x10, 0x21, 0x2c, 0x2e, 0x1a, 0x1c, 0x15, 
	0x14, 0x15, 0x0f, 0x09, 0x05, 0x0f, 0x04, 0x04, 
	0x03, 0x05, 0x17, 0x10, 0x10, 0x2a, 0x34, 0x34, 
	0x34, 0x31, 0x31, 0x31, 0x31, 0x31, 0x2a, 0x10, 
	0x17, 0x00, 0x1c, 0x1a, 0x36, 0x19, 0x16, 0x14, 
	0x14, 0x37, 0x0f, 0x1c, 0x04, 0x06, 0x22, 0x0a, 
	0x06, 0x06, 0x17, 0x10, 0x00, 0x10, 0x2a, 0x34, 
	0x34, 0x34, 0x34, 0x31, 0x31, 0x2a, 0x10, 0x10, 
	0x17, 0x17, 0x2f, 0x04, 0x1a, 0x0e, 0x09, 0x0b, 
	0x0a, 0x38, 0x0b, 0x35, 0x0f, 0x0f, 0x1e, 0x04, 
	0x0a, 0x17, 0x00, 0x00, 0x00, 0x17, 0x02, 0x02, 
	0x10, 0x10, 0x2d, 0x10, 0x10, 0x10, 0x02, 0x05, 
	0x05, 0x17, 0x05, 0x0a, 0x1e, 0x05, 0x05, 0x05, 
	0x04, 0x39, 0x12, 0x0c, 0x0c, 0x0b, 0x0f, 0x09, 
	0x36, 0x03, 0x17, 0x05, 0x04, 0x09, 0x01, 0x01, 
	0x01, 0x01, 0x20, 0x03, 0x03, 0x03, 0x04, 0x04, 
	
};

Gfx pss_dl__6DAF90F6_c_pal_rgba16_aligner[] = {gsSPEndDisplayList()};
u8 pss_dl__6DAF90F6_c_pal_rgba16[] = {
	0x23, 0x3c, 0x2b, 0x7c, 0x2b, 0x3c, 0x33, 0xfc, 
	0x34, 0x3c, 0x2b, 0xbc, 0x2b, 0xfc, 0x4c, 0x7c, 
	0x5c, 0xfc, 0x44, 0xbc, 0x34, 0x7c, 0x34, 0xbc, 
	0x2c, 0x7c, 0x24, 0x3c, 0x44, 0x7c, 0x3c, 0xbc, 
	0x22, 0xfc, 0x3c, 0x3c, 0x2c, 0xbc, 0x3c, 0xfc, 
	0x45, 0x3c, 0x4d, 0x3c, 0x4c, 0xfc, 0x23, 0x7c, 
	0x1c, 0x3c, 0x54, 0xfc, 0x54, 0xbc, 0x2c, 0xfc, 
	0x4c, 0xbc, 0x64, 0xfc, 0x3c, 0x7c, 0x3b, 0xfc, 
	0x33, 0xbc, 0x33, 0x7c, 0x2c, 0x3c, 0x24, 0xbc, 
	0x55, 0x3c, 0x44, 0x3c, 0x4c, 0x3c, 0x1a, 0xfc, 
	0x23, 0xfc, 0x3b, 0xbc, 0x22, 0xbc, 0x1a, 0xbc, 
	0x43, 0xfc, 0x2a, 0xfc, 0x54, 0x7c, 0x23, 0xbc, 
	0x1b, 0x7c, 0x1a, 0x7c, 0x1b, 0x3c, 0x65, 0x3c, 
	0x22, 0x7c, 0x44, 0xfc, 0x5c, 0xbc, 0x4d, 0x7c, 
	0x4d, 0xbc, 0x34, 0xfc, 
};

Gfx pss_dl_generic_textures_00800_rgba16_i8_aligner[] = {gsSPEndDisplayList()};
u8 pss_dl_generic_textures_00800_rgba16_i8[] = {
	0x9c, 0x9c, 0x9c, 0x6a, 0x6a, 0x6a, 0x6a, 0x6a, 
	0x6a, 0x6a, 0x6a, 0x6a, 0x9c, 0x9c, 0x9c, 0x9c, 
	0x9c, 0x9c, 0x9c, 0x9c, 0x9c, 0x9c, 0x9c, 0x9c, 
	0x9c, 0x9c, 0x9c, 0x9c, 0x6a, 0x6a, 0x6a, 0x6a, 
	0x9c, 0xff, 0xcd, 0x94, 0x94, 0x94, 0x94, 0x6a, 
	0x6a, 0x6a, 0x6a, 0x6a, 0x9c, 0x9c, 0x9c, 0x9c, 
	0x9c, 0xff, 0xcd, 0xcd, 0xcd, 0xcd, 0xcd, 0x9c, 
	0x9c, 0x9c, 0x9c, 0x9c, 0x6a, 0x6a, 0x6a, 0x6a, 
	0x9c, 0xcd, 0x9c, 0x6a, 0x6a, 0x6a, 0x6a, 0x31, 
	0x6a, 0x6a, 0x6a, 0x6a, 0x9c, 0x9c, 0x9c, 0x9c, 
	0x9c, 0xcd, 0x9c, 0x9c, 0x9c, 0x9c, 0x9c, 0x6a, 
	0x9c, 0x9c, 0x9c, 0x9c, 0x6a, 0x6a, 0x6a, 0x6a, 
	0x9c, 0xcd, 0x9c, 0x6a, 0x6a, 0x6a, 0x6a, 0x31, 
	0x6a, 0x6a, 0x6a, 0x6a, 0x9c, 0x9c, 0x9c, 0x9c, 
	0x9c, 0xcd, 0x9c, 0x9c, 0x9c, 0x9c, 0x9c, 0x6a, 
	0x9c, 0x9c, 0x9c, 0x9c, 0x6a, 0x6a, 0x6a, 0x6a, 
	0x9c, 0xcd, 0x9c, 0x6a, 0x6a, 0x6a, 0x6a, 0x31, 
	0x6a, 0x6a, 0x6a, 0x6a, 0x9c, 0x6a, 0x6a, 0x6a, 
	0x6a, 0xcd, 0x9c, 0x9c, 0x9c, 0x9c, 0x9c, 0x6a, 
	0x9c, 0x9c, 0x9c, 0x9c, 0x9c, 0x9c, 0x9c, 0x9c, 
	0x9c, 0xcd, 0x9c, 0x6a, 0x6a, 0x6a, 0x6a, 0x31, 
	0x6a, 0x00, 0x31, 0x31, 0x6a, 0x31, 0x31, 0x6a, 
	0x6a, 0xcd, 0x9c, 0x9c, 0x6a, 0x6a, 0x6a, 0x31, 
	0x6a, 0x6a, 0x6a, 0x6a, 0x9c, 0x9c, 0x9c, 0x9c, 
	0x9c, 0xcd, 0x9c, 0x6a, 0x6a, 0x6a, 0x6a, 0x31, 
	0x6a, 0x31, 0x6a, 0x6a, 0x9c, 0x6a, 0x6a, 0x94, 
	0x6a, 0xcd, 0x9c, 0x9c, 0x6a, 0x6a, 0x6a, 0x31, 
	0x6a, 0x6a, 0x6a, 0x6a, 0x9c, 0x9c, 0x9c, 0x9c, 
	0x9c, 0x9c, 0x6a, 0x31, 0x31, 0x31, 0x31, 0x00, 
	0x6a, 0x31, 0x6a, 0x6a, 0x9c, 0x6a, 0x6a, 0x94, 
	0x6a, 0x9c, 0x6a, 0x6a, 0x31, 0x31, 0x31, 0x00, 
	0x6a, 0x6a, 0x6a, 0x6a, 0x9c, 0x9c, 0x9c, 0x9c, 
	0x9c, 0x9c, 0x9c, 0x9c, 0x9c, 0x9c, 0x9c, 0x9c, 
	0x9c, 0x6a, 0x9c, 0x9c, 0x9c, 0x9c, 0x9c, 0xcd, 
	0x9c, 0x9c, 0x9c, 0x9c, 0x6a, 0x6a, 0x6a, 0x6a, 
	0x6a, 0x6a, 0x6a, 0x6a, 0x9c, 0x9c, 0x9c, 0x9c, 
	0x9c, 0x31, 0x6a, 0x6a, 0x6a, 0x6a, 0x6a, 0x9c, 
	0x9c, 0x6a, 0x9c, 0x9c, 0x9c, 0x9c, 0x9c, 0xcd, 
	0x9c, 0xff, 0xcd, 0xcd, 0x94, 0x94, 0x94, 0x94, 
	0x94, 0x94, 0x94, 0x94, 0xcd, 0xcd, 0xcd, 0x9c, 
	0x9c, 0x6a, 0x9c, 0x9c, 0x9c, 0x9c, 0x9c, 0xcd, 
	0x9c, 0x6a, 0x9c, 0x9c, 0x9c, 0x9c, 0x9c, 0xcd, 
	0x9c, 0xcd, 0x9c, 0x9c, 0x6a, 0x6a, 0x6a, 0x6a, 
	0x6a, 0x6a, 0x6a, 0x6a, 0x9c, 0x9c, 0x9c, 0x6a, 
	0x9c, 0x6a, 0x9c, 0x9c, 0x9c, 0x9c, 0x9c, 0xcd, 
	0x9c, 0x9c, 0xcd, 0xcd, 0xcd, 0xcd, 0xcd, 0xff, 
	0x9c, 0xcd, 0x9c, 0x9c, 0x6a, 0x6a, 0x6a, 0x6a, 
	0x6a, 0x6a, 0x6a, 0x6a, 0x9c, 0x9c, 0x9c, 0x6a, 
	0x9c, 0x6a, 0x9c, 0x9c, 0x9c, 0x6a, 0x6a, 0x94, 
	0x6a, 0x6a, 0x6a, 0x6a, 0x6a, 0x9c, 0x9c, 0x9c, 
	0x9c, 0xcd, 0x9c, 0x9c, 0x6a, 0x6a, 0x6a, 0x6a, 
	0x6a, 0x6a, 0x6a, 0x6a, 0x9c, 0x9c, 0x9c, 0x6a, 
	0x9c, 0x6a, 0x9c, 0x9c, 0x9c, 0x6a, 0x6a, 0x94, 
	0x6a, 0xcd, 0x94, 0x94, 0x94, 0xcd, 0xcd, 0x9c, 
	0x9c, 0xcd, 0x9c, 0x9c, 0x9c, 0x9c, 0x9c, 0x9c, 
	0x9c, 0x9c, 0x9c, 0x9c, 0x9c, 0x9c, 0x9c, 0x6a, 
	0x9c, 0x6a, 0x9c, 0x9c, 0x9c, 0x6a, 0x6a, 0x94, 
	0x6a, 0x94, 0x6a, 0x6a, 0x6a, 0x9c, 0x6a, 0x6a, 
	0x6a, 0x94, 0x6a, 0x6a, 0x6a, 0x6a, 0x9c, 0x9c, 
	0x9c, 0x9c, 0x9c, 0x9c, 0x9c, 0x9c, 0x9c, 0x6a, 
	0x9c, 0x6a, 0xcd, 0xcd, 0xcd, 0x94, 0x94, 0xcd, 
	0x6a, 0x94, 0x6a, 0x6a, 0x6a, 0x9c, 0x6a, 0x31, 
	0x6a, 0x6a, 0x31, 0x31, 0x31, 0x31, 0x6a, 0x6a, 
	0x6a, 0x6a, 0x6a, 0x6a, 0x6a, 0x6a, 0x6a, 0x31, 
	0x9c, 0x9c, 0x9c, 0x9c, 0x9c, 0x6a, 0x6a, 0x6a, 
	0x6a, 0x94, 0x6a, 0x6a, 0x6a, 0x9c, 0x6a, 0x31, 
	0x6a, 0x6a, 0x6a, 0x6a, 0x6a, 0x6a, 0x9c, 0x9c, 
	0x9c, 0x9c, 0x9c, 0x9c, 0x9c, 0x9c, 0x9c, 0x9c, 
	0x9c, 0x9c, 0x9c, 0x9c, 0x9c, 0x6a, 0x6a, 0x6a, 
	0x6a, 0x94, 0x6a, 0x6a, 0x6a, 0x9c, 0x6a, 0x31, 
	0x6a, 0x00, 0x31, 0x31, 0x31, 0x31, 0x6a, 0x31, 
	0x31, 0x31, 0x31, 0x31, 0x31, 0x31, 0x31, 0x9c, 
	0x9c, 0x9c, 0x9c, 0x9c, 0x9c, 0x6a, 0x6a, 0x6a, 
	0x6a, 0x94, 0x6a, 0x6a, 0x6a, 0x9c, 0x6a, 0x31, 
	0x6a, 0x31, 0x6a, 0x6a, 0x6a, 0x6a, 0x9c, 0x6a, 
	0x6a, 0x6a, 0x6a, 0x6a, 0x6a, 0x6a, 0x6a, 0xcd, 
	0x9c, 0x9c, 0x9c, 0x9c, 0x9c, 0x6a, 0x6a, 0x6a, 
	0x6a, 0x94, 0x6a, 0x6a, 0x6a, 0x9c, 0x6a, 0x31, 
	0x6a, 0x31, 0x6a, 0x6a, 0x6a, 0x6a, 0x9c, 0x6a, 
	0x6a, 0x6a, 0x6a, 0x6a, 0x6a, 0x6a, 0x6a, 0xcd, 
	0x9c, 0x9c, 0x9c, 0x9c, 0x9c, 0x9c, 0x9c, 0x9c, 
	0x9c, 0xcd, 0x9c, 0x9c, 0x9c, 0x9c, 0x6a, 0x31, 
	0x6a, 0x31, 0x6a, 0x6a, 0x6a, 0x6a, 0x9c, 0x6a, 
	0x6a, 0x6a, 0x6a, 0x6a, 0x6a, 0x6a, 0x6a, 0xcd, 
	0x9c, 0x9c, 0x9c, 0x9c, 0x9c, 0x9c, 0x9c, 0x9c, 
	0x9c, 0xcd, 0x9c, 0x9c, 0x9c, 0x9c, 0x6a, 0x31, 
	0x6a, 0x31, 0x6a, 0x6a, 0x6a, 0xcd, 0xcd, 0x94, 
	0x94, 0x94, 0x94, 0x6a, 0x6a, 0x6a, 0x6a, 0xcd, 
	0x9c, 0x9c, 0x9c, 0x9c, 0x9c, 0x9c, 0x9c, 0x9c, 
	0x9c, 0xcd, 0x9c, 0x9c, 0x9c, 0x9c, 0x9c, 0x6a, 
	0x9c, 0x6a, 0x9c, 0x9c, 0x9c, 0xcd, 0x9c, 0x6a, 
	0x6a, 0x6a, 0x6a, 0x31, 0x6a, 0x6a, 0x6a, 0xcd, 
	0x9c, 0x9c, 0x9c, 0x6a, 0x6a, 0x6a, 0x6a, 0x9c, 
	0x9c, 0x9c, 0x6a, 0x6a, 0x6a, 0x6a, 0x6a, 0x31, 
	0x9c, 0x6a, 0x9c, 0x9c, 0x9c, 0xcd, 0x9c, 0x6a, 
	0x6a, 0x6a, 0x6a, 0x31, 0x6a, 0x6a, 0x6a, 0xcd, 
	0x9c, 0x9c, 0x9c, 0x6a, 0x6a, 0x6a, 0x6a, 0x9c, 
	0x9c, 0x9c, 0x9c, 0x9c, 0x9c, 0x9c, 0x9c, 0x9c, 
	0x9c, 0x6a, 0x9c, 0x9c, 0x9c, 0xcd, 0x9c, 0x9c, 
	0x9c, 0x9c, 0x9c, 0x6a, 0x9c, 0x9c, 0x9c, 0xcd, 
	0x9c, 0x31, 0x6a, 0x31, 0x31, 0x31, 0x31, 0x6a, 
	0x6a, 0x6a, 0x6a, 0x6a, 0x6a, 0x6a, 0x6a, 0x9c, 
	0x9c, 0x6a, 0x9c, 0x9c, 0x9c, 0xcd, 0x9c, 0x9c, 
	0x9c, 0x9c, 0x9c, 0x6a, 0x9c, 0x9c, 0x9c, 0xcd, 
	0x9c, 0x6a, 0x9c, 0x6a, 0x6a, 0x6a, 0x6a, 0x9c, 
	0x9c, 0x9c, 0x9c, 0x9c, 0x9c, 0x9c, 0x9c, 0xcd, 
	0x9c, 0x6a, 0x9c, 0x9c, 0x9c, 0xcd, 0x9c, 0x9c, 
	0x9c, 0x6a, 0x6a, 0x31, 0x6a, 0x9c, 0x9c, 0xcd, 
	0x9c, 0x6a, 0x9c, 0x9c, 0x9c, 0x9c, 0x9c, 0x9c, 
	0x9c, 0x9c, 0x9c, 0x9c, 0x9c, 0x9c, 0x9c, 0xcd, 
	0x9c, 0x6a, 0x9c, 0x9c, 0x9c, 0x9c, 0x6a, 0x6a, 
	0x6a, 0x31, 0x31, 0x00, 0x6a, 0x9c, 0x9c, 0xcd, 
	0x9c, 0x6a, 0x9c, 0x9c, 0x9c, 0x9c, 0x9c, 0x9c, 
	0x9c, 0x9c, 0x9c, 0x9c, 0x9c, 0x9c, 0x9c, 0xcd, 
	0x9c, 0x6a, 0x9c, 0x9c, 0x9c, 0x9c, 0x9c, 0x9c, 
	0x9c, 0x6a, 0x6a, 0x6a, 0x6a, 0x9c, 0x9c, 0xcd, 
	0x9c, 0x6a, 0x9c, 0x9c, 0x9c, 0x6a, 0x6a, 0x6a, 
	0x6a, 0x9c, 0x9c, 0x9c, 0x9c, 0x9c, 0x9c, 0xcd, 
	0x9c, 0x6a, 0x9c, 0x9c, 0x9c, 0x9c, 0x9c, 0x9c, 
	0x9c, 0x6a, 0x6a, 0x6a, 0x6a, 0x9c, 0x9c, 0xcd, 
	0x9c, 0x6a, 0x9c, 0x6a, 0x6a, 0x6a, 0x6a, 0x6a, 
	0x6a, 0x6a, 0x6a, 0x9c, 0x9c, 0x9c, 0x9c, 0xcd, 
	0x9c, 0x6a, 0x9c, 0x9c, 0x9c, 0x9c, 0x9c, 0x9c, 
	0x9c, 0x9c, 0x9c, 0x9c, 0x9c, 0x9c, 0x9c, 0xcd, 
	0x9c, 0x9c, 0x94, 0x94, 0x94, 0x94, 0x94, 0x94, 
	0x94, 0x94, 0x94, 0x94, 0xcd, 0xcd, 0xcd, 0xff, 
	0x9c, 0x9c, 0xcd, 0xcd, 0xcd, 0xcd, 0xcd, 0xcd, 
	0xcd, 0xcd, 0xcd, 0xcd, 0xcd, 0xcd, 0xcd, 0xff, 
	
};

Vtx pss_dl_WF_mesh_layer_1_vtx_cull[8] = {
	{{ {-4758, -7930, 1}, 0, {0, 0}, {0, 0, 0, 0} }},
	{{ {-4758, 7, 1}, 0, {0, 0}, {0, 0, 0, 0} }},
	{{ {-4758, 7, -4967}, 0, {0, 0}, {0, 0, 0, 0} }},
	{{ {-4758, -7930, -4967}, 0, {0, 0}, {0, 0, 0, 0} }},
	{{ {2091, -7930, 1}, 0, {0, 0}, {0, 0, 0, 0} }},
	{{ {2091, 7, 1}, 0, {0, 0}, {0, 0, 0, 0} }},
	{{ {2091, 7, -4967}, 0, {0, 0}, {0, 0, 0, 0} }},
	{{ {2091, -7930, -4967}, 0, {0, 0}, {0, 0, 0, 0} }},
};

Vtx pss_dl_WF_mesh_layer_1_vtx_0[39] = {
	{{ {-417, -5426, -2086}, 0, {3828, 95}, {0, 129, 0, 255} }},
	{{ {-835, -5426, -2086}, 0, {2295, 95}, {0, 129, 0, 255} }},
	{{ {-835, -5426, -2921}, 0, {2295, -2971}, {0, 129, 0, 255} }},
	{{ {-417, -5426, -2086}, 0, {2331, 5847}, {85, 85, 214, 255} }},
	{{ {-835, -5426, -2921}, 0, {5397, 5847}, {85, 85, 214, 255} }},
	{{ {-835, -5008, -2086}, 0, {2331, 4314}, {85, 85, 214, 255} }},
	{{ {-2432, -6189, -2086}, 0, {2331, 8649}, {90, 166, 0, 255} }},
	{{ {-1252, -5008, -2921}, 0, {5397, 4314}, {90, 166, 0, 255} }},
	{{ {-1252, -5008, -2086}, 0, {2331, 4314}, {90, 166, 0, 255} }},
	{{ {-2432, -6189, -2921}, 0, {5397, 8649}, {90, 166, 0, 255} }},
	{{ {-2921, -5008, -2086}, 0, {2331, 4314}, {139, 207, 0, 255} }},
	{{ {-2921, -5008, -2921}, 0, {5397, 4314}, {139, 207, 0, 255} }},
	{{ {-2432, -6189, -2921}, 0, {5397, 8649}, {139, 207, 0, 255} }},
	{{ {-2432, -6189, -2086}, 0, {2331, 8649}, {139, 207, 0, 255} }},
	{{ {-835, -3757, -2086}, 0, {2331, -282}, {127, 0, 0, 255} }},
	{{ {-835, -5008, -2086}, 0, {2331, 4314}, {127, 0, 0, 255} }},
	{{ {-835, -3757, -2921}, 0, {5397, -282}, {127, 0, 0, 255} }},
	{{ {-835, -5426, -2921}, 0, {5397, 5847}, {127, 0, 0, 255} }},
	{{ {-835, -3757, -2086}, 0, {2331, -282}, {90, 90, 0, 255} }},
	{{ {-835, -3757, -2921}, 0, {5397, -282}, {90, 90, 0, 255} }},
	{{ {-1252, -3339, -2921}, 0, {5397, -1815}, {90, 90, 0, 255} }},
	{{ {-1252, -3339, -2086}, 0, {2331, -1815}, {90, 90, 0, 255} }},
	{{ {-2921, -5008, -2086}, 0, {2331, 4314}, {129, 0, 0, 255} }},
	{{ {-2921, -3339, -2086}, 0, {2331, -1815}, {129, 0, 0, 255} }},
	{{ {-2921, -5008, -2921}, 0, {5397, 4314}, {129, 0, 0, 255} }},
	{{ {-2921, -3339, -2921}, 0, {5397, -1815}, {129, 0, 0, 255} }},
	{{ {-1670, -3339, -2086}, 0, {-771, 95}, {0, 127, 0, 255} }},
	{{ {-1252, -3339, -2086}, 0, {762, 95}, {0, 127, 0, 255} }},
	{{ {-1252, -3339, -2921}, 0, {762, -2971}, {0, 127, 0, 255} }},
	{{ {-2921, -3339, -2921}, 0, {-5367, -2971}, {0, 127, 0, 255} }},
	{{ {-2921, -3339, -2086}, 0, {-5367, 95}, {0, 127, 0, 255} }},
	{{ {-2921, -3339, -1650}, 0, {-5367, 1696}, {0, 127, 0, 255} }},
	{{ {-1670, -3339, -1650}, 0, {-771, 1696}, {0, 127, 0, 255} }},
	{{ {-1670, -3339, -2086}, 0, {-771, 95}, {0, 127, 0, 255} }},
	{{ {-2921, -3339, -1650}, 0, {-5367, 1696}, {0, 127, 0, 255} }},
	{{ {-1252, -5008, -2086}, 0, {2331, 4314}, {166, 166, 0, 255} }},
	{{ {-1252, -5008, -2921}, 0, {5397, 4314}, {166, 166, 0, 255} }},
	{{ {-835, -5426, -2921}, 0, {5397, 5847}, {166, 166, 0, 255} }},
	{{ {-835, -5426, -2086}, 0, {2331, 5847}, {166, 166, 0, 255} }},
};

Gfx pss_dl_WF_mesh_layer_1_tri_0[] = {
	gsSPVertex(pss_dl_WF_mesh_layer_1_vtx_0 + 0, 32, 0),
	gsSP2Triangles(0, 1, 2, 0, 3, 4, 5, 0),
	gsSP2Triangles(6, 7, 8, 0, 6, 9, 7, 0),
	gsSP2Triangles(10, 11, 12, 0, 10, 12, 13, 0),
	gsSP2Triangles(14, 15, 16, 0, 15, 17, 16, 0),
	gsSP2Triangles(18, 19, 20, 0, 18, 20, 21, 0),
	gsSP2Triangles(22, 23, 24, 0, 23, 25, 24, 0),
	gsSP2Triangles(26, 27, 28, 0, 28, 29, 26, 0),
	gsSP2Triangles(30, 26, 29, 0, 30, 31, 26, 0),
	gsSPVertex(pss_dl_WF_mesh_layer_1_vtx_0 + 32, 7, 0),
	gsSP2Triangles(0, 1, 2, 0, 3, 4, 5, 0),
	gsSP1Triangle(6, 3, 5, 0),
	gsSPEndDisplayList(),
};

Vtx pss_dl_WF_mesh_layer_1_vtx_1[119] = {
	{{ {-1385, -6326, -2921}, 0, {5397, 9152}, {90, 90, 0, 255} }},
	{{ {-1385, -6326, -2817}, 0, {5013, 9152}, {90, 90, 0, 255} }},
	{{ {-1072, -6639, -2817}, 0, {5013, 10302}, {90, 90, 0, 255} }},
	{{ {-1385, -6326, -2921}, 0, {5397, 9152}, {90, 90, 0, 255} }},
	{{ {-1072, -6639, -2817}, 0, {5013, 10302}, {90, 90, 0, 255} }},
	{{ {-1072, -6639, -2921}, 0, {5397, 10302}, {90, 90, 0, 255} }},
	{{ {-1490, -6430, -2921}, 0, {-109, -2971}, {166, 90, 0, 255} }},
	{{ {-1490, -6430, -2817}, 0, {-109, -2588}, {166, 90, 0, 255} }},
	{{ {-1385, -6326, -2817}, 0, {274, -2588}, {166, 90, 0, 255} }},
	{{ {-1490, -6430, -2921}, 0, {-109, -2971}, {166, 90, 0, 255} }},
	{{ {-1385, -6326, -2817}, 0, {274, -2588}, {166, 90, 0, 255} }},
	{{ {-1385, -6326, -2921}, 0, {274, -2971}, {166, 90, 0, 255} }},
	{{ {-1281, -6848, -2921}, 0, {657, -2971}, {166, 90, 0, 255} }},
	{{ {-1281, -6848, -2817}, 0, {657, -2588}, {166, 90, 0, 255} }},
	{{ {-1176, -6743, -2817}, 0, {1040, -2588}, {166, 90, 0, 255} }},
	{{ {-1281, -6848, -2921}, 0, {657, -2971}, {166, 90, 0, 255} }},
	{{ {-1176, -6743, -2817}, 0, {1040, -2588}, {166, 90, 0, 255} }},
	{{ {-1176, -6743, -2921}, 0, {1040, -2971}, {166, 90, 0, 255} }},
	{{ {-968, -6848, -2921}, 0, {1807, -2971}, {0, 129, 0, 255} }},
	{{ {-968, -6848, -2817}, 0, {1807, -2588}, {0, 129, 0, 255} }},
	{{ {-1281, -6848, -2817}, 0, {657, -2588}, {0, 129, 0, 255} }},
	{{ {-968, -6848, -2921}, 0, {1807, -2971}, {0, 129, 0, 255} }},
	{{ {-1281, -6848, -2817}, 0, {657, -2588}, {0, 129, 0, 255} }},
	{{ {-1281, -6848, -2921}, 0, {657, -2971}, {0, 129, 0, 255} }},
	{{ {-1072, -6639, -2921}, 0, {1423, -2971}, {166, 90, 0, 255} }},
	{{ {-968, -6535, -2817}, 0, {1807, -2588}, {166, 90, 0, 255} }},
	{{ {-968, -6535, -2921}, 0, {1807, -2971}, {166, 90, 0, 255} }},
	{{ {-1072, -6639, -2921}, 0, {1423, -2971}, {166, 90, 0, 255} }},
	{{ {-1072, -6639, -2817}, 0, {1423, -2588}, {166, 90, 0, 255} }},
	{{ {-968, -6535, -2817}, 0, {1807, -2588}, {166, 90, 0, 255} }},
	{{ {1253, -1252, -208}, 0, {9963, 6993}, {0, 127, 0, 255} }},
	{{ {1566, -1252, -208}, 0, {11112, 6993}, {0, 127, 0, 255} }},
	{{ {1253, -1252, -417}, 0, {9963, 6226}, {0, 127, 0, 255} }},
	{{ {-252, -5538, -2921}, 0, {4436, 6258}, {216, 214, 113, 255} }},
	{{ {-97, -5687, -2921}, 0, {5005, 6807}, {216, 214, 113, 255} }},
	{{ {104, -5321, -2713}, 0, {5744, 5464}, {216, 214, 113, 255} }},
	{{ {-111, -4966, -2921}, 0, {4953, 4157}, {240, 56, 113, 255} }},
	{{ {104, -5321, -2713}, 0, {5744, 5464}, {240, 56, 113, 255} }},
	{{ {96, -4905, -2921}, 0, {5713, 3936}, {240, 56, 113, 255} }},
	{{ {-111, -4966, -2921}, 0, {4953, 4157}, {214, 40, 113, 255} }},
	{{ {-261, -5121, -2921}, 0, {4404, 4726}, {214, 40, 113, 255} }},
	{{ {104, -5321, -2713}, 0, {5744, 5464}, {214, 40, 113, 255} }},
	{{ {-261, -5121, -2921}, 0, {4404, 4726}, {199, 14, 113, 255} }},
	{{ {-312, -5331, -2921}, 0, {4215, 5497}, {199, 14, 113, 255} }},
	{{ {104, -5321, -2713}, 0, {5744, 5464}, {199, 14, 113, 255} }},
	{{ {-312, -5331, -2921}, 0, {4215, 5497}, {200, 240, 113, 255} }},
	{{ {-252, -5538, -2921}, 0, {4436, 6258}, {200, 240, 113, 255} }},
	{{ {104, -5321, -2713}, 0, {5744, 5464}, {200, 240, 113, 255} }},
	{{ {521, -5313, -2921}, 0, {7274, 5435}, {56, 16, 113, 255} }},
	{{ {461, -5106, -2921}, 0, {7054, 4674}, {56, 16, 113, 255} }},
	{{ {104, -5321, -2713}, 0, {5744, 5464}, {56, 16, 113, 255} }},
	{{ {-97, -5687, -2921}, 0, {5005, 6807}, {242, 199, 113, 255} }},
	{{ {113, -5738, -2921}, 0, {5776, 6995}, {242, 199, 113, 255} }},
	{{ {104, -5321, -2713}, 0, {5744, 5464}, {242, 199, 113, 255} }},
	{{ {113, -5738, -2921}, 0, {5776, 6995}, {16, 200, 113, 255} }},
	{{ {320, -5678, -2921}, 0, {6536, 6775}, {16, 200, 113, 255} }},
	{{ {104, -5321, -2713}, 0, {5744, 5464}, {16, 200, 113, 255} }},
	{{ {320, -5678, -2921}, 0, {6536, 6775}, {42, 216, 113, 255} }},
	{{ {470, -5523, -2921}, 0, {7087, 6203}, {42, 216, 113, 255} }},
	{{ {104, -5321, -2713}, 0, {5744, 5464}, {42, 216, 113, 255} }},
	{{ {470, -5523, -2921}, 0, {7087, 6203}, {57, 242, 113, 255} }},
	{{ {521, -5313, -2921}, 0, {7274, 5435}, {57, 242, 113, 255} }},
	{{ {104, -5321, -2713}, 0, {5744, 5464}, {57, 242, 113, 255} }},
	{{ {461, -5106, -2921}, 0, {7054, 4674}, {40, 42, 113, 255} }},
	{{ {305, -4956, -2921}, 0, {6482, 4123}, {40, 42, 113, 255} }},
	{{ {104, -5321, -2713}, 0, {5744, 5464}, {40, 42, 113, 255} }},
	{{ {96, -4905, -2921}, 0, {5713, 3936}, {14, 57, 113, 255} }},
	{{ {104, -5321, -2713}, 0, {5744, 5464}, {14, 57, 113, 255} }},
	{{ {305, -4956, -2921}, 0, {6482, 4123}, {14, 57, 113, 255} }},
	{{ {-1176, -6743, -2921}, 0, {5397, 10685}, {166, 166, 0, 255} }},
	{{ {-1490, -6430, -2817}, 0, {5013, 9536}, {166, 166, 0, 255} }},
	{{ {-1490, -6430, -2921}, 0, {5397, 9536}, {166, 166, 0, 255} }},
	{{ {-1176, -6743, -2817}, 0, {5013, 10685}, {166, 166, 0, 255} }},
	{{ {1252, -1252, -417}, 0, {9960, 6226}, {0, 127, 0, 255} }},
	{{ {543, -1252, -417}, 0, {7355, 6226}, {0, 127, 0, 255} }},
	{{ {543, -1252, -208}, 0, {7355, 6993}, {0, 127, 0, 255} }},
	{{ {1252, -1252, -208}, 0, {9960, 6993}, {0, 127, 0, 255} }},
	{{ {-968, -6535, -2921}, 0, {5397, 9919}, {127, 0, 0, 255} }},
	{{ {-968, -6535, -2817}, 0, {5013, 9919}, {127, 0, 0, 255} }},
	{{ {-968, -6848, -2817}, 0, {5013, 11069}, {127, 0, 0, 255} }},
	{{ {-968, -6848, -2921}, 0, {5397, 11069}, {127, 0, 0, 255} }},
	{{ {1670, -5008, 0}, 0, {11493, 7756}, {90, 166, 0, 255} }},
	{{ {2087, -4591, -208}, 0, {13026, 6993}, {90, 166, 0, 255} }},
	{{ {2087, -4591, 0}, 0, {13026, 7756}, {90, 166, 0, 255} }},
	{{ {1670, -5008, -208}, 0, {11493, 6993}, {90, 166, 0, 255} }},
	{{ {1253, -1461, -417}, 0, {9963, -8713}, {70, 0, 150, 255} }},
	{{ {1253, -1252, -417}, 0, {9963, -9479}, {70, 0, 150, 255} }},
	{{ {1566, -1252, -208}, 0, {11112, -9479}, {70, 0, 150, 255} }},
	{{ {1566, -1461, -208}, 0, {11112, -8713}, {70, 0, 150, 255} }},
	{{ {1253, -5008, 0}, 0, {9963, 7756}, {0, 129, 0, 255} }},
	{{ {1253, -5008, -208}, 0, {9963, 6993}, {0, 129, 0, 255} }},
	{{ {1670, -5008, -208}, 0, {11493, 6993}, {0, 129, 0, 255} }},
	{{ {1253, -5008, 0}, 0, {9963, 7756}, {0, 129, 0, 255} }},
	{{ {1670, -5008, -208}, 0, {11493, 6993}, {0, 129, 0, 255} }},
	{{ {1670, -5008, 0}, 0, {11493, 7756}, {0, 129, 0, 255} }},
	{{ {2087, -4591, 0}, 0, {-5331, 2781}, {127, 0, 0, 255} }},
	{{ {2087, -1252, -208}, 0, {-4568, -9479}, {127, 0, 0, 255} }},
	{{ {2087, -1252, 0}, 0, {-5331, -9479}, {127, 0, 0, 255} }},
	{{ {2087, -4591, -208}, 0, {-4568, 2781}, {127, 0, 0, 255} }},
	{{ {1, 0, 0}, 0, {-5331, -14078}, {166, 90, 0, 255} }},
	{{ {-417, -417, -208}, 0, {-4568, -12545}, {166, 90, 0, 255} }},
	{{ {-417, -417, 0}, 0, {-5331, -12545}, {166, 90, 0, 255} }},
	{{ {1, 0, -208}, 0, {-4568, -14078}, {166, 90, 0, 255} }},
	{{ {2087, -1252, -208}, 0, {-4568, -9482}, {127, 0, 0, 255} }},
	{{ {2087, -417, -208}, 0, {-4568, -12545}, {127, 0, 0, 255} }},
	{{ {2087, -417, 0}, 0, {-5331, -12545}, {127, 0, 0, 255} }},
	{{ {2087, -1252, 0}, 0, {-5331, -9482}, {127, 0, 0, 255} }},
	{{ {2087, -417, 0}, 0, {-5331, -12545}, {90, 90, 0, 255} }},
	{{ {2087, -417, -208}, 0, {-4568, -12545}, {90, 90, 0, 255} }},
	{{ {1670, 0, -208}, 0, {-4568, -14078}, {90, 90, 0, 255} }},
	{{ {1670, 0, 0}, 0, {-5331, -14078}, {90, 90, 0, 255} }},
	{{ {-417, -417, 0}, 0, {-5331, -12545}, {129, 0, 0, 255} }},
	{{ {-417, -1252, -208}, 0, {-4568, -9482}, {129, 0, 0, 255} }},
	{{ {-417, -1252, 0}, 0, {-5331, -9482}, {129, 0, 0, 255} }},
	{{ {-417, -417, -208}, 0, {-4568, -12545}, {129, 0, 0, 255} }},
	{{ {1670, 0, 0}, 0, {11493, 7756}, {0, 127, 0, 255} }},
	{{ {1, 0, -208}, 0, {5364, 6993}, {0, 127, 0, 255} }},
	{{ {1, 0, 0}, 0, {5364, 7756}, {0, 127, 0, 255} }},
	{{ {1670, 0, -208}, 0, {11493, 6993}, {0, 127, 0, 255} }},
};

Gfx pss_dl_WF_mesh_layer_1_tri_1[] = {
	gsSPVertex(pss_dl_WF_mesh_layer_1_vtx_1 + 0, 30, 0),
	gsSP2Triangles(0, 1, 2, 0, 3, 4, 5, 0),
	gsSP2Triangles(6, 7, 8, 0, 9, 10, 11, 0),
	gsSP2Triangles(12, 13, 14, 0, 15, 16, 17, 0),
	gsSP2Triangles(18, 19, 20, 0, 21, 22, 23, 0),
	gsSP2Triangles(24, 25, 26, 0, 27, 28, 29, 0),
	gsSPVertex(pss_dl_WF_mesh_layer_1_vtx_1 + 30, 30, 0),
	gsSP2Triangles(0, 1, 2, 0, 3, 4, 5, 0),
	gsSP2Triangles(6, 7, 8, 0, 9, 10, 11, 0),
	gsSP2Triangles(12, 13, 14, 0, 15, 16, 17, 0),
	gsSP2Triangles(18, 19, 20, 0, 21, 22, 23, 0),
	gsSP2Triangles(24, 25, 26, 0, 27, 28, 29, 0),
	gsSPVertex(pss_dl_WF_mesh_layer_1_vtx_1 + 60, 32, 0),
	gsSP2Triangles(0, 1, 2, 0, 3, 4, 5, 0),
	gsSP2Triangles(6, 7, 8, 0, 9, 10, 11, 0),
	gsSP2Triangles(9, 12, 10, 0, 13, 14, 15, 0),
	gsSP2Triangles(13, 15, 16, 0, 17, 18, 19, 0),
	gsSP2Triangles(17, 19, 20, 0, 21, 22, 23, 0),
	gsSP2Triangles(21, 24, 22, 0, 25, 26, 27, 0),
	gsSP2Triangles(25, 27, 28, 0, 29, 30, 31, 0),
	gsSPVertex(pss_dl_WF_mesh_layer_1_vtx_1 + 92, 27, 0),
	gsSP2Triangles(0, 1, 2, 0, 3, 4, 5, 0),
	gsSP2Triangles(3, 6, 4, 0, 7, 8, 9, 0),
	gsSP2Triangles(7, 10, 8, 0, 11, 12, 13, 0),
	gsSP2Triangles(11, 13, 14, 0, 15, 16, 17, 0),
	gsSP2Triangles(15, 17, 18, 0, 19, 20, 21, 0),
	gsSP2Triangles(19, 22, 20, 0, 23, 24, 25, 0),
	gsSP1Triangle(23, 26, 24, 0),
	gsSPEndDisplayList(),
};

Vtx pss_dl_WF_mesh_layer_1_vtx_2[104] = {
	{{ {-1676, -2805, -1983}, 0, {1950, -3777}, {126, 237, 0, 255} }},
	{{ {-1688, -2887, -2086}, 0, {2331, -3478}, {126, 237, 0, 255} }},
	{{ {-1663, -2723, -2086}, 0, {2331, -4079}, {126, 237, 0, 255} }},
	{{ {-2271, -2548, -2086}, 0, {-2977, -4721}, {46, 58, 103, 255} }},
	{{ {-2295, -2713, -1983}, 0, {-3067, -4114}, {46, 58, 103, 255} }},
	{{ {-2140, -2652, -2086}, 0, {-2498, -4339}, {46, 58, 103, 255} }},
	{{ {-2425, -2610, -2086}, 0, {-3544, -4494}, {228, 69, 103, 255} }},
	{{ {-2295, -2713, -1983}, 0, {-3067, -4114}, {228, 69, 103, 255} }},
	{{ {-2271, -2548, -2086}, 0, {-2977, -4721}, {228, 69, 103, 255} }},
	{{ {-2449, -2774, -2086}, 0, {-3633, -3892}, {182, 11, 103, 255} }},
	{{ {-2295, -2713, -1983}, 0, {-3067, -4114}, {182, 11, 103, 255} }},
	{{ {-2425, -2610, -2086}, 0, {-3544, -4494}, {182, 11, 103, 255} }},
	{{ {-2319, -2878, -2086}, 0, {-3157, -3510}, {209, 198, 103, 255} }},
	{{ {-2295, -2713, -1983}, 0, {-3067, -4114}, {209, 198, 103, 255} }},
	{{ {-2449, -2774, -2086}, 0, {-3633, -3892}, {209, 198, 103, 255} }},
	{{ {-2164, -2816, -2086}, 0, {-2588, -3737}, {28, 187, 103, 255} }},
	{{ {-2295, -2713, -1983}, 0, {-3067, -4114}, {28, 187, 103, 255} }},
	{{ {-2319, -2878, -2086}, 0, {-3157, -3510}, {28, 187, 103, 255} }},
	{{ {-2295, -2713, -1983}, 0, {-3067, 475}, {15, 98, 80, 255} }},
	{{ {-1676, -2805, -1983}, 0, {-793, 475}, {15, 98, 80, 255} }},
	{{ {-1663, -2723, -2086}, 0, {-748, 95}, {15, 98, 80, 255} }},
	{{ {-2140, -2652, -2086}, 0, {-2498, 95}, {15, 98, 80, 255} }},
	{{ {-2295, -2713, -1983}, 0, {-3067, 475}, {15, 98, 80, 255} }},
	{{ {-1663, -2723, -2086}, 0, {-748, 95}, {15, 98, 80, 255} }},
	{{ {-2132, -5794, -2921}, 0, {-2468, -2971}, {166, 166, 0, 255} }},
	{{ {-2176, -5750, -3882}, 0, {-2631, -6498}, {166, 166, 0, 255} }},
	{{ {-2132, -5794, -3882}, 0, {-2468, -6498}, {166, 166, 0, 255} }},
	{{ {-2132, -5794, -3882}, 0, {-2468, -6498}, {90, 166, 0, 255} }},
	{{ {-2022, -5684, -3882}, 0, {-2064, -6498}, {90, 166, 0, 255} }},
	{{ {-2022, -5684, -2921}, 0, {-2064, -2971}, {90, 166, 0, 255} }},
	{{ {-2132, -5794, -3882}, 0, {8924, 7200}, {90, 166, 0, 255} }},
	{{ {-2022, -5684, -2921}, 0, {5397, 6796}, {90, 166, 0, 255} }},
	{{ {-2132, -5794, -2921}, 0, {5397, 7200}, {90, 166, 0, 255} }},
	{{ {-2022, -5684, -2921}, 0, {-2064, 6796}, {0, 0, 127, 255} }},
	{{ {-2176, -5750, -2921}, 0, {-2631, 7037}, {0, 0, 127, 255} }},
	{{ {-2132, -5794, -2921}, 0, {-2468, 7200}, {0, 0, 127, 255} }},
	{{ {-2132, -5794, -2921}, 0, {-2468, -2971}, {166, 166, 0, 255} }},
	{{ {-2176, -5750, -2921}, 0, {-2631, -2971}, {166, 166, 0, 255} }},
	{{ {-2176, -5750, -3882}, 0, {-2631, -6498}, {166, 166, 0, 255} }},
	{{ {-2022, -5684, -2921}, 0, {-2064, 6796}, {0, 0, 127, 255} }},
	{{ {-2066, -5640, -2921}, 0, {-2227, 6633}, {0, 0, 127, 255} }},
	{{ {-2176, -5750, -2921}, 0, {-2631, 7037}, {0, 0, 127, 255} }},
	{{ {66, -4323, -3338}, 0, {5603, 1796}, {0, 0, 127, 255} }},
	{{ {66, -4548, -3338}, 0, {5603, 2622}, {0, 0, 127, 255} }},
	{{ {262, -4659, -3338}, 0, {6322, 3033}, {0, 0, 127, 255} }},
	{{ {262, -4210, -3338}, 0, {6322, 1383}, {0, 0, 127, 255} }},
	{{ {457, -4323, -3338}, 0, {7037, 1796}, {0, 0, 127, 255} }},
	{{ {457, -4548, -3338}, 0, {7037, 2622}, {0, 0, 127, 255} }},
	{{ {262, -4659, -3339}, 0, {6322, 3033}, {0, 0, 129, 255} }},
	{{ {457, -4323, -3339}, 0, {7037, 1796}, {0, 0, 129, 255} }},
	{{ {457, -4548, -3339}, 0, {7037, 2622}, {0, 0, 129, 255} }},
	{{ {262, -4210, -3339}, 0, {6322, 1383}, {0, 0, 129, 255} }},
	{{ {66, -4323, -3339}, 0, {5603, 1796}, {0, 0, 129, 255} }},
	{{ {66, -4548, -3339}, 0, {5603, 2622}, {0, 0, 129, 255} }},
	{{ {-1676, -2805, -1983}, 0, {-793, 475}, {241, 158, 79, 255} }},
	{{ {-2295, -2713, -1983}, 0, {-3067, 475}, {241, 158, 79, 255} }},
	{{ {-2164, -2816, -2086}, 0, {-2588, 95}, {241, 158, 79, 255} }},
	{{ {-1688, -2887, -2086}, 0, {-837, 95}, {241, 158, 79, 255} }},
	{{ {-2164, -2816, -2086}, 0, {-2588, -3737}, {0, 0, 129, 255} }},
	{{ {-1663, -2723, -2086}, 0, {-748, -4079}, {0, 0, 129, 255} }},
	{{ {-1688, -2887, -2086}, 0, {-837, -3478}, {0, 0, 129, 255} }},
	{{ {-2140, -2652, -2086}, 0, {-2498, -4339}, {0, 0, 129, 255} }},
	{{ {-2319, -2878, -2086}, 0, {-3157, -3510}, {0, 0, 129, 255} }},
	{{ {-2140, -2652, -2086}, 0, {-2498, -4339}, {0, 0, 129, 255} }},
	{{ {-2164, -2816, -2086}, 0, {-2588, -3737}, {0, 0, 129, 255} }},
	{{ {-2271, -2548, -2086}, 0, {-2977, -4721}, {0, 0, 129, 255} }},
	{{ {-2425, -2610, -2086}, 0, {-3544, -4494}, {0, 0, 129, 255} }},
	{{ {-2449, -2774, -2086}, 0, {-3633, -3892}, {0, 0, 129, 255} }},
	{{ {-1482, -2755, -2086}, 0, {-82, 95}, {0, 129, 0, 255} }},
	{{ {-1482, -2755, -2107}, 0, {-82, 20}, {0, 129, 0, 255} }},
	{{ {-647, -2755, -2107}, 0, {2984, 20}, {0, 129, 0, 255} }},
	{{ {-647, -2755, -2086}, 0, {2984, 95}, {0, 129, 0, 255} }},
	{{ {-1482, -2672, -2086}, 0, {2331, -4267}, {129, 0, 0, 255} }},
	{{ {-1482, -2672, -2107}, 0, {2406, -4267}, {129, 0, 0, 255} }},
	{{ {-1482, -2755, -2107}, 0, {2406, -3962}, {129, 0, 0, 255} }},
	{{ {-1482, -2755, -2086}, 0, {2331, -3962}, {129, 0, 0, 255} }},
	{{ {-647, -2755, -2107}, 0, {2984, -3962}, {0, 0, 129, 255} }},
	{{ {-1482, -2755, -2107}, 0, {-82, -3962}, {0, 0, 129, 255} }},
	{{ {-1482, -2672, -2107}, 0, {-82, -4267}, {0, 0, 129, 255} }},
	{{ {-647, -2672, -2107}, 0, {2984, -4267}, {0, 0, 129, 255} }},
	{{ {-647, -2672, -2086}, 0, {2984, 95}, {0, 127, 0, 255} }},
	{{ {-647, -2672, -2107}, 0, {2984, 20}, {0, 127, 0, 255} }},
	{{ {-1482, -2672, -2107}, 0, {-82, 20}, {0, 127, 0, 255} }},
	{{ {-1482, -2672, -2086}, 0, {-82, 95}, {0, 127, 0, 255} }},
	{{ {-647, -2755, -2086}, 0, {2331, -3962}, {127, 0, 0, 255} }},
	{{ {-647, -2755, -2107}, 0, {2406, -3962}, {127, 0, 0, 255} }},
	{{ {-647, -2672, -2107}, 0, {2406, -4267}, {127, 0, 0, 255} }},
	{{ {-647, -2672, -2086}, 0, {2331, -4267}, {127, 0, 0, 255} }},
	{{ {-647, -2672, -2086}, 0, {2984, -4267}, {0, 0, 127, 255} }},
	{{ {-1482, -2672, -2086}, 0, {-82, -4267}, {0, 0, 127, 255} }},
	{{ {-1482, -2755, -2086}, 0, {-82, -3962}, {0, 0, 127, 255} }},
	{{ {-647, -2755, -2086}, 0, {2984, -3962}, {0, 0, 127, 255} }},
	{{ {-2022, -5684, -3882}, 0, {8924, 6796}, {90, 90, 0, 255} }},
	{{ {-2066, -5640, -3882}, 0, {8924, 6633}, {90, 90, 0, 255} }},
	{{ {-2066, -5640, -2921}, 0, {5397, 6633}, {90, 90, 0, 255} }},
	{{ {-2022, -5684, -2921}, 0, {5397, 6796}, {90, 90, 0, 255} }},
	{{ {-2066, -5640, -3882}, 0, {8924, 6633}, {166, 90, 0, 255} }},
	{{ {-2176, -5750, -3882}, 0, {8924, 7037}, {166, 90, 0, 255} }},
	{{ {-2176, -5750, -2921}, 0, {5397, 7037}, {166, 90, 0, 255} }},
	{{ {-2066, -5640, -2921}, 0, {5397, 6633}, {166, 90, 0, 255} }},
	{{ {-2132, -5794, -3882}, 0, {-2468, 7200}, {0, 0, 129, 255} }},
	{{ {-2176, -5750, -3882}, 0, {-2631, 7037}, {0, 0, 129, 255} }},
	{{ {-2066, -5640, -3882}, 0, {-2227, 6633}, {0, 0, 129, 255} }},
	{{ {-2022, -5684, -3882}, 0, {-2064, 6796}, {0, 0, 129, 255} }},
};

Gfx pss_dl_WF_mesh_layer_1_tri_2[] = {
	gsSPVertex(pss_dl_WF_mesh_layer_1_vtx_2 + 0, 30, 0),
	gsSP2Triangles(0, 1, 2, 0, 3, 4, 5, 0),
	gsSP2Triangles(6, 7, 8, 0, 9, 10, 11, 0),
	gsSP2Triangles(12, 13, 14, 0, 15, 16, 17, 0),
	gsSP2Triangles(18, 19, 20, 0, 21, 22, 23, 0),
	gsSP2Triangles(24, 25, 26, 0, 27, 28, 29, 0),
	gsSPVertex(pss_dl_WF_mesh_layer_1_vtx_2 + 30, 32, 0),
	gsSP2Triangles(0, 1, 2, 0, 3, 4, 5, 0),
	gsSP2Triangles(6, 7, 8, 0, 9, 10, 11, 0),
	gsSP2Triangles(12, 13, 14, 0, 15, 12, 14, 0),
	gsSP2Triangles(16, 15, 14, 0, 17, 16, 14, 0),
	gsSP2Triangles(18, 19, 20, 0, 18, 21, 19, 0),
	gsSP2Triangles(18, 22, 21, 0, 18, 23, 22, 0),
	gsSP2Triangles(24, 25, 26, 0, 27, 24, 26, 0),
	gsSP2Triangles(28, 29, 30, 0, 28, 31, 29, 0),
	gsSPVertex(pss_dl_WF_mesh_layer_1_vtx_2 + 62, 30, 0),
	gsSP2Triangles(0, 1, 2, 0, 0, 3, 1, 0),
	gsSP2Triangles(0, 4, 3, 0, 0, 5, 4, 0),
	gsSP2Triangles(6, 7, 8, 0, 6, 8, 9, 0),
	gsSP2Triangles(10, 11, 12, 0, 10, 12, 13, 0),
	gsSP2Triangles(14, 15, 16, 0, 14, 16, 17, 0),
	gsSP2Triangles(18, 19, 20, 0, 18, 20, 21, 0),
	gsSP2Triangles(22, 23, 24, 0, 22, 24, 25, 0),
	gsSP2Triangles(26, 27, 28, 0, 26, 28, 29, 0),
	gsSPVertex(pss_dl_WF_mesh_layer_1_vtx_2 + 92, 12, 0),
	gsSP2Triangles(0, 1, 2, 0, 0, 2, 3, 0),
	gsSP2Triangles(4, 5, 6, 0, 4, 6, 7, 0),
	gsSP2Triangles(8, 9, 10, 0, 8, 10, 11, 0),
	gsSPEndDisplayList(),
};

Vtx pss_dl_WF_mesh_layer_1_vtx_3[291] = {
	{{ {543, -1628, -751}, 0, {-2574, -8099}, {133, 12, 225, 255} }},
	{{ {543, -4592, -1878}, 0, {1564, 2784}, {133, 12, 225, 255} }},
	{{ {417, -2922, -751}, 0, {-2574, -3348}, {133, 12, 225, 255} }},
	{{ {543, -1628, -751}, 0, {-2574, -8099}, {129, 0, 0, 255} }},
	{{ {543, -1628, -834}, 0, {-2268, -8099}, {129, 0, 0, 255} }},
	{{ {543, -4592, -1878}, 0, {1564, 2784}, {129, 0, 0, 255} }},
	{{ {543, -1461, -834}, 0, {-2268, -8713}, {166, 166, 0, 255} }},
	{{ {376, -1294, -751}, 0, {-2574, -9327}, {166, 166, 0, 255} }},
	{{ {376, -1294, -834}, 0, {-2268, -9327}, {166, 166, 0, 255} }},
	{{ {543, -1628, -751}, 0, {7355, 4999}, {0, 129, 0, 255} }},
	{{ {376, -1628, -751}, 0, {6741, 4999}, {0, 129, 0, 255} }},
	{{ {543, -1628, -834}, 0, {7355, 4693}, {0, 129, 0, 255} }},
	{{ {835, -5628, -1580}, 0, {471, 6590}, {127, 0, 0, 255} }},
	{{ {835, -5628, -1729}, 0, {1019, 6590}, {127, 0, 0, 255} }},
	{{ {835, -5318, -1729}, 0, {1019, 5452}, {127, 0, 0, 255} }},
	{{ {835, -5318, -1878}, 0, {1564, 5452}, {127, 0, 0, 255} }},
	{{ {835, -5008, -1878}, 0, {1564, 4314}, {127, 0, 0, 255} }},
	{{ {544, -7095, -877}, 0, {7358, 11976}, {0, 184, 151, 255} }},
	{{ {544, -6712, -1138}, 0, {7358, 10572}, {0, 184, 151, 255} }},
	{{ {835, -6712, -1138}, 0, {8427, 10572}, {0, 184, 151, 255} }},
	{{ {835, -5938, -1432}, 0, {-74, 7727}, {127, 0, 0, 255} }},
	{{ {835, -5938, -1580}, 0, {471, 7727}, {127, 0, 0, 255} }},
	{{ {835, -6247, -1284}, 0, {-615, 8862}, {127, 0, 0, 255} }},
	{{ {835, -6247, -1432}, 0, {-74, 8862}, {127, 0, 0, 255} }},
	{{ {835, -6557, -1291}, 0, {-589, 10003}, {127, 0, 0, 255} }},
	{{ {835, -6557, -1135}, 0, {-1163, 10003}, {127, 0, 0, 255} }},
	{{ {835, -7095, -876}, 0, {8427, 11976}, {0, 184, 151, 255} }},
	{{ {544, -7095, -877}, 0, {7358, 11976}, {0, 184, 151, 255} }},
	{{ {835, -6712, -1138}, 0, {8427, 10572}, {0, 184, 151, 255} }},
	{{ {835, -6712, -1138}, 0, {-1151, 10572}, {127, 0, 0, 255} }},
	{{ {835, -7095, -876}, 0, {-2113, 11976}, {127, 0, 0, 255} }},
	{{ {1146, -4654, -1084}, 0, {9571, 3012}, {49, 0, 139, 255} }},
	{{ {1146, -4530, -1084}, 0, {9571, 2556}, {49, 0, 139, 255} }},
	{{ {1247, -4513, -1043}, 0, {9939, 2497}, {49, 0, 139, 255} }},
	{{ {1146, -4654, -1084}, 0, {9571, 3012}, {49, 0, 139, 255} }},
	{{ {1247, -4513, -1043}, 0, {9939, 2497}, {49, 0, 139, 255} }},
	{{ {1247, -4669, -1043}, 0, {9939, 3068}, {49, 0, 139, 255} }},
	{{ {830, -4654, -1084}, 0, {8409, 3012}, {0, 166, 166, 255} }},
	{{ {1194, -4695, -1043}, 0, {9747, 3164}, {0, 166, 166, 255} }},
	{{ {830, -4695, -1043}, 0, {8409, 3164}, {0, 166, 166, 255} }},
	{{ {830, -4654, -1084}, 0, {8409, 3774}, {0, 166, 166, 255} }},
	{{ {1146, -4654, -1084}, 0, {9571, 3774}, {0, 166, 166, 255} }},
	{{ {1194, -4695, -1043}, 0, {9747, 3927}, {0, 166, 166, 255} }},
	{{ {1194, -4487, -1043}, 0, {9747, 2401}, {0, 89, 165, 255} }},
	{{ {1146, -4530, -1084}, 0, {9571, 2556}, {0, 89, 165, 255} }},
	{{ {830, -4530, -1084}, 0, {8409, 2556}, {0, 89, 165, 255} }},
	{{ {830, -4487, -1043}, 0, {8409, 2401}, {0, 89, 165, 255} }},
	{{ {1194, -4487, -1043}, 0, {9747, 2401}, {0, 89, 165, 255} }},
	{{ {830, -4530, -1084}, 0, {8409, 2556}, {0, 89, 165, 255} }},
	{{ {1247, -4513, -1043}, 0, {9939, 2497}, {33, 65, 152, 255} }},
	{{ {1146, -4530, -1084}, 0, {9571, 2556}, {33, 65, 152, 255} }},
	{{ {1194, -4487, -1043}, 0, {9747, 2401}, {33, 65, 152, 255} }},
	{{ {1247, -4695, -876}, 0, {9939, 4541}, {56, 143, 238, 255} }},
	{{ {1194, -4695, -1043}, 0, {9747, 3927}, {56, 143, 238, 255} }},
	{{ {1247, -4669, -1043}, 0, {9939, 3927}, {56, 143, 238, 255} }},
	{{ {1247, -4513, -1043}, 0, {9939, 3927}, {56, 113, 238, 255} }},
	{{ {1194, -4487, -1043}, 0, {9747, 3927}, {56, 113, 238, 255} }},
	{{ {1247, -4487, -876}, 0, {9939, 4541}, {56, 113, 238, 255} }},
	{{ {1194, -4695, -1043}, 0, {9747, 3164}, {33, 190, 152, 255} }},
	{{ {1146, -4654, -1084}, 0, {9571, 3012}, {33, 190, 152, 255} }},
	{{ {1247, -4669, -1043}, 0, {9939, 3068}, {33, 190, 152, 255} }},
	{{ {894, -3610, -1084}, 0, {8642, -821}, {49, 0, 139, 255} }},
	{{ {894, -3486, -1084}, 0, {8642, -1276}, {49, 0, 139, 255} }},
	{{ {994, -3470, -1043}, 0, {9011, -1336}, {49, 0, 139, 255} }},
	{{ {894, -3610, -1084}, 0, {8642, -821}, {49, 0, 139, 255} }},
	{{ {994, -3470, -1043}, 0, {9011, -1336}, {49, 0, 139, 255} }},
	{{ {994, -3626, -1043}, 0, {9011, -764}, {49, 0, 139, 255} }},
	{{ {577, -3610, -1084}, 0, {7481, -821}, {0, 166, 166, 255} }},
	{{ {942, -3652, -1043}, 0, {8819, -668}, {0, 166, 166, 255} }},
	{{ {577, -3652, -1043}, 0, {7481, -668}, {0, 166, 166, 255} }},
	{{ {577, -3610, -1084}, 0, {7481, 3774}, {0, 166, 166, 255} }},
	{{ {894, -3610, -1084}, 0, {8642, 3774}, {0, 166, 166, 255} }},
	{{ {942, -3652, -1043}, 0, {8819, 3927}, {0, 166, 166, 255} }},
	{{ {994, -3470, -1043}, 0, {9011, -1336}, {33, 65, 152, 255} }},
	{{ {894, -3486, -1084}, 0, {8642, -1276}, {33, 65, 152, 255} }},
	{{ {942, -3444, -1043}, 0, {8819, -1432}, {33, 65, 152, 255} }},
	{{ {994, -3652, -876}, 0, {9011, 4541}, {56, 143, 238, 255} }},
	{{ {942, -3652, -1043}, 0, {8819, 3927}, {56, 143, 238, 255} }},
	{{ {994, -3626, -1043}, 0, {9011, 3927}, {56, 143, 238, 255} }},
	{{ {994, -3470, -1043}, 0, {9011, 3927}, {56, 113, 238, 255} }},
	{{ {942, -3444, -1043}, 0, {8819, 3927}, {56, 113, 238, 255} }},
	{{ {994, -3444, -876}, 0, {9011, 4541}, {56, 113, 238, 255} }},
	{{ {942, -3652, -1043}, 0, {8819, -668}, {33, 190, 152, 255} }},
	{{ {894, -3610, -1084}, 0, {8642, -821}, {33, 190, 152, 255} }},
	{{ {994, -3626, -1043}, 0, {9011, -764}, {33, 190, 152, 255} }},
	{{ {1157, -4279, -876}, 0, {-2116, 1637}, {88, 168, 229, 255} }},
	{{ {1105, -4279, -1043}, 0, {-1502, 1637}, {88, 168, 229, 255} }},
	{{ {1157, -4227, -1043}, 0, {-1502, 1446}, {88, 168, 229, 255} }},
	{{ {1105, -4279, -1043}, 0, {9418, 1637}, {37, 219, 140, 255} }},
	{{ {1057, -4195, -1084}, 0, {9241, 1329}, {37, 219, 140, 255} }},
	{{ {1157, -4227, -1043}, 0, {9609, 1446}, {37, 219, 140, 255} }},
	{{ {1157, -3915, -1043}, 0, {9609, 3927}, {88, 88, 229, 255} }},
	{{ {1105, -3863, -1043}, 0, {9418, 3927}, {88, 88, 229, 255} }},
	{{ {1157, -3863, -876}, 0, {9609, 4541}, {88, 88, 229, 255} }},
	{{ {1157, -3915, -1043}, 0, {9609, 299}, {37, 37, 140, 255} }},
	{{ {1057, -3946, -1084}, 0, {9241, 413}, {37, 37, 140, 255} }},
	{{ {1105, -3863, -1043}, 0, {9418, 107}, {37, 37, 140, 255} }},
	{{ {376, -1628, -751}, 0, {6741, -8099}, {199, 0, 142, 255} }},
	{{ {543, -1461, -834}, 0, {7355, -8713}, {199, 0, 142, 255} }},
	{{ {543, -1628, -834}, 0, {7355, -8099}, {199, 0, 142, 255} }},
	{{ {376, -1461, -751}, 0, {6741, -8713}, {199, 0, 142, 255} }},
	{{ {376, -1294, -751}, 0, {6741, -9327}, {199, 0, 142, 255} }},
	{{ {376, -1294, -834}, 0, {6741, -9327}, {0, 0, 129, 255} }},
	{{ {543, -1252, -834}, 0, {7355, -9479}, {0, 0, 129, 255} }},
	{{ {543, -1461, -834}, 0, {7355, -8713}, {0, 0, 129, 255} }},
	{{ {-2921, -1294, -834}, 0, {-5367, -9327}, {0, 0, 129, 255} }},
	{{ {-2921, -1252, -834}, 0, {-5367, -9480}, {0, 0, 129, 255} }},
	{{ {835, -1628, -834}, 0, {8427, -8099}, {0, 0, 129, 255} }},
	{{ {543, -1628, -834}, 0, {7355, -8099}, {0, 0, 129, 255} }},
	{{ {835, -1461, -834}, 0, {8427, -8713}, {0, 0, 129, 255} }},
	{{ {835, -1461, -417}, 0, {-3801, -8713}, {127, 0, 0, 255} }},
	{{ {835, -1628, -834}, 0, {-2268, -8099}, {127, 0, 0, 255} }},
	{{ {835, -1461, -834}, 0, {-2268, -8713}, {127, 0, 0, 255} }},
	{{ {835, -3339, -876}, 0, {-2115, -1815}, {127, 0, 0, 255} }},
	{{ {835, -4592, -1878}, 0, {1564, 2784}, {127, 0, 0, 255} }},
	{{ {835, -7096, -876}, 0, {-2115, 11979}, {127, 0, 0, 255} }},
	{{ {835, -5008, -1878}, 0, {1564, 4314}, {127, 0, 0, 255} }},
	{{ {835, -5008, 1}, 0, {-5334, 4314}, {127, 0, 0, 255} }},
	{{ {835, -7096, 1}, 0, {-5334, 11979}, {127, 0, 0, 255} }},
	{{ {835, -5008, -876}, 0, {-2115, 4314}, {127, 0, 0, 255} }},
	{{ {835, -1461, -417}, 0, {8427, 6226}, {0, 127, 0, 255} }},
	{{ {543, -1461, -834}, 0, {7355, 4693}, {0, 127, 0, 255} }},
	{{ {543, -1461, -417}, 0, {7355, 6226}, {0, 127, 0, 255} }},
	{{ {835, -1461, -834}, 0, {8427, 4693}, {0, 127, 0, 255} }},
	{{ {543, -1461, -834}, 0, {7355, 4693}, {0, 127, 0, 255} }},
	{{ {835, -1461, -417}, 0, {8427, 6226}, {0, 127, 0, 255} }},
	{{ {835, -5008, -1878}, 0, {8427, 4314}, {0, 0, 129, 255} }},
	{{ {543, -4592, -1878}, 0, {7355, 2784}, {0, 0, 129, 255} }},
	{{ {835, -4592, -1878}, 0, {8427, 2784}, {0, 0, 129, 255} }},
	{{ {543, -5008, -1878}, 0, {7355, 4314}, {0, 0, 129, 255} }},
	{{ {543, -1461, -417}, 0, {-3801, -8713}, {127, 0, 0, 255} }},
	{{ {543, -1461, -834}, 0, {-2268, -8713}, {127, 0, 0, 255} }},
	{{ {543, -1252, -417}, 0, {-3801, -9479}, {127, 0, 0, 255} }},
	{{ {543, -1252, -834}, 0, {-2268, -9479}, {127, 0, 0, 255} }},
	{{ {376, -1294, -834}, 0, {6741, 4693}, {0, 129, 0, 255} }},
	{{ {376, -1294, -751}, 0, {6741, 4999}, {0, 129, 0, 255} }},
	{{ {-2921, -1294, -751}, 0, {-5367, 4999}, {0, 129, 0, 255} }},
	{{ {-2921, -1294, -834}, 0, {-5367, 4693}, {0, 129, 0, 255} }},
	{{ {543, -1252, -834}, 0, {7355, 4693}, {0, 127, 0, 255} }},
	{{ {-4132, -1252, -834}, 0, {-9813, 4693}, {0, 127, 0, 255} }},
	{{ {-4132, -1252, 1}, 0, {-9813, 7759}, {0, 127, 0, 255} }},
	{{ {543, -1252, 1}, 0, {7355, 7759}, {0, 127, 0, 255} }},
	{{ {835, -1628, -834}, 0, {8427, -8099}, {0, 42, 136, 255} }},
	{{ {543, -4592, -1878}, 0, {7355, 2784}, {0, 42, 136, 255} }},
	{{ {543, -1628, -834}, 0, {7355, -8099}, {0, 42, 136, 255} }},
	{{ {835, -4592, -1878}, 0, {8427, 2784}, {0, 42, 136, 255} }},
	{{ {-2921, -1294, -834}, 0, {-2268, -9327}, {127, 0, 0, 255} }},
	{{ {-2921, -1294, -751}, 0, {-2574, -9327}, {127, 0, 0, 255} }},
	{{ {-2921, -2087, -751}, 0, {-2574, -6414}, {127, 0, 0, 255} }},
	{{ {-2921, -2087, -834}, 0, {-2268, -6414}, {127, 0, 0, 255} }},
	{{ {-4132, -2087, 1}, 0, {-5334, -6414}, {129, 0, 0, 255} }},
	{{ {-4132, -1252, 1}, 0, {-5334, -9480}, {129, 0, 0, 255} }},
	{{ {-4132, -1252, -834}, 0, {-2268, -9480}, {129, 0, 0, 255} }},
	{{ {-4132, -2087, -834}, 0, {-2268, -6414}, {129, 0, 0, 255} }},
	{{ {-4756, -5843, -312}, 0, {-4184, 7380}, {129, 0, 0, 255} }},
	{{ {-4756, -4070, 0}, 0, {-5331, 868}, {129, 0, 0, 255} }},
	{{ {-4756, -4070, -312}, 0, {-4184, 868}, {129, 0, 0, 255} }},
	{{ {-4756, -5843, 0}, 0, {-5331, 7380}, {129, 0, 0, 255} }},
	{{ {-4131, -2087, 0}, 0, {-5331, -6414}, {129, 0, 0, 255} }},
	{{ {-4131, -2087, -834}, 0, {-2268, -6414}, {129, 0, 0, 255} }},
	{{ {-4131, -4070, -312}, 0, {-4184, 868}, {129, 0, 0, 255} }},
	{{ {-4131, -4070, 0}, 0, {-5331, 868}, {129, 0, 0, 255} }},
	{{ {-3756, -2087, -834}, 0, {-8433, -6414}, {0, 224, 133, 255} }},
	{{ {-3756, -4070, -312}, 0, {-8433, 868}, {0, 224, 133, 255} }},
	{{ {-4131, -4070, -312}, 0, {-9810, 868}, {0, 224, 133, 255} }},
	{{ {-4131, -2087, -834}, 0, {-9810, -6414}, {0, 224, 133, 255} }},
	{{ {-4131, -4070, 0}, 0, {-9810, 7756}, {0, 127, 0, 255} }},
	{{ {-4131, -4070, -312}, 0, {-9810, 6610}, {0, 127, 0, 255} }},
	{{ {-4756, -4070, -312}, 0, {-12107, 6610}, {0, 127, 0, 255} }},
	{{ {-4756, -4070, 0}, 0, {-12107, 7756}, {0, 127, 0, 255} }},
	{{ {-3756, -5843, -312}, 0, {-8433, 6610}, {0, 129, 0, 255} }},
	{{ {-4756, -5843, 0}, 0, {-12107, 7756}, {0, 129, 0, 255} }},
	{{ {-4756, -5843, -312}, 0, {-12107, 6610}, {0, 129, 0, 255} }},
	{{ {-3756, -5843, 0}, 0, {-8433, 7756}, {0, 129, 0, 255} }},
	{{ {-4756, -5843, -312}, 0, {-12107, 7380}, {0, 0, 129, 255} }},
	{{ {-4756, -4070, -312}, 0, {-12107, 868}, {0, 0, 129, 255} }},
	{{ {-3756, -4070, -312}, 0, {-8433, 868}, {0, 0, 129, 255} }},
	{{ {-3756, -5843, -312}, 0, {-8433, 7380}, {0, 0, 129, 255} }},
	{{ {544, -5008, -1878}, 0, {7358, 4314}, {0, 201, 142, 255} }},
	{{ {835, -5008, -1878}, 0, {8427, 4314}, {0, 201, 142, 255} }},
	{{ {835, -7115, -867}, 0, {8427, 12051}, {0, 201, 142, 255} }},
	{{ {544, -7115, -867}, 0, {7358, 12051}, {0, 201, 142, 255} }},
	{{ {835, -5318, -1729}, 0, {8427, 5452}, {0, 0, 129, 255} }},
	{{ {835, -5628, -1729}, 0, {8427, 6590}, {0, 0, 129, 255} }},
	{{ {544, -5628, -1729}, 0, {7358, 6590}, {0, 0, 129, 255} }},
	{{ {544, -5318, -1729}, 0, {7358, 5452}, {0, 0, 129, 255} }},
	{{ {835, -6247, -1284}, 0, {8427, 8862}, {0, 3, 129, 255} }},
	{{ {835, -6557, -1291}, 0, {8427, 10003}, {0, 3, 129, 255} }},
	{{ {544, -6247, -1284}, 0, {7358, 8862}, {0, 3, 129, 255} }},
	{{ {544, -6557, -1291}, 0, {7358, 10003}, {0, 3, 129, 255} }},
	{{ {835, -5008, -1878}, 0, {8427, 4314}, {0, 0, 129, 255} }},
	{{ {544, -5318, -1878}, 0, {7358, 5452}, {0, 0, 129, 255} }},
	{{ {544, -5008, -1878}, 0, {7358, 4314}, {0, 0, 129, 255} }},
	{{ {835, -5318, -1878}, 0, {8427, 5452}, {0, 0, 129, 255} }},
	{{ {835, -5318, -1878}, 0, {8427, 861}, {0, 129, 0, 255} }},
	{{ {544, -5318, -1729}, 0, {7358, 1406}, {0, 129, 0, 255} }},
	{{ {544, -5318, -1878}, 0, {7358, 861}, {0, 129, 0, 255} }},
	{{ {835, -5318, -1729}, 0, {8427, 1406}, {0, 129, 0, 255} }},
	{{ {835, -5938, -1580}, 0, {8427, 1954}, {0, 129, 0, 255} }},
	{{ {835, -5938, -1432}, 0, {8427, 2499}, {0, 129, 0, 255} }},
	{{ {544, -5938, -1432}, 0, {7358, 2499}, {0, 129, 0, 255} }},
	{{ {544, -5938, -1580}, 0, {7358, 1954}, {0, 129, 0, 255} }},
	{{ {835, -5628, -1729}, 0, {8427, 1406}, {0, 129, 0, 255} }},
	{{ {544, -5628, -1580}, 0, {7358, 1954}, {0, 129, 0, 255} }},
	{{ {544, -5628, -1729}, 0, {7358, 1406}, {0, 129, 0, 255} }},
	{{ {835, -5628, -1580}, 0, {8427, 1954}, {0, 129, 0, 255} }},
	{{ {835, -5628, -1580}, 0, {8427, 6590}, {0, 0, 129, 255} }},
	{{ {544, -5938, -1580}, 0, {7358, 7727}, {0, 0, 129, 255} }},
	{{ {544, -5628, -1580}, 0, {7358, 6590}, {0, 0, 129, 255} }},
	{{ {835, -5938, -1580}, 0, {8427, 7727}, {0, 0, 129, 255} }},
	{{ {835, -5938, -1432}, 0, {8427, 7727}, {0, 0, 129, 255} }},
	{{ {544, -6247, -1432}, 0, {7358, 8862}, {0, 0, 129, 255} }},
	{{ {544, -5938, -1432}, 0, {7358, 7727}, {0, 0, 129, 255} }},
	{{ {835, -6247, -1432}, 0, {8427, 8862}, {0, 0, 129, 255} }},
	{{ {835, -6247, -1432}, 0, {8427, 2499}, {0, 129, 0, 255} }},
	{{ {544, -6247, -1284}, 0, {7358, 3041}, {0, 129, 0, 255} }},
	{{ {544, -6247, -1432}, 0, {7358, 2499}, {0, 129, 0, 255} }},
	{{ {835, -6247, -1284}, 0, {8427, 3041}, {0, 129, 0, 255} }},
	{{ {835, -6557, -1135}, 0, {8427, 3589}, {0, 129, 0, 255} }},
	{{ {544, -6557, -1135}, 0, {7358, 3589}, {0, 129, 0, 255} }},
	{{ {835, -6557, -1291}, 0, {8427, 3014}, {0, 129, 0, 255} }},
	{{ {544, -6557, -1291}, 0, {7358, 3014}, {0, 129, 0, 255} }},
	{{ {835, -6557, -1135}, 0, {8427, 10003}, {0, 3, 129, 255} }},
	{{ {835, -6712, -1138}, 0, {8427, 10572}, {0, 3, 129, 255} }},
	{{ {544, -6712, -1138}, 0, {7358, 10572}, {0, 3, 129, 255} }},
	{{ {544, -6557, -1135}, 0, {7358, 10003}, {0, 3, 129, 255} }},
	{{ {830, -4530, -1084}, 0, {8409, 2556}, {0, 0, 129, 255} }},
	{{ {1146, -4654, -1084}, 0, {9571, 3012}, {0, 0, 129, 255} }},
	{{ {830, -4654, -1084}, 0, {8409, 3012}, {0, 0, 129, 255} }},
	{{ {1146, -4530, -1084}, 0, {9571, 2556}, {0, 0, 129, 255} }},
	{{ {830, -4695, -1043}, 0, {8409, 3927}, {0, 129, 0, 255} }},
	{{ {1247, -4695, -876}, 0, {9939, 4541}, {0, 129, 0, 255} }},
	{{ {830, -4695, -876}, 0, {8409, 4541}, {0, 129, 0, 255} }},
	{{ {1194, -4695, -1043}, 0, {9747, 3927}, {0, 129, 0, 255} }},
	{{ {830, -4487, -876}, 0, {8409, 4541}, {0, 127, 0, 255} }},
	{{ {1247, -4487, -876}, 0, {9939, 4541}, {0, 127, 0, 255} }},
	{{ {1194, -4487, -1043}, 0, {9747, 3927}, {0, 127, 0, 255} }},
	{{ {830, -4487, -1043}, 0, {8409, 3927}, {0, 127, 0, 255} }},
	{{ {577, -3486, -1084}, 0, {7481, -1276}, {0, 0, 129, 255} }},
	{{ {894, -3610, -1084}, 0, {8642, -821}, {0, 0, 129, 255} }},
	{{ {577, -3610, -1084}, 0, {7481, -821}, {0, 0, 129, 255} }},
	{{ {894, -3486, -1084}, 0, {8642, -1276}, {0, 0, 129, 255} }},
	{{ {577, -3652, -1043}, 0, {7481, 3927}, {0, 129, 0, 255} }},
	{{ {994, -3652, -876}, 0, {9011, 4541}, {0, 129, 0, 255} }},
	{{ {577, -3652, -876}, 0, {7481, 4541}, {0, 129, 0, 255} }},
	{{ {942, -3652, -1043}, 0, {8819, 3927}, {0, 129, 0, 255} }},
	{{ {942, -3444, -1043}, 0, {8819, -1432}, {0, 89, 165, 255} }},
	{{ {894, -3486, -1084}, 0, {8642, -1276}, {0, 89, 165, 255} }},
	{{ {577, -3486, -1084}, 0, {7481, -1276}, {0, 89, 165, 255} }},
	{{ {577, -3444, -1043}, 0, {7481, -1432}, {0, 89, 165, 255} }},
	{{ {577, -3444, -876}, 0, {7481, 4541}, {0, 127, 0, 255} }},
	{{ {994, -3444, -876}, 0, {9011, 4541}, {0, 127, 0, 255} }},
	{{ {942, -3444, -1043}, 0, {8819, 3927}, {0, 127, 0, 255} }},
	{{ {577, -3444, -1043}, 0, {7481, 3927}, {0, 127, 0, 255} }},
	{{ {740, -3863, -876}, 0, {8079, 4541}, {0, 127, 0, 255} }},
	{{ {1157, -3863, -876}, 0, {9609, 4541}, {0, 127, 0, 255} }},
	{{ {1105, -3863, -1043}, 0, {9418, 3927}, {0, 127, 0, 255} }},
	{{ {740, -3863, -1043}, 0, {8079, 3927}, {0, 127, 0, 255} }},
	{{ {740, -4195, -1084}, 0, {8079, 1329}, {0, 200, 142, 255} }},
	{{ {1057, -4195, -1084}, 0, {9241, 1329}, {0, 200, 142, 255} }},
	{{ {1105, -4279, -1043}, 0, {9418, 1637}, {0, 200, 142, 255} }},
	{{ {740, -4279, -1043}, 0, {8079, 1637}, {0, 200, 142, 255} }},
	{{ {740, -3863, -1043}, 0, {8079, 107}, {0, 57, 142, 255} }},
	{{ {1105, -3863, -1043}, 0, {9418, 107}, {0, 57, 142, 255} }},
	{{ {740, -3946, -1084}, 0, {8079, 413}, {0, 57, 142, 255} }},
	{{ {1057, -3946, -1084}, 0, {9241, 413}, {0, 57, 142, 255} }},
	{{ {740, -3946, -1084}, 0, {8079, 413}, {0, 0, 129, 255} }},
	{{ {1057, -4195, -1084}, 0, {9241, 1329}, {0, 0, 129, 255} }},
	{{ {740, -4195, -1084}, 0, {8079, 1329}, {0, 0, 129, 255} }},
	{{ {1057, -3946, -1084}, 0, {9241, 413}, {0, 0, 129, 255} }},
	{{ {740, -4279, -1043}, 0, {8079, 3927}, {0, 129, 0, 255} }},
	{{ {1157, -4279, -876}, 0, {9609, 4541}, {0, 129, 0, 255} }},
	{{ {740, -4279, -876}, 0, {8079, 4541}, {0, 129, 0, 255} }},
	{{ {1105, -4279, -1043}, 0, {9418, 3927}, {0, 129, 0, 255} }},
	{{ {1057, -4195, -1084}, 0, {9241, 1329}, {49, 0, 139, 255} }},
	{{ {1157, -3915, -1043}, 0, {9609, 299}, {49, 0, 139, 255} }},
	{{ {1157, -4227, -1043}, 0, {9609, 1446}, {49, 0, 139, 255} }},
	{{ {1057, -3946, -1084}, 0, {9241, 413}, {49, 0, 139, 255} }},
	{{ {-4132, -1252, -834}, 0, {-9813, -9480}, {0, 0, 129, 255} }},
	{{ {-3506, -1335, -834}, 0, {-7514, -9174}, {0, 0, 129, 255} }},
	{{ {-3673, -1335, -834}, 0, {-8127, -9174}, {0, 0, 129, 255} }},
	{{ {-2921, -1252, -834}, 0, {-5367, -9480}, {0, 0, 129, 255} }},
	{{ {-3506, -1335, -834}, 0, {-7514, -9174}, {0, 0, 129, 255} }},
	{{ {-2921, -1252, -834}, 0, {-5367, -9480}, {0, 0, 129, 255} }},
	{{ {-2921, -2087, -834}, 0, {-5367, -6414}, {0, 0, 129, 255} }},
	{{ {-3506, -1503, -834}, 0, {-7514, -8560}, {0, 0, 129, 255} }},
	{{ {-3673, -1503, -834}, 0, {-8127, -8560}, {0, 0, 129, 255} }},
	{{ {-3756, -2087, -834}, 0, {-8433, -6414}, {0, 0, 129, 255} }},
	{{ {-4132, -2087, -834}, 0, {-9813, -6414}, {0, 0, 129, 255} }},
	{{ {-4132, -1252, -834}, 0, {-9813, -9480}, {0, 0, 129, 255} }},
	{{ {-3673, -1335, -834}, 0, {-8127, -9174}, {0, 0, 129, 255} }},
};

Gfx pss_dl_WF_mesh_layer_1_tri_3[] = {
	gsSPVertex(pss_dl_WF_mesh_layer_1_vtx_3 + 0, 31, 0),
	gsSP2Triangles(0, 1, 2, 0, 3, 4, 5, 0),
	gsSP2Triangles(6, 7, 8, 0, 9, 10, 11, 0),
	gsSP2Triangles(12, 13, 14, 0, 14, 15, 16, 0),
	gsSP2Triangles(17, 18, 19, 0, 20, 21, 12, 0),
	gsSP2Triangles(22, 23, 20, 0, 24, 22, 25, 0),
	gsSP2Triangles(26, 27, 28, 0, 29, 25, 30, 0),
	gsSPVertex(pss_dl_WF_mesh_layer_1_vtx_3 + 31, 30, 0),
	gsSP2Triangles(0, 1, 2, 0, 3, 4, 5, 0),
	gsSP2Triangles(6, 7, 8, 0, 9, 10, 11, 0),
	gsSP2Triangles(12, 13, 14, 0, 15, 16, 17, 0),
	gsSP2Triangles(18, 19, 20, 0, 21, 22, 23, 0),
	gsSP2Triangles(24, 25, 26, 0, 27, 28, 29, 0),
	gsSPVertex(pss_dl_WF_mesh_layer_1_vtx_3 + 61, 30, 0),
	gsSP2Triangles(0, 1, 2, 0, 3, 4, 5, 0),
	gsSP2Triangles(6, 7, 8, 0, 9, 10, 11, 0),
	gsSP2Triangles(12, 13, 14, 0, 15, 16, 17, 0),
	gsSP2Triangles(18, 19, 20, 0, 21, 22, 23, 0),
	gsSP2Triangles(24, 25, 26, 0, 27, 28, 29, 0),
	gsSPVertex(pss_dl_WF_mesh_layer_1_vtx_3 + 91, 32, 0),
	gsSP2Triangles(0, 1, 2, 0, 3, 4, 5, 0),
	gsSP2Triangles(6, 7, 8, 0, 6, 9, 7, 0),
	gsSP2Triangles(10, 7, 9, 0, 11, 12, 13, 0),
	gsSP2Triangles(14, 12, 11, 0, 14, 15, 12, 0),
	gsSP2Triangles(16, 17, 13, 0, 16, 13, 18, 0),
	gsSP2Triangles(19, 20, 21, 0, 19, 22, 20, 0),
	gsSP2Triangles(23, 20, 22, 0, 23, 22, 24, 0),
	gsSP2Triangles(24, 25, 23, 0, 24, 26, 27, 0),
	gsSP2Triangles(24, 28, 26, 0, 29, 30, 31, 0),
	gsSPVertex(pss_dl_WF_mesh_layer_1_vtx_3 + 123, 31, 0),
	gsSP2Triangles(0, 1, 2, 0, 3, 4, 5, 0),
	gsSP2Triangles(3, 6, 4, 0, 7, 8, 9, 0),
	gsSP2Triangles(10, 9, 8, 0, 11, 12, 13, 0),
	gsSP2Triangles(11, 13, 14, 0, 15, 16, 17, 0),
	gsSP2Triangles(15, 17, 18, 0, 19, 20, 21, 0),
	gsSP2Triangles(19, 22, 20, 0, 23, 24, 25, 0),
	gsSP2Triangles(23, 25, 26, 0, 27, 28, 29, 0),
	gsSP1Triangle(27, 29, 30, 0),
	gsSPVertex(pss_dl_WF_mesh_layer_1_vtx_3 + 154, 32, 0),
	gsSP2Triangles(0, 1, 2, 0, 0, 3, 1, 0),
	gsSP2Triangles(4, 5, 6, 0, 7, 4, 6, 0),
	gsSP2Triangles(8, 9, 10, 0, 8, 10, 11, 0),
	gsSP2Triangles(12, 13, 14, 0, 15, 12, 14, 0),
	gsSP2Triangles(16, 17, 18, 0, 16, 19, 17, 0),
	gsSP2Triangles(20, 21, 22, 0, 20, 22, 23, 0),
	gsSP2Triangles(24, 25, 26, 0, 24, 26, 27, 0),
	gsSP2Triangles(28, 29, 30, 0, 28, 30, 31, 0),
	gsSPVertex(pss_dl_WF_mesh_layer_1_vtx_3 + 186, 32, 0),
	gsSP2Triangles(0, 1, 2, 0, 1, 3, 2, 0),
	gsSP2Triangles(4, 5, 6, 0, 4, 7, 5, 0),
	gsSP2Triangles(8, 9, 10, 0, 8, 11, 9, 0),
	gsSP2Triangles(12, 13, 14, 0, 12, 14, 15, 0),
	gsSP2Triangles(16, 17, 18, 0, 16, 19, 17, 0),
	gsSP2Triangles(20, 21, 22, 0, 20, 23, 21, 0),
	gsSP2Triangles(24, 25, 26, 0, 24, 27, 25, 0),
	gsSP2Triangles(28, 29, 30, 0, 28, 31, 29, 0),
	gsSPVertex(pss_dl_WF_mesh_layer_1_vtx_3 + 218, 32, 0),
	gsSP2Triangles(0, 1, 2, 0, 1, 3, 2, 0),
	gsSP2Triangles(4, 5, 6, 0, 4, 6, 7, 0),
	gsSP2Triangles(8, 9, 10, 0, 8, 11, 9, 0),
	gsSP2Triangles(12, 13, 14, 0, 12, 15, 13, 0),
	gsSP2Triangles(16, 17, 18, 0, 16, 18, 19, 0),
	gsSP2Triangles(20, 21, 22, 0, 20, 23, 21, 0),
	gsSP2Triangles(24, 25, 26, 0, 24, 27, 25, 0),
	gsSP2Triangles(28, 29, 30, 0, 31, 28, 30, 0),
	gsSPVertex(pss_dl_WF_mesh_layer_1_vtx_3 + 250, 32, 0),
	gsSP2Triangles(0, 1, 2, 0, 0, 2, 3, 0),
	gsSP2Triangles(4, 5, 6, 0, 4, 6, 7, 0),
	gsSP2Triangles(8, 9, 10, 0, 8, 10, 11, 0),
	gsSP2Triangles(12, 13, 14, 0, 13, 15, 14, 0),
	gsSP2Triangles(16, 17, 18, 0, 16, 19, 17, 0),
	gsSP2Triangles(20, 21, 22, 0, 20, 23, 21, 0),
	gsSP2Triangles(24, 25, 26, 0, 24, 27, 25, 0),
	gsSP2Triangles(28, 29, 30, 0, 31, 29, 28, 0),
	gsSPVertex(pss_dl_WF_mesh_layer_1_vtx_3 + 282, 9, 0),
	gsSP2Triangles(0, 1, 2, 0, 0, 2, 3, 0),
	gsSP2Triangles(4, 3, 2, 0, 4, 2, 5, 0),
	gsSP2Triangles(4, 5, 6, 0, 7, 4, 6, 0),
	gsSP1Triangle(7, 8, 4, 0),
	gsSPEndDisplayList(),
};

Vtx pss_dl_WF_mesh_layer_1_vtx_4[357] = {
	{{ {-3756, -2087, -834}, 0, {-8433, 4693}, {0, 90, 166, 255} }},
	{{ {-2921, -2087, -834}, 0, {-5367, 4693}, {0, 90, 166, 255} }},
	{{ {-3339, -3339, -2086}, 0, {-6900, 95}, {0, 90, 166, 255} }},
	{{ {-2921, -2500, -2086}, 0, {-5367, 95}, {0, 106, 186, 255} }},
	{{ {-3059, -2500, -2086}, 0, {-5873, 95}, {0, 106, 186, 255} }},
	{{ {-2921, -2087, -1460}, 0, {-5367, 2394}, {0, 106, 186, 255} }},
	{{ {-3756, -2087, -834}, 0, {-2268, -6414}, {159, 40, 184, 255} }},
	{{ {-3339, -3339, -2086}, 0, {2331, -1815}, {159, 40, 184, 255} }},
	{{ {-3756, -4174, -1982}, 0, {1947, 1251}, {159, 40, 184, 255} }},
	{{ {-3339, -3339, -2086}, 0, {2331, -1815}, {142, 57, 0, 255} }},
	{{ {-3756, -4174, -2086}, 0, {2331, 1251}, {142, 57, 0, 255} }},
	{{ {-3756, -4174, -1982}, 0, {1947, 1251}, {142, 57, 0, 255} }},
	{{ {-1670, -7930, 1}, 0, {-5334, 15045}, {78, 178, 193, 255} }},
	{{ {-2310, -6901, -2086}, 0, {2331, 11266}, {78, 178, 193, 255} }},
	{{ {-835, -5426, -2086}, 0, {2331, 5847}, {78, 178, 193, 255} }},
	{{ {-1670, -7930, 1}, 0, {-771, 15045}, {197, 196, 161, 255} }},
	{{ {-835, -5426, -2086}, 0, {2295, 5847}, {197, 196, 161, 255} }},
	{{ {-83, -7930, -980}, 0, {5055, 15045}, {197, 196, 161, 255} }},
	{{ {-3756, -6556, -2086}, 0, {-8433, 95}, {229, 142, 208, 255} }},
	{{ {-2310, -6901, -2086}, 0, {-3121, 95}, {229, 142, 208, 255} }},
	{{ {-1670, -7930, 1}, 0, {-771, 7759}, {229, 142, 208, 255} }},
	{{ {-1670, -7930, 1}, 0, {-771, 7759}, {0, 150, 186, 255} }},
	{{ {-3756, -7930, 1}, 0, {-8433, 7759}, {0, 150, 186, 255} }},
	{{ {-3756, -6556, -2086}, 0, {-8433, 95}, {0, 150, 186, 255} }},
	{{ {-417, -3757, -2086}, 0, {3828, 95}, {0, 127, 0, 255} }},
	{{ {-731, -3757, -2086}, 0, {2678, 95}, {0, 127, 0, 255} }},
	{{ {-731, -3757, -751}, 0, {2678, 4999}, {0, 127, 0, 255} }},
	{{ {-731, -3757, -751}, 0, {-2574, -282}, {162, 82, 234, 255} }},
	{{ {0, -2922, -751}, 0, {-2574, -3348}, {162, 82, 234, 255} }},
	{{ {-417, -3757, -2086}, 0, {2331, -282}, {162, 82, 234, 255} }},
	{{ {0, -2922, -751}, 0, {-2574, -3348}, {106, 39, 198, 255} }},
	{{ {0, -4592, -1878}, 0, {1564, 2784}, {106, 39, 198, 255} }},
	{{ {-417, -3757, -2086}, 0, {2331, -282}, {106, 39, 198, 255} }},
	{{ {-1670, -2087, -1460}, 0, {-771, 2394}, {0, 106, 186, 255} }},
	{{ {-1520, -2500, -2086}, 0, {-220, 95}, {0, 106, 186, 255} }},
	{{ {-1670, -2500, -2086}, 0, {-771, 95}, {0, 106, 186, 255} }},
	{{ {-1670, -2087, -751}, 0, {-2574, -6414}, {119, 43, 0, 255} }},
	{{ {-1520, -2500, -2086}, 0, {2331, -4896}, {119, 43, 0, 255} }},
	{{ {-1670, -2087, -1460}, 0, {31, -6414}, {119, 43, 0, 255} }},
	{{ {-1670, -2087, -751}, 0, {-2574, -6414}, {119, 43, 0, 255} }},
	{{ {-1252, -3235, -751}, 0, {-2574, -2198}, {119, 43, 0, 255} }},
	{{ {-1520, -2500, -2086}, 0, {2331, -4896}, {119, 43, 0, 255} }},
	{{ {-1252, -3235, -751}, 0, {-2574, -2198}, {119, 43, 0, 255} }},
	{{ {-1252, -3235, -2086}, 0, {2331, -2198}, {119, 43, 0, 255} }},
	{{ {-1520, -2500, -2086}, 0, {2331, -4896}, {119, 43, 0, 255} }},
	{{ {-83, -7930, -980}, 0, {-1732, 15045}, {112, 7, 197, 255} }},
	{{ {-835, -5426, -2086}, 0, {2331, 5847}, {112, 7, 197, 255} }},
	{{ {-83, -7096, -876}, 0, {-2115, 11979}, {112, 7, 197, 255} }},
	{{ {543, -6558, -1291}, 0, {7355, 10006}, {24, 199, 145, 255} }},
	{{ {-417, -5426, -2086}, 0, {3828, 5847}, {24, 199, 145, 255} }},
	{{ {543, -5426, -1878}, 0, {7355, 5847}, {24, 199, 145, 255} }},
	{{ {543, -6558, -1291}, 0, {7355, 10006}, {0, 183, 152, 255} }},
	{{ {-835, -5426, -2086}, 0, {2295, 5847}, {0, 183, 152, 255} }},
	{{ {-417, -5426, -2086}, 0, {3828, 5847}, {0, 183, 152, 255} }},
	{{ {-835, -5426, -2086}, 0, {2295, 5847}, {250, 179, 156, 255} }},
	{{ {543, -6558, -1291}, 0, {7355, 10006}, {250, 179, 156, 255} }},
	{{ {543, -7096, -876}, 0, {7355, 11979}, {250, 179, 156, 255} }},
	{{ {-835, -5426, -2086}, 0, {2295, 5847}, {0, 181, 153, 255} }},
	{{ {543, -7096, -876}, 0, {7355, 11979}, {0, 181, 153, 255} }},
	{{ {-83, -7096, -876}, 0, {5055, 11979}, {0, 181, 153, 255} }},
	{{ {-83, -7930, -876}, 0, {-2115, 15045}, {127, 0, 0, 255} }},
	{{ {-83, -7930, -980}, 0, {-1732, 15045}, {127, 0, 0, 255} }},
	{{ {-83, -7096, -876}, 0, {-2115, 11979}, {127, 0, 0, 255} }},
	{{ {-4319, -4580, -1085}, 0, {-10502, 3771}, {0, 119, 45, 255} }},
	{{ {-3756, -4619, -981}, 0, {-8433, 4155}, {0, 119, 45, 255} }},
	{{ {-3756, -4580, -1085}, 0, {-8433, 3771}, {0, 119, 45, 255} }},
	{{ {-4319, -4580, -1085}, 0, {-10502, 3771}, {0, 119, 45, 255} }},
	{{ {-4280, -4619, -981}, 0, {-10358, 4155}, {0, 119, 45, 255} }},
	{{ {-3756, -4619, -981}, 0, {-8433, 4155}, {0, 119, 45, 255} }},
	{{ {-4277, -5191, -1460}, 0, {-10346, 2394}, {0, 127, 0, 255} }},
	{{ {-4381, -5191, -1982}, 0, {-10729, 478}, {0, 127, 0, 255} }},
	{{ {-4381, -5191, -1460}, 0, {-10729, 2394}, {0, 127, 0, 255} }},
	{{ {-3965, -5269, -1460}, 0, {31, 5272}, {127, 0, 0, 255} }},
	{{ {-3965, -5269, -1982}, 0, {1947, 5272}, {127, 0, 0, 255} }},
	{{ {-3965, -5191, -1982}, 0, {1947, 4985}, {127, 0, 0, 255} }},
	{{ {-3965, -5269, -1460}, 0, {31, 5272}, {127, 0, 0, 255} }},
	{{ {-3965, -5191, -1982}, 0, {1947, 4985}, {127, 0, 0, 255} }},
	{{ {-3965, -5191, -1460}, 0, {31, 4985}, {127, 0, 0, 255} }},
	{{ {-4277, -5191, -1460}, 0, {-10346, 2394}, {0, 127, 0, 255} }},
	{{ {-4277, -5191, -1982}, 0, {-10346, 478}, {0, 127, 0, 255} }},
	{{ {-4381, -5191, -1982}, 0, {-10729, 478}, {0, 127, 0, 255} }},
	{{ {-4277, -4331, -1460}, 0, {-10346, 2394}, {0, 127, 0, 255} }},
	{{ {-4277, -4331, -1982}, 0, {-10346, 478}, {0, 127, 0, 255} }},
	{{ {-4381, -4331, -1982}, 0, {-10729, 478}, {0, 127, 0, 255} }},
	{{ {-4381, -5191, -1460}, 0, {31, 4985}, {129, 0, 0, 255} }},
	{{ {-4381, -5191, -1982}, 0, {1947, 4985}, {129, 0, 0, 255} }},
	{{ {-4381, -5269, -1982}, 0, {1947, 5272}, {129, 0, 0, 255} }},
	{{ {-4381, -5191, -1460}, 0, {31, 4985}, {129, 0, 0, 255} }},
	{{ {-4381, -5269, -1982}, 0, {1947, 5272}, {129, 0, 0, 255} }},
	{{ {-4381, -5269, -1460}, 0, {31, 5272}, {129, 0, 0, 255} }},
	{{ {-4381, -5269, -1460}, 0, {-10729, 2394}, {0, 129, 0, 255} }},
	{{ {-4277, -5269, -1982}, 0, {-10346, 478}, {0, 129, 0, 255} }},
	{{ {-4277, -5269, -1460}, 0, {-10346, 2394}, {0, 129, 0, 255} }},
	{{ {-4381, -5269, -1460}, 0, {-10729, 2394}, {0, 129, 0, 255} }},
	{{ {-4381, -5269, -1982}, 0, {-10729, 478}, {0, 129, 0, 255} }},
	{{ {-4277, -5269, -1982}, 0, {-10346, 478}, {0, 129, 0, 255} }},
	{{ {-4277, -4331, -1460}, 0, {-10346, 2394}, {0, 127, 0, 255} }},
	{{ {-4381, -4331, -1982}, 0, {-10729, 478}, {0, 127, 0, 255} }},
	{{ {-4381, -4331, -1460}, 0, {-10729, 2394}, {0, 127, 0, 255} }},
	{{ {-4381, -4331, -1460}, 0, {31, 1826}, {129, 0, 0, 255} }},
	{{ {-4381, -4331, -1982}, 0, {1947, 1826}, {129, 0, 0, 255} }},
	{{ {-4381, -4409, -1982}, 0, {1947, 2113}, {129, 0, 0, 255} }},
	{{ {-4381, -4331, -1460}, 0, {31, 1826}, {129, 0, 0, 255} }},
	{{ {-4381, -4409, -1982}, 0, {1947, 2113}, {129, 0, 0, 255} }},
	{{ {-4381, -4409, -1460}, 0, {31, 2113}, {129, 0, 0, 255} }},
	{{ {-2921, -2087, -1461}, 0, {34, -6414}, {135, 40, 0, 255} }},
	{{ {-2921, -2087, -2086}, 0, {2331, -6414}, {135, 40, 0, 255} }},
	{{ {-3058, -2500, -2086}, 0, {2331, -4899}, {135, 40, 0, 255} }},
	{{ {-2921, -2500, -2086}, 0, {2331, -4899}, {127, 0, 0, 255} }},
	{{ {-2921, -2087, -2086}, 0, {2331, -6414}, {127, 0, 0, 255} }},
	{{ {-2921, -2087, -1461}, 0, {34, -6414}, {127, 0, 0, 255} }},
	{{ {-863, -6952, -2921}, 0, {2193, -2971}, {0, 124, 25, 255} }},
	{{ {-488, -6973, -2818}, 0, {3570, -2591}, {0, 124, 25, 255} }},
	{{ {-446, -6952, -2921}, 0, {3723, -2971}, {0, 124, 25, 255} }},
	{{ {-446, -7369, -2921}, 0, {3723, -2971}, {0, 132, 25, 255} }},
	{{ {-488, -7347, -2818}, 0, {3570, -2591}, {0, 132, 25, 255} }},
	{{ {-821, -7347, -2818}, 0, {2346, -2591}, {0, 132, 25, 255} }},
	{{ {-446, -7369, -2921}, 0, {3723, -2971}, {0, 132, 25, 255} }},
	{{ {-821, -7347, -2818}, 0, {2346, -2591}, {0, 132, 25, 255} }},
	{{ {-863, -7369, -2921}, 0, {2193, -2971}, {0, 132, 25, 255} }},
	{{ {-863, -6952, -2921}, 0, {2193, -2971}, {0, 124, 25, 255} }},
	{{ {-821, -6973, -2818}, 0, {2346, -2591}, {0, 124, 25, 255} }},
	{{ {-488, -6973, -2818}, 0, {3570, -2591}, {0, 124, 25, 255} }},
	{{ {-1670, -2087, -1461}, 0, {34, -6414}, {129, 0, 0, 255} }},
	{{ {-1670, -2087, -2086}, 0, {2331, -6414}, {129, 0, 0, 255} }},
	{{ {-1670, -2500, -2086}, 0, {2331, -4899}, {129, 0, 0, 255} }},
	{{ {-1670, -2087, -1461}, 0, {34, -6414}, {119, 43, 0, 255} }},
	{{ {-1520, -2500, -2086}, 0, {2331, -4899}, {119, 43, 0, 255} }},
	{{ {-1670, -2087, -2086}, 0, {2331, -6414}, {119, 43, 0, 255} }},
	{{ {0, -2922, -751}, 0, {5361, -3348}, {0, 71, 151, 255} }},
	{{ {543, -4592, -1878}, 0, {7355, 2784}, {0, 71, 151, 255} }},
	{{ {0, -4592, -1878}, 0, {5361, 2784}, {0, 71, 151, 255} }},
	{{ {417, -2922, -751}, 0, {6894, -3348}, {0, 71, 151, 255} }},
	{{ {543, -7096, -876}, 0, {-2115, 11979}, {127, 0, 0, 255} }},
	{{ {543, -7096, -876}, 0, {-2112, 11979}, {127, 0, 0, 255} }},
	{{ {543, -5008, -1878}, 0, {1564, 4314}, {127, 0, 0, 255} }},
	{{ {543, -5426, -1878}, 0, {1564, 5847}, {127, 0, 0, 255} }},
	{{ {543, -6558, -1291}, 0, {-592, 10006}, {127, 0, 0, 255} }},
	{{ {-2921, -3339, -1650}, 0, {729, -1815}, {127, 0, 0, 255} }},
	{{ {-2921, -3339, -2086}, 0, {2331, -1815}, {127, 0, 0, 255} }},
	{{ {-2921, -2500, -2086}, 0, {2331, -4896}, {127, 0, 0, 255} }},
	{{ {-2921, -2087, -834}, 0, {-2268, -6414}, {127, 0, 0, 255} }},
	{{ {-2921, -2087, -1460}, 0, {31, -6414}, {127, 0, 0, 255} }},
	{{ {-2921, -2087, -751}, 0, {-2574, -6414}, {127, 0, 0, 255} }},
	{{ {-42, -4592, -1878}, 0, {5208, 861}, {0, 129, 0, 255} }},
	{{ {-417, -4592, -2065}, 0, {3828, 172}, {0, 129, 0, 255} }},
	{{ {-417, -4592, -2086}, 0, {3828, 95}, {0, 129, 0, 255} }},
	{{ {0, -4592, -1878}, 0, {5361, 861}, {0, 129, 0, 255} }},
	{{ {-42, -5008, -1878}, 0, {5208, 861}, {0, 127, 0, 255} }},
	{{ {0, -5008, -1878}, 0, {5361, 861}, {0, 127, 0, 255} }},
	{{ {-417, -5008, -2065}, 0, {3828, 172}, {0, 127, 0, 255} }},
	{{ {-417, -5008, -2086}, 0, {3828, 95}, {0, 127, 0, 255} }},
	{{ {835, -7096, -876}, 0, {8427, 4541}, {0, 127, 0, 255} }},
	{{ {1252, -7096, 1}, 0, {9959, 7759}, {0, 127, 0, 255} }},
	{{ {1252, -7096, -876}, 0, {9959, 4541}, {0, 127, 0, 255} }},
	{{ {835, -7096, 1}, 0, {8427, 7759}, {0, 127, 0, 255} }},
	{{ {-3756, -5843, -312}, 0, {-4184, 7380}, {129, 0, 0, 255} }},
	{{ {-3756, -7930, 1}, 0, {-5334, 15045}, {129, 0, 0, 255} }},
	{{ {-3756, -5843, 1}, 0, {-5334, 7380}, {129, 0, 0, 255} }},
	{{ {-3756, -5271, -1356}, 0, {-352, 5278}, {129, 0, 0, 255} }},
	{{ {-3756, -4332, -1356}, 0, {-352, 1832}, {129, 0, 0, 255} }},
	{{ {-3756, -4070, -312}, 0, {-4184, 868}, {129, 0, 0, 255} }},
	{{ {-3756, -2087, -834}, 0, {-2268, -6414}, {129, 0, 0, 255} }},
	{{ {-3756, -4332, -1460}, 0, {31, 1832}, {129, 0, 0, 255} }},
	{{ {-3756, -4174, -1982}, 0, {1947, 1251}, {129, 0, 0, 255} }},
	{{ {-3756, -5426, -1982}, 0, {1947, 5847}, {129, 0, 0, 255} }},
	{{ {-3756, -5271, -1460}, 0, {31, 5278}, {129, 0, 0, 255} }},
	{{ {-3756, -6556, -2086}, 0, {2331, 9997}, {129, 0, 0, 255} }},
	{{ {-3756, -5426, -2086}, 0, {2331, 5847}, {129, 0, 0, 255} }},
	{{ {-83, -7930, -876}, 0, {5055, 4541}, {0, 129, 0, 255} }},
	{{ {-1670, -7930, 1}, 0, {-771, 7759}, {0, 129, 0, 255} }},
	{{ {-83, -7930, -980}, 0, {5055, 4158}, {0, 129, 0, 255} }},
	{{ {1252, -7930, 1}, 0, {9959, 7759}, {0, 129, 0, 255} }},
	{{ {1252, -7930, -876}, 0, {9959, 4541}, {0, 129, 0, 255} }},
	{{ {-1252, -3235, -2086}, 0, {2331, -2198}, {90, 90, 0, 255} }},
	{{ {-731, -3757, -751}, 0, {-2574, -282}, {90, 90, 0, 255} }},
	{{ {-731, -3757, -2086}, 0, {2331, -282}, {90, 90, 0, 255} }},
	{{ {-1252, -3235, -751}, 0, {-2574, -2198}, {90, 90, 0, 255} }},
	{{ {1252, -7930, -876}, 0, {-2115, 15045}, {127, 0, 0, 255} }},
	{{ {1252, -7096, -876}, 0, {-2115, 11979}, {127, 0, 0, 255} }},
	{{ {1252, -7096, 1}, 0, {-5334, 11979}, {127, 0, 0, 255} }},
	{{ {1252, -7930, 1}, 0, {-5334, 15045}, {127, 0, 0, 255} }},
	{{ {-3059, -2500, -2086}, 0, {2331, -4896}, {136, 40, 0, 255} }},
	{{ {-3339, -3339, -2086}, 0, {2331, -1815}, {136, 40, 0, 255} }},
	{{ {-2921, -2087, -1460}, 0, {31, -6414}, {136, 40, 0, 255} }},
	{{ {-2921, -2087, -834}, 0, {-2268, -6414}, {136, 40, 0, 255} }},
	{{ {-1670, -2087, -751}, 0, {-2574, -6414}, {129, 0, 0, 255} }},
	{{ {-1670, -2087, -1460}, 0, {31, -6414}, {129, 0, 0, 255} }},
	{{ {-1670, -2500, -2086}, 0, {2331, -4896}, {129, 0, 0, 255} }},
	{{ {-1670, -3339, -1650}, 0, {729, -1815}, {129, 0, 0, 255} }},
	{{ {-1670, -3339, -2086}, 0, {2331, -1815}, {129, 0, 0, 255} }},
	{{ {-4068, -4747, -1357}, 0, {-9580, 2774}, {0, 129, 0, 255} }},
	{{ {-4173, -4747, -1357}, 0, {-9963, 2774}, {0, 129, 0, 255} }},
	{{ {-4068, -4747, -1460}, 0, {-9580, 2394}, {0, 129, 0, 255} }},
	{{ {-4173, -4747, -1460}, 0, {-9963, 2394}, {0, 129, 0, 255} }},
	{{ {-3756, -5229, -981}, 0, {-8433, 4155}, {0, 137, 45, 255} }},
	{{ {-4319, -5268, -1085}, 0, {-10502, 3771}, {0, 137, 45, 255} }},
	{{ {-3756, -5268, -1085}, 0, {-8433, 3771}, {0, 137, 45, 255} }},
	{{ {-4280, -5229, -981}, 0, {-10358, 4155}, {0, 137, 45, 255} }},
	{{ {-4319, -5268, -1085}, 0, {-1346, 5269}, {137, 0, 45, 255} }},
	{{ {-4280, -4619, -981}, 0, {-1729, 2886}, {137, 0, 45, 255} }},
	{{ {-4319, -4580, -1085}, 0, {-1346, 2742}, {137, 0, 45, 255} }},
	{{ {-4280, -5229, -981}, 0, {-1729, 5125}, {137, 0, 45, 255} }},
	{{ {-4068, -4851, -1357}, 0, {-349, 3736}, {129, 0, 0, 255} }},
	{{ {-4068, -4747, -1357}, 0, {-349, 3353}, {129, 0, 0, 255} }},
	{{ {-4068, -4747, -1460}, 0, {31, 3353}, {129, 0, 0, 255} }},
	{{ {-4068, -4851, -1460}, 0, {31, 3736}, {129, 0, 0, 255} }},
	{{ {-4173, -4747, -1357}, 0, {-349, 3353}, {127, 0, 0, 255} }},
	{{ {-4173, -4851, -1357}, 0, {-349, 3736}, {127, 0, 0, 255} }},
	{{ {-4173, -4851, -1460}, 0, {31, 3736}, {127, 0, 0, 255} }},
	{{ {-4173, -4747, -1460}, 0, {31, 3353}, {127, 0, 0, 255} }},
	{{ {-4068, -4851, -1357}, 0, {-9580, 2774}, {0, 127, 0, 255} }},
	{{ {-4068, -4851, -1460}, 0, {-9580, 2394}, {0, 127, 0, 255} }},
	{{ {-4173, -4851, -1460}, 0, {-9963, 2394}, {0, 127, 0, 255} }},
	{{ {-4173, -4851, -1357}, 0, {-9963, 2774}, {0, 127, 0, 255} }},
	{{ {-4068, -4851, -1357}, 0, {-9580, 2774}, {0, 127, 0, 255} }},
	{{ {-4173, -4851, -1460}, 0, {-9963, 2394}, {0, 127, 0, 255} }},
	{{ {-4069, -5191, -1460}, 0, {31, 4985}, {129, 0, 0, 255} }},
	{{ {-4069, -5269, -1982}, 0, {1947, 5272}, {129, 0, 0, 255} }},
	{{ {-4069, -5269, -1460}, 0, {31, 5272}, {129, 0, 0, 255} }},
	{{ {-4069, -5191, -1982}, 0, {1947, 4985}, {129, 0, 0, 255} }},
	{{ {-3965, -5191, -1460}, 0, {-9199, 2394}, {0, 127, 0, 255} }},
	{{ {-3965, -5191, -1982}, 0, {-9199, 478}, {0, 127, 0, 255} }},
	{{ {-4069, -5191, -1982}, 0, {-9583, 478}, {0, 127, 0, 255} }},
	{{ {-4069, -5191, -1460}, 0, {-9583, 2394}, {0, 127, 0, 255} }},
	{{ {-4069, -5269, -1460}, 0, {-9583, 2394}, {0, 129, 0, 255} }},
	{{ {-3965, -5269, -1982}, 0, {-9199, 478}, {0, 129, 0, 255} }},
	{{ {-3965, -5269, -1460}, 0, {-9199, 2394}, {0, 129, 0, 255} }},
	{{ {-4069, -5269, -1982}, 0, {-9583, 478}, {0, 129, 0, 255} }},
	{{ {-4277, -5269, -1460}, 0, {31, 5272}, {127, 0, 0, 255} }},
	{{ {-4277, -5191, -1982}, 0, {1947, 4985}, {127, 0, 0, 255} }},
	{{ {-4277, -5191, -1460}, 0, {31, 4985}, {127, 0, 0, 255} }},
	{{ {-4277, -5269, -1982}, 0, {1947, 5272}, {127, 0, 0, 255} }},
	{{ {-4277, -4409, -1460}, 0, {31, 2113}, {127, 0, 0, 255} }},
	{{ {-4277, -4409, -1982}, 0, {1947, 2113}, {127, 0, 0, 255} }},
	{{ {-4277, -4331, -1982}, 0, {1947, 1826}, {127, 0, 0, 255} }},
	{{ {-4277, -4331, -1460}, 0, {31, 1826}, {127, 0, 0, 255} }},
	{{ {-4381, -4409, -1460}, 0, {-10729, 2394}, {0, 129, 0, 255} }},
	{{ {-4277, -4409, -1982}, 0, {-10346, 478}, {0, 129, 0, 255} }},
	{{ {-4277, -4409, -1460}, 0, {-10346, 2394}, {0, 129, 0, 255} }},
	{{ {-4381, -4409, -1982}, 0, {-10729, 478}, {0, 129, 0, 255} }},
	{{ {-3965, -4409, -1460}, 0, {31, 2113}, {127, 0, 0, 255} }},
	{{ {-3965, -4409, -1982}, 0, {1947, 2113}, {127, 0, 0, 255} }},
	{{ {-3965, -4331, -1982}, 0, {1947, 1826}, {127, 0, 0, 255} }},
	{{ {-3965, -4331, -1460}, 0, {31, 1826}, {127, 0, 0, 255} }},
	{{ {-3965, -4331, -1460}, 0, {-9199, 2394}, {0, 127, 0, 255} }},
	{{ {-3965, -4331, -1982}, 0, {-9199, 478}, {0, 127, 0, 255} }},
	{{ {-4069, -4331, -1982}, 0, {-9583, 478}, {0, 127, 0, 255} }},
	{{ {-4069, -4331, -1460}, 0, {-9583, 2394}, {0, 127, 0, 255} }},
	{{ {-4069, -4331, -1460}, 0, {31, 1826}, {129, 0, 0, 255} }},
	{{ {-4069, -4331, -1982}, 0, {1947, 1826}, {129, 0, 0, 255} }},
	{{ {-4069, -4409, -1982}, 0, {1947, 2113}, {129, 0, 0, 255} }},
	{{ {-4069, -4409, -1460}, 0, {31, 2113}, {129, 0, 0, 255} }},
	{{ {-4069, -4409, -1460}, 0, {-9583, 2394}, {0, 129, 0, 255} }},
	{{ {-4069, -4409, -1982}, 0, {-9583, 478}, {0, 129, 0, 255} }},
	{{ {-3965, -4409, -1982}, 0, {-9199, 478}, {0, 129, 0, 255} }},
	{{ {-3965, -4409, -1460}, 0, {-9199, 2394}, {0, 129, 0, 255} }},
	{{ {-4590, -5425, -1982}, 0, {-11496, 478}, {0, 129, 0, 255} }},
	{{ {-4590, -5425, -2086}, 0, {-11496, 95}, {0, 129, 0, 255} }},
	{{ {-3756, -5425, -2086}, 0, {-8433, 95}, {0, 129, 0, 255} }},
	{{ {-3756, -5425, -1982}, 0, {-8433, 478}, {0, 129, 0, 255} }},
	{{ {-4590, -4173, -2086}, 0, {-11496, 95}, {0, 127, 0, 255} }},
	{{ {-4590, -4173, -1982}, 0, {-11496, 478}, {0, 127, 0, 255} }},
	{{ {-3756, -4173, -1982}, 0, {-8433, 478}, {0, 127, 0, 255} }},
	{{ {-3756, -4173, -2086}, 0, {-8433, 95}, {0, 127, 0, 255} }},
	{{ {-3756, -4331, -1357}, 0, {-8433, 2774}, {0, 127, 0, 255} }},
	{{ {-3756, -4331, -1460}, 0, {-8433, 2394}, {0, 127, 0, 255} }},
	{{ {-4486, -4331, -1460}, 0, {-11113, 2394}, {0, 127, 0, 255} }},
	{{ {-4486, -4331, -1357}, 0, {-11113, 2774}, {0, 127, 0, 255} }},
	{{ {-4486, -5269, -1357}, 0, {-11113, 2774}, {0, 129, 0, 255} }},
	{{ {-4486, -5269, -1460}, 0, {-11113, 2394}, {0, 129, 0, 255} }},
	{{ {-3756, -5269, -1460}, 0, {-8433, 2394}, {0, 129, 0, 255} }},
	{{ {-3756, -5269, -1357}, 0, {-8433, 2774}, {0, 129, 0, 255} }},
	{{ {-4486, -5269, -1357}, 0, {-349, 5272}, {129, 0, 0, 255} }},
	{{ {-4486, -4331, -1357}, 0, {-349, 1826}, {129, 0, 0, 255} }},
	{{ {-4486, -4331, -1460}, 0, {31, 1826}, {129, 0, 0, 255} }},
	{{ {-4486, -5269, -1460}, 0, {31, 5272}, {129, 0, 0, 255} }},
	{{ {-4590, -4173, -2086}, 0, {2331, 1248}, {129, 0, 0, 255} }},
	{{ {-4590, -5425, -1982}, 0, {1947, 5844}, {129, 0, 0, 255} }},
	{{ {-4590, -4173, -1982}, 0, {1947, 1248}, {129, 0, 0, 255} }},
	{{ {-4590, -5425, -2086}, 0, {2331, 5844}, {129, 0, 0, 255} }},
	{{ {-446, -6952, -2921}, 0, {5397, 11452}, {118, 0, 47, 255} }},
	{{ {-488, -7347, -2818}, 0, {5016, 12904}, {118, 0, 47, 255} }},
	{{ {-446, -7369, -2921}, 0, {5397, 12982}, {118, 0, 47, 255} }},
	{{ {-488, -6973, -2818}, 0, {5016, 11530}, {118, 0, 47, 255} }},
	{{ {-863, -7369, -2921}, 0, {5397, 12982}, {138, 0, 47, 255} }},
	{{ {-821, -6973, -2818}, 0, {5016, 11530}, {138, 0, 47, 255} }},
	{{ {-863, -6952, -2921}, 0, {5397, 11452}, {138, 0, 47, 255} }},
	{{ {-821, -7347, -2818}, 0, {5016, 12904}, {138, 0, 47, 255} }},
	{{ {-488, -6973, -2818}, 0, {3570, 11530}, {0, 0, 127, 255} }},
	{{ {-821, -6973, -2818}, 0, {2346, 11530}, {0, 0, 127, 255} }},
	{{ {-821, -7347, -2818}, 0, {2346, 12904}, {0, 0, 127, 255} }},
	{{ {-488, -7347, -2818}, 0, {3570, 12904}, {0, 0, 127, 255} }},
	{{ {1252, -5426, -876}, 0, {-2115, 5847}, {127, 0, 0, 255} }},
	{{ {1252, -5842, 1}, 0, {-5334, 7377}, {127, 0, 0, 255} }},
	{{ {1252, -5842, -876}, 0, {-2115, 7377}, {127, 0, 0, 255} }},
	{{ {1252, -5426, 1}, 0, {-5334, 5847}, {127, 0, 0, 255} }},
	{{ {836, -5426, -876}, 0, {8430, 4541}, {0, 127, 0, 255} }},
	{{ {1252, -5426, 1}, 0, {9960, 7759}, {0, 127, 0, 255} }},
	{{ {1252, -5426, -876}, 0, {9960, 4541}, {0, 127, 0, 255} }},
	{{ {836, -5426, 1}, 0, {8430, 7759}, {0, 127, 0, 255} }},
	{{ {1252, -5842, -876}, 0, {9960, 4541}, {0, 129, 0, 255} }},
	{{ {836, -5842, 1}, 0, {8430, 7759}, {0, 129, 0, 255} }},
	{{ {836, -5842, -876}, 0, {8430, 4541}, {0, 129, 0, 255} }},
	{{ {1252, -5842, 1}, 0, {9960, 7759}, {0, 129, 0, 255} }},
	{{ {1252, -6261, -876}, 0, {-2115, 8913}, {127, 0, 0, 255} }},
	{{ {1252, -6677, 1}, 0, {-5334, 10443}, {127, 0, 0, 255} }},
	{{ {1252, -6677, -876}, 0, {-2115, 10443}, {127, 0, 0, 255} }},
	{{ {1252, -6261, 1}, 0, {-5334, 8913}, {127, 0, 0, 255} }},
	{{ {836, -6261, -876}, 0, {8430, 4541}, {0, 127, 0, 255} }},
	{{ {1252, -6261, 1}, 0, {9960, 7759}, {0, 127, 0, 255} }},
	{{ {1252, -6261, -876}, 0, {9960, 4541}, {0, 127, 0, 255} }},
	{{ {836, -6261, 1}, 0, {8430, 7759}, {0, 127, 0, 255} }},
	{{ {1252, -6677, -876}, 0, {9960, 4541}, {0, 129, 0, 255} }},
	{{ {836, -6677, 1}, 0, {8430, 7759}, {0, 129, 0, 255} }},
	{{ {836, -6677, -876}, 0, {8430, 4541}, {0, 129, 0, 255} }},
	{{ {1252, -6677, 1}, 0, {9960, 7759}, {0, 129, 0, 255} }},
	{{ {1008, -5843, -876}, 0, {-2116, 7380}, {127, 0, 0, 255} }},
	{{ {1008, -5843, -835}, 0, {-2265, 7380}, {127, 0, 0, 255} }},
	{{ {1008, -6260, -835}, 0, {-2265, 8910}, {127, 0, 0, 255} }},
	{{ {1008, -6260, -876}, 0, {-2116, 8910}, {127, 0, 0, 255} }},
	{{ {1040, -5008, -876}, 0, {-2116, 4314}, {127, 0, 0, 255} }},
	{{ {1040, -5008, -835}, 0, {-2265, 4314}, {127, 0, 0, 255} }},
	{{ {1040, -5425, -835}, 0, {-2265, 5844}, {127, 0, 0, 255} }},
	{{ {1040, -5425, -876}, 0, {-2116, 5844}, {127, 0, 0, 255} }},
	{{ {1252, -6678, -876}, 0, {-2116, 10446}, {127, 0, 0, 255} }},
	{{ {1252, -6678, -835}, 0, {-2265, 10446}, {127, 0, 0, 255} }},
	{{ {1252, -7095, -835}, 0, {-2265, 11976}, {127, 0, 0, 255} }},
	{{ {1252, -7095, -876}, 0, {-2116, 11976}, {127, 0, 0, 255} }},
	{{ {-292, -2192, -1983}, 0, {4289, -6027}, {0, 0, 127, 255} }},
	{{ {-835, -2818, -1983}, 0, {2295, -3731}, {0, 0, 127, 255} }},
	{{ {-292, -2818, -1983}, 0, {4289, -3731}, {0, 0, 127, 255} }},
	{{ {-835, -2192, -1983}, 0, {2295, -6027}, {0, 0, 127, 255} }},
	{{ {-292, -2192, -2086}, 0, {2331, -6027}, {127, 0, 0, 255} }},
	{{ {-292, -2192, -1983}, 0, {1950, -6027}, {127, 0, 0, 255} }},
	{{ {-292, -2818, -1983}, 0, {1950, -3731}, {127, 0, 0, 255} }},
	{{ {-292, -2818, -2086}, 0, {2331, -3731}, {127, 0, 0, 255} }},
	{{ {-835, -2192, -2086}, 0, {2295, 95}, {0, 127, 0, 255} }},
	{{ {-835, -2192, -1983}, 0, {2295, 475}, {0, 127, 0, 255} }},
	{{ {-292, -2192, -1983}, 0, {4289, 475}, {0, 127, 0, 255} }},
	{{ {-292, -2192, -2086}, 0, {4289, 95}, {0, 127, 0, 255} }},
	{{ {-835, -2818, -2086}, 0, {2331, -3731}, {129, 0, 0, 255} }},
	{{ {-835, -2818, -1983}, 0, {1950, -3731}, {129, 0, 0, 255} }},
	{{ {-835, -2192, -1983}, 0, {1950, -6027}, {129, 0, 0, 255} }},
	{{ {-835, -2192, -2086}, 0, {2331, -6027}, {129, 0, 0, 255} }},
	{{ {-292, -2818, -2086}, 0, {4289, 95}, {0, 129, 0, 255} }},
	{{ {-835, -2818, -1983}, 0, {2295, 475}, {0, 129, 0, 255} }},
	{{ {-835, -2818, -2086}, 0, {2295, 95}, {0, 129, 0, 255} }},
	{{ {-292, -2818, -1983}, 0, {4289, 475}, {0, 129, 0, 255} }},
	{{ {-4486, -5269, -1357}, 0, {-11113, 5272}, {0, 0, 127, 255} }},
	{{ {-3756, -5269, -1357}, 0, {-8433, 5272}, {0, 0, 127, 255} }},
	{{ {-4173, -4851, -1357}, 0, {-9963, 3736}, {0, 0, 127, 255} }},
	{{ {-4068, -4851, -1357}, 0, {-9580, 3736}, {0, 0, 127, 255} }},
	{{ {-4068, -4747, -1357}, 0, {-9580, 3353}, {0, 0, 127, 255} }},
	{{ {-3756, -4331, -1357}, 0, {-8433, 1826}, {0, 0, 127, 255} }},
	{{ {-4173, -4747, -1357}, 0, {-9963, 3353}, {0, 0, 127, 255} }},
	{{ {-4486, -4331, -1357}, 0, {-11113, 1826}, {0, 0, 127, 255} }},
};

Gfx pss_dl_WF_mesh_layer_1_tri_4[] = {
	gsSPVertex(pss_dl_WF_mesh_layer_1_vtx_4 + 0, 30, 0),
	gsSP2Triangles(0, 1, 2, 0, 3, 4, 5, 0),
	gsSP2Triangles(6, 7, 8, 0, 9, 10, 11, 0),
	gsSP2Triangles(12, 13, 14, 0, 15, 16, 17, 0),
	gsSP2Triangles(18, 19, 20, 0, 21, 22, 23, 0),
	gsSP2Triangles(24, 25, 26, 0, 27, 28, 29, 0),
	gsSPVertex(pss_dl_WF_mesh_layer_1_vtx_4 + 30, 30, 0),
	gsSP2Triangles(0, 1, 2, 0, 3, 4, 5, 0),
	gsSP2Triangles(6, 7, 8, 0, 9, 10, 11, 0),
	gsSP2Triangles(12, 13, 14, 0, 15, 16, 17, 0),
	gsSP2Triangles(18, 19, 20, 0, 21, 22, 23, 0),
	gsSP2Triangles(24, 25, 26, 0, 27, 28, 29, 0),
	gsSPVertex(pss_dl_WF_mesh_layer_1_vtx_4 + 60, 30, 0),
	gsSP2Triangles(0, 1, 2, 0, 3, 4, 5, 0),
	gsSP2Triangles(6, 7, 8, 0, 9, 10, 11, 0),
	gsSP2Triangles(12, 13, 14, 0, 15, 16, 17, 0),
	gsSP2Triangles(18, 19, 20, 0, 21, 22, 23, 0),
	gsSP2Triangles(24, 25, 26, 0, 27, 28, 29, 0),
	gsSPVertex(pss_dl_WF_mesh_layer_1_vtx_4 + 90, 30, 0),
	gsSP2Triangles(0, 1, 2, 0, 3, 4, 5, 0),
	gsSP2Triangles(6, 7, 8, 0, 9, 10, 11, 0),
	gsSP2Triangles(12, 13, 14, 0, 15, 16, 17, 0),
	gsSP2Triangles(18, 19, 20, 0, 21, 22, 23, 0),
	gsSP2Triangles(24, 25, 26, 0, 27, 28, 29, 0),
	gsSPVertex(pss_dl_WF_mesh_layer_1_vtx_4 + 120, 32, 0),
	gsSP2Triangles(0, 1, 2, 0, 3, 4, 5, 0),
	gsSP2Triangles(6, 7, 8, 0, 9, 10, 11, 0),
	gsSP2Triangles(10, 9, 12, 0, 13, 14, 15, 0),
	gsSP2Triangles(15, 14, 16, 0, 14, 17, 16, 0),
	gsSP2Triangles(18, 19, 20, 0, 21, 18, 20, 0),
	gsSP2Triangles(21, 20, 22, 0, 18, 21, 23, 0),
	gsSP2Triangles(24, 25, 26, 0, 27, 24, 26, 0),
	gsSP2Triangles(28, 29, 30, 0, 29, 31, 30, 0),
	gsSPVertex(pss_dl_WF_mesh_layer_1_vtx_4 + 152, 30, 0),
	gsSP2Triangles(0, 1, 2, 0, 0, 3, 1, 0),
	gsSP2Triangles(4, 5, 6, 0, 5, 4, 7, 0),
	gsSP2Triangles(8, 7, 4, 0, 8, 4, 9, 0),
	gsSP2Triangles(10, 8, 9, 0, 10, 11, 8, 0),
	gsSP2Triangles(10, 12, 11, 0, 13, 11, 12, 0),
	gsSP2Triangles(13, 14, 11, 0, 14, 13, 15, 0),
	gsSP2Triangles(13, 16, 15, 0, 5, 14, 15, 0),
	gsSP2Triangles(5, 7, 14, 0, 17, 18, 19, 0),
	gsSP2Triangles(20, 18, 17, 0, 20, 17, 21, 0),
	gsSP2Triangles(22, 23, 24, 0, 22, 25, 23, 0),
	gsSP2Triangles(26, 27, 28, 0, 26, 28, 29, 0),
	gsSPVertex(pss_dl_WF_mesh_layer_1_vtx_4 + 182, 32, 0),
	gsSP2Triangles(0, 1, 2, 0, 1, 3, 2, 0),
	gsSP2Triangles(4, 5, 6, 0, 4, 6, 7, 0),
	gsSP2Triangles(6, 8, 7, 0, 9, 10, 11, 0),
	gsSP2Triangles(10, 12, 11, 0, 13, 14, 15, 0),
	gsSP2Triangles(13, 16, 14, 0, 17, 18, 19, 0),
	gsSP2Triangles(17, 20, 18, 0, 21, 22, 23, 0),
	gsSP2Triangles(21, 23, 24, 0, 25, 26, 27, 0),
	gsSP2Triangles(25, 27, 28, 0, 29, 30, 31, 0),
	gsSPVertex(pss_dl_WF_mesh_layer_1_vtx_4 + 214, 31, 0),
	gsSP2Triangles(0, 1, 2, 0, 3, 4, 5, 0),
	gsSP2Triangles(3, 6, 4, 0, 7, 8, 9, 0),
	gsSP2Triangles(7, 9, 10, 0, 11, 12, 13, 0),
	gsSP2Triangles(11, 14, 12, 0, 15, 16, 17, 0),
	gsSP2Triangles(15, 18, 16, 0, 19, 20, 21, 0),
	gsSP2Triangles(19, 21, 22, 0, 23, 24, 25, 0),
	gsSP2Triangles(23, 26, 24, 0, 27, 28, 29, 0),
	gsSP1Triangle(27, 29, 30, 0),
	gsSPVertex(pss_dl_WF_mesh_layer_1_vtx_4 + 245, 32, 0),
	gsSP2Triangles(0, 1, 2, 0, 0, 2, 3, 0),
	gsSP2Triangles(4, 5, 6, 0, 4, 6, 7, 0),
	gsSP2Triangles(8, 9, 10, 0, 8, 10, 11, 0),
	gsSP2Triangles(12, 13, 14, 0, 15, 12, 14, 0),
	gsSP2Triangles(16, 17, 18, 0, 19, 16, 18, 0),
	gsSP2Triangles(20, 21, 22, 0, 20, 22, 23, 0),
	gsSP2Triangles(24, 25, 26, 0, 24, 26, 27, 0),
	gsSP2Triangles(28, 29, 30, 0, 31, 28, 30, 0),
	gsSPVertex(pss_dl_WF_mesh_layer_1_vtx_4 + 277, 32, 0),
	gsSP2Triangles(0, 1, 2, 0, 0, 3, 1, 0),
	gsSP2Triangles(4, 5, 6, 0, 4, 7, 5, 0),
	gsSP2Triangles(8, 9, 10, 0, 8, 11, 9, 0),
	gsSP2Triangles(12, 13, 14, 0, 12, 14, 15, 0),
	gsSP2Triangles(16, 17, 18, 0, 16, 19, 17, 0),
	gsSP2Triangles(20, 21, 22, 0, 20, 23, 21, 0),
	gsSP2Triangles(24, 25, 26, 0, 24, 27, 25, 0),
	gsSP2Triangles(28, 29, 30, 0, 28, 31, 29, 0),
	gsSPVertex(pss_dl_WF_mesh_layer_1_vtx_4 + 309, 32, 0),
	gsSP2Triangles(0, 1, 2, 0, 0, 3, 1, 0),
	gsSP2Triangles(4, 5, 6, 0, 4, 7, 5, 0),
	gsSP2Triangles(8, 9, 10, 0, 8, 10, 11, 0),
	gsSP2Triangles(12, 13, 14, 0, 12, 14, 15, 0),
	gsSP2Triangles(16, 17, 18, 0, 16, 18, 19, 0),
	gsSP2Triangles(20, 21, 22, 0, 20, 23, 21, 0),
	gsSP2Triangles(24, 25, 26, 0, 24, 26, 27, 0),
	gsSP2Triangles(28, 29, 30, 0, 28, 30, 31, 0),
	gsSPVertex(pss_dl_WF_mesh_layer_1_vtx_4 + 341, 16, 0),
	gsSP2Triangles(0, 1, 2, 0, 0, 2, 3, 0),
	gsSP2Triangles(4, 5, 6, 0, 4, 7, 5, 0),
	gsSP2Triangles(8, 9, 10, 0, 9, 11, 10, 0),
	gsSP2Triangles(9, 12, 11, 0, 9, 13, 12, 0),
	gsSP2Triangles(13, 14, 12, 0, 13, 15, 14, 0),
	gsSP2Triangles(15, 10, 14, 0, 15, 8, 10, 0),
	gsSPEndDisplayList(),
};

Vtx pss_dl_WF_mesh_layer_1_vtx_5[230] = {
	{{ {-1912, -4174, -2921}, 0, {-1660, -2971}, {0, 127, 0, 255} }},
	{{ {-2262, -4174, -4174}, 0, {-2945, -7570}, {0, 127, 0, 255} }},
	{{ {-2262, -4174, -2921}, 0, {-2945, -2971}, {0, 127, 0, 255} }},
	{{ {-2504, -4766, -4174}, 0, {9996, 3425}, {129, 0, 0, 255} }},
	{{ {-2504, -4679, -2921}, 0, {5397, 3104}, {129, 0, 0, 255} }},
	{{ {-2504, -4679, -3088}, 0, {6010, 3104}, {129, 0, 0, 255} }},
	{{ {-2504, -4766, -4174}, 0, {9996, 3425}, {129, 0, 0, 255} }},
	{{ {-2504, -4766, -2921}, 0, {5397, 3425}, {129, 0, 0, 255} }},
	{{ {-2504, -4679, -2921}, 0, {5397, 3104}, {129, 0, 0, 255} }},
	{{ {-2337, -4679, -2921}, 0, {5397, 3104}, {129, 0, 0, 255} }},
	{{ {-2337, -4504, -2921}, 0, {5397, 2461}, {129, 0, 0, 255} }},
	{{ {-2337, -4504, -3088}, 0, {6010, 2461}, {129, 0, 0, 255} }},
	{{ {-2337, -4679, -2921}, 0, {5397, 3104}, {129, 0, 0, 255} }},
	{{ {-2337, -4504, -3088}, 0, {6010, 2461}, {129, 0, 0, 255} }},
	{{ {-2337, -4679, -3088}, 0, {6010, 3104}, {129, 0, 0, 255} }},
	{{ {-2499, -4427, -3737}, 0, {8394, 2179}, {166, 166, 0, 255} }},
	{{ {-2499, -4427, -3654}, 0, {8088, 2179}, {166, 166, 0, 255} }},
	{{ {-2735, -4191, -3654}, 0, {8088, 1313}, {166, 166, 0, 255} }},
	{{ {-2499, -4427, -3737}, 0, {8394, 2179}, {166, 166, 0, 255} }},
	{{ {-2735, -4191, -3654}, 0, {8088, 1313}, {166, 166, 0, 255} }},
	{{ {-2735, -4191, -3737}, 0, {8394, 1313}, {166, 166, 0, 255} }},
	{{ {-1650, -5333, -3493}, 0, {-700, -5070}, {0, 129, 0, 255} }},
	{{ {-2525, -5333, -3410}, 0, {-3911, -4765}, {0, 129, 0, 255} }},
	{{ {-2525, -5333, -3493}, 0, {-3911, -5070}, {0, 129, 0, 255} }},
	{{ {-1650, -5333, -3493}, 0, {-700, -5070}, {0, 129, 0, 255} }},
	{{ {-1650, -5333, -3410}, 0, {-700, -4765}, {0, 129, 0, 255} }},
	{{ {-2525, -5333, -3410}, 0, {-3911, -4765}, {0, 129, 0, 255} }},
	{{ {-1762, -4670, -3411}, 0, {7196, 3072}, {90, 90, 0, 255} }},
	{{ {-1762, -4670, -3328}, 0, {6891, 3072}, {90, 90, 0, 255} }},
	{{ {-1526, -4906, -3328}, 0, {6891, 3938}, {90, 90, 0, 255} }},
	{{ {-1762, -4670, -3411}, 0, {7196, 3072}, {90, 90, 0, 255} }},
	{{ {-1526, -4906, -3328}, 0, {6891, 3938}, {90, 90, 0, 255} }},
	{{ {-1526, -4906, -3411}, 0, {7196, 3938}, {90, 90, 0, 255} }},
	{{ {-1774, -5153, -3411}, 0, {7196, 4846}, {166, 166, 0, 255} }},
	{{ {-2009, -4917, -3328}, 0, {6891, 3980}, {166, 166, 0, 255} }},
	{{ {-2009, -4917, -3411}, 0, {7196, 3980}, {166, 166, 0, 255} }},
	{{ {-1774, -5153, -3411}, 0, {7196, 4846}, {166, 166, 0, 255} }},
	{{ {-1774, -5153, -3328}, 0, {6891, 4846}, {166, 166, 0, 255} }},
	{{ {-2009, -4917, -3328}, 0, {6891, 3980}, {166, 166, 0, 255} }},
	{{ {-2009, -4267, -3248}, 0, {-2016, -4172}, {166, 90, 0, 255} }},
	{{ {-2009, -4267, -3165}, 0, {-2016, -3867}, {166, 90, 0, 255} }},
	{{ {-1773, -4031, -3165}, 0, {-1150, -3867}, {166, 90, 0, 255} }},
	{{ {-2009, -4267, -3248}, 0, {-2016, -4172}, {166, 90, 0, 255} }},
	{{ {-1773, -4031, -3165}, 0, {-1150, -3867}, {166, 90, 0, 255} }},
	{{ {-1773, -4031, -3248}, 0, {-1150, -4172}, {166, 90, 0, 255} }},
	{{ {-2262, -4174, -2921}, 0, {-2945, -2971}, {166, 90, 0, 255} }},
	{{ {-2504, -4416, -4174}, 0, {-3834, -7570}, {166, 90, 0, 255} }},
	{{ {-2504, -4416, -2921}, 0, {-3834, -2971}, {166, 90, 0, 255} }},
	{{ {-2262, -4174, -4174}, 0, {-2945, -7570}, {166, 90, 0, 255} }},
	{{ {-2504, -4766, -2921}, 0, {5397, 3425}, {166, 166, 0, 255} }},
	{{ {-2262, -5008, -4174}, 0, {9996, 4314}, {166, 166, 0, 255} }},
	{{ {-2262, -5008, -2921}, 0, {5397, 4314}, {166, 166, 0, 255} }},
	{{ {-2504, -4766, -4174}, 0, {9996, 3425}, {166, 166, 0, 255} }},
	{{ {-2504, -4504, -3088}, 0, {6010, 2461}, {129, 0, 0, 255} }},
	{{ {-2504, -4504, -2921}, 0, {5397, 2461}, {129, 0, 0, 255} }},
	{{ {-2504, -4416, -2921}, 0, {5397, 2140}, {129, 0, 0, 255} }},
	{{ {-2504, -4766, -4174}, 0, {9996, 3425}, {129, 0, 0, 255} }},
	{{ {-2504, -4416, -4174}, 0, {9996, 2140}, {129, 0, 0, 255} }},
	{{ {-2504, -4679, -3088}, 0, {6010, 3104}, {129, 0, 0, 255} }},
	{{ {-1912, -4174, -2921}, 0, {-1660, -2971}, {0, 127, 0, 255} }},
	{{ {-1912, -4174, -4174}, 0, {-1660, -7570}, {0, 127, 0, 255} }},
	{{ {-2262, -4174, -4174}, 0, {-2945, -7570}, {0, 127, 0, 255} }},
	{{ {-1670, -4416, -2921}, 0, {5397, 2140}, {90, 90, 0, 255} }},
	{{ {-1912, -4174, -4174}, 0, {9996, 1251}, {90, 90, 0, 255} }},
	{{ {-1912, -4174, -2921}, 0, {5397, 1251}, {90, 90, 0, 255} }},
	{{ {-1670, -4416, -4174}, 0, {9996, 2140}, {90, 90, 0, 255} }},
	{{ {-1670, -4766, -2921}, 0, {5397, 3425}, {127, 0, 0, 255} }},
	{{ {-1670, -4416, -4174}, 0, {9996, 2140}, {127, 0, 0, 255} }},
	{{ {-1670, -4416, -2921}, 0, {5397, 2140}, {127, 0, 0, 255} }},
	{{ {-1670, -4766, -4174}, 0, {9996, 3425}, {127, 0, 0, 255} }},
	{{ {-2504, -4504, -3088}, 0, {-3834, -3585}, {0, 129, 0, 255} }},
	{{ {-2337, -4504, -2921}, 0, {-3220, -2971}, {0, 129, 0, 255} }},
	{{ {-2504, -4504, -2921}, 0, {-3834, -2971}, {0, 129, 0, 255} }},
	{{ {-2337, -4504, -3088}, 0, {-3220, -3585}, {0, 129, 0, 255} }},
	{{ {-1912, -5008, -2921}, 0, {-1660, -2971}, {90, 166, 0, 255} }},
	{{ {-1670, -4766, -4174}, 0, {-771, -7570}, {90, 166, 0, 255} }},
	{{ {-1670, -4766, -2921}, 0, {-771, -2971}, {90, 166, 0, 255} }},
	{{ {-1912, -5008, -4174}, 0, {-1660, -7570}, {90, 166, 0, 255} }},
	{{ {-2262, -5008, -2921}, 0, {-2945, -2971}, {0, 129, 0, 255} }},
	{{ {-1912, -5008, -4174}, 0, {-1660, -7570}, {0, 129, 0, 255} }},
	{{ {-1912, -5008, -2921}, 0, {-1660, -2971}, {0, 129, 0, 255} }},
	{{ {-2262, -5008, -4174}, 0, {-2945, -7570}, {0, 129, 0, 255} }},
	{{ {-2504, -4679, -3088}, 0, {-3834, 3104}, {0, 0, 127, 255} }},
	{{ {-2337, -4504, -3088}, 0, {-3220, 2461}, {0, 0, 127, 255} }},
	{{ {-2504, -4504, -3088}, 0, {-3834, 2461}, {0, 0, 127, 255} }},
	{{ {-2337, -4679, -3088}, 0, {-3220, 3104}, {0, 0, 127, 255} }},
	{{ {-2504, -4679, -2921}, 0, {-3834, -2971}, {0, 127, 0, 255} }},
	{{ {-2337, -4679, -2921}, 0, {-3220, -2971}, {0, 127, 0, 255} }},
	{{ {-2337, -4679, -3088}, 0, {-3220, -3585}, {0, 127, 0, 255} }},
	{{ {-2504, -4679, -3088}, 0, {-3834, -3585}, {0, 127, 0, 255} }},
	{{ {-2735, -4191, -3737}, 0, {-4682, -5968}, {166, 90, 0, 255} }},
	{{ {-2487, -3944, -3654}, 0, {-3773, -5663}, {166, 90, 0, 255} }},
	{{ {-2487, -3944, -3737}, 0, {-3773, -5968}, {166, 90, 0, 255} }},
	{{ {-2735, -4191, -3654}, 0, {-4682, -5663}, {166, 90, 0, 255} }},
	{{ {-2487, -3944, -3737}, 0, {8394, 405}, {90, 90, 0, 255} }},
	{{ {-2251, -4180, -3654}, 0, {8088, 1270}, {90, 90, 0, 255} }},
	{{ {-2251, -4180, -3737}, 0, {8394, 1270}, {90, 90, 0, 255} }},
	{{ {-2487, -3944, -3654}, 0, {8088, 405}, {90, 90, 0, 255} }},
	{{ {-2251, -4180, -3737}, 0, {-2907, 1270}, {0, 0, 129, 255} }},
	{{ {-2735, -4191, -3737}, 0, {-4682, 1313}, {0, 0, 129, 255} }},
	{{ {-2487, -3944, -3737}, 0, {-3773, 405}, {0, 0, 129, 255} }},
	{{ {-2499, -4427, -3737}, 0, {-3816, 2179}, {0, 0, 129, 255} }},
	{{ {-2487, -3944, -3654}, 0, {-3773, 405}, {0, 0, 127, 255} }},
	{{ {-2735, -4191, -3654}, 0, {-4682, 1313}, {0, 0, 127, 255} }},
	{{ {-2499, -4427, -3654}, 0, {-3816, 2179}, {0, 0, 127, 255} }},
	{{ {-2251, -4180, -3654}, 0, {-2907, 1270}, {0, 0, 127, 255} }},
	{{ {-2495, -4766, -3656}, 0, {-3801, -5669}, {79, 156, 0, 255} }},
	{{ {-2495, -4766, -3573}, 0, {-3801, -5364}, {79, 156, 0, 255} }},
	{{ {-2828, -5029, -3573}, 0, {-5026, -5364}, {79, 156, 0, 255} }},
	{{ {-2828, -5029, -3656}, 0, {-5026, -5669}, {79, 156, 0, 255} }},
	{{ {-2828, -5029, -3656}, 0, {8094, 4388}, {129, 0, 0, 255} }},
	{{ {-2828, -4154, -3573}, 0, {7789, 1177}, {129, 0, 0, 255} }},
	{{ {-2828, -4154, -3656}, 0, {8094, 1177}, {129, 0, 0, 255} }},
	{{ {-2828, -5029, -3573}, 0, {7789, 4388}, {129, 0, 0, 255} }},
	{{ {-2828, -4154, -3656}, 0, {-5026, -5669}, {79, 100, 0, 255} }},
	{{ {-2495, -4416, -3573}, 0, {-3801, -5364}, {79, 100, 0, 255} }},
	{{ {-2495, -4416, -3656}, 0, {-3801, -5669}, {79, 100, 0, 255} }},
	{{ {-2828, -4154, -3573}, 0, {-5026, -5364}, {79, 100, 0, 255} }},
	{{ {-2495, -4416, -3656}, 0, {-3801, 2141}, {0, 0, 129, 255} }},
	{{ {-2828, -5029, -3656}, 0, {-5026, 4388}, {0, 0, 129, 255} }},
	{{ {-2828, -4154, -3656}, 0, {-5026, 1177}, {0, 0, 129, 255} }},
	{{ {-2495, -4766, -3656}, 0, {-3801, 3425}, {0, 0, 129, 255} }},
	{{ {-2828, -4154, -3573}, 0, {-5026, 1177}, {0, 0, 127, 255} }},
	{{ {-2828, -5029, -3573}, 0, {-5026, 4388}, {0, 0, 127, 255} }},
	{{ {-2495, -4766, -3573}, 0, {-3801, 3425}, {0, 0, 127, 255} }},
	{{ {-2495, -4416, -3573}, 0, {-3801, 2141}, {0, 0, 127, 255} }},
	{{ {-2166, -4917, -3574}, 0, {-2592, -5370}, {90, 166, 0, 255} }},
	{{ {-2166, -4917, -3491}, 0, {-2592, -5064}, {90, 166, 0, 255} }},
	{{ {-2401, -5153, -3491}, 0, {-3458, -5064}, {90, 166, 0, 255} }},
	{{ {-2401, -5153, -3574}, 0, {-3458, -5370}, {90, 166, 0, 255} }},
	{{ {-2401, -5153, -3574}, 0, {7795, 4844}, {166, 166, 0, 255} }},
	{{ {-2649, -4905, -3491}, 0, {7489, 3936}, {166, 166, 0, 255} }},
	{{ {-2649, -4905, -3574}, 0, {7795, 3936}, {166, 166, 0, 255} }},
	{{ {-2401, -5153, -3491}, 0, {7489, 4844}, {166, 166, 0, 255} }},
	{{ {-2649, -4905, -3574}, 0, {-4366, -5370}, {166, 90, 0, 255} }},
	{{ {-2413, -4670, -3491}, 0, {-3500, -5064}, {166, 90, 0, 255} }},
	{{ {-2413, -4670, -3574}, 0, {-3500, -5370}, {166, 90, 0, 255} }},
	{{ {-2649, -4905, -3491}, 0, {-4366, -5064}, {166, 90, 0, 255} }},
	{{ {-2413, -4670, -3574}, 0, {-3500, 3070}, {0, 0, 129, 255} }},
	{{ {-2401, -5153, -3574}, 0, {-3458, 4844}, {0, 0, 129, 255} }},
	{{ {-2649, -4905, -3574}, 0, {-4366, 3936}, {0, 0, 129, 255} }},
	{{ {-2166, -4917, -3574}, 0, {-2592, 3978}, {0, 0, 129, 255} }},
	{{ {-2649, -4905, -3491}, 0, {-4366, 3936}, {0, 0, 127, 255} }},
	{{ {-2401, -5153, -3491}, 0, {-3458, 4844}, {0, 0, 127, 255} }},
	{{ {-2166, -4917, -3491}, 0, {-2592, 3978}, {0, 0, 127, 255} }},
	{{ {-2413, -4670, -3491}, 0, {-3500, 3070}, {0, 0, 127, 255} }},
	{{ {-1913, -4999, -3493}, 0, {7495, 4281}, {100, 79, 0, 255} }},
	{{ {-1913, -4999, -3410}, 0, {7190, 4281}, {100, 79, 0, 255} }},
	{{ {-1650, -5333, -3410}, 0, {7190, 5506}, {100, 79, 0, 255} }},
	{{ {-1650, -5333, -3493}, 0, {7495, 5506}, {100, 79, 0, 255} }},
	{{ {-2525, -5333, -3493}, 0, {7495, 5506}, {156, 79, 0, 255} }},
	{{ {-2262, -4999, -3410}, 0, {7190, 4281}, {156, 79, 0, 255} }},
	{{ {-2262, -4999, -3493}, 0, {7495, 4281}, {156, 79, 0, 255} }},
	{{ {-2525, -5333, -3410}, 0, {7190, 5506}, {156, 79, 0, 255} }},
	{{ {-2262, -4999, -3493}, 0, {-2948, 4281}, {0, 0, 129, 255} }},
	{{ {-1650, -5333, -3493}, 0, {-700, 5506}, {0, 0, 129, 255} }},
	{{ {-2525, -5333, -3493}, 0, {-3911, 5506}, {0, 0, 129, 255} }},
	{{ {-1913, -4999, -3493}, 0, {-1663, 4281}, {0, 0, 129, 255} }},
	{{ {-2525, -5333, -3410}, 0, {-3911, 5506}, {0, 0, 127, 255} }},
	{{ {-1650, -5333, -3410}, 0, {-700, 5506}, {0, 0, 127, 255} }},
	{{ {-1913, -4999, -3410}, 0, {-1663, 4281}, {0, 0, 127, 255} }},
	{{ {-2262, -4999, -3410}, 0, {-2948, 4281}, {0, 0, 127, 255} }},
	{{ {-1526, -4906, -3411}, 0, {-244, -4771}, {90, 166, 0, 255} }},
	{{ {-1774, -5153, -3328}, 0, {-1152, -4465}, {90, 166, 0, 255} }},
	{{ {-1774, -5153, -3411}, 0, {-1152, -4771}, {90, 166, 0, 255} }},
	{{ {-1526, -4906, -3328}, 0, {-244, -4465}, {90, 166, 0, 255} }},
	{{ {-2009, -4917, -3411}, 0, {-2018, 3980}, {0, 0, 129, 255} }},
	{{ {-1526, -4906, -3411}, 0, {-244, 3938}, {0, 0, 129, 255} }},
	{{ {-1774, -5153, -3411}, 0, {-1152, 4846}, {0, 0, 129, 255} }},
	{{ {-1762, -4670, -3411}, 0, {-1110, 3072}, {0, 0, 129, 255} }},
	{{ {-1774, -5153, -3328}, 0, {-1152, 4846}, {0, 0, 127, 255} }},
	{{ {-1526, -4906, -3328}, 0, {-244, 3938}, {0, 0, 127, 255} }},
	{{ {-1762, -4670, -3328}, 0, {-1110, 3072}, {0, 0, 127, 255} }},
	{{ {-2009, -4917, -3328}, 0, {-2018, 3980}, {0, 0, 127, 255} }},
	{{ {-1680, -4417, -3330}, 0, {-807, -4471}, {177, 100, 0, 255} }},
	{{ {-1680, -4417, -3247}, 0, {-807, -4166}, {177, 100, 0, 255} }},
	{{ {-1346, -4155, -3247}, 0, {418, -4166}, {177, 100, 0, 255} }},
	{{ {-1346, -4155, -3330}, 0, {418, -4471}, {177, 100, 0, 255} }},
	{{ {-1346, -4155, -3330}, 0, {6897, 1180}, {127, 0, 0, 255} }},
	{{ {-1346, -5029, -3247}, 0, {6591, 4391}, {127, 0, 0, 255} }},
	{{ {-1346, -5029, -3330}, 0, {6897, 4391}, {127, 0, 0, 255} }},
	{{ {-1346, -4155, -3247}, 0, {6591, 1180}, {127, 0, 0, 255} }},
	{{ {-1346, -5029, -3330}, 0, {418, -4471}, {177, 156, 0, 255} }},
	{{ {-1680, -4767, -3247}, 0, {-807, -4166}, {177, 156, 0, 255} }},
	{{ {-1680, -4767, -3330}, 0, {-807, -4471}, {177, 156, 0, 255} }},
	{{ {-1346, -5029, -3247}, 0, {418, -4166}, {177, 156, 0, 255} }},
	{{ {-1680, -4767, -3330}, 0, {-807, 3428}, {0, 0, 129, 255} }},
	{{ {-1346, -4155, -3330}, 0, {418, 1180}, {0, 0, 129, 255} }},
	{{ {-1346, -5029, -3330}, 0, {418, 4391}, {0, 0, 129, 255} }},
	{{ {-1680, -4417, -3330}, 0, {-807, 2144}, {0, 0, 129, 255} }},
	{{ {-1346, -5029, -3247}, 0, {418, 4391}, {0, 0, 127, 255} }},
	{{ {-1346, -4155, -3247}, 0, {418, 1180}, {0, 0, 127, 255} }},
	{{ {-1680, -4417, -3247}, 0, {-807, 2144}, {0, 0, 127, 255} }},
	{{ {-1680, -4767, -3247}, 0, {-807, 3428}, {0, 0, 127, 255} }},
	{{ {-1773, -4031, -3248}, 0, {6597, 724}, {90, 90, 0, 255} }},
	{{ {-1526, -4278, -3165}, 0, {6292, 1633}, {90, 90, 0, 255} }},
	{{ {-1526, -4278, -3248}, 0, {6597, 1633}, {90, 90, 0, 255} }},
	{{ {-1773, -4031, -3165}, 0, {6292, 724}, {90, 90, 0, 255} }},
	{{ {-1526, -4278, -3248}, 0, {-242, -4172}, {90, 166, 0, 255} }},
	{{ {-1761, -4514, -3165}, 0, {-1108, -3867}, {90, 166, 0, 255} }},
	{{ {-1761, -4514, -3248}, 0, {-1108, -4172}, {90, 166, 0, 255} }},
	{{ {-1526, -4278, -3165}, 0, {-242, -3867}, {90, 166, 0, 255} }},
	{{ {-1761, -4514, -3248}, 0, {-1108, 2498}, {0, 0, 129, 255} }},
	{{ {-1773, -4031, -3248}, 0, {-1150, 724}, {0, 0, 129, 255} }},
	{{ {-1526, -4278, -3248}, 0, {-242, 1633}, {0, 0, 129, 255} }},
	{{ {-2009, -4267, -3248}, 0, {-2016, 1590}, {0, 0, 129, 255} }},
	{{ {-1526, -4278, -3165}, 0, {-242, 1633}, {0, 0, 127, 255} }},
	{{ {-1773, -4031, -3165}, 0, {-1150, 724}, {0, 0, 127, 255} }},
	{{ {-2009, -4267, -3165}, 0, {-2016, 1590}, {0, 0, 127, 255} }},
	{{ {-1761, -4514, -3165}, 0, {-1108, 2498}, {0, 0, 127, 255} }},
	{{ {-2262, -4184, -3167}, 0, {6298, 1287}, {156, 177, 0, 255} }},
	{{ {-2262, -4184, -3083}, 0, {5992, 1287}, {156, 177, 0, 255} }},
	{{ {-2524, -3851, -3083}, 0, {5992, 63}, {156, 177, 0, 255} }},
	{{ {-2524, -3851, -3167}, 0, {6298, 63}, {156, 177, 0, 255} }},
	{{ {-2524, -3851, -3167}, 0, {-3908, -3873}, {0, 127, 0, 255} }},
	{{ {-1650, -3851, -3083}, 0, {-697, -3567}, {0, 127, 0, 255} }},
	{{ {-1650, -3851, -3167}, 0, {-697, -3873}, {0, 127, 0, 255} }},
	{{ {-2524, -3851, -3083}, 0, {-3908, -3567}, {0, 127, 0, 255} }},
	{{ {-1650, -3851, -3167}, 0, {6298, 63}, {100, 177, 0, 255} }},
	{{ {-1912, -4184, -3083}, 0, {5992, 1287}, {100, 177, 0, 255} }},
	{{ {-1912, -4184, -3167}, 0, {6298, 1287}, {100, 177, 0, 255} }},
	{{ {-1650, -3851, -3083}, 0, {5992, 63}, {100, 177, 0, 255} }},
	{{ {-1912, -4184, -3167}, 0, {-1660, 1287}, {0, 0, 129, 255} }},
	{{ {-2524, -3851, -3167}, 0, {-3908, 63}, {0, 0, 129, 255} }},
	{{ {-1650, -3851, -3167}, 0, {-697, 63}, {0, 0, 129, 255} }},
	{{ {-2262, -4184, -3167}, 0, {-2945, 1287}, {0, 0, 129, 255} }},
	{{ {-1650, -3851, -3083}, 0, {-697, 63}, {0, 0, 127, 255} }},
	{{ {-2524, -3851, -3083}, 0, {-3908, 63}, {0, 0, 127, 255} }},
	{{ {-2262, -4184, -3083}, 0, {-2945, 1287}, {0, 0, 127, 255} }},
	{{ {-1912, -4184, -3083}, 0, {-1660, 1287}, {0, 0, 127, 255} }},
};

Gfx pss_dl_WF_mesh_layer_1_tri_5[] = {
	gsSPVertex(pss_dl_WF_mesh_layer_1_vtx_5 + 0, 30, 0),
	gsSP2Triangles(0, 1, 2, 0, 3, 4, 5, 0),
	gsSP2Triangles(6, 7, 8, 0, 9, 10, 11, 0),
	gsSP2Triangles(12, 13, 14, 0, 15, 16, 17, 0),
	gsSP2Triangles(18, 19, 20, 0, 21, 22, 23, 0),
	gsSP2Triangles(24, 25, 26, 0, 27, 28, 29, 0),
	gsSPVertex(pss_dl_WF_mesh_layer_1_vtx_5 + 30, 32, 0),
	gsSP2Triangles(0, 1, 2, 0, 3, 4, 5, 0),
	gsSP2Triangles(6, 7, 8, 0, 9, 10, 11, 0),
	gsSP2Triangles(12, 13, 14, 0, 15, 16, 17, 0),
	gsSP2Triangles(15, 18, 16, 0, 19, 20, 21, 0),
	gsSP2Triangles(19, 22, 20, 0, 23, 24, 25, 0),
	gsSP2Triangles(23, 25, 26, 0, 25, 27, 26, 0),
	gsSP2Triangles(28, 23, 26, 0, 29, 30, 31, 0),
	gsSPVertex(pss_dl_WF_mesh_layer_1_vtx_5 + 62, 32, 0),
	gsSP2Triangles(0, 1, 2, 0, 0, 3, 1, 0),
	gsSP2Triangles(4, 5, 6, 0, 4, 7, 5, 0),
	gsSP2Triangles(8, 9, 10, 0, 8, 11, 9, 0),
	gsSP2Triangles(12, 13, 14, 0, 12, 15, 13, 0),
	gsSP2Triangles(16, 17, 18, 0, 16, 19, 17, 0),
	gsSP2Triangles(20, 21, 22, 0, 20, 23, 21, 0),
	gsSP2Triangles(24, 25, 26, 0, 24, 26, 27, 0),
	gsSP2Triangles(28, 29, 30, 0, 28, 31, 29, 0),
	gsSPVertex(pss_dl_WF_mesh_layer_1_vtx_5 + 94, 32, 0),
	gsSP2Triangles(0, 1, 2, 0, 0, 3, 1, 0),
	gsSP2Triangles(4, 5, 6, 0, 4, 7, 5, 0),
	gsSP2Triangles(8, 9, 10, 0, 8, 10, 11, 0),
	gsSP2Triangles(12, 13, 14, 0, 12, 14, 15, 0),
	gsSP2Triangles(16, 17, 18, 0, 16, 19, 17, 0),
	gsSP2Triangles(20, 21, 22, 0, 20, 23, 21, 0),
	gsSP2Triangles(24, 25, 26, 0, 24, 27, 25, 0),
	gsSP2Triangles(28, 29, 30, 0, 28, 30, 31, 0),
	gsSPVertex(pss_dl_WF_mesh_layer_1_vtx_5 + 126, 32, 0),
	gsSP2Triangles(0, 1, 2, 0, 0, 2, 3, 0),
	gsSP2Triangles(4, 5, 6, 0, 4, 7, 5, 0),
	gsSP2Triangles(8, 9, 10, 0, 8, 11, 9, 0),
	gsSP2Triangles(12, 13, 14, 0, 12, 15, 13, 0),
	gsSP2Triangles(16, 17, 18, 0, 16, 18, 19, 0),
	gsSP2Triangles(20, 21, 22, 0, 20, 22, 23, 0),
	gsSP2Triangles(24, 25, 26, 0, 24, 27, 25, 0),
	gsSP2Triangles(28, 29, 30, 0, 28, 31, 29, 0),
	gsSPVertex(pss_dl_WF_mesh_layer_1_vtx_5 + 158, 32, 0),
	gsSP2Triangles(0, 1, 2, 0, 0, 2, 3, 0),
	gsSP2Triangles(4, 5, 6, 0, 4, 7, 5, 0),
	gsSP2Triangles(8, 9, 10, 0, 8, 11, 9, 0),
	gsSP2Triangles(12, 13, 14, 0, 12, 14, 15, 0),
	gsSP2Triangles(16, 17, 18, 0, 16, 18, 19, 0),
	gsSP2Triangles(20, 21, 22, 0, 20, 23, 21, 0),
	gsSP2Triangles(24, 25, 26, 0, 24, 27, 25, 0),
	gsSP2Triangles(28, 29, 30, 0, 28, 31, 29, 0),
	gsSPVertex(pss_dl_WF_mesh_layer_1_vtx_5 + 190, 32, 0),
	gsSP2Triangles(0, 1, 2, 0, 0, 2, 3, 0),
	gsSP2Triangles(4, 5, 6, 0, 4, 7, 5, 0),
	gsSP2Triangles(8, 9, 10, 0, 8, 11, 9, 0),
	gsSP2Triangles(12, 13, 14, 0, 12, 15, 13, 0),
	gsSP2Triangles(16, 17, 18, 0, 16, 18, 19, 0),
	gsSP2Triangles(20, 21, 22, 0, 20, 22, 23, 0),
	gsSP2Triangles(24, 25, 26, 0, 24, 27, 25, 0),
	gsSP2Triangles(28, 29, 30, 0, 28, 31, 29, 0),
	gsSPVertex(pss_dl_WF_mesh_layer_1_vtx_5 + 222, 8, 0),
	gsSP2Triangles(0, 1, 2, 0, 0, 3, 1, 0),
	gsSP2Triangles(4, 5, 6, 0, 4, 6, 7, 0),
	gsSPEndDisplayList(),
};

Vtx pss_dl_WF_mesh_layer_1_vtx_6[102] = {
	{{ {543, -5426, -1878}, 0, {7355, 5847}, {26, 34, 136, 255} }},
	{{ {-417, -5426, -2086}, 0, {3828, 5847}, {26, 34, 136, 255} }},
	{{ {0, -5008, -1878}, 0, {5361, 4314}, {26, 34, 136, 255} }},
	{{ {0, -5008, -1878}, 0, {5361, 4314}, {57, 0, 142, 255} }},
	{{ {-417, -5426, -2086}, 0, {3828, 5847}, {57, 0, 142, 255} }},
	{{ {-417, -5008, -2086}, 0, {3828, 4314}, {57, 0, 142, 255} }},
	{{ {0, -4592, -1878}, 0, {5361, 2784}, {57, 0, 142, 255} }},
	{{ {-417, -4592, -2086}, 0, {3828, 2784}, {57, 0, 142, 255} }},
	{{ {-417, -3757, -2086}, 0, {3828, -282}, {57, 0, 142, 255} }},
	{{ {-2921, -2500, -2086}, 0, {-5367, -4899}, {0, 0, 129, 255} }},
	{{ {-3058, -2500, -2086}, 0, {-5870, -4899}, {0, 0, 129, 255} }},
	{{ {-2921, -2087, -2086}, 0, {-5367, -6414}, {0, 0, 129, 255} }},
	{{ {-1670, -2087, -2086}, 0, {-771, -6414}, {0, 0, 129, 255} }},
	{{ {-1520, -2500, -2086}, 0, {-220, -4899}, {0, 0, 129, 255} }},
	{{ {-1670, -2500, -2086}, 0, {-771, -4899}, {0, 0, 129, 255} }},
	{{ {543, -5008, -1878}, 0, {7355, 4314}, {0, 0, 129, 255} }},
	{{ {543, -5426, -1878}, 0, {7355, 5847}, {0, 0, 129, 255} }},
	{{ {0, -5008, -1878}, 0, {5361, 4314}, {0, 0, 129, 255} }},
	{{ {0, -4592, -1878}, 0, {5361, 2784}, {0, 0, 129, 255} }},
	{{ {543, -4592, -1878}, 0, {7355, 2784}, {0, 0, 129, 255} }},
	{{ {-417, -5426, -2086}, 0, {3828, 5847}, {0, 0, 129, 255} }},
	{{ {-835, -3757, -2086}, 0, {2295, -282}, {0, 0, 129, 255} }},
	{{ {-417, -3757, -2086}, 0, {3828, -282}, {0, 0, 129, 255} }},
	{{ {-835, -5008, -2086}, 0, {2295, 4314}, {0, 0, 129, 255} }},
	{{ {-2921, -3339, -2086}, 0, {-5367, -1815}, {0, 0, 129, 255} }},
	{{ {-3059, -2500, -2086}, 0, {-5873, -4896}, {0, 0, 129, 255} }},
	{{ {-2921, -2500, -2086}, 0, {-5367, -4896}, {0, 0, 129, 255} }},
	{{ {-3339, -3339, -2086}, 0, {-6900, -1815}, {0, 0, 129, 255} }},
	{{ {-3756, -4174, -2086}, 0, {-8433, 1251}, {0, 0, 129, 255} }},
	{{ {-3756, -5426, -2086}, 0, {-8433, 5847}, {0, 0, 129, 255} }},
	{{ {-2921, -5008, -2086}, 0, {-5367, 4314}, {0, 0, 129, 255} }},
	{{ {-3756, -6556, -2086}, 0, {-8433, 9997}, {0, 0, 129, 255} }},
	{{ {-3756, -6556, -2086}, 0, {-8433, 9997}, {0, 0, 129, 255} }},
	{{ {-2921, -5008, -2086}, 0, {-5367, 4314}, {0, 0, 129, 255} }},
	{{ {-2432, -6189, -2086}, 0, {-3571, 8649}, {0, 0, 129, 255} }},
	{{ {-2310, -6901, -2086}, 0, {-3121, 11266}, {0, 0, 129, 255} }},
	{{ {-1252, -5008, -2086}, 0, {762, 4314}, {0, 0, 129, 255} }},
	{{ {-835, -5426, -2086}, 0, {2295, 5847}, {0, 0, 129, 255} }},
	{{ {-835, -3757, -2086}, 0, {2295, -282}, {0, 0, 129, 255} }},
	{{ {-1252, -3235, -2086}, 0, {762, -2198}, {0, 0, 129, 255} }},
	{{ {-731, -3757, -2086}, 0, {2678, -282}, {0, 0, 129, 255} }},
	{{ {-1252, -3339, -2086}, 0, {762, -1815}, {0, 0, 129, 255} }},
	{{ {-1670, -3339, -2086}, 0, {-771, -1815}, {0, 0, 129, 255} }},
	{{ {-1520, -2500, -2086}, 0, {-220, -4896}, {0, 0, 129, 255} }},
	{{ {-1670, -2500, -2086}, 0, {-771, -4896}, {0, 0, 129, 255} }},
	{{ {-83, -7930, -876}, 0, {5055, 15045}, {0, 0, 129, 255} }},
	{{ {-83, -7096, -876}, 0, {5055, 11979}, {0, 0, 129, 255} }},
	{{ {543, -7096, -876}, 0, {7355, 11979}, {0, 0, 129, 255} }},
	{{ {1252, -7930, -876}, 0, {9959, 15045}, {0, 0, 129, 255} }},
	{{ {1252, -7096, -876}, 0, {9959, 11979}, {0, 0, 129, 255} }},
	{{ {-4280, -4619, -981}, 0, {-10358, 2886}, {0, 0, 127, 255} }},
	{{ {-3756, -5229, -981}, 0, {-8433, 5125}, {0, 0, 127, 255} }},
	{{ {-3756, -4619, -981}, 0, {-8433, 2886}, {0, 0, 127, 255} }},
	{{ {-4280, -5229, -981}, 0, {-10358, 5125}, {0, 0, 127, 255} }},
	{{ {-4319, -4580, -1085}, 0, {-10502, 2742}, {0, 0, 129, 255} }},
	{{ {-3756, -4580, -1085}, 0, {-8433, 2742}, {0, 0, 129, 255} }},
	{{ {-3756, -5268, -1085}, 0, {-8433, 5269}, {0, 0, 129, 255} }},
	{{ {-4319, -5268, -1085}, 0, {-10502, 5269}, {0, 0, 129, 255} }},
	{{ {-4590, -5425, -1982}, 0, {-11496, 5844}, {0, 0, 127, 255} }},
	{{ {-3756, -5425, -1982}, 0, {-8433, 5844}, {0, 0, 127, 255} }},
	{{ {-3756, -4173, -1982}, 0, {-8433, 1248}, {0, 0, 127, 255} }},
	{{ {-4590, -4173, -1982}, 0, {-11496, 1248}, {0, 0, 127, 255} }},
	{{ {-3756, -4173, -2086}, 0, {-8433, 1248}, {0, 0, 129, 255} }},
	{{ {-3756, -5425, -2086}, 0, {-8433, 5844}, {0, 0, 129, 255} }},
	{{ {-4590, -4173, -2086}, 0, {-11496, 1248}, {0, 0, 129, 255} }},
	{{ {-4590, -5425, -2086}, 0, {-11496, 5844}, {0, 0, 129, 255} }},
	{{ {-446, -7369, -2921}, 0, {3723, 12982}, {0, 0, 129, 255} }},
	{{ {-863, -6952, -2921}, 0, {2193, 11452}, {0, 0, 129, 255} }},
	{{ {-446, -6952, -2921}, 0, {3723, 11452}, {0, 0, 129, 255} }},
	{{ {-863, -7369, -2921}, 0, {2193, 12982}, {0, 0, 129, 255} }},
	{{ {1252, -5842, -876}, 0, {9960, 7377}, {0, 0, 129, 255} }},
	{{ {836, -5842, -876}, 0, {8430, 7377}, {0, 0, 129, 255} }},
	{{ {836, -5426, -876}, 0, {8430, 5847}, {0, 0, 129, 255} }},
	{{ {1252, -5426, -876}, 0, {9960, 5847}, {0, 0, 129, 255} }},
	{{ {1252, -6677, -876}, 0, {9960, 10443}, {0, 0, 129, 255} }},
	{{ {836, -6677, -876}, 0, {8430, 10443}, {0, 0, 129, 255} }},
	{{ {836, -6261, -876}, 0, {8430, 8913}, {0, 0, 129, 255} }},
	{{ {1252, -6261, -876}, 0, {9960, 8913}, {0, 0, 129, 255} }},
	{{ {1008, -5843, -876}, 0, {9062, 7380}, {0, 0, 129, 255} }},
	{{ {591, -6260, -876}, 0, {7532, 8910}, {0, 0, 129, 255} }},
	{{ {591, -5843, -876}, 0, {7532, 7380}, {0, 0, 129, 255} }},
	{{ {1008, -6260, -876}, 0, {9062, 8910}, {0, 0, 129, 255} }},
	{{ {1040, -5008, -876}, 0, {9181, 4314}, {0, 0, 129, 255} }},
	{{ {624, -5425, -876}, 0, {7651, 5844}, {0, 0, 129, 255} }},
	{{ {624, -5008, -876}, 0, {7651, 4314}, {0, 0, 129, 255} }},
	{{ {1040, -5425, -876}, 0, {9181, 5844}, {0, 0, 129, 255} }},
	{{ {1252, -6678, -876}, 0, {9960, 10446}, {0, 0, 129, 255} }},
	{{ {836, -7095, -876}, 0, {8430, 11976}, {0, 0, 129, 255} }},
	{{ {836, -6678, -876}, 0, {8430, 10446}, {0, 0, 129, 255} }},
	{{ {1252, -7095, -876}, 0, {9960, 11976}, {0, 0, 129, 255} }},
	{{ {-292, -2818, -2086}, 0, {4289, -3731}, {0, 0, 129, 255} }},
	{{ {-835, -2818, -2086}, 0, {2295, -3731}, {0, 0, 129, 255} }},
	{{ {-835, -2192, -2086}, 0, {2295, -6027}, {0, 0, 129, 255} }},
	{{ {-292, -2192, -2086}, 0, {4289, -6027}, {0, 0, 129, 255} }},
	{{ {-4486, -4331, -1460}, 0, {-11113, 1826}, {0, 0, 129, 255} }},
	{{ {-3756, -4331, -1460}, 0, {-8433, 1826}, {0, 0, 129, 255} }},
	{{ {-4068, -4747, -1460}, 0, {-9580, 3353}, {0, 0, 129, 255} }},
	{{ {-4068, -4851, -1460}, 0, {-9580, 3736}, {0, 0, 129, 255} }},
	{{ {-3756, -5269, -1460}, 0, {-8433, 5272}, {0, 0, 129, 255} }},
	{{ {-4486, -5269, -1460}, 0, {-11113, 5272}, {0, 0, 129, 255} }},
	{{ {-4173, -4851, -1460}, 0, {-9963, 3736}, {0, 0, 129, 255} }},
	{{ {-4173, -4747, -1460}, 0, {-9963, 3353}, {0, 0, 129, 255} }},
};

Gfx pss_dl_WF_mesh_layer_1_tri_6[] = {
	gsSPVertex(pss_dl_WF_mesh_layer_1_vtx_6 + 0, 32, 0),
	gsSP2Triangles(0, 1, 2, 0, 3, 4, 5, 0),
	gsSP2Triangles(6, 7, 8, 0, 9, 10, 11, 0),
	gsSP2Triangles(12, 13, 14, 0, 15, 16, 17, 0),
	gsSP2Triangles(15, 17, 18, 0, 15, 18, 19, 0),
	gsSP2Triangles(20, 21, 22, 0, 20, 23, 21, 0),
	gsSP2Triangles(24, 25, 26, 0, 24, 27, 25, 0),
	gsSP2Triangles(27, 24, 28, 0, 28, 24, 29, 0),
	gsSP2Triangles(29, 24, 30, 0, 31, 29, 30, 0),
	gsSPVertex(pss_dl_WF_mesh_layer_1_vtx_6 + 32, 30, 0),
	gsSP2Triangles(0, 1, 2, 0, 0, 2, 3, 0),
	gsSP2Triangles(4, 3, 2, 0, 4, 5, 3, 0),
	gsSP2Triangles(6, 7, 8, 0, 7, 6, 9, 0),
	gsSP2Triangles(10, 7, 9, 0, 11, 7, 10, 0),
	gsSP2Triangles(11, 10, 12, 0, 13, 14, 15, 0),
	gsSP2Triangles(16, 13, 15, 0, 16, 15, 17, 0),
	gsSP2Triangles(18, 19, 20, 0, 18, 21, 19, 0),
	gsSP2Triangles(22, 23, 24, 0, 22, 24, 25, 0),
	gsSP2Triangles(26, 27, 28, 0, 26, 28, 29, 0),
	gsSPVertex(pss_dl_WF_mesh_layer_1_vtx_6 + 62, 32, 0),
	gsSP2Triangles(0, 1, 2, 0, 2, 1, 3, 0),
	gsSP2Triangles(4, 5, 6, 0, 4, 7, 5, 0),
	gsSP2Triangles(8, 9, 10, 0, 8, 10, 11, 0),
	gsSP2Triangles(12, 13, 14, 0, 12, 14, 15, 0),
	gsSP2Triangles(16, 17, 18, 0, 16, 19, 17, 0),
	gsSP2Triangles(20, 21, 22, 0, 20, 23, 21, 0),
	gsSP2Triangles(24, 25, 26, 0, 24, 27, 25, 0),
	gsSP2Triangles(28, 29, 30, 0, 28, 30, 31, 0),
	gsSPVertex(pss_dl_WF_mesh_layer_1_vtx_6 + 94, 8, 0),
	gsSP2Triangles(0, 1, 2, 0, 1, 3, 2, 0),
	gsSP2Triangles(1, 4, 3, 0, 4, 5, 3, 0),
	gsSP2Triangles(5, 6, 3, 0, 5, 7, 6, 0),
	gsSP2Triangles(5, 0, 7, 0, 0, 2, 7, 0),
	gsSPEndDisplayList(),
};

Vtx pss_dl_WF_mesh_layer_1_vtx_7[121] = {
	{{ {-1670, -4766, -4382}, 0, {-771, -8337}, {90, 166, 0, 255} }},
	{{ {-1912, -5008, -4174}, 0, {-1660, -7570}, {90, 166, 0, 255} }},
	{{ {-1912, -5008, -4382}, 0, {-1660, -8337}, {90, 166, 0, 255} }},
	{{ {-1670, -4766, -4382}, 0, {-771, -8337}, {90, 166, 0, 255} }},
	{{ {-1670, -4766, -4174}, 0, {-771, -7570}, {90, 166, 0, 255} }},
	{{ {-1912, -5008, -4174}, 0, {-1660, -7570}, {90, 166, 0, 255} }},
	{{ {-1875, -4721, -4549}, 0, {11376, 3257}, {113, 0, 198, 255} }},
	{{ {-2087, -4592, -4967}, 0, {12909, 2784}, {113, 0, 198, 255} }},
	{{ {-1875, -4468, -4549}, 0, {11376, 2329}, {113, 0, 198, 255} }},
	{{ {-2302, -4721, -4549}, 0, {11376, 3257}, {143, 0, 198, 255} }},
	{{ {-2302, -4468, -4549}, 0, {11376, 2329}, {143, 0, 198, 255} }},
	{{ {-2087, -4592, -4967}, 0, {12909, 2784}, {143, 0, 198, 255} }},
	{{ {-2087, -4592, -4967}, 0, {12909, 2784}, {178, 178, 192, 255} }},
	{{ {-2215, -4807, -4549}, 0, {11376, 3574}, {178, 178, 192, 255} }},
	{{ {-2302, -4721, -4549}, 0, {11376, 3257}, {178, 178, 192, 255} }},
	{{ {-2087, -4592, -4967}, 0, {-2304, -10483}, {0, 143, 198, 255} }},
	{{ {-1962, -4807, -4549}, 0, {-1846, -8951}, {0, 143, 198, 255} }},
	{{ {-2215, -4807, -4549}, 0, {-2774, -8951}, {0, 143, 198, 255} }},
	{{ {-2087, -4592, -4967}, 0, {-2304, -10483}, {178, 78, 193, 255} }},
	{{ {-2302, -4468, -4549}, 0, {-3091, -8951}, {178, 78, 193, 255} }},
	{{ {-2215, -4381, -4549}, 0, {-2774, -8951}, {178, 78, 193, 255} }},
	{{ {-1948, -4381, -4549}, 0, {-1792, -8951}, {0, 113, 199, 255} }},
	{{ {-2087, -4592, -4967}, 0, {-2304, -10483}, {0, 113, 199, 255} }},
	{{ {-2215, -4381, -4549}, 0, {-2774, -8951}, {0, 113, 199, 255} }},
	{{ {-1948, -4381, -4549}, 0, {11376, 2012}, {84, 71, 192, 255} }},
	{{ {-1875, -4468, -4549}, 0, {11376, 2329}, {84, 71, 192, 255} }},
	{{ {-2087, -4592, -4967}, 0, {12909, 2784}, {84, 71, 192, 255} }},
	{{ {-1875, -4721, -4549}, 0, {-1526, -8951}, {77, 178, 193, 255} }},
	{{ {-1962, -4807, -4549}, 0, {-1846, -8951}, {77, 178, 193, 255} }},
	{{ {-2087, -4592, -4967}, 0, {-2304, -10483}, {77, 178, 193, 255} }},
	{{ {-1937, -4948, -4382}, 0, {-1753, -8337}, {166, 90, 0, 255} }},
	{{ {-1937, -4948, -4341}, 0, {-1753, -8184}, {166, 90, 0, 255} }},
	{{ {-1730, -4741, -4341}, 0, {-993, -8184}, {166, 90, 0, 255} }},
	{{ {-1937, -4948, -4382}, 0, {-1753, -8337}, {166, 90, 0, 255} }},
	{{ {-1730, -4741, -4341}, 0, {-993, -8184}, {166, 90, 0, 255} }},
	{{ {-1730, -4741, -4382}, 0, {-993, -8337}, {166, 90, 0, 255} }},
	{{ {-1730, -4442, -4382}, 0, {10762, 2233}, {166, 166, 0, 255} }},
	{{ {-1937, -4235, -4341}, 0, {10609, 1473}, {166, 166, 0, 255} }},
	{{ {-1937, -4235, -4382}, 0, {10762, 1473}, {166, 166, 0, 255} }},
	{{ {-2236, -4235, -4382}, 0, {-2852, -8337}, {90, 166, 0, 255} }},
	{{ {-2443, -4442, -4341}, 0, {-3612, -8184}, {90, 166, 0, 255} }},
	{{ {-2443, -4442, -4382}, 0, {-3612, -8337}, {90, 166, 0, 255} }},
	{{ {-2236, -4235, -4382}, 0, {-2852, -8337}, {90, 166, 0, 255} }},
	{{ {-2236, -4235, -4341}, 0, {-2852, -8184}, {90, 166, 0, 255} }},
	{{ {-2443, -4442, -4341}, 0, {-3612, -8184}, {90, 166, 0, 255} }},
	{{ {-1730, -4442, -4382}, 0, {10762, 2233}, {166, 166, 0, 255} }},
	{{ {-1730, -4442, -4341}, 0, {10609, 2233}, {166, 166, 0, 255} }},
	{{ {-1937, -4235, -4341}, 0, {10609, 1473}, {166, 166, 0, 255} }},
	{{ {-2504, -4416, -4382}, 0, {-3834, 2140}, {0, 0, 129, 255} }},
	{{ {-2236, -4235, -4382}, 0, {-2852, 1473}, {0, 0, 129, 255} }},
	{{ {-2443, -4442, -4382}, 0, {-3612, 2233}, {0, 0, 129, 255} }},
	{{ {-1730, -4442, -4382}, 0, {-993, 2233}, {0, 0, 129, 255} }},
	{{ {-1670, -4766, -4382}, 0, {-771, 3425}, {0, 0, 129, 255} }},
	{{ {-1730, -4741, -4382}, 0, {-993, 3332}, {0, 0, 129, 255} }},
	{{ {-2504, -4766, -4382}, 0, {-3834, 3425}, {0, 0, 129, 255} }},
	{{ {-2504, -4416, -4382}, 0, {-3834, 2140}, {0, 0, 129, 255} }},
	{{ {-2443, -4442, -4382}, 0, {-3612, 2233}, {0, 0, 129, 255} }},
	{{ {-2262, -5008, -4382}, 0, {10762, 4314}, {166, 166, 0, 255} }},
	{{ {-2262, -5008, -4174}, 0, {9996, 4314}, {166, 166, 0, 255} }},
	{{ {-2504, -4766, -4174}, 0, {9996, 3425}, {166, 166, 0, 255} }},
	{{ {-2504, -4766, -4382}, 0, {10762, 3425}, {166, 166, 0, 255} }},
	{{ {-1912, -4174, -4382}, 0, {10762, 1251}, {90, 90, 0, 255} }},
	{{ {-1670, -4416, -4174}, 0, {9996, 2140}, {90, 90, 0, 255} }},
	{{ {-1670, -4416, -4382}, 0, {10762, 2140}, {90, 90, 0, 255} }},
	{{ {-1912, -4174, -4174}, 0, {9996, 1251}, {90, 90, 0, 255} }},
	{{ {-1670, -4416, -4382}, 0, {10762, 2140}, {127, 0, 0, 255} }},
	{{ {-1670, -4416, -4174}, 0, {9996, 2140}, {127, 0, 0, 255} }},
	{{ {-1670, -4766, -4174}, 0, {9996, 3425}, {127, 0, 0, 255} }},
	{{ {-1670, -4766, -4382}, 0, {10762, 3425}, {127, 0, 0, 255} }},
	{{ {-2262, -4174, -4382}, 0, {-2945, -8337}, {0, 127, 0, 255} }},
	{{ {-1912, -4174, -4174}, 0, {-1660, -7570}, {0, 127, 0, 255} }},
	{{ {-1912, -4174, -4382}, 0, {-1660, -8337}, {0, 127, 0, 255} }},
	{{ {-2262, -4174, -4174}, 0, {-2945, -7570}, {0, 127, 0, 255} }},
	{{ {-2504, -4766, -4382}, 0, {10762, 3425}, {129, 0, 0, 255} }},
	{{ {-2504, -4766, -4174}, 0, {9996, 3425}, {129, 0, 0, 255} }},
	{{ {-2504, -4416, -4174}, 0, {9996, 2140}, {129, 0, 0, 255} }},
	{{ {-2504, -4416, -4382}, 0, {10762, 2140}, {129, 0, 0, 255} }},
	{{ {-2504, -4416, -4382}, 0, {-3834, -8337}, {166, 90, 0, 255} }},
	{{ {-2504, -4416, -4174}, 0, {-3834, -7570}, {166, 90, 0, 255} }},
	{{ {-2262, -4174, -4174}, 0, {-2945, -7570}, {166, 90, 0, 255} }},
	{{ {-2262, -4174, -4382}, 0, {-2945, -8337}, {166, 90, 0, 255} }},
	{{ {-1730, -4741, -4382}, 0, {10762, 3332}, {129, 0, 0, 255} }},
	{{ {-1730, -4442, -4341}, 0, {10609, 2233}, {129, 0, 0, 255} }},
	{{ {-1730, -4442, -4382}, 0, {10762, 2233}, {129, 0, 0, 255} }},
	{{ {-1730, -4741, -4341}, 0, {10609, 3332}, {129, 0, 0, 255} }},
	{{ {-2443, -4442, -4382}, 0, {10762, 2233}, {127, 0, 0, 255} }},
	{{ {-2443, -4741, -4341}, 0, {10609, 3332}, {127, 0, 0, 255} }},
	{{ {-2443, -4741, -4382}, 0, {10762, 3332}, {127, 0, 0, 255} }},
	{{ {-2443, -4442, -4341}, 0, {10609, 2233}, {127, 0, 0, 255} }},
	{{ {-2236, -4948, -4382}, 0, {-2852, -8337}, {0, 127, 0, 255} }},
	{{ {-1937, -4948, -4341}, 0, {-1753, -8184}, {0, 127, 0, 255} }},
	{{ {-1937, -4948, -4382}, 0, {-1753, -8337}, {0, 127, 0, 255} }},
	{{ {-2236, -4948, -4341}, 0, {-2852, -8184}, {0, 127, 0, 255} }},
	{{ {-2443, -4741, -4382}, 0, {10762, 3332}, {90, 90, 0, 255} }},
	{{ {-2236, -4948, -4341}, 0, {10609, 4092}, {90, 90, 0, 255} }},
	{{ {-2236, -4948, -4382}, 0, {10762, 4092}, {90, 90, 0, 255} }},
	{{ {-2443, -4741, -4341}, 0, {10609, 3332}, {90, 90, 0, 255} }},
	{{ {-1937, -4235, -4382}, 0, {-1753, -8337}, {0, 129, 0, 255} }},
	{{ {-2236, -4235, -4341}, 0, {-2852, -8184}, {0, 129, 0, 255} }},
	{{ {-2236, -4235, -4382}, 0, {-2852, -8337}, {0, 129, 0, 255} }},
	{{ {-1937, -4235, -4341}, 0, {-1753, -8184}, {0, 129, 0, 255} }},
	{{ {-1730, -4442, -4382}, 0, {-993, 2233}, {0, 0, 129, 255} }},
	{{ {-1670, -4416, -4382}, 0, {-771, 2140}, {0, 0, 129, 255} }},
	{{ {-1670, -4766, -4382}, 0, {-771, 3425}, {0, 0, 129, 255} }},
	{{ {-1912, -4174, -4382}, 0, {-1660, 1251}, {0, 0, 129, 255} }},
	{{ {-1937, -4235, -4382}, 0, {-1753, 1473}, {0, 0, 129, 255} }},
	{{ {-2262, -4174, -4382}, 0, {-2945, 1251}, {0, 0, 129, 255} }},
	{{ {-2236, -4235, -4382}, 0, {-2852, 1473}, {0, 0, 129, 255} }},
	{{ {-2504, -4416, -4382}, 0, {-3834, 2140}, {0, 0, 129, 255} }},
	{{ {-2504, -4766, -4382}, 0, {-3834, 3425}, {0, 0, 129, 255} }},
	{{ {-2443, -4442, -4382}, 0, {-3612, 2233}, {0, 0, 129, 255} }},
	{{ {-2443, -4741, -4382}, 0, {-3612, 3332}, {0, 0, 129, 255} }},
	{{ {-2262, -5008, -4382}, 0, {-2945, 4314}, {0, 0, 129, 255} }},
	{{ {-2236, -4948, -4382}, 0, {-2852, 4092}, {0, 0, 129, 255} }},
	{{ {-1912, -5008, -4382}, 0, {-1660, 4314}, {0, 0, 129, 255} }},
	{{ {-1937, -4948, -4382}, 0, {-1753, 4092}, {0, 0, 129, 255} }},
	{{ {-1730, -4741, -4382}, 0, {-993, 3332}, {0, 0, 129, 255} }},
	{{ {-1912, -5008, -4382}, 0, {-1660, -8337}, {0, 129, 0, 255} }},
	{{ {-2262, -5008, -4174}, 0, {-2945, -7570}, {0, 129, 0, 255} }},
	{{ {-2262, -5008, -4382}, 0, {-2945, -8337}, {0, 129, 0, 255} }},
	{{ {-1912, -5008, -4174}, 0, {-1660, -7570}, {0, 129, 0, 255} }},
};

Gfx pss_dl_WF_mesh_layer_1_tri_7[] = {
	gsSPVertex(pss_dl_WF_mesh_layer_1_vtx_7 + 0, 30, 0),
	gsSP2Triangles(0, 1, 2, 0, 3, 4, 5, 0),
	gsSP2Triangles(6, 7, 8, 0, 9, 10, 11, 0),
	gsSP2Triangles(12, 13, 14, 0, 15, 16, 17, 0),
	gsSP2Triangles(18, 19, 20, 0, 21, 22, 23, 0),
	gsSP2Triangles(24, 25, 26, 0, 27, 28, 29, 0),
	gsSPVertex(pss_dl_WF_mesh_layer_1_vtx_7 + 30, 31, 0),
	gsSP2Triangles(0, 1, 2, 0, 3, 4, 5, 0),
	gsSP2Triangles(6, 7, 8, 0, 9, 10, 11, 0),
	gsSP2Triangles(12, 13, 14, 0, 15, 16, 17, 0),
	gsSP2Triangles(18, 19, 20, 0, 21, 22, 23, 0),
	gsSP2Triangles(24, 25, 26, 0, 27, 28, 29, 0),
	gsSP1Triangle(27, 29, 30, 0),
	gsSPVertex(pss_dl_WF_mesh_layer_1_vtx_7 + 61, 32, 0),
	gsSP2Triangles(0, 1, 2, 0, 0, 3, 1, 0),
	gsSP2Triangles(4, 5, 6, 0, 4, 6, 7, 0),
	gsSP2Triangles(8, 9, 10, 0, 8, 11, 9, 0),
	gsSP2Triangles(12, 13, 14, 0, 12, 14, 15, 0),
	gsSP2Triangles(16, 17, 18, 0, 16, 18, 19, 0),
	gsSP2Triangles(20, 21, 22, 0, 20, 23, 21, 0),
	gsSP2Triangles(24, 25, 26, 0, 24, 27, 25, 0),
	gsSP2Triangles(28, 29, 30, 0, 28, 31, 29, 0),
	gsSPVertex(pss_dl_WF_mesh_layer_1_vtx_7 + 93, 28, 0),
	gsSP2Triangles(0, 1, 2, 0, 0, 3, 1, 0),
	gsSP2Triangles(4, 5, 6, 0, 4, 7, 5, 0),
	gsSP2Triangles(8, 9, 10, 0, 11, 9, 8, 0),
	gsSP2Triangles(11, 8, 12, 0, 13, 11, 12, 0),
	gsSP2Triangles(13, 12, 14, 0, 15, 13, 14, 0),
	gsSP2Triangles(16, 17, 18, 0, 19, 16, 18, 0),
	gsSP2Triangles(19, 18, 20, 0, 21, 19, 20, 0),
	gsSP2Triangles(21, 20, 22, 0, 10, 21, 22, 0),
	gsSP2Triangles(10, 22, 23, 0, 24, 25, 26, 0),
	gsSP1Triangle(24, 27, 25, 0),
	gsSPEndDisplayList(),
};

Vtx pss_dl_WF_mesh_layer_1_vtx_8[266] = {
	{{ {-2191, -2880, -2086}, 0, {-2684, 95}, {0, 127, 0, 255} }},
	{{ {-2295, -2880, -2295}, 0, {-3068, -672}, {0, 127, 0, 255} }},
	{{ {-2399, -2880, -2086}, 0, {-3451, 95}, {0, 127, 0, 255} }},
	{{ {-3673, -1335, -834}, 0, {-2268, -9174}, {127, 0, 0, 255} }},
	{{ {-3673, -1335, -417}, 0, {-3801, -9174}, {127, 0, 0, 255} }},
	{{ {-3673, -1503, -417}, 0, {-3801, -8560}, {127, 0, 0, 255} }},
	{{ {-3673, -1335, -834}, 0, {-2268, -9174}, {127, 0, 0, 255} }},
	{{ {-3673, -1503, -417}, 0, {-3801, -8560}, {127, 0, 0, 255} }},
	{{ {-3673, -1503, -834}, 0, {-2268, -8560}, {127, 0, 0, 255} }},
	{{ {-730, -3339, -1983}, 0, {2681, -1815}, {0, 0, 127, 255} }},
	{{ {-451, -3443, -1983}, 0, {3705, -1435}, {0, 0, 127, 255} }},
	{{ {-451, -3339, -1983}, 0, {3705, -1815}, {0, 0, 127, 255} }},
	{{ {-730, -3339, -2086}, 0, {2681, 95}, {0, 127, 0, 255} }},
	{{ {-451, -3339, -1983}, 0, {3705, 475}, {0, 127, 0, 255} }},
	{{ {-451, -3339, -2086}, 0, {3705, 95}, {0, 127, 0, 255} }},
	{{ {-730, -3339, -1983}, 0, {2681, -1815}, {0, 0, 127, 255} }},
	{{ {-730, -3443, -1983}, 0, {2681, -1435}, {0, 0, 127, 255} }},
	{{ {-451, -3443, -1983}, 0, {3705, -1435}, {0, 0, 127, 255} }},
	{{ {-730, -3339, -2086}, 0, {2681, 95}, {0, 127, 0, 255} }},
	{{ {-730, -3339, -1983}, 0, {2681, 475}, {0, 127, 0, 255} }},
	{{ {-451, -3339, -1983}, 0, {3705, 475}, {0, 127, 0, 255} }},
	{{ {-730, -3548, -1983}, 0, {2681, -1048}, {0, 0, 127, 255} }},
	{{ {-451, -3652, -1983}, 0, {3705, -668}, {0, 0, 127, 255} }},
	{{ {-451, -3548, -1983}, 0, {3705, -1048}, {0, 0, 127, 255} }},
	{{ {-730, -3548, -1983}, 0, {2681, -1048}, {0, 0, 127, 255} }},
	{{ {-730, -3652, -1983}, 0, {2681, -668}, {0, 0, 127, 255} }},
	{{ {-451, -3652, -1983}, 0, {3705, -668}, {0, 0, 127, 255} }},
	{{ {-2191, -3339, -2086}, 0, {-2684, -1815}, {0, 0, 127, 255} }},
	{{ {-2399, -2880, -2086}, 0, {-3451, -3500}, {0, 0, 127, 255} }},
	{{ {-2399, -3339, -2086}, 0, {-3451, -1815}, {0, 0, 127, 255} }},
	{{ {-2191, -2880, -2086}, 0, {-2684, -3500}, {0, 0, 127, 255} }},
	{{ {-2295, -3339, -2295}, 0, {3097, -1815}, {114, 0, 199, 255} }},
	{{ {-2191, -2880, -2086}, 0, {2331, -3500}, {114, 0, 199, 255} }},
	{{ {-2191, -3339, -2086}, 0, {2331, -1815}, {114, 0, 199, 255} }},
	{{ {-2295, -2880, -2295}, 0, {3097, -3500}, {114, 0, 199, 255} }},
	{{ {-2399, -3339, -2086}, 0, {2331, -1815}, {142, 0, 199, 255} }},
	{{ {-2295, -2880, -2295}, 0, {3097, -3500}, {142, 0, 199, 255} }},
	{{ {-2295, -3339, -2295}, 0, {3097, -1815}, {142, 0, 199, 255} }},
	{{ {-2399, -2880, -2086}, 0, {2331, -3500}, {142, 0, 199, 255} }},
	{{ {-3506, -1335, -834}, 0, {-7514, 4693}, {0, 129, 0, 255} }},
	{{ {-3673, -1335, -417}, 0, {-8127, 6226}, {0, 129, 0, 255} }},
	{{ {-3673, -1335, -834}, 0, {-8127, 4693}, {0, 129, 0, 255} }},
	{{ {-3506, -1335, -417}, 0, {-7514, 6226}, {0, 129, 0, 255} }},
	{{ {-835, -5426, -2921}, 0, {2295, 5847}, {0, 0, 129, 255} }},
	{{ {-1252, -5008, -2921}, 0, {762, 4314}, {0, 0, 129, 255} }},
	{{ {-835, -3757, -2921}, 0, {2295, -282}, {0, 0, 129, 255} }},
	{{ {-2921, -3339, -2921}, 0, {-5367, -1815}, {0, 0, 129, 255} }},
	{{ {-2432, -6189, -2921}, 0, {-3571, 8649}, {0, 0, 129, 255} }},
	{{ {-2921, -5008, -2921}, 0, {-5367, 4314}, {0, 0, 129, 255} }},
	{{ {-1252, -3339, -2921}, 0, {762, -1815}, {0, 0, 129, 255} }},
	{{ {-3673, -1335, -417}, 0, {-8127, -9174}, {0, 0, 129, 255} }},
	{{ {-3506, -1503, -417}, 0, {-7514, -8560}, {0, 0, 129, 255} }},
	{{ {-3673, -1503, -417}, 0, {-8127, -8560}, {0, 0, 129, 255} }},
	{{ {-3506, -1335, -417}, 0, {-7514, -9174}, {0, 0, 129, 255} }},
	{{ {-3506, -1503, -834}, 0, {-2268, -8560}, {129, 0, 0, 255} }},
	{{ {-3506, -1503, -417}, 0, {-3801, -8560}, {129, 0, 0, 255} }},
	{{ {-3506, -1335, -417}, 0, {-3801, -9174}, {129, 0, 0, 255} }},
	{{ {-3506, -1335, -834}, 0, {-2268, -9174}, {129, 0, 0, 255} }},
	{{ {-3673, -1503, -834}, 0, {-8127, 4693}, {0, 127, 0, 255} }},
	{{ {-3506, -1503, -417}, 0, {-7514, 6226}, {0, 127, 0, 255} }},
	{{ {-3506, -1503, -834}, 0, {-7514, 4693}, {0, 127, 0, 255} }},
	{{ {-3673, -1503, -417}, 0, {-8127, 6226}, {0, 127, 0, 255} }},
	{{ {-730, -2818, -1983}, 0, {2681, -3731}, {0, 0, 127, 255} }},
	{{ {-451, -2921, -1983}, 0, {3705, -3351}, {0, 0, 127, 255} }},
	{{ {-451, -2818, -1983}, 0, {3705, -3731}, {0, 0, 127, 255} }},
	{{ {-730, -2921, -1983}, 0, {2681, -3351}, {0, 0, 127, 255} }},
	{{ {-451, -2818, -1983}, 0, {1950, -3731}, {127, 0, 0, 255} }},
	{{ {-451, -2921, -1983}, 0, {1950, -3351}, {127, 0, 0, 255} }},
	{{ {-451, -2921, -2086}, 0, {2331, -3351}, {127, 0, 0, 255} }},
	{{ {-451, -2818, -2086}, 0, {2331, -3731}, {127, 0, 0, 255} }},
	{{ {-451, -2921, -2086}, 0, {3705, 95}, {0, 129, 0, 255} }},
	{{ {-451, -2921, -1983}, 0, {3705, 475}, {0, 129, 0, 255} }},
	{{ {-730, -2921, -1983}, 0, {2681, 475}, {0, 129, 0, 255} }},
	{{ {-730, -2921, -2086}, 0, {2681, 95}, {0, 129, 0, 255} }},
	{{ {-730, -2921, -2086}, 0, {2681, -3351}, {0, 0, 129, 255} }},
	{{ {-730, -2818, -2086}, 0, {2681, -3731}, {0, 0, 129, 255} }},
	{{ {-451, -2818, -2086}, 0, {3705, -3731}, {0, 0, 129, 255} }},
	{{ {-451, -2921, -2086}, 0, {3705, -3351}, {0, 0, 129, 255} }},
	{{ {-730, -2818, -2086}, 0, {2681, 95}, {0, 127, 0, 255} }},
	{{ {-451, -2818, -1983}, 0, {3705, 475}, {0, 127, 0, 255} }},
	{{ {-451, -2818, -2086}, 0, {3705, 95}, {0, 127, 0, 255} }},
	{{ {-730, -2818, -1983}, 0, {2681, 475}, {0, 127, 0, 255} }},
	{{ {-730, -2921, -1983}, 0, {1950, -3351}, {129, 0, 0, 255} }},
	{{ {-730, -2818, -1983}, 0, {1950, -3731}, {129, 0, 0, 255} }},
	{{ {-730, -2818, -2086}, 0, {2331, -3731}, {129, 0, 0, 255} }},
	{{ {-730, -2921, -2086}, 0, {2331, -3351}, {129, 0, 0, 255} }},
	{{ {-730, -2922, -1983}, 0, {2681, -3348}, {0, 0, 127, 255} }},
	{{ {-451, -3026, -1983}, 0, {3705, -2968}, {0, 0, 127, 255} }},
	{{ {-451, -2922, -1983}, 0, {3705, -3348}, {0, 0, 127, 255} }},
	{{ {-730, -3026, -1983}, 0, {2681, -2968}, {0, 0, 127, 255} }},
	{{ {-451, -2922, -1983}, 0, {1950, -3348}, {127, 0, 0, 255} }},
	{{ {-451, -3026, -1983}, 0, {1950, -2968}, {127, 0, 0, 255} }},
	{{ {-451, -3026, -2086}, 0, {2331, -2968}, {127, 0, 0, 255} }},
	{{ {-451, -2922, -2086}, 0, {2331, -3348}, {127, 0, 0, 255} }},
	{{ {-451, -3026, -2086}, 0, {3705, 95}, {0, 129, 0, 255} }},
	{{ {-451, -3026, -1983}, 0, {3705, 475}, {0, 129, 0, 255} }},
	{{ {-730, -3026, -1983}, 0, {2681, 475}, {0, 129, 0, 255} }},
	{{ {-730, -3026, -2086}, 0, {2681, 95}, {0, 129, 0, 255} }},
	{{ {-730, -3026, -2086}, 0, {2681, -2968}, {0, 0, 129, 255} }},
	{{ {-730, -2922, -2086}, 0, {2681, -3348}, {0, 0, 129, 255} }},
	{{ {-451, -2922, -2086}, 0, {3705, -3348}, {0, 0, 129, 255} }},
	{{ {-451, -3026, -2086}, 0, {3705, -2968}, {0, 0, 129, 255} }},
	{{ {-730, -2922, -2086}, 0, {2681, 95}, {0, 127, 0, 255} }},
	{{ {-451, -2922, -1983}, 0, {3705, 475}, {0, 127, 0, 255} }},
	{{ {-451, -2922, -2086}, 0, {3705, 95}, {0, 127, 0, 255} }},
	{{ {-730, -2922, -1983}, 0, {2681, 475}, {0, 127, 0, 255} }},
	{{ {-730, -3026, -1983}, 0, {1950, -2968}, {129, 0, 0, 255} }},
	{{ {-730, -2922, -1983}, 0, {1950, -3348}, {129, 0, 0, 255} }},
	{{ {-730, -2922, -2086}, 0, {2331, -3348}, {129, 0, 0, 255} }},
	{{ {-730, -3026, -2086}, 0, {2331, -2968}, {129, 0, 0, 255} }},
	{{ {-730, -3026, -1983}, 0, {2681, -2965}, {0, 0, 127, 255} }},
	{{ {-451, -3130, -1983}, 0, {3705, -2584}, {0, 0, 127, 255} }},
	{{ {-451, -3026, -1983}, 0, {3705, -2965}, {0, 0, 127, 255} }},
	{{ {-730, -3130, -1983}, 0, {2681, -2584}, {0, 0, 127, 255} }},
	{{ {-451, -3026, -1983}, 0, {1950, -2965}, {127, 0, 0, 255} }},
	{{ {-451, -3130, -1983}, 0, {1950, -2584}, {127, 0, 0, 255} }},
	{{ {-451, -3130, -2086}, 0, {2331, -2584}, {127, 0, 0, 255} }},
	{{ {-451, -3026, -2086}, 0, {2331, -2965}, {127, 0, 0, 255} }},
	{{ {-451, -3130, -2086}, 0, {3705, 95}, {0, 129, 0, 255} }},
	{{ {-451, -3130, -1983}, 0, {3705, 475}, {0, 129, 0, 255} }},
	{{ {-730, -3130, -1983}, 0, {2681, 475}, {0, 129, 0, 255} }},
	{{ {-730, -3130, -2086}, 0, {2681, 95}, {0, 129, 0, 255} }},
	{{ {-730, -3130, -2086}, 0, {2681, -2584}, {0, 0, 129, 255} }},
	{{ {-730, -3026, -2086}, 0, {2681, -2965}, {0, 0, 129, 255} }},
	{{ {-451, -3026, -2086}, 0, {3705, -2965}, {0, 0, 129, 255} }},
	{{ {-451, -3130, -2086}, 0, {3705, -2584}, {0, 0, 129, 255} }},
	{{ {-730, -3026, -2086}, 0, {2681, 95}, {0, 127, 0, 255} }},
	{{ {-451, -3026, -1983}, 0, {3705, 475}, {0, 127, 0, 255} }},
	{{ {-451, -3026, -2086}, 0, {3705, 95}, {0, 127, 0, 255} }},
	{{ {-730, -3026, -1983}, 0, {2681, 475}, {0, 127, 0, 255} }},
	{{ {-730, -3130, -1983}, 0, {1950, -2584}, {129, 0, 0, 255} }},
	{{ {-730, -3026, -1983}, 0, {1950, -2965}, {129, 0, 0, 255} }},
	{{ {-730, -3026, -2086}, 0, {2331, -2965}, {129, 0, 0, 255} }},
	{{ {-730, -3130, -2086}, 0, {2331, -2584}, {129, 0, 0, 255} }},
	{{ {-730, -3131, -1983}, 0, {2681, -2581}, {0, 0, 127, 255} }},
	{{ {-451, -3234, -1983}, 0, {3705, -2201}, {0, 0, 127, 255} }},
	{{ {-451, -3131, -1983}, 0, {3705, -2581}, {0, 0, 127, 255} }},
	{{ {-730, -3234, -1983}, 0, {2681, -2201}, {0, 0, 127, 255} }},
	{{ {-451, -3131, -1983}, 0, {1950, -2581}, {127, 0, 0, 255} }},
	{{ {-451, -3234, -1983}, 0, {1950, -2201}, {127, 0, 0, 255} }},
	{{ {-451, -3234, -2086}, 0, {2331, -2201}, {127, 0, 0, 255} }},
	{{ {-451, -3131, -2086}, 0, {2331, -2581}, {127, 0, 0, 255} }},
	{{ {-451, -3234, -2086}, 0, {3705, 95}, {0, 129, 0, 255} }},
	{{ {-451, -3234, -1983}, 0, {3705, 475}, {0, 129, 0, 255} }},
	{{ {-730, -3234, -1983}, 0, {2681, 475}, {0, 129, 0, 255} }},
	{{ {-730, -3234, -2086}, 0, {2681, 95}, {0, 129, 0, 255} }},
	{{ {-730, -3234, -2086}, 0, {2681, -2201}, {0, 0, 129, 255} }},
	{{ {-730, -3131, -2086}, 0, {2681, -2581}, {0, 0, 129, 255} }},
	{{ {-451, -3131, -2086}, 0, {3705, -2581}, {0, 0, 129, 255} }},
	{{ {-451, -3234, -2086}, 0, {3705, -2201}, {0, 0, 129, 255} }},
	{{ {-730, -3131, -2086}, 0, {2681, 95}, {0, 127, 0, 255} }},
	{{ {-451, -3131, -1983}, 0, {3705, 475}, {0, 127, 0, 255} }},
	{{ {-451, -3131, -2086}, 0, {3705, 95}, {0, 127, 0, 255} }},
	{{ {-730, -3131, -1983}, 0, {2681, 475}, {0, 127, 0, 255} }},
	{{ {-730, -3234, -1983}, 0, {1950, -2201}, {129, 0, 0, 255} }},
	{{ {-730, -3131, -1983}, 0, {1950, -2581}, {129, 0, 0, 255} }},
	{{ {-730, -3131, -2086}, 0, {2331, -2581}, {129, 0, 0, 255} }},
	{{ {-730, -3234, -2086}, 0, {2331, -2201}, {129, 0, 0, 255} }},
	{{ {-730, -3235, -1983}, 0, {2681, -2198}, {0, 0, 127, 255} }},
	{{ {-451, -3339, -1983}, 0, {3705, -1818}, {0, 0, 127, 255} }},
	{{ {-451, -3235, -1983}, 0, {3705, -2198}, {0, 0, 127, 255} }},
	{{ {-730, -3339, -1983}, 0, {2681, -1818}, {0, 0, 127, 255} }},
	{{ {-451, -3235, -1983}, 0, {1950, -2198}, {127, 0, 0, 255} }},
	{{ {-451, -3339, -1983}, 0, {1950, -1818}, {127, 0, 0, 255} }},
	{{ {-451, -3339, -2086}, 0, {2331, -1818}, {127, 0, 0, 255} }},
	{{ {-451, -3235, -2086}, 0, {2331, -2198}, {127, 0, 0, 255} }},
	{{ {-451, -3339, -2086}, 0, {3705, 95}, {0, 129, 0, 255} }},
	{{ {-451, -3339, -1983}, 0, {3705, 475}, {0, 129, 0, 255} }},
	{{ {-730, -3339, -1983}, 0, {2681, 475}, {0, 129, 0, 255} }},
	{{ {-730, -3339, -2086}, 0, {2681, 95}, {0, 129, 0, 255} }},
	{{ {-730, -3339, -2086}, 0, {2681, -1818}, {0, 0, 129, 255} }},
	{{ {-730, -3235, -2086}, 0, {2681, -2198}, {0, 0, 129, 255} }},
	{{ {-451, -3235, -2086}, 0, {3705, -2198}, {0, 0, 129, 255} }},
	{{ {-451, -3339, -2086}, 0, {3705, -1818}, {0, 0, 129, 255} }},
	{{ {-730, -3235, -2086}, 0, {2681, 95}, {0, 127, 0, 255} }},
	{{ {-451, -3235, -1983}, 0, {3705, 475}, {0, 127, 0, 255} }},
	{{ {-451, -3235, -2086}, 0, {3705, 95}, {0, 127, 0, 255} }},
	{{ {-730, -3235, -1983}, 0, {2681, 475}, {0, 127, 0, 255} }},
	{{ {-730, -3339, -1983}, 0, {1950, -1818}, {129, 0, 0, 255} }},
	{{ {-730, -3235, -1983}, 0, {1950, -2198}, {129, 0, 0, 255} }},
	{{ {-730, -3235, -2086}, 0, {2331, -2198}, {129, 0, 0, 255} }},
	{{ {-730, -3339, -2086}, 0, {2331, -1818}, {129, 0, 0, 255} }},
	{{ {-451, -3339, -1983}, 0, {1950, -1815}, {127, 0, 0, 255} }},
	{{ {-451, -3443, -1983}, 0, {1950, -1435}, {127, 0, 0, 255} }},
	{{ {-451, -3443, -2086}, 0, {2331, -1435}, {127, 0, 0, 255} }},
	{{ {-451, -3339, -2086}, 0, {2331, -1815}, {127, 0, 0, 255} }},
	{{ {-451, -3443, -2086}, 0, {3705, 95}, {0, 129, 0, 255} }},
	{{ {-451, -3443, -1983}, 0, {3705, 475}, {0, 129, 0, 255} }},
	{{ {-730, -3443, -1983}, 0, {2681, 475}, {0, 129, 0, 255} }},
	{{ {-730, -3443, -2086}, 0, {2681, 95}, {0, 129, 0, 255} }},
	{{ {-730, -3443, -2086}, 0, {2681, -1435}, {0, 0, 129, 255} }},
	{{ {-730, -3339, -2086}, 0, {2681, -1815}, {0, 0, 129, 255} }},
	{{ {-451, -3339, -2086}, 0, {3705, -1815}, {0, 0, 129, 255} }},
	{{ {-451, -3443, -2086}, 0, {3705, -1435}, {0, 0, 129, 255} }},
	{{ {-730, -3443, -1983}, 0, {1950, -1435}, {129, 0, 0, 255} }},
	{{ {-730, -3339, -1983}, 0, {1950, -1815}, {129, 0, 0, 255} }},
	{{ {-730, -3339, -2086}, 0, {2331, -1815}, {129, 0, 0, 255} }},
	{{ {-730, -3443, -2086}, 0, {2331, -1435}, {129, 0, 0, 255} }},
	{{ {-730, -3444, -1983}, 0, {2681, -1432}, {0, 0, 127, 255} }},
	{{ {-451, -3547, -1983}, 0, {3705, -1051}, {0, 0, 127, 255} }},
	{{ {-451, -3444, -1983}, 0, {3705, -1432}, {0, 0, 127, 255} }},
	{{ {-730, -3547, -1983}, 0, {2681, -1051}, {0, 0, 127, 255} }},
	{{ {-451, -3444, -1983}, 0, {1950, -1432}, {127, 0, 0, 255} }},
	{{ {-451, -3547, -1983}, 0, {1950, -1051}, {127, 0, 0, 255} }},
	{{ {-451, -3547, -2086}, 0, {2331, -1051}, {127, 0, 0, 255} }},
	{{ {-451, -3444, -2086}, 0, {2331, -1432}, {127, 0, 0, 255} }},
	{{ {-451, -3547, -2086}, 0, {3705, 95}, {0, 129, 0, 255} }},
	{{ {-451, -3547, -1983}, 0, {3705, 475}, {0, 129, 0, 255} }},
	{{ {-730, -3547, -1983}, 0, {2681, 475}, {0, 129, 0, 255} }},
	{{ {-730, -3547, -2086}, 0, {2681, 95}, {0, 129, 0, 255} }},
	{{ {-730, -3547, -2086}, 0, {2681, -1051}, {0, 0, 129, 255} }},
	{{ {-730, -3444, -2086}, 0, {2681, -1432}, {0, 0, 129, 255} }},
	{{ {-451, -3444, -2086}, 0, {3705, -1432}, {0, 0, 129, 255} }},
	{{ {-451, -3547, -2086}, 0, {3705, -1051}, {0, 0, 129, 255} }},
	{{ {-730, -3444, -2086}, 0, {2681, 95}, {0, 127, 0, 255} }},
	{{ {-451, -3444, -1983}, 0, {3705, 475}, {0, 127, 0, 255} }},
	{{ {-451, -3444, -2086}, 0, {3705, 95}, {0, 127, 0, 255} }},
	{{ {-730, -3444, -1983}, 0, {2681, 475}, {0, 127, 0, 255} }},
	{{ {-730, -3547, -1983}, 0, {1950, -1051}, {129, 0, 0, 255} }},
	{{ {-730, -3444, -1983}, 0, {1950, -1432}, {129, 0, 0, 255} }},
	{{ {-730, -3444, -2086}, 0, {2331, -1432}, {129, 0, 0, 255} }},
	{{ {-730, -3547, -2086}, 0, {2331, -1051}, {129, 0, 0, 255} }},
	{{ {-451, -3548, -1983}, 0, {1950, -1048}, {127, 0, 0, 255} }},
	{{ {-451, -3652, -1983}, 0, {1950, -668}, {127, 0, 0, 255} }},
	{{ {-451, -3652, -2086}, 0, {2331, -668}, {127, 0, 0, 255} }},
	{{ {-451, -3548, -2086}, 0, {2331, -1048}, {127, 0, 0, 255} }},
	{{ {-451, -3652, -2086}, 0, {3705, 95}, {0, 129, 0, 255} }},
	{{ {-451, -3652, -1983}, 0, {3705, 475}, {0, 129, 0, 255} }},
	{{ {-730, -3652, -1983}, 0, {2681, 475}, {0, 129, 0, 255} }},
	{{ {-730, -3652, -2086}, 0, {2681, 95}, {0, 129, 0, 255} }},
	{{ {-730, -3652, -2086}, 0, {2681, -668}, {0, 0, 129, 255} }},
	{{ {-730, -3548, -2086}, 0, {2681, -1048}, {0, 0, 129, 255} }},
	{{ {-451, -3548, -2086}, 0, {3705, -1048}, {0, 0, 129, 255} }},
	{{ {-451, -3652, -2086}, 0, {3705, -668}, {0, 0, 129, 255} }},
	{{ {-730, -3548, -2086}, 0, {2681, 95}, {0, 127, 0, 255} }},
	{{ {-451, -3548, -1983}, 0, {3705, 475}, {0, 127, 0, 255} }},
	{{ {-451, -3548, -2086}, 0, {3705, 95}, {0, 127, 0, 255} }},
	{{ {-730, -3548, -1983}, 0, {2681, 475}, {0, 127, 0, 255} }},
	{{ {-730, -3652, -1983}, 0, {1950, -668}, {129, 0, 0, 255} }},
	{{ {-730, -3548, -1983}, 0, {1950, -1048}, {129, 0, 0, 255} }},
	{{ {-730, -3548, -2086}, 0, {2331, -1048}, {129, 0, 0, 255} }},
	{{ {-730, -3652, -2086}, 0, {2331, -668}, {129, 0, 0, 255} }},
	{{ {-730, -3652, -1983}, 0, {2681, -665}, {0, 0, 127, 255} }},
	{{ {-451, -3756, -1983}, 0, {3705, -285}, {0, 0, 127, 255} }},
	{{ {-451, -3652, -1983}, 0, {3705, -665}, {0, 0, 127, 255} }},
	{{ {-730, -3756, -1983}, 0, {2681, -285}, {0, 0, 127, 255} }},
	{{ {-451, -3652, -1983}, 0, {1950, -665}, {127, 0, 0, 255} }},
	{{ {-451, -3756, -1983}, 0, {1950, -285}, {127, 0, 0, 255} }},
	{{ {-451, -3756, -2086}, 0, {2331, -285}, {127, 0, 0, 255} }},
	{{ {-451, -3652, -2086}, 0, {2331, -665}, {127, 0, 0, 255} }},
	{{ {-451, -3756, -2086}, 0, {3705, 95}, {0, 129, 0, 255} }},
	{{ {-451, -3756, -1983}, 0, {3705, 475}, {0, 129, 0, 255} }},
	{{ {-730, -3756, -1983}, 0, {2681, 475}, {0, 129, 0, 255} }},
	{{ {-730, -3756, -2086}, 0, {2681, 95}, {0, 129, 0, 255} }},
	{{ {-730, -3756, -2086}, 0, {2681, -285}, {0, 0, 129, 255} }},
	{{ {-730, -3652, -2086}, 0, {2681, -665}, {0, 0, 129, 255} }},
	{{ {-451, -3652, -2086}, 0, {3705, -665}, {0, 0, 129, 255} }},
	{{ {-451, -3756, -2086}, 0, {3705, -285}, {0, 0, 129, 255} }},
	{{ {-730, -3652, -2086}, 0, {2681, 95}, {0, 127, 0, 255} }},
	{{ {-451, -3652, -1983}, 0, {3705, 475}, {0, 127, 0, 255} }},
	{{ {-451, -3652, -2086}, 0, {3705, 95}, {0, 127, 0, 255} }},
	{{ {-730, -3652, -1983}, 0, {2681, 475}, {0, 127, 0, 255} }},
	{{ {-730, -3756, -1983}, 0, {1950, -285}, {129, 0, 0, 255} }},
	{{ {-730, -3652, -1983}, 0, {1950, -665}, {129, 0, 0, 255} }},
	{{ {-730, -3652, -2086}, 0, {2331, -665}, {129, 0, 0, 255} }},
	{{ {-730, -3756, -2086}, 0, {2331, -285}, {129, 0, 0, 255} }},
};

Gfx pss_dl_WF_mesh_layer_1_tri_8[] = {
	gsSPVertex(pss_dl_WF_mesh_layer_1_vtx_8 + 0, 31, 0),
	gsSP2Triangles(0, 1, 2, 0, 3, 4, 5, 0),
	gsSP2Triangles(6, 7, 8, 0, 9, 10, 11, 0),
	gsSP2Triangles(12, 13, 14, 0, 15, 16, 17, 0),
	gsSP2Triangles(18, 19, 20, 0, 21, 22, 23, 0),
	gsSP2Triangles(24, 25, 26, 0, 27, 28, 29, 0),
	gsSP1Triangle(27, 30, 28, 0),
	gsSPVertex(pss_dl_WF_mesh_layer_1_vtx_8 + 31, 31, 0),
	gsSP2Triangles(0, 1, 2, 0, 0, 3, 1, 0),
	gsSP2Triangles(4, 5, 6, 0, 4, 7, 5, 0),
	gsSP2Triangles(8, 9, 10, 0, 8, 11, 9, 0),
	gsSP2Triangles(12, 13, 14, 0, 14, 13, 15, 0),
	gsSP2Triangles(13, 16, 15, 0, 16, 17, 15, 0),
	gsSP2Triangles(15, 18, 14, 0, 19, 20, 21, 0),
	gsSP2Triangles(19, 22, 20, 0, 23, 24, 25, 0),
	gsSP2Triangles(23, 25, 26, 0, 27, 28, 29, 0),
	gsSP1Triangle(27, 30, 28, 0),
	gsSPVertex(pss_dl_WF_mesh_layer_1_vtx_8 + 62, 32, 0),
	gsSP2Triangles(0, 1, 2, 0, 0, 3, 1, 0),
	gsSP2Triangles(4, 5, 6, 0, 4, 6, 7, 0),
	gsSP2Triangles(8, 9, 10, 0, 8, 10, 11, 0),
	gsSP2Triangles(12, 13, 14, 0, 12, 14, 15, 0),
	gsSP2Triangles(16, 17, 18, 0, 16, 19, 17, 0),
	gsSP2Triangles(20, 21, 22, 0, 20, 22, 23, 0),
	gsSP2Triangles(24, 25, 26, 0, 24, 27, 25, 0),
	gsSP2Triangles(28, 29, 30, 0, 28, 30, 31, 0),
	gsSPVertex(pss_dl_WF_mesh_layer_1_vtx_8 + 94, 32, 0),
	gsSP2Triangles(0, 1, 2, 0, 0, 2, 3, 0),
	gsSP2Triangles(4, 5, 6, 0, 4, 6, 7, 0),
	gsSP2Triangles(8, 9, 10, 0, 8, 11, 9, 0),
	gsSP2Triangles(12, 13, 14, 0, 12, 14, 15, 0),
	gsSP2Triangles(16, 17, 18, 0, 16, 19, 17, 0),
	gsSP2Triangles(20, 21, 22, 0, 20, 22, 23, 0),
	gsSP2Triangles(24, 25, 26, 0, 24, 26, 27, 0),
	gsSP2Triangles(28, 29, 30, 0, 28, 30, 31, 0),
	gsSPVertex(pss_dl_WF_mesh_layer_1_vtx_8 + 126, 32, 0),
	gsSP2Triangles(0, 1, 2, 0, 0, 3, 1, 0),
	gsSP2Triangles(4, 5, 6, 0, 4, 6, 7, 0),
	gsSP2Triangles(8, 9, 10, 0, 8, 11, 9, 0),
	gsSP2Triangles(12, 13, 14, 0, 12, 14, 15, 0),
	gsSP2Triangles(16, 17, 18, 0, 16, 18, 19, 0),
	gsSP2Triangles(20, 21, 22, 0, 20, 22, 23, 0),
	gsSP2Triangles(24, 25, 26, 0, 24, 27, 25, 0),
	gsSP2Triangles(28, 29, 30, 0, 28, 30, 31, 0),
	gsSPVertex(pss_dl_WF_mesh_layer_1_vtx_8 + 158, 32, 0),
	gsSP2Triangles(0, 1, 2, 0, 0, 3, 1, 0),
	gsSP2Triangles(4, 5, 6, 0, 4, 6, 7, 0),
	gsSP2Triangles(8, 9, 10, 0, 8, 10, 11, 0),
	gsSP2Triangles(12, 13, 14, 0, 12, 14, 15, 0),
	gsSP2Triangles(16, 17, 18, 0, 16, 19, 17, 0),
	gsSP2Triangles(20, 21, 22, 0, 20, 22, 23, 0),
	gsSP2Triangles(24, 25, 26, 0, 24, 26, 27, 0),
	gsSP2Triangles(28, 29, 30, 0, 28, 30, 31, 0),
	gsSPVertex(pss_dl_WF_mesh_layer_1_vtx_8 + 190, 32, 0),
	gsSP2Triangles(0, 1, 2, 0, 0, 2, 3, 0),
	gsSP2Triangles(4, 5, 6, 0, 4, 6, 7, 0),
	gsSP2Triangles(8, 9, 10, 0, 8, 11, 9, 0),
	gsSP2Triangles(12, 13, 14, 0, 12, 14, 15, 0),
	gsSP2Triangles(16, 17, 18, 0, 16, 18, 19, 0),
	gsSP2Triangles(20, 21, 22, 0, 20, 22, 23, 0),
	gsSP2Triangles(24, 25, 26, 0, 24, 27, 25, 0),
	gsSP2Triangles(28, 29, 30, 0, 28, 30, 31, 0),
	gsSPVertex(pss_dl_WF_mesh_layer_1_vtx_8 + 222, 32, 0),
	gsSP2Triangles(0, 1, 2, 0, 0, 2, 3, 0),
	gsSP2Triangles(4, 5, 6, 0, 4, 6, 7, 0),
	gsSP2Triangles(8, 9, 10, 0, 8, 10, 11, 0),
	gsSP2Triangles(12, 13, 14, 0, 12, 15, 13, 0),
	gsSP2Triangles(16, 17, 18, 0, 16, 18, 19, 0),
	gsSP2Triangles(20, 21, 22, 0, 20, 23, 21, 0),
	gsSP2Triangles(24, 25, 26, 0, 24, 26, 27, 0),
	gsSP2Triangles(28, 29, 30, 0, 28, 30, 31, 0),
	gsSPVertex(pss_dl_WF_mesh_layer_1_vtx_8 + 254, 12, 0),
	gsSP2Triangles(0, 1, 2, 0, 0, 2, 3, 0),
	gsSP2Triangles(4, 5, 6, 0, 4, 7, 5, 0),
	gsSP2Triangles(8, 9, 10, 0, 8, 10, 11, 0),
	gsSPEndDisplayList(),
};

Vtx pss_dl_WF_mesh_layer_1_vtx_9[88] = {
	{{ {-125, -4591, -1920}, 0, {4903, 2781}, {0, 0, 129, 255} }},
	{{ {-83, -4591, -1920}, 0, {5055, 2781}, {0, 0, 129, 255} }},
	{{ {-125, -5008, -1920}, 0, {4903, 4311}, {0, 0, 129, 255} }},
	{{ {-83, -5008, -1900}, 0, {5055, 4311}, {0, 0, 129, 255} }},
	{{ {-42, -4591, -1900}, 0, {5208, 2781}, {0, 0, 129, 255} }},
	{{ {-42, -5008, -1900}, 0, {5208, 4311}, {0, 0, 129, 255} }},
	{{ {-125, -5008, -1920}, 0, {4903, 4311}, {0, 0, 129, 255} }},
	{{ {-83, -4591, -1920}, 0, {5055, 2781}, {0, 0, 129, 255} }},
	{{ {-83, -5008, -1920}, 0, {5055, 4311}, {0, 0, 129, 255} }},
	{{ {-83, -4591, -1900}, 0, {5055, 2781}, {0, 0, 129, 255} }},
	{{ {-42, -4591, -1900}, 0, {5208, 2781}, {0, 0, 129, 255} }},
	{{ {-83, -5008, -1900}, 0, {5055, 4311}, {0, 0, 129, 255} }},
	{{ {-1670, -2087, -751}, 0, {-771, -6414}, {0, 74, 153, 255} }},
	{{ {-1670, -3339, -1650}, 0, {-771, -1815}, {0, 74, 153, 255} }},
	{{ {-2921, -2087, -751}, 0, {-5367, -6414}, {0, 74, 153, 255} }},
	{{ {-2921, -3339, -1650}, 0, {-5367, -1815}, {0, 74, 153, 255} }},
	{{ {-333, -5008, -2045}, 0, {4139, 4311}, {0, 0, 129, 255} }},
	{{ {-374, -5008, -2045}, 0, {3987, 4311}, {0, 0, 129, 255} }},
	{{ {-333, -4591, -2045}, 0, {4139, 2781}, {0, 0, 129, 255} }},
	{{ {-374, -4591, -2045}, 0, {3987, 2781}, {0, 0, 129, 255} }},
	{{ {-417, -4591, -2065}, 0, {3831, 2781}, {0, 0, 129, 255} }},
	{{ {-374, -4591, -2065}, 0, {3987, 2781}, {0, 0, 129, 255} }},
	{{ {-417, -5008, -2065}, 0, {3831, 4311}, {0, 0, 129, 255} }},
	{{ {-374, -5008, -2065}, 0, {3987, 4311}, {0, 0, 129, 255} }},
	{{ {0, -5008, -1878}, 0, {5361, 4311}, {0, 0, 129, 255} }},
	{{ {-42, -5008, -1878}, 0, {5208, 4311}, {0, 0, 129, 255} }},
	{{ {0, -4591, -1878}, 0, {5361, 2781}, {0, 0, 129, 255} }},
	{{ {-42, -4591, -1878}, 0, {5208, 2781}, {0, 0, 129, 255} }},
	{{ {-417, -4591, -2086}, 0, {2331, 2781}, {127, 0, 0, 255} }},
	{{ {-417, -4591, -2065}, 0, {2253, 2781}, {127, 0, 0, 255} }},
	{{ {-417, -5008, -2086}, 0, {2331, 4311}, {127, 0, 0, 255} }},
	{{ {-417, -5008, -2065}, 0, {2253, 4311}, {127, 0, 0, 255} }},
	{{ {-291, -4591, -2003}, 0, {2025, 2781}, {127, 0, 0, 255} }},
	{{ {-291, -5008, -2024}, 0, {2100, 4311}, {127, 0, 0, 255} }},
	{{ {-291, -4591, -2024}, 0, {2100, 2781}, {127, 0, 0, 255} }},
	{{ {-291, -5008, -2003}, 0, {2025, 4311}, {127, 0, 0, 255} }},
	{{ {-374, -4591, -2065}, 0, {2253, 2781}, {127, 0, 0, 255} }},
	{{ {-374, -4591, -2045}, 0, {2178, 2781}, {127, 0, 0, 255} }},
	{{ {-374, -5008, -2065}, 0, {2253, 4311}, {127, 0, 0, 255} }},
	{{ {-374, -5008, -2045}, 0, {2178, 4311}, {127, 0, 0, 255} }},
	{{ {-333, -5008, -2024}, 0, {2100, 4311}, {127, 0, 0, 255} }},
	{{ {-333, -5008, -2045}, 0, {2178, 4311}, {127, 0, 0, 255} }},
	{{ {-333, -4591, -2024}, 0, {2100, 2781}, {127, 0, 0, 255} }},
	{{ {-333, -4591, -2045}, 0, {2178, 2781}, {127, 0, 0, 255} }},
	{{ {-208, -5008, -1962}, 0, {1873, 4311}, {127, 0, 0, 255} }},
	{{ {-208, -5008, -1982}, 0, {1947, 4311}, {127, 0, 0, 255} }},
	{{ {-208, -4591, -1962}, 0, {1873, 2781}, {127, 0, 0, 255} }},
	{{ {-208, -4591, -1982}, 0, {1947, 2781}, {127, 0, 0, 255} }},
	{{ {-333, -4591, -2024}, 0, {4139, 2781}, {0, 0, 129, 255} }},
	{{ {-291, -4591, -2024}, 0, {4292, 2781}, {0, 0, 129, 255} }},
	{{ {-333, -5008, -2024}, 0, {4139, 4311}, {0, 0, 129, 255} }},
	{{ {-291, -5008, -2024}, 0, {4292, 4311}, {0, 0, 129, 255} }},
	{{ {-249, -5008, -1982}, 0, {1947, 4311}, {127, 0, 0, 255} }},
	{{ {-249, -5008, -2003}, 0, {2025, 4311}, {127, 0, 0, 255} }},
	{{ {-249, -4591, -1982}, 0, {1947, 2781}, {127, 0, 0, 255} }},
	{{ {-249, -4591, -2003}, 0, {2025, 2781}, {127, 0, 0, 255} }},
	{{ {-291, -4591, -2003}, 0, {4292, 2781}, {0, 0, 129, 255} }},
	{{ {-249, -4591, -2003}, 0, {4445, 2781}, {0, 0, 129, 255} }},
	{{ {-291, -5008, -2003}, 0, {4292, 4311}, {0, 0, 129, 255} }},
	{{ {-249, -5008, -2003}, 0, {4445, 4311}, {0, 0, 129, 255} }},
	{{ {-208, -5008, -1962}, 0, {4597, 4311}, {0, 0, 129, 255} }},
	{{ {-166, -4591, -1962}, 0, {4750, 2781}, {0, 0, 129, 255} }},
	{{ {-166, -5008, -1962}, 0, {4750, 4311}, {0, 0, 129, 255} }},
	{{ {-208, -4591, -1962}, 0, {4597, 2781}, {0, 0, 129, 255} }},
	{{ {-249, -4591, -1982}, 0, {4445, 2781}, {0, 0, 129, 255} }},
	{{ {-208, -4591, -1982}, 0, {4597, 2781}, {0, 0, 129, 255} }},
	{{ {-249, -5008, -1982}, 0, {4445, 4311}, {0, 0, 129, 255} }},
	{{ {-208, -5008, -1982}, 0, {4597, 4311}, {0, 0, 129, 255} }},
	{{ {-166, -5008, -1941}, 0, {1798, 4311}, {127, 0, 0, 255} }},
	{{ {-166, -5008, -1962}, 0, {1873, 4311}, {127, 0, 0, 255} }},
	{{ {-166, -4591, -1941}, 0, {1798, 2781}, {127, 0, 0, 255} }},
	{{ {-166, -4591, -1962}, 0, {1873, 2781}, {127, 0, 0, 255} }},
	{{ {-125, -5008, -1920}, 0, {1720, 4311}, {127, 0, 0, 255} }},
	{{ {-125, -5008, -1941}, 0, {1798, 4311}, {127, 0, 0, 255} }},
	{{ {-125, -4591, -1920}, 0, {1720, 2781}, {127, 0, 0, 255} }},
	{{ {-125, -4591, -1941}, 0, {1798, 2781}, {127, 0, 0, 255} }},
	{{ {-166, -4591, -1941}, 0, {4750, 2781}, {0, 0, 129, 255} }},
	{{ {-125, -4591, -1941}, 0, {4903, 2781}, {0, 0, 129, 255} }},
	{{ {-166, -5008, -1941}, 0, {4750, 4311}, {0, 0, 129, 255} }},
	{{ {-125, -5008, -1941}, 0, {4903, 4311}, {0, 0, 129, 255} }},
	{{ {-83, -5008, -1900}, 0, {1645, 4311}, {127, 0, 0, 255} }},
	{{ {-83, -5008, -1920}, 0, {1720, 4311}, {127, 0, 0, 255} }},
	{{ {-83, -4591, -1900}, 0, {1645, 2781}, {127, 0, 0, 255} }},
	{{ {-83, -4591, -1920}, 0, {1720, 2781}, {127, 0, 0, 255} }},
	{{ {-42, -5008, -1878}, 0, {1567, 4311}, {127, 0, 0, 255} }},
	{{ {-42, -5008, -1900}, 0, {1645, 4311}, {127, 0, 0, 255} }},
	{{ {-42, -4591, -1878}, 0, {1567, 2781}, {127, 0, 0, 255} }},
	{{ {-42, -4591, -1900}, 0, {1645, 2781}, {127, 0, 0, 255} }},
};

Gfx pss_dl_WF_mesh_layer_1_tri_9[] = {
	gsSPVertex(pss_dl_WF_mesh_layer_1_vtx_9 + 0, 32, 0),
	gsSP2Triangles(0, 1, 2, 0, 3, 4, 5, 0),
	gsSP2Triangles(6, 7, 8, 0, 9, 10, 11, 0),
	gsSP2Triangles(12, 13, 14, 0, 14, 13, 15, 0),
	gsSP2Triangles(16, 17, 18, 0, 18, 17, 19, 0),
	gsSP2Triangles(20, 21, 22, 0, 22, 21, 23, 0),
	gsSP2Triangles(24, 25, 26, 0, 27, 26, 25, 0),
	gsSP2Triangles(28, 29, 30, 0, 30, 29, 31, 0),
	gsSPVertex(pss_dl_WF_mesh_layer_1_vtx_9 + 32, 32, 0),
	gsSP2Triangles(0, 1, 2, 0, 3, 1, 0, 0),
	gsSP2Triangles(4, 5, 6, 0, 6, 5, 7, 0),
	gsSP2Triangles(8, 9, 10, 0, 10, 9, 11, 0),
	gsSP2Triangles(12, 13, 14, 0, 15, 14, 13, 0),
	gsSP2Triangles(16, 17, 18, 0, 18, 17, 19, 0),
	gsSP2Triangles(20, 21, 22, 0, 22, 21, 23, 0),
	gsSP2Triangles(24, 25, 26, 0, 26, 25, 27, 0),
	gsSP2Triangles(28, 29, 30, 0, 31, 29, 28, 0),
	gsSPVertex(pss_dl_WF_mesh_layer_1_vtx_9 + 64, 24, 0),
	gsSP2Triangles(0, 1, 2, 0, 2, 1, 3, 0),
	gsSP2Triangles(4, 5, 6, 0, 6, 5, 7, 0),
	gsSP2Triangles(8, 9, 10, 0, 10, 9, 11, 0),
	gsSP2Triangles(12, 13, 14, 0, 15, 14, 13, 0),
	gsSP2Triangles(16, 17, 18, 0, 19, 18, 17, 0),
	gsSP2Triangles(20, 21, 22, 0, 22, 21, 23, 0),
	gsSPEndDisplayList(),
};

Vtx pss_dl_WF_mesh_layer_1_vtx_10[90] = {
	{{ {-417, -417, -208}, 0, {3828, 6993}, {90, 166, 0, 255} }},
	{{ {-417, -417, -312}, 0, {3828, 6610}, {90, 166, 0, 255} }},
	{{ {0, 0, -312}, 0, {5361, 6610}, {90, 166, 0, 255} }},
	{{ {-417, -417, -208}, 0, {-4568, -12545}, {90, 166, 0, 255} }},
	{{ {0, 0, -312}, 0, {-4184, -14078}, {90, 166, 0, 255} }},
	{{ {0, 0, -208}, 0, {-4568, -14078}, {90, 166, 0, 255} }},
	{{ {-417, -1252, -208}, 0, {-4568, -9479}, {127, 0, 0, 255} }},
	{{ {-417, -1252, -312}, 0, {-4184, -9479}, {127, 0, 0, 255} }},
	{{ {-417, -417, -312}, 0, {-4184, -12545}, {127, 0, 0, 255} }},
	{{ {-417, -1252, -208}, 0, {-4568, -9479}, {127, 0, 0, 255} }},
	{{ {-417, -417, -312}, 0, {-4184, -12545}, {127, 0, 0, 255} }},
	{{ {-417, -417, -208}, 0, {-4568, -12545}, {127, 0, 0, 255} }},
	{{ {2087, -2296, -312}, 0, {-4184, -5647}, {129, 0, 0, 255} }},
	{{ {2087, -4592, -312}, 0, {-4184, 2784}, {129, 0, 0, 255} }},
	{{ {2087, -4592, -208}, 0, {-4568, 2784}, {129, 0, 0, 255} }},
	{{ {2087, -2296, -208}, 0, {-4568, -5647}, {129, 0, 0, 255} }},
	{{ {2087, -417, -208}, 0, {-4568, -12545}, {129, 0, 0, 255} }},
	{{ {2087, -417, -312}, 0, {-4184, -12545}, {129, 0, 0, 255} }},
	{{ {1670, 0, -208}, 0, {-4568, -14078}, {166, 166, 0, 255} }},
	{{ {2087, -417, -312}, 0, {-4184, -12545}, {166, 166, 0, 255} }},
	{{ {2087, -417, -208}, 0, {-4568, -12545}, {166, 166, 0, 255} }},
	{{ {1670, 0, -312}, 0, {-4184, -14078}, {166, 166, 0, 255} }},
	{{ {1670, -5008, -208}, 0, {11493, 6993}, {0, 127, 0, 255} }},
	{{ {1252, -5008, -312}, 0, {9960, 6610}, {0, 127, 0, 255} }},
	{{ {1252, -5008, -208}, 0, {9960, 6993}, {0, 127, 0, 255} }},
	{{ {1670, -5008, -312}, 0, {11493, 6610}, {0, 127, 0, 255} }},
	{{ {2087, -4592, -208}, 0, {13026, 6993}, {166, 90, 0, 255} }},
	{{ {1670, -5008, -312}, 0, {11493, 6610}, {166, 90, 0, 255} }},
	{{ {1670, -5008, -208}, 0, {11493, 6993}, {166, 90, 0, 255} }},
	{{ {2087, -4592, -312}, 0, {13026, 6610}, {166, 90, 0, 255} }},
	{{ {-417, -417, -208}, 0, {3828, 6993}, {90, 166, 0, 255} }},
	{{ {-417, -417, -312}, 0, {3828, 6610}, {90, 166, 0, 255} }},
	{{ {0, 0, -312}, 0, {5361, 6610}, {90, 166, 0, 255} }},
	{{ {0, 0, -208}, 0, {5361, 6993}, {90, 166, 0, 255} }},
	{{ {0, 0, -208}, 0, {5361, 6993}, {0, 129, 0, 255} }},
	{{ {1670, 0, -312}, 0, {11493, 6610}, {0, 129, 0, 255} }},
	{{ {1670, 0, -208}, 0, {11493, 6993}, {0, 129, 0, 255} }},
	{{ {0, 0, -312}, 0, {5361, 6610}, {0, 129, 0, 255} }},
	{{ {-417, -1252, -208}, 0, {-4568, -9479}, {127, 0, 0, 255} }},
	{{ {-417, -1252, -312}, 0, {-4184, -9479}, {127, 0, 0, 255} }},
	{{ {-417, -417, -312}, 0, {-4184, -12545}, {127, 0, 0, 255} }},
	{{ {-417, -417, -208}, 0, {-4568, -12545}, {127, 0, 0, 255} }},
	{{ {2087, -2296, -312}, 0, {-4184, -5647}, {129, 0, 0, 255} }},
	{{ {2087, -4592, -312}, 0, {-4184, 2784}, {129, 0, 0, 255} }},
	{{ {2087, -4592, -208}, 0, {-4568, 2784}, {129, 0, 0, 255} }},
	{{ {2087, -2296, -208}, 0, {-4568, -5647}, {129, 0, 0, 255} }},
	{{ {2087, -417, -208}, 0, {-4568, -12545}, {129, 0, 0, 255} }},
	{{ {2087, -417, -312}, 0, {-4184, -12545}, {129, 0, 0, 255} }},
	{{ {1670, 0, -208}, 0, {11493, 6993}, {166, 166, 0, 255} }},
	{{ {2087, -417, -312}, 0, {13026, 6610}, {166, 166, 0, 255} }},
	{{ {2087, -417, -208}, 0, {13026, 6993}, {166, 166, 0, 255} }},
	{{ {1670, 0, -312}, 0, {11493, 6610}, {166, 166, 0, 255} }},
	{{ {1670, -5008, -208}, 0, {11493, 6993}, {0, 127, 0, 255} }},
	{{ {1252, -5008, -312}, 0, {9960, 6610}, {0, 127, 0, 255} }},
	{{ {1252, -5008, -208}, 0, {9960, 6993}, {0, 127, 0, 255} }},
	{{ {1670, -5008, -312}, 0, {11493, 6610}, {0, 127, 0, 255} }},
	{{ {2087, -4592, -208}, 0, {13026, 6993}, {166, 90, 0, 255} }},
	{{ {1670, -5008, -312}, 0, {11493, 6610}, {166, 90, 0, 255} }},
	{{ {1670, -5008, -208}, 0, {11493, 6993}, {166, 90, 0, 255} }},
	{{ {2087, -4592, -312}, 0, {13026, 6610}, {166, 90, 0, 255} }},
	{{ {0, 0, -208}, 0, {5361, 6993}, {0, 129, 0, 255} }},
	{{ {1670, 0, -312}, 0, {11493, 6610}, {0, 129, 0, 255} }},
	{{ {1670, 0, -208}, 0, {11493, 6993}, {0, 129, 0, 255} }},
	{{ {0, 0, -312}, 0, {5361, 6610}, {0, 129, 0, 255} }},
	{{ {-417, -417, -312}, 0, {-4184, -12545}, {0, 0, 129, 255} }},
	{{ {-417, -1252, -312}, 0, {-4184, -9479}, {0, 0, 129, 255} }},
	{{ {-423, -1250, -312}, 0, {-4184, -9479}, {0, 0, 129, 255} }},
	{{ {-423, -412, -312}, 0, {-4184, -12545}, {0, 0, 129, 255} }},
	{{ {0, 0, -312}, 0, {5361, 6610}, {0, 0, 129, 255} }},
	{{ {-417, -417, -312}, 0, {3828, 6610}, {0, 0, 129, 255} }},
	{{ {-423, -412, -312}, 0, {3828, 6610}, {0, 0, 129, 255} }},
	{{ {-4, 7, -312}, 0, {5361, 6610}, {0, 0, 129, 255} }},
	{{ {1670, 0, -312}, 0, {11493, 6610}, {0, 0, 129, 255} }},
	{{ {1672, 7, -312}, 0, {11493, 6610}, {0, 0, 129, 255} }},
	{{ {2087, -417, -312}, 0, {13026, 6610}, {0, 0, 129, 255} }},
	{{ {2091, -412, -312}, 0, {13026, 6610}, {0, 0, 129, 255} }},
	{{ {1252, -5008, -312}, 0, {9960, 6610}, {0, 0, 129, 255} }},
	{{ {1672, -5021, -312}, 0, {11493, 6610}, {0, 0, 129, 255} }},
	{{ {1253, -5021, -312}, 0, {9960, 6610}, {0, 0, 129, 255} }},
	{{ {1670, -5008, -312}, 0, {11493, 6610}, {0, 0, 129, 255} }},
	{{ {2091, -4603, -312}, 0, {13026, 6610}, {0, 0, 129, 255} }},
	{{ {2087, -4592, -312}, 0, {13026, 6610}, {0, 0, 129, 255} }},
	{{ {2087, -4592, -312}, 0, {-4184, 2784}, {0, 0, 129, 255} }},
	{{ {2087, -2296, -312}, 0, {-4184, -5647}, {0, 0, 129, 255} }},
	{{ {2091, -2298, -312}, 0, {-4184, -5647}, {0, 0, 129, 255} }},
	{{ {2091, -4603, -312}, 0, {-4184, 2784}, {0, 0, 129, 255} }},
	{{ {2087, -2296, -312}, 0, {-4184, -5647}, {0, 0, 129, 255} }},
	{{ {2087, -417, -312}, 0, {-4184, -12545}, {0, 0, 129, 255} }},
	{{ {2091, -412, -312}, 0, {-4184, -12545}, {0, 0, 129, 255} }},
	{{ {2091, -2298, -312}, 0, {-4184, -5647}, {0, 0, 129, 255} }},
};

Gfx pss_dl_WF_mesh_layer_1_tri_10[] = {
	gsSPVertex(pss_dl_WF_mesh_layer_1_vtx_10 + 0, 30, 0),
	gsSP2Triangles(0, 1, 2, 0, 3, 4, 5, 0),
	gsSP2Triangles(6, 7, 8, 0, 9, 10, 11, 0),
	gsSP2Triangles(12, 13, 14, 0, 12, 14, 15, 0),
	gsSP2Triangles(16, 12, 15, 0, 16, 17, 12, 0),
	gsSP2Triangles(18, 19, 20, 0, 18, 21, 19, 0),
	gsSP2Triangles(22, 23, 24, 0, 22, 25, 23, 0),
	gsSP2Triangles(26, 27, 28, 0, 26, 29, 27, 0),
	gsSPVertex(pss_dl_WF_mesh_layer_1_vtx_10 + 30, 30, 0),
	gsSP2Triangles(0, 1, 2, 0, 0, 2, 3, 0),
	gsSP2Triangles(4, 5, 6, 0, 4, 7, 5, 0),
	gsSP2Triangles(8, 9, 10, 0, 8, 10, 11, 0),
	gsSP2Triangles(12, 13, 14, 0, 12, 14, 15, 0),
	gsSP2Triangles(16, 12, 15, 0, 16, 17, 12, 0),
	gsSP2Triangles(18, 19, 20, 0, 18, 21, 19, 0),
	gsSP2Triangles(22, 23, 24, 0, 22, 25, 23, 0),
	gsSP2Triangles(26, 27, 28, 0, 26, 29, 27, 0),
	gsSPVertex(pss_dl_WF_mesh_layer_1_vtx_10 + 60, 30, 0),
	gsSP2Triangles(0, 1, 2, 0, 0, 3, 1, 0),
	gsSP2Triangles(4, 5, 6, 0, 4, 6, 7, 0),
	gsSP2Triangles(8, 9, 10, 0, 8, 10, 11, 0),
	gsSP2Triangles(12, 8, 11, 0, 12, 11, 13, 0),
	gsSP2Triangles(14, 12, 13, 0, 14, 13, 15, 0),
	gsSP2Triangles(16, 17, 18, 0, 16, 19, 17, 0),
	gsSP2Triangles(19, 20, 17, 0, 19, 21, 20, 0),
	gsSP2Triangles(22, 23, 24, 0, 22, 24, 25, 0),
	gsSP2Triangles(26, 27, 28, 0, 26, 28, 29, 0),
	gsSPEndDisplayList(),
};

Vtx pss_dl_WF_mesh_layer_1_vtx_11[98] = {
	{{ {-4127, -4809, -1586}, 0, {-9795, 3583}, {0, 0, 129, 255} }},
	{{ {-4109, -4800, -1586}, 0, {-9729, 3548}, {0, 0, 129, 255} }},
	{{ {-4116, -4809, -1586}, 0, {-9753, 3583}, {0, 0, 129, 255} }},
	{{ {-4127, -4809, -1586}, 0, {-9795, 3583}, {0, 0, 129, 255} }},
	{{ {-4127, -4789, -1586}, 0, {-9795, 3509}, {0, 0, 129, 255} }},
	{{ {-4116, -4789, -1586}, 0, {-9753, 3509}, {0, 0, 129, 255} }},
	{{ {-4127, -4809, -1586}, 0, {-9795, 3583}, {0, 0, 129, 255} }},
	{{ {-4116, -4789, -1586}, 0, {-9753, 3509}, {0, 0, 129, 255} }},
	{{ {-4109, -4800, -1586}, 0, {-9729, 3548}, {0, 0, 129, 255} }},
	{{ {-4134, -4800, -1586}, 0, {-9819, 3548}, {0, 0, 129, 255} }},
	{{ {-4127, -4789, -1586}, 0, {-9795, 3509}, {0, 0, 129, 255} }},
	{{ {-4180, -4810, -3798}, 0, {-9990, 3586}, {0, 0, 129, 255} }},
	{{ {-4186, -4800, -3798}, 0, {-10011, 3550}, {0, 0, 129, 255} }},
	{{ {-4180, -4790, -3798}, 0, {-9990, 3512}, {0, 0, 129, 255} }},
	{{ {-4180, -4810, -3798}, 0, {-9990, 3586}, {0, 0, 129, 255} }},
	{{ {-4180, -4790, -3798}, 0, {-9990, 3512}, {0, 0, 129, 255} }},
	{{ {-4168, -4790, -3798}, 0, {-9945, 3512}, {0, 0, 129, 255} }},
	{{ {-1670, -2087, -751}, 0, {-771, -6414}, {0, 0, 129, 255} }},
	{{ {-2921, -2087, -751}, 0, {-5367, -6414}, {0, 0, 129, 255} }},
	{{ {-2921, -1294, -751}, 0, {-5367, -9327}, {0, 0, 129, 255} }},
	{{ {376, -1294, -751}, 0, {6741, -9327}, {0, 0, 129, 255} }},
	{{ {-1252, -3235, -751}, 0, {762, -2198}, {0, 0, 129, 255} }},
	{{ {376, -1461, -751}, 0, {6741, -8713}, {0, 0, 129, 255} }},
	{{ {376, -1628, -751}, 0, {6741, -8099}, {0, 0, 129, 255} }},
	{{ {543, -1628, -751}, 0, {7355, -8099}, {0, 0, 129, 255} }},
	{{ {0, -2922, -751}, 0, {5361, -3348}, {0, 0, 129, 255} }},
	{{ {417, -2922, -751}, 0, {6894, -3348}, {0, 0, 129, 255} }},
	{{ {-731, -3757, -751}, 0, {2678, -282}, {0, 0, 129, 255} }},
	{{ {-4109, -4800, -1586}, 0, {492, 3548}, {106, 186, 0, 255} }},
	{{ {-4109, -4800, -1085}, 0, {-1346, 3548}, {106, 186, 0, 255} }},
	{{ {-4116, -4809, -1085}, 0, {-1346, 3583}, {106, 186, 0, 255} }},
	{{ {-4116, -4809, -1586}, 0, {492, 3583}, {106, 186, 0, 255} }},
	{{ {-4127, -4809, -1586}, 0, {492, 3583}, {150, 186, 0, 255} }},
	{{ {-4127, -4809, -1085}, 0, {-1346, 3583}, {150, 186, 0, 255} }},
	{{ {-4134, -4800, -1085}, 0, {-1346, 3548}, {150, 186, 0, 255} }},
	{{ {-4134, -4800, -1586}, 0, {492, 3548}, {150, 186, 0, 255} }},
	{{ {-4116, -4809, -1586}, 0, {-9753, 1933}, {0, 129, 0, 255} }},
	{{ {-4116, -4809, -1085}, 0, {-9753, 3771}, {0, 129, 0, 255} }},
	{{ {-4127, -4809, -1085}, 0, {-9795, 3771}, {0, 129, 0, 255} }},
	{{ {-4127, -4809, -1586}, 0, {-9795, 1933}, {0, 129, 0, 255} }},
	{{ {-4116, -4789, -1586}, 0, {-9753, 1933}, {0, 127, 0, 255} }},
	{{ {-4127, -4789, -1586}, 0, {-9795, 1933}, {0, 127, 0, 255} }},
	{{ {-4116, -4789, -1085}, 0, {-9753, 3771}, {0, 127, 0, 255} }},
	{{ {-4127, -4789, -1085}, 0, {-9795, 3771}, {0, 127, 0, 255} }},
	{{ {-4116, -4789, -1586}, 0, {492, 3509}, {108, 67, 0, 255} }},
	{{ {-4116, -4789, -1085}, 0, {-1346, 3509}, {108, 67, 0, 255} }},
	{{ {-4109, -4800, -1085}, 0, {-1346, 3548}, {108, 67, 0, 255} }},
	{{ {-4109, -4800, -1586}, 0, {492, 3548}, {108, 67, 0, 255} }},
	{{ {-4134, -4800, -1586}, 0, {492, 3548}, {148, 67, 0, 255} }},
	{{ {-4134, -4800, -1085}, 0, {-1346, 3548}, {148, 67, 0, 255} }},
	{{ {-4127, -4789, -1085}, 0, {-1346, 3509}, {148, 67, 0, 255} }},
	{{ {-4127, -4789, -1586}, 0, {492, 3509}, {148, 67, 0, 255} }},
	{{ {-2236, -4948, -4341}, 0, {-2852, 4092}, {0, 0, 129, 255} }},
	{{ {-2443, -4741, -4341}, 0, {-3612, 3332}, {0, 0, 129, 255} }},
	{{ {-2443, -4442, -4341}, 0, {-3612, 2233}, {0, 0, 129, 255} }},
	{{ {-2236, -4235, -4341}, 0, {-2852, 1473}, {0, 0, 129, 255} }},
	{{ {-1937, -4235, -4341}, 0, {-1753, 1473}, {0, 0, 129, 255} }},
	{{ {-1730, -4442, -4341}, 0, {-993, 2233}, {0, 0, 129, 255} }},
	{{ {-1730, -4741, -4341}, 0, {-993, 3332}, {0, 0, 129, 255} }},
	{{ {-1937, -4948, -4341}, 0, {-1753, 4092}, {0, 0, 129, 255} }},
	{{ {-2302, -4468, -4549}, 0, {-3091, 2329}, {0, 0, 127, 255} }},
	{{ {-1948, -4381, -4549}, 0, {-1792, 2012}, {0, 0, 127, 255} }},
	{{ {-2215, -4381, -4549}, 0, {-2774, 2012}, {0, 0, 127, 255} }},
	{{ {-1875, -4468, -4549}, 0, {-1526, 2329}, {0, 0, 127, 255} }},
	{{ {-2302, -4468, -4549}, 0, {-3091, 2329}, {0, 0, 127, 255} }},
	{{ {-1875, -4721, -4549}, 0, {-1526, 3257}, {0, 0, 127, 255} }},
	{{ {-1875, -4468, -4549}, 0, {-1526, 2329}, {0, 0, 127, 255} }},
	{{ {-1962, -4807, -4549}, 0, {-1846, 3575}, {0, 0, 127, 255} }},
	{{ {-2215, -4807, -4549}, 0, {-2774, 3574}, {0, 0, 127, 255} }},
	{{ {-2302, -4721, -4549}, 0, {-3091, 3257}, {0, 0, 127, 255} }},
	{{ {-4162, -4800, -2086}, 0, {2331, 3550}, {112, 60, 0, 255} }},
	{{ {-4168, -4790, -3798}, 0, {8618, 3512}, {112, 60, 0, 255} }},
	{{ {-4168, -4790, -2086}, 0, {2331, 3512}, {112, 60, 0, 255} }},
	{{ {-4162, -4800, -3798}, 0, {8618, 3550}, {112, 60, 0, 255} }},
	{{ {-4180, -4810, -3798}, 0, {-9990, 3586}, {0, 0, 129, 255} }},
	{{ {-4168, -4790, -3798}, 0, {-9945, 3512}, {0, 0, 129, 255} }},
	{{ {-4162, -4800, -3798}, 0, {-9924, 3550}, {0, 0, 129, 255} }},
	{{ {-4168, -4810, -3798}, 0, {-9945, 3586}, {0, 0, 129, 255} }},
	{{ {-4168, -4790, -2086}, 0, {-9945, 95}, {0, 127, 0, 255} }},
	{{ {-4180, -4790, -3798}, 0, {-9990, -6193}, {0, 127, 0, 255} }},
	{{ {-4180, -4790, -2086}, 0, {-9990, 95}, {0, 127, 0, 255} }},
	{{ {-4168, -4790, -3798}, 0, {-9945, -6193}, {0, 127, 0, 255} }},
	{{ {-4180, -4790, -2086}, 0, {2331, 3512}, {144, 60, 0, 255} }},
	{{ {-4186, -4800, -3798}, 0, {8618, 3550}, {144, 60, 0, 255} }},
	{{ {-4186, -4800, -2086}, 0, {2331, 3550}, {144, 60, 0, 255} }},
	{{ {-4180, -4790, -3798}, 0, {8618, 3512}, {144, 60, 0, 255} }},
	{{ {-4186, -4800, -2086}, 0, {2331, 3550}, {146, 192, 0, 255} }},
	{{ {-4186, -4800, -3798}, 0, {8618, 3550}, {146, 192, 0, 255} }},
	{{ {-4180, -4810, -3798}, 0, {8618, 3586}, {146, 192, 0, 255} }},
	{{ {-4180, -4810, -2086}, 0, {2331, 3586}, {146, 192, 0, 255} }},
	{{ {-4168, -4810, -2086}, 0, {2331, 3586}, {110, 192, 0, 255} }},
	{{ {-4162, -4800, -3798}, 0, {8618, 3550}, {110, 192, 0, 255} }},
	{{ {-4162, -4800, -2086}, 0, {2331, 3550}, {110, 192, 0, 255} }},
	{{ {-4168, -4810, -3798}, 0, {8618, 3586}, {110, 192, 0, 255} }},
	{{ {-4180, -4810, -2086}, 0, {-9990, 95}, {0, 129, 0, 255} }},
	{{ {-4168, -4810, -3798}, 0, {-9945, -6193}, {0, 129, 0, 255} }},
	{{ {-4168, -4810, -2086}, 0, {-9945, 95}, {0, 129, 0, 255} }},
	{{ {-4180, -4810, -3798}, 0, {-9990, -6193}, {0, 129, 0, 255} }},
};

Gfx pss_dl_WF_mesh_layer_1_tri_11[] = {
	gsSPVertex(pss_dl_WF_mesh_layer_1_vtx_11 + 0, 32, 0),
	gsSP2Triangles(0, 1, 2, 0, 3, 4, 5, 0),
	gsSP2Triangles(6, 7, 8, 0, 0, 9, 10, 0),
	gsSP2Triangles(11, 12, 13, 0, 14, 15, 16, 0),
	gsSP2Triangles(17, 18, 19, 0, 20, 17, 19, 0),
	gsSP2Triangles(20, 21, 17, 0, 20, 22, 21, 0),
	gsSP2Triangles(22, 23, 21, 0, 21, 23, 24, 0),
	gsSP2Triangles(24, 25, 21, 0, 25, 24, 26, 0),
	gsSP2Triangles(25, 27, 21, 0, 28, 29, 30, 0),
	gsSP1Triangle(31, 28, 30, 0),
	gsSPVertex(pss_dl_WF_mesh_layer_1_vtx_11 + 32, 32, 0),
	gsSP2Triangles(0, 1, 2, 0, 3, 0, 2, 0),
	gsSP2Triangles(4, 5, 6, 0, 7, 4, 6, 0),
	gsSP2Triangles(8, 9, 10, 0, 9, 11, 10, 0),
	gsSP2Triangles(12, 13, 14, 0, 15, 12, 14, 0),
	gsSP2Triangles(16, 17, 18, 0, 19, 16, 18, 0),
	gsSP2Triangles(20, 21, 22, 0, 20, 22, 23, 0),
	gsSP2Triangles(20, 23, 24, 0, 20, 24, 25, 0),
	gsSP2Triangles(20, 25, 26, 0, 20, 26, 27, 0),
	gsSP2Triangles(28, 29, 30, 0, 28, 31, 29, 0),
	gsSPVertex(pss_dl_WF_mesh_layer_1_vtx_11 + 64, 30, 0),
	gsSP2Triangles(0, 1, 2, 0, 0, 3, 1, 0),
	gsSP2Triangles(0, 4, 3, 0, 0, 5, 4, 0),
	gsSP2Triangles(6, 7, 8, 0, 6, 9, 7, 0),
	gsSP2Triangles(10, 11, 12, 0, 10, 12, 13, 0),
	gsSP2Triangles(14, 15, 16, 0, 14, 17, 15, 0),
	gsSP2Triangles(18, 19, 20, 0, 18, 21, 19, 0),
	gsSP2Triangles(22, 23, 24, 0, 22, 24, 25, 0),
	gsSP2Triangles(26, 27, 28, 0, 26, 29, 27, 0),
	gsSPVertex(pss_dl_WF_mesh_layer_1_vtx_11 + 94, 4, 0),
	gsSP2Triangles(0, 1, 2, 0, 0, 3, 1, 0),
	gsSPEndDisplayList(),
};

Vtx pss_dl_WF_mesh_layer_1_vtx_12[84] = {
	{{ {457, -4323, -3339}, 0, {7037, -4504}, {64, 110, 0, 255} }},
	{{ {262, -4210, -3547}, 0, {6322, -5271}, {64, 110, 0, 255} }},
	{{ {262, -4210, -3339}, 0, {6322, -4504}, {64, 110, 0, 255} }},
	{{ {457, -4323, -3339}, 0, {7037, -4504}, {64, 110, 0, 255} }},
	{{ {457, -4323, -3547}, 0, {7037, -5271}, {64, 110, 0, 255} }},
	{{ {262, -4210, -3547}, 0, {6322, -5271}, {64, 110, 0, 255} }},
	{{ {-4132, -1252, -834}, 0, {-9813, 4693}, {0, 129, 0, 255} }},
	{{ {-4132, -1252, -938}, 0, {-9813, 4310}, {0, 129, 0, 255} }},
	{{ {-2921, -1252, -938}, 0, {-5367, 4310}, {0, 129, 0, 255} }},
	{{ {-2921, -1252, -834}, 0, {-5367, 4693}, {0, 129, 0, 255} }},
	{{ {-3339, -3339, -2086}, 0, {2331, -1815}, {114, 199, 0, 255} }},
	{{ {-3756, -4174, -2170}, 0, {2636, 1251}, {114, 199, 0, 255} }},
	{{ {-3339, -3339, -2170}, 0, {2636, -1815}, {114, 199, 0, 255} }},
	{{ {-3756, -4174, -2086}, 0, {2331, 1251}, {114, 199, 0, 255} }},
	{{ {-2310, -6901, -2086}, 0, {2331, 11266}, {166, 90, 0, 255} }},
	{{ {-835, -5426, -2086}, 0, {2331, 5847}, {166, 90, 0, 255} }},
	{{ {-835, -5426, -2170}, 0, {2636, 5847}, {166, 90, 0, 255} }},
	{{ {-2310, -6901, -2170}, 0, {2636, 11266}, {166, 90, 0, 255} }},
	{{ {543, -4592, -1982}, 0, {7355, 478}, {0, 127, 0, 255} }},
	{{ {0, -4592, -1878}, 0, {5361, 861}, {0, 127, 0, 255} }},
	{{ {543, -4592, -1878}, 0, {7355, 861}, {0, 127, 0, 255} }},
	{{ {0, -4592, -1982}, 0, {5361, 478}, {0, 127, 0, 255} }},
	{{ {-417, -4592, -2191}, 0, {3828, -289}, {0, 127, 0, 255} }},
	{{ {-417, -4592, -2086}, 0, {3828, 95}, {0, 127, 0, 255} }},
	{{ {-417, -3757, -2086}, 0, {2331, -282}, {127, 0, 0, 255} }},
	{{ {-417, -4592, -2086}, 0, {2331, 2784}, {127, 0, 0, 255} }},
	{{ {-417, -4592, -2191}, 0, {2714, 2784}, {127, 0, 0, 255} }},
	{{ {-417, -3757, -2191}, 0, {2714, -282}, {127, 0, 0, 255} }},
	{{ {262, -4210, -3339}, 0, {6322, -4504}, {193, 110, 0, 255} }},
	{{ {66, -4323, -3547}, 0, {5603, -5271}, {193, 110, 0, 255} }},
	{{ {66, -4323, -3339}, 0, {5603, -4504}, {193, 110, 0, 255} }},
	{{ {262, -4210, -3547}, 0, {6322, -5271}, {193, 110, 0, 255} }},
	{{ {-3756, -6556, -2170}, 0, {2636, 9997}, {127, 0, 0, 255} }},
	{{ {-3756, -5426, -2086}, 0, {2331, 5847}, {127, 0, 0, 255} }},
	{{ {-3756, -6556, -2086}, 0, {2331, 9997}, {127, 0, 0, 255} }},
	{{ {-3756, -5426, -2170}, 0, {2636, 5847}, {127, 0, 0, 255} }},
	{{ {-3756, -4174, -2086}, 0, {2331, 1251}, {127, 0, 0, 255} }},
	{{ {-3756, -4174, -2170}, 0, {2636, 1251}, {127, 0, 0, 255} }},
	{{ {66, -4323, -3339}, 0, {6930, 1796}, {129, 0, 0, 255} }},
	{{ {66, -4323, -3547}, 0, {7696, 1796}, {129, 0, 0, 255} }},
	{{ {66, -4548, -3547}, 0, {7696, 2622}, {129, 0, 0, 255} }},
	{{ {66, -4548, -3339}, 0, {6930, 2622}, {129, 0, 0, 255} }},
	{{ {66, -4548, -3339}, 0, {5603, -4504}, {193, 146, 0, 255} }},
	{{ {66, -4548, -3547}, 0, {5603, -5271}, {193, 146, 0, 255} }},
	{{ {262, -4659, -3547}, 0, {6322, -5271}, {193, 146, 0, 255} }},
	{{ {262, -4659, -3339}, 0, {6322, -4504}, {193, 146, 0, 255} }},
	{{ {262, -4659, -3339}, 0, {6322, -4504}, {63, 146, 0, 255} }},
	{{ {262, -4659, -3547}, 0, {6322, -5271}, {63, 146, 0, 255} }},
	{{ {457, -4548, -3547}, 0, {7037, -5271}, {63, 146, 0, 255} }},
	{{ {457, -4548, -3339}, 0, {7037, -4504}, {63, 146, 0, 255} }},
	{{ {457, -4548, -3339}, 0, {6930, 2622}, {127, 0, 0, 255} }},
	{{ {457, -4548, -3547}, 0, {7696, 2622}, {127, 0, 0, 255} }},
	{{ {457, -4323, -3547}, 0, {7696, 1796}, {127, 0, 0, 255} }},
	{{ {457, -4323, -3339}, 0, {6930, 1796}, {127, 0, 0, 255} }},
	{{ {-4758, -5843, -312}, 0, {-12113, 6610}, {0, 127, 0, 255} }},
	{{ {-3756, -5843, -417}, 0, {-8433, 6226}, {0, 127, 0, 255} }},
	{{ {-4758, -5843, -417}, 0, {-12113, 6226}, {0, 127, 0, 255} }},
	{{ {-3756, -5843, -312}, 0, {-8433, 6610}, {0, 127, 0, 255} }},
	{{ {-3756, -6556, -2086}, 0, {-8433, 95}, {30, 124, 0, 255} }},
	{{ {-2310, -6901, -2170}, 0, {-3121, -211}, {30, 124, 0, 255} }},
	{{ {-3756, -6556, -2170}, 0, {-8433, -211}, {30, 124, 0, 255} }},
	{{ {-2310, -6901, -2086}, 0, {-3121, 95}, {30, 124, 0, 255} }},
	{{ {1252, -7930, -876}, 0, {9959, 4541}, {0, 127, 0, 255} }},
	{{ {1252, -7930, -980}, 0, {9959, 4158}, {0, 127, 0, 255} }},
	{{ {-83, -7930, -980}, 0, {5055, 4158}, {0, 127, 0, 255} }},
	{{ {-83, -7930, -876}, 0, {5055, 4541}, {0, 127, 0, 255} }},
	{{ {1252, -7930, -876}, 0, {-2115, 15045}, {129, 0, 0, 255} }},
	{{ {1252, -7096, -980}, 0, {-1732, 11979}, {129, 0, 0, 255} }},
	{{ {1252, -7930, -980}, 0, {-1732, 15045}, {129, 0, 0, 255} }},
	{{ {1252, -7096, -876}, 0, {-2115, 11979}, {129, 0, 0, 255} }},
	{{ {-4758, -4070, -312}, 0, {-4184, 868}, {127, 0, 0, 255} }},
	{{ {-4758, -5843, -417}, 0, {-3801, 7380}, {127, 0, 0, 255} }},
	{{ {-4758, -4070, -417}, 0, {-3801, 868}, {127, 0, 0, 255} }},
	{{ {-4758, -5843, -312}, 0, {-4184, 7380}, {127, 0, 0, 255} }},
	{{ {-4758, -4070, -312}, 0, {-12113, 6610}, {0, 129, 0, 255} }},
	{{ {-4132, -4070, -417}, 0, {-9813, 6226}, {0, 129, 0, 255} }},
	{{ {-4132, -4070, -312}, 0, {-9813, 6610}, {0, 129, 0, 255} }},
	{{ {-4758, -4070, -417}, 0, {-12113, 6226}, {0, 129, 0, 255} }},
	{{ {-4132, -4070, -312}, 0, {-4184, 868}, {127, 0, 0, 255} }},
	{{ {-4132, -4070, -417}, 0, {-3801, 868}, {127, 0, 0, 255} }},
	{{ {-4132, -2087, -938}, 0, {-1885, -6414}, {127, 0, 0, 255} }},
	{{ {-4132, -2087, -834}, 0, {-2268, -6414}, {127, 0, 0, 255} }},
	{{ {-4132, -1252, -834}, 0, {-2268, -9480}, {127, 0, 0, 255} }},
	{{ {-4132, -1252, -938}, 0, {-1885, -9480}, {127, 0, 0, 255} }},
};

Gfx pss_dl_WF_mesh_layer_1_tri_12[] = {
	gsSPVertex(pss_dl_WF_mesh_layer_1_vtx_12 + 0, 32, 0),
	gsSP2Triangles(0, 1, 2, 0, 3, 4, 5, 0),
	gsSP2Triangles(6, 7, 8, 0, 6, 8, 9, 0),
	gsSP2Triangles(10, 11, 12, 0, 10, 13, 11, 0),
	gsSP2Triangles(14, 15, 16, 0, 14, 16, 17, 0),
	gsSP2Triangles(18, 19, 20, 0, 18, 21, 19, 0),
	gsSP2Triangles(19, 21, 22, 0, 19, 22, 23, 0),
	gsSP2Triangles(24, 25, 26, 0, 24, 26, 27, 0),
	gsSP2Triangles(28, 29, 30, 0, 28, 31, 29, 0),
	gsSPVertex(pss_dl_WF_mesh_layer_1_vtx_12 + 32, 30, 0),
	gsSP2Triangles(0, 1, 2, 0, 0, 3, 1, 0),
	gsSP2Triangles(4, 1, 3, 0, 4, 3, 5, 0),
	gsSP2Triangles(6, 7, 8, 0, 6, 8, 9, 0),
	gsSP2Triangles(10, 11, 12, 0, 10, 12, 13, 0),
	gsSP2Triangles(14, 15, 16, 0, 14, 16, 17, 0),
	gsSP2Triangles(18, 19, 20, 0, 18, 20, 21, 0),
	gsSP2Triangles(22, 23, 24, 0, 22, 25, 23, 0),
	gsSP2Triangles(26, 27, 28, 0, 26, 29, 27, 0),
	gsSPVertex(pss_dl_WF_mesh_layer_1_vtx_12 + 62, 22, 0),
	gsSP2Triangles(0, 1, 2, 0, 0, 2, 3, 0),
	gsSP2Triangles(4, 5, 6, 0, 4, 7, 5, 0),
	gsSP2Triangles(8, 9, 10, 0, 8, 11, 9, 0),
	gsSP2Triangles(12, 13, 14, 0, 12, 15, 13, 0),
	gsSP2Triangles(16, 17, 18, 0, 16, 18, 19, 0),
	gsSP2Triangles(18, 20, 19, 0, 18, 21, 20, 0),
	gsSPEndDisplayList(),
};

Vtx pss_dl_WF_mesh_layer_1_vtx_13[84] = {
	{{ {-968, -6848, -2817}, 0, {1807, 11069}, {0, 0, 127, 255} }},
	{{ {-968, -6535, -2817}, 0, {1807, 9919}, {0, 0, 127, 255} }},
	{{ {-1072, -6639, -2817}, 0, {1423, 10302}, {0, 0, 127, 255} }},
	{{ {-968, -6848, -2817}, 0, {1807, 11069}, {0, 0, 127, 255} }},
	{{ {-1072, -6639, -2817}, 0, {1423, 10302}, {0, 0, 127, 255} }},
	{{ {-1385, -6326, -2817}, 0, {274, 9152}, {0, 0, 127, 255} }},
	{{ {836, -3339, -876}, 0, {8430, -1818}, {8, 28, 132, 255} }},
	{{ {940, -2933, -777}, 0, {8813, -3306}, {8, 28, 132, 255} }},
	{{ {1044, -3035, -793}, 0, {9193, -2934}, {8, 28, 132, 255} }},
	{{ {836, -1461, -417}, 0, {8430, -8713}, {0, 34, 134, 255} }},
	{{ {1252, -1461, -417}, 0, {9960, -8713}, {0, 34, 134, 255} }},
	{{ {940, -1718, -489}, 0, {8813, -7770}, {0, 34, 134, 255} }},
	{{ {836, -1461, -417}, 0, {8430, -8713}, {245, 30, 133, 255} }},
	{{ {940, -1718, -489}, 0, {8813, -7770}, {245, 30, 133, 255} }},
	{{ {836, -2426, -653}, 0, {8430, -5168}, {245, 30, 133, 255} }},
	{{ {940, -1718, -489}, 0, {8813, -7770}, {45, 31, 141, 255} }},
	{{ {1044, -2326, -612}, 0, {9193, -5536}, {45, 31, 141, 255} }},
	{{ {940, -2326, -653}, 0, {8813, -5536}, {45, 31, 141, 255} }},
	{{ {1148, -1819, -488}, 0, {9577, -7399}, {14, 27, 133, 255} }},
	{{ {1044, -2326, -612}, 0, {9193, -5536}, {14, 27, 133, 255} }},
	{{ {940, -1718, -489}, 0, {8813, -7770}, {14, 27, 133, 255} }},
	{{ {1252, -1461, -417}, 0, {9960, -8713}, {11, 22, 131, 255} }},
	{{ {1148, -1819, -488}, 0, {9577, -7399}, {11, 22, 131, 255} }},
	{{ {940, -1718, -489}, 0, {8813, -7770}, {11, 22, 131, 255} }},
	{{ {940, -1718, -489}, 0, {8813, -7770}, {225, 32, 137, 255} }},
	{{ {940, -2326, -653}, 0, {8813, -5536}, {225, 32, 137, 255} }},
	{{ {836, -2426, -653}, 0, {8430, -5168}, {225, 32, 137, 255} }},
	{{ {940, -2933, -777}, 0, {8813, -3306}, {0, 30, 133, 255} }},
	{{ {836, -3339, -876}, 0, {8430, -1818}, {0, 30, 133, 255} }},
	{{ {836, -2426, -653}, 0, {8430, -5168}, {0, 30, 133, 255} }},
	{{ {940, -2326, -653}, 0, {8813, -5536}, {232, 25, 134, 255} }},
	{{ {940, -2933, -777}, 0, {8813, -3306}, {232, 25, 134, 255} }},
	{{ {836, -2426, -653}, 0, {8430, -5168}, {232, 25, 134, 255} }},
	{{ {1252, -1461, -417}, 0, {9960, -8713}, {218, 29, 138, 255} }},
	{{ {1252, -3339, -876}, 0, {9960, -1818}, {218, 29, 138, 255} }},
	{{ {1148, -2629, -669}, 0, {9577, -4422}, {218, 29, 138, 255} }},
	{{ {1252, -1461, -417}, 0, {9960, -8713}, {245, 28, 132, 255} }},
	{{ {1148, -2629, -669}, 0, {9577, -4422}, {245, 28, 132, 255} }},
	{{ {1148, -1819, -488}, 0, {9577, -7399}, {245, 28, 132, 255} }},
	{{ {1252, -3339, -876}, 0, {9960, -1818}, {0, 33, 133, 255} }},
	{{ {836, -3339, -876}, 0, {8430, -1818}, {0, 33, 133, 255} }},
	{{ {1044, -3035, -793}, 0, {9193, -2934}, {0, 33, 133, 255} }},
	{{ {1252, -3339, -876}, 0, {9960, -1818}, {28, 38, 138, 255} }},
	{{ {1044, -2730, -727}, 0, {9193, -4051}, {28, 38, 138, 255} }},
	{{ {1148, -2629, -669}, 0, {9577, -4422}, {28, 38, 138, 255} }},
	{{ {1252, -3339, -876}, 0, {9960, -1818}, {246, 27, 132, 255} }},
	{{ {1044, -3035, -793}, 0, {9193, -2934}, {246, 27, 132, 255} }},
	{{ {1044, -2730, -727}, 0, {9193, -4051}, {246, 27, 132, 255} }},
	{{ {1044, -2730, -727}, 0, {9193, -4051}, {40, 26, 138, 255} }},
	{{ {1148, -1819, -488}, 0, {9577, -7399}, {40, 26, 138, 255} }},
	{{ {1148, -2629, -669}, 0, {9577, -4422}, {40, 26, 138, 255} }},
	{{ {940, -2933, -777}, 0, {8813, -3306}, {7, 27, 132, 255} }},
	{{ {1044, -2730, -727}, 0, {9193, -4051}, {7, 27, 132, 255} }},
	{{ {1044, -3035, -793}, 0, {9193, -2934}, {7, 27, 132, 255} }},
	{{ {940, -2933, -777}, 0, {8813, -3306}, {247, 35, 134, 255} }},
	{{ {1044, -2326, -612}, 0, {9193, -5536}, {247, 35, 134, 255} }},
	{{ {1044, -2730, -727}, 0, {9193, -4051}, {247, 35, 134, 255} }},
	{{ {1044, -2730, -727}, 0, {9193, -4051}, {233, 34, 136, 255} }},
	{{ {1044, -2326, -612}, 0, {9193, -5536}, {233, 34, 136, 255} }},
	{{ {1148, -1819, -488}, 0, {9577, -7399}, {233, 34, 136, 255} }},
	{{ {1044, -2326, -612}, 0, {9193, -5536}, {46, 24, 140, 255} }},
	{{ {940, -2933, -777}, 0, {8813, -3306}, {46, 24, 140, 255} }},
	{{ {940, -2326, -653}, 0, {8813, -5536}, {46, 24, 140, 255} }},
	{{ {1253, -1461, -417}, 0, {9963, -8713}, {68, 222, 154, 255} }},
	{{ {1566, -1461, -208}, 0, {11112, -8713}, {68, 222, 154, 255} }},
	{{ {1253, -2087, -208}, 0, {9963, -6413}, {68, 222, 154, 255} }},
	{{ {1252, -5008, -876}, 0, {9960, 4541}, {0, 129, 0, 255} }},
	{{ {835, -5008, 1}, 0, {8427, 7759}, {0, 129, 0, 255} }},
	{{ {835, -5008, -876}, 0, {8427, 4541}, {0, 129, 0, 255} }},
	{{ {1252, -5008, 1}, 0, {9960, 7759}, {0, 129, 0, 255} }},
	{{ {1252, -3339, -876}, 0, {9960, -1815}, {0, 0, 129, 255} }},
	{{ {1252, -5008, -876}, 0, {9960, 4314}, {0, 0, 129, 255} }},
	{{ {835, -5008, -876}, 0, {8427, 4314}, {0, 0, 129, 255} }},
	{{ {835, -3339, -876}, 0, {8427, -1815}, {0, 0, 129, 255} }},
	{{ {1252, -5008, -208}, 0, {-4568, 4314}, {127, 0, 0, 255} }},
	{{ {1252, -5008, -876}, 0, {-2115, 4314}, {127, 0, 0, 255} }},
	{{ {1252, -3339, -876}, 0, {-2115, -1815}, {127, 0, 0, 255} }},
	{{ {1252, -1461, -417}, 0, {-3801, -8713}, {127, 0, 0, 255} }},
	{{ {1252, -2087, -208}, 0, {-4568, -6414}, {127, 0, 0, 255} }},
	{{ {-1385, -6326, -2817}, 0, {274, 9152}, {0, 0, 127, 255} }},
	{{ {-1490, -6430, -2817}, 0, {-109, 9536}, {0, 0, 127, 255} }},
	{{ {-1176, -6743, -2817}, 0, {1040, 10685}, {0, 0, 127, 255} }},
	{{ {-968, -6848, -2817}, 0, {1807, 11069}, {0, 0, 127, 255} }},
	{{ {-1281, -6848, -2817}, 0, {657, 11069}, {0, 0, 127, 255} }},
};

Gfx pss_dl_WF_mesh_layer_1_tri_13[] = {
	gsSPVertex(pss_dl_WF_mesh_layer_1_vtx_13 + 0, 30, 0),
	gsSP2Triangles(0, 1, 2, 0, 3, 4, 5, 0),
	gsSP2Triangles(6, 7, 8, 0, 9, 10, 11, 0),
	gsSP2Triangles(12, 13, 14, 0, 15, 16, 17, 0),
	gsSP2Triangles(18, 19, 20, 0, 21, 22, 23, 0),
	gsSP2Triangles(24, 25, 26, 0, 27, 28, 29, 0),
	gsSPVertex(pss_dl_WF_mesh_layer_1_vtx_13 + 30, 30, 0),
	gsSP2Triangles(0, 1, 2, 0, 3, 4, 5, 0),
	gsSP2Triangles(6, 7, 8, 0, 9, 10, 11, 0),
	gsSP2Triangles(12, 13, 14, 0, 15, 16, 17, 0),
	gsSP2Triangles(18, 19, 20, 0, 21, 22, 23, 0),
	gsSP2Triangles(24, 25, 26, 0, 27, 28, 29, 0),
	gsSPVertex(pss_dl_WF_mesh_layer_1_vtx_13 + 60, 24, 0),
	gsSP2Triangles(0, 1, 2, 0, 3, 4, 5, 0),
	gsSP2Triangles(6, 7, 8, 0, 6, 9, 7, 0),
	gsSP2Triangles(10, 11, 12, 0, 10, 12, 13, 0),
	gsSP2Triangles(14, 15, 16, 0, 14, 16, 17, 0),
	gsSP2Triangles(14, 17, 18, 0, 19, 20, 21, 0),
	gsSP2Triangles(22, 19, 21, 0, 21, 23, 22, 0),
	gsSPEndDisplayList(),
};

Vtx pss_dl_WF_mesh_layer_1_vtx_14[16] = {
	{{ {-2191, -4695, -4341}, 0, {-2684, -8184}, {0, 129, 0, 255} }},
	{{ {-2191, -4695, -4549}, 0, {-2684, -8951}, {0, 129, 0, 255} }},
	{{ {-1983, -4695, -4549}, 0, {-1921, -8951}, {0, 129, 0, 255} }},
	{{ {-1983, -4695, -4341}, 0, {-1921, -8184}, {0, 129, 0, 255} }},
	{{ {-2191, -4487, -4341}, 0, {10609, 2401}, {129, 0, 0, 255} }},
	{{ {-2191, -4487, -4549}, 0, {11376, 2401}, {129, 0, 0, 255} }},
	{{ {-2191, -4695, -4549}, 0, {11376, 3164}, {129, 0, 0, 255} }},
	{{ {-2191, -4695, -4341}, 0, {10609, 3164}, {129, 0, 0, 255} }},
	{{ {-1983, -4695, -4341}, 0, {10609, 3164}, {127, 0, 0, 255} }},
	{{ {-1983, -4695, -4549}, 0, {11376, 3164}, {127, 0, 0, 255} }},
	{{ {-1983, -4487, -4549}, 0, {11376, 2401}, {127, 0, 0, 255} }},
	{{ {-1983, -4487, -4341}, 0, {10609, 2401}, {127, 0, 0, 255} }},
	{{ {-1983, -4487, -4341}, 0, {-1921, -8184}, {0, 127, 0, 255} }},
	{{ {-2191, -4487, -4549}, 0, {-2684, -8951}, {0, 127, 0, 255} }},
	{{ {-2191, -4487, -4341}, 0, {-2684, -8184}, {0, 127, 0, 255} }},
	{{ {-1983, -4487, -4549}, 0, {-1921, -8951}, {0, 127, 0, 255} }},
};

Gfx pss_dl_WF_mesh_layer_1_tri_14[] = {
	gsSPVertex(pss_dl_WF_mesh_layer_1_vtx_14 + 0, 16, 0),
	gsSP2Triangles(0, 1, 2, 0, 0, 2, 3, 0),
	gsSP2Triangles(4, 5, 6, 0, 4, 6, 7, 0),
	gsSP2Triangles(8, 9, 10, 0, 8, 10, 11, 0),
	gsSP2Triangles(12, 13, 14, 0, 12, 15, 13, 0),
	gsSPEndDisplayList(),
};

Vtx pss_dl_WF_mesh_layer_1_vtx_15[12] = {
	{{ {1247, -4695, -876}, 0, {-2116, 3164}, {127, 0, 0, 255} }},
	{{ {1247, -4513, -1043}, 0, {-1502, 2497}, {127, 0, 0, 255} }},
	{{ {1247, -4487, -876}, 0, {-2116, 2401}, {127, 0, 0, 255} }},
	{{ {1247, -4669, -1043}, 0, {-1502, 3068}, {127, 0, 0, 255} }},
	{{ {994, -3652, -876}, 0, {-2116, -668}, {127, 0, 0, 255} }},
	{{ {994, -3470, -1043}, 0, {-1502, -1336}, {127, 0, 0, 255} }},
	{{ {994, -3444, -876}, 0, {-2116, -1432}, {127, 0, 0, 255} }},
	{{ {994, -3626, -1043}, 0, {-1502, -764}, {127, 0, 0, 255} }},
	{{ {1157, -4279, -876}, 0, {-2116, 1637}, {127, 0, 0, 255} }},
	{{ {1157, -4227, -1043}, 0, {-1502, 1446}, {127, 0, 0, 255} }},
	{{ {1157, -3915, -1043}, 0, {-1502, 299}, {127, 0, 0, 255} }},
	{{ {1157, -3863, -876}, 0, {-2116, 107}, {127, 0, 0, 255} }},
};

Gfx pss_dl_WF_mesh_layer_1_tri_15[] = {
	gsSPVertex(pss_dl_WF_mesh_layer_1_vtx_15 + 0, 12, 0),
	gsSP2Triangles(0, 1, 2, 0, 0, 3, 1, 0),
	gsSP2Triangles(4, 5, 6, 0, 4, 7, 5, 0),
	gsSP2Triangles(8, 9, 10, 0, 8, 10, 11, 0),
	gsSPEndDisplayList(),
};

Vtx pss_dl_WF_mesh_layer_1_vtx_16[128] = {
	{{ {1462, -3547, -208}, 0, {-4568, -1051}, {129, 0, 0, 255} }},
	{{ {1462, -3756, -249}, 0, {-4415, -285}, {129, 0, 0, 255} }},
	{{ {1462, -3756, -208}, 0, {-4568, -285}, {129, 0, 0, 255} }},
	{{ {1462, -3547, -249}, 0, {-4415, -1051}, {129, 0, 0, 255} }},
	{{ {1462, -4382, -208}, 0, {-4568, 2015}, {129, 0, 0, 255} }},
	{{ {1462, -4382, -249}, 0, {-4415, 2015}, {129, 0, 0, 255} }},
	{{ {1462, -4591, -249}, 0, {-4415, 2781}, {129, 0, 0, 255} }},
	{{ {1462, -4591, -208}, 0, {-4568, 2781}, {129, 0, 0, 255} }},
	{{ {1774, -4695, -208}, 0, {-4568, 3164}, {90, 166, 0, 255} }},
	{{ {1774, -4695, -249}, 0, {-4415, 3164}, {90, 166, 0, 255} }},
	{{ {1878, -4591, -249}, 0, {-4415, 2781}, {90, 166, 0, 255} }},
	{{ {1878, -4591, -208}, 0, {-4568, 2781}, {90, 166, 0, 255} }},
	{{ {1566, -4695, -208}, 0, {11112, 6993}, {0, 129, 0, 255} }},
	{{ {1566, -4695, -249}, 0, {11112, 6840}, {0, 129, 0, 255} }},
	{{ {1774, -4695, -249}, 0, {11876, 6840}, {0, 129, 0, 255} }},
	{{ {1774, -4695, -208}, 0, {11876, 6993}, {0, 129, 0, 255} }},
	{{ {1774, -3860, -208}, 0, {11876, 6993}, {90, 166, 0, 255} }},
	{{ {1878, -3756, -249}, 0, {12259, 6840}, {90, 166, 0, 255} }},
	{{ {1878, -3756, -208}, 0, {12259, 6993}, {90, 166, 0, 255} }},
	{{ {1774, -3860, -249}, 0, {11876, 6840}, {90, 166, 0, 255} }},
	{{ {1462, -3756, -208}, 0, {10729, 6993}, {166, 166, 0, 255} }},
	{{ {1462, -3756, -249}, 0, {10729, 6840}, {166, 166, 0, 255} }},
	{{ {1566, -3860, -249}, 0, {11112, 6840}, {166, 166, 0, 255} }},
	{{ {1566, -3860, -208}, 0, {11112, 6993}, {166, 166, 0, 255} }},
	{{ {1566, -3860, -208}, 0, {11112, 6993}, {0, 129, 0, 255} }},
	{{ {1774, -3860, -249}, 0, {11876, 6840}, {0, 129, 0, 255} }},
	{{ {1774, -3860, -208}, 0, {11876, 6993}, {0, 129, 0, 255} }},
	{{ {1566, -3860, -249}, 0, {11112, 6840}, {0, 129, 0, 255} }},
	{{ {1566, -3443, -208}, 0, {11112, 6993}, {166, 90, 0, 255} }},
	{{ {1462, -3547, -249}, 0, {10729, 6840}, {166, 90, 0, 255} }},
	{{ {1462, -3547, -208}, 0, {10729, 6993}, {166, 90, 0, 255} }},
	{{ {1566, -3443, -249}, 0, {11112, 6840}, {166, 90, 0, 255} }},
	{{ {1878, -3756, -208}, 0, {-4568, -285}, {127, 0, 0, 255} }},
	{{ {1878, -3547, -249}, 0, {-4415, -1051}, {127, 0, 0, 255} }},
	{{ {1878, -3547, -208}, 0, {-4568, -1051}, {127, 0, 0, 255} }},
	{{ {1878, -3756, -249}, 0, {-4415, -285}, {127, 0, 0, 255} }},
	{{ {1878, -3547, -208}, 0, {12259, 6993}, {90, 90, 0, 255} }},
	{{ {1878, -3547, -249}, 0, {12259, 6840}, {90, 90, 0, 255} }},
	{{ {1774, -3443, -249}, 0, {11876, 6840}, {90, 90, 0, 255} }},
	{{ {1774, -3443, -208}, 0, {11876, 6993}, {90, 90, 0, 255} }},
	{{ {1774, -3443, -208}, 0, {11876, 6993}, {0, 127, 0, 255} }},
	{{ {1774, -3443, -249}, 0, {11876, 6840}, {0, 127, 0, 255} }},
	{{ {1566, -3443, -249}, 0, {11112, 6840}, {0, 127, 0, 255} }},
	{{ {1566, -3443, -208}, 0, {11112, 6993}, {0, 127, 0, 255} }},
	{{ {1878, -4382, -208}, 0, {-4568, 2015}, {90, 90, 0, 255} }},
	{{ {1878, -4382, -249}, 0, {-4415, 2015}, {90, 90, 0, 255} }},
	{{ {1774, -4278, -249}, 0, {-4415, 1632}, {90, 90, 0, 255} }},
	{{ {1774, -4278, -208}, 0, {-4568, 1632}, {90, 90, 0, 255} }},
	{{ {1566, -4278, -208}, 0, {11112, 6993}, {166, 90, 0, 255} }},
	{{ {1462, -4382, -249}, 0, {10729, 6840}, {166, 90, 0, 255} }},
	{{ {1462, -4382, -208}, 0, {10729, 6993}, {166, 90, 0, 255} }},
	{{ {1566, -4278, -249}, 0, {11112, 6840}, {166, 90, 0, 255} }},
	{{ {1774, -4278, -208}, 0, {11876, 6993}, {0, 127, 0, 255} }},
	{{ {1774, -4278, -249}, 0, {11876, 6840}, {0, 127, 0, 255} }},
	{{ {1566, -4278, -249}, 0, {11112, 6840}, {0, 127, 0, 255} }},
	{{ {1566, -4278, -208}, 0, {11112, 6993}, {0, 127, 0, 255} }},
	{{ {1878, -4591, -208}, 0, {-4568, 2781}, {127, 0, 0, 255} }},
	{{ {1878, -4591, -249}, 0, {-4415, 2781}, {127, 0, 0, 255} }},
	{{ {1878, -4382, -249}, 0, {-4415, 2015}, {127, 0, 0, 255} }},
	{{ {1878, -4382, -208}, 0, {-4568, 2015}, {127, 0, 0, 255} }},
	{{ {1462, -4591, -208}, 0, {10729, 6993}, {166, 166, 0, 255} }},
	{{ {1462, -4591, -249}, 0, {10729, 6840}, {166, 166, 0, 255} }},
	{{ {1566, -4695, -249}, 0, {11112, 6840}, {166, 166, 0, 255} }},
	{{ {1566, -4695, -208}, 0, {11112, 6993}, {166, 166, 0, 255} }},
	{{ {268, -238, -208}, 0, {-4568, -13204}, {129, 0, 0, 255} }},
	{{ {268, -238, -233}, 0, {-4475, -13204}, {129, 0, 0, 255} }},
	{{ {268, -388, -233}, 0, {-4475, -12653}, {129, 0, 0, 255} }},
	{{ {268, -388, -208}, 0, {-4568, -12653}, {129, 0, 0, 255} }},
	{{ {1878, -626, -208}, 0, {-4568, -11779}, {127, 0, 0, 255} }},
	{{ {1878, -417, -250}, 0, {-4412, -12545}, {127, 0, 0, 255} }},
	{{ {1878, -417, -208}, 0, {-4568, -12545}, {127, 0, 0, 255} }},
	{{ {1878, -626, -250}, 0, {-4412, -11779}, {127, 0, 0, 255} }},
	{{ {1774, -730, -208}, 0, {11876, 6993}, {89, 166, 0, 255} }},
	{{ {1878, -626, -250}, 0, {12259, 6837}, {89, 166, 0, 255} }},
	{{ {1878, -626, -208}, 0, {12259, 6993}, {89, 166, 0, 255} }},
	{{ {1774, -730, -250}, 0, {11876, 6837}, {89, 166, 0, 255} }},
	{{ {1878, -417, -208}, 0, {12259, 6993}, {90, 90, 0, 255} }},
	{{ {1878, -417, -250}, 0, {12259, 6837}, {90, 90, 0, 255} }},
	{{ {1774, -313, -250}, 0, {11876, 6837}, {90, 90, 0, 255} }},
	{{ {1774, -313, -208}, 0, {11876, 6993}, {90, 90, 0, 255} }},
	{{ {493, -463, -208}, 0, {-4568, -12378}, {90, 166, 0, 255} }},
	{{ {568, -388, -233}, 0, {-4475, -12653}, {90, 166, 0, 255} }},
	{{ {568, -388, -208}, 0, {-4568, -12653}, {90, 166, 0, 255} }},
	{{ {493, -463, -233}, 0, {-4475, -12378}, {90, 166, 0, 255} }},
	{{ {268, -388, -208}, 0, {6346, 6993}, {166, 166, 0, 255} }},
	{{ {268, -388, -233}, 0, {6346, 6900}, {166, 166, 0, 255} }},
	{{ {343, -463, -233}, 0, {6621, 6900}, {166, 166, 0, 255} }},
	{{ {343, -463, -208}, 0, {6621, 6993}, {166, 166, 0, 255} }},
	{{ {343, -463, -208}, 0, {6621, 6993}, {0, 129, 0, 255} }},
	{{ {343, -463, -233}, 0, {6621, 6900}, {0, 129, 0, 255} }},
	{{ {493, -463, -233}, 0, {7172, 6900}, {0, 129, 0, 255} }},
	{{ {493, -463, -208}, 0, {7172, 6993}, {0, 129, 0, 255} }},
	{{ {343, -163, -208}, 0, {6621, 6993}, {166, 90, 0, 255} }},
	{{ {343, -163, -233}, 0, {6621, 6900}, {166, 90, 0, 255} }},
	{{ {268, -238, -233}, 0, {6346, 6900}, {166, 90, 0, 255} }},
	{{ {268, -238, -208}, 0, {6346, 6993}, {166, 90, 0, 255} }},
	{{ {568, -388, -208}, 0, {-4568, -12653}, {127, 0, 0, 255} }},
	{{ {568, -238, -233}, 0, {-4475, -13204}, {127, 0, 0, 255} }},
	{{ {568, -238, -208}, 0, {-4568, -13204}, {127, 0, 0, 255} }},
	{{ {568, -388, -233}, 0, {-4475, -12653}, {127, 0, 0, 255} }},
	{{ {568, -238, -208}, 0, {-4568, -13204}, {90, 90, 0, 255} }},
	{{ {568, -238, -233}, 0, {-4475, -13204}, {90, 90, 0, 255} }},
	{{ {493, -163, -233}, 0, {-4475, -13480}, {90, 90, 0, 255} }},
	{{ {493, -163, -208}, 0, {-4568, -13480}, {90, 90, 0, 255} }},
	{{ {493, -163, -208}, 0, {7172, 6993}, {0, 127, 0, 255} }},
	{{ {343, -163, -233}, 0, {6621, 6900}, {0, 127, 0, 255} }},
	{{ {343, -163, -208}, 0, {6621, 6993}, {0, 127, 0, 255} }},
	{{ {493, -163, -233}, 0, {7172, 6900}, {0, 127, 0, 255} }},
	{{ {1461, -417, -208}, 0, {-4568, -12545}, {129, 0, 0, 255} }},
	{{ {1461, -626, -250}, 0, {-4412, -11779}, {129, 0, 0, 255} }},
	{{ {1461, -626, -208}, 0, {-4568, -11779}, {129, 0, 0, 255} }},
	{{ {1461, -417, -250}, 0, {-4412, -12545}, {129, 0, 0, 255} }},
	{{ {1565, -730, -208}, 0, {11109, 6993}, {0, 129, 0, 255} }},
	{{ {1565, -730, -250}, 0, {11109, 6837}, {0, 129, 0, 255} }},
	{{ {1774, -730, -250}, 0, {11876, 6837}, {0, 129, 0, 255} }},
	{{ {1774, -730, -208}, 0, {11876, 6993}, {0, 129, 0, 255} }},
	{{ {1461, -626, -208}, 0, {10726, 6993}, {167, 166, 0, 255} }},
	{{ {1461, -626, -250}, 0, {10726, 6837}, {167, 166, 0, 255} }},
	{{ {1565, -730, -250}, 0, {11109, 6837}, {167, 166, 0, 255} }},
	{{ {1565, -730, -208}, 0, {11109, 6993}, {167, 166, 0, 255} }},
	{{ {1565, -313, -208}, 0, {11110, 6993}, {166, 90, 0, 255} }},
	{{ {1565, -313, -250}, 0, {11110, 6837}, {166, 90, 0, 255} }},
	{{ {1461, -417, -250}, 0, {10726, 6837}, {166, 90, 0, 255} }},
	{{ {1461, -417, -208}, 0, {10726, 6993}, {166, 90, 0, 255} }},
	{{ {1774, -313, -208}, 0, {11876, 6993}, {0, 127, 0, 255} }},
	{{ {1565, -313, -250}, 0, {11110, 6837}, {0, 127, 0, 255} }},
	{{ {1565, -313, -208}, 0, {11110, 6993}, {0, 127, 0, 255} }},
	{{ {1774, -313, -250}, 0, {11876, 6837}, {0, 127, 0, 255} }},
};

Gfx pss_dl_WF_mesh_layer_1_tri_16[] = {
	gsSPVertex(pss_dl_WF_mesh_layer_1_vtx_16 + 0, 32, 0),
	gsSP2Triangles(0, 1, 2, 0, 0, 3, 1, 0),
	gsSP2Triangles(4, 5, 6, 0, 4, 6, 7, 0),
	gsSP2Triangles(8, 9, 10, 0, 8, 10, 11, 0),
	gsSP2Triangles(12, 13, 14, 0, 12, 14, 15, 0),
	gsSP2Triangles(16, 17, 18, 0, 16, 19, 17, 0),
	gsSP2Triangles(20, 21, 22, 0, 20, 22, 23, 0),
	gsSP2Triangles(24, 25, 26, 0, 24, 27, 25, 0),
	gsSP2Triangles(28, 29, 30, 0, 28, 31, 29, 0),
	gsSPVertex(pss_dl_WF_mesh_layer_1_vtx_16 + 32, 32, 0),
	gsSP2Triangles(0, 1, 2, 0, 0, 3, 1, 0),
	gsSP2Triangles(4, 5, 6, 0, 4, 6, 7, 0),
	gsSP2Triangles(8, 9, 10, 0, 8, 10, 11, 0),
	gsSP2Triangles(12, 13, 14, 0, 12, 14, 15, 0),
	gsSP2Triangles(16, 17, 18, 0, 16, 19, 17, 0),
	gsSP2Triangles(20, 21, 22, 0, 20, 22, 23, 0),
	gsSP2Triangles(24, 25, 26, 0, 24, 26, 27, 0),
	gsSP2Triangles(28, 29, 30, 0, 28, 30, 31, 0),
	gsSPVertex(pss_dl_WF_mesh_layer_1_vtx_16 + 64, 32, 0),
	gsSP2Triangles(0, 1, 2, 0, 0, 2, 3, 0),
	gsSP2Triangles(4, 5, 6, 0, 4, 7, 5, 0),
	gsSP2Triangles(8, 9, 10, 0, 8, 11, 9, 0),
	gsSP2Triangles(12, 13, 14, 0, 12, 14, 15, 0),
	gsSP2Triangles(16, 17, 18, 0, 16, 19, 17, 0),
	gsSP2Triangles(20, 21, 22, 0, 20, 22, 23, 0),
	gsSP2Triangles(24, 25, 26, 0, 24, 26, 27, 0),
	gsSP2Triangles(28, 29, 30, 0, 28, 30, 31, 0),
	gsSPVertex(pss_dl_WF_mesh_layer_1_vtx_16 + 96, 32, 0),
	gsSP2Triangles(0, 1, 2, 0, 0, 3, 1, 0),
	gsSP2Triangles(4, 5, 6, 0, 4, 6, 7, 0),
	gsSP2Triangles(8, 9, 10, 0, 8, 11, 9, 0),
	gsSP2Triangles(12, 13, 14, 0, 12, 15, 13, 0),
	gsSP2Triangles(16, 17, 18, 0, 16, 18, 19, 0),
	gsSP2Triangles(20, 21, 22, 0, 20, 22, 23, 0),
	gsSP2Triangles(24, 25, 26, 0, 24, 26, 27, 0),
	gsSP2Triangles(28, 29, 30, 0, 28, 31, 29, 0),
	gsSPEndDisplayList(),
};

Vtx pss_dl_WF_mesh_layer_1_vtx_17[32] = {
	{{ {1462, -3756, -249}, 0, {10729, -285}, {0, 0, 129, 255} }},
	{{ {1774, -3860, -249}, 0, {11876, 99}, {0, 0, 129, 255} }},
	{{ {1566, -3860, -249}, 0, {11112, 99}, {0, 0, 129, 255} }},
	{{ {1878, -3756, -249}, 0, {12259, -285}, {0, 0, 129, 255} }},
	{{ {1878, -3547, -249}, 0, {12259, -1051}, {0, 0, 129, 255} }},
	{{ {1774, -3443, -249}, 0, {11876, -1434}, {0, 0, 129, 255} }},
	{{ {1566, -3443, -249}, 0, {11112, -1434}, {0, 0, 129, 255} }},
	{{ {1462, -3547, -249}, 0, {10729, -1051}, {0, 0, 129, 255} }},
	{{ {1462, -4591, -249}, 0, {10729, 2781}, {0, 0, 129, 255} }},
	{{ {1774, -4695, -249}, 0, {11876, 3164}, {0, 0, 129, 255} }},
	{{ {1566, -4695, -249}, 0, {11112, 3164}, {0, 0, 129, 255} }},
	{{ {1878, -4591, -249}, 0, {12259, 2781}, {0, 0, 129, 255} }},
	{{ {1878, -4382, -249}, 0, {12259, 2015}, {0, 0, 129, 255} }},
	{{ {1774, -4278, -249}, 0, {11876, 1632}, {0, 0, 129, 255} }},
	{{ {1566, -4278, -249}, 0, {11112, 1632}, {0, 0, 129, 255} }},
	{{ {1462, -4382, -249}, 0, {10729, 2015}, {0, 0, 129, 255} }},
	{{ {268, -388, -233}, 0, {6346, -12653}, {0, 0, 129, 255} }},
	{{ {493, -463, -233}, 0, {7172, -12378}, {0, 0, 129, 255} }},
	{{ {343, -463, -233}, 0, {6621, -12378}, {0, 0, 129, 255} }},
	{{ {568, -388, -233}, 0, {7448, -12653}, {0, 0, 129, 255} }},
	{{ {568, -238, -233}, 0, {7448, -13204}, {0, 0, 129, 255} }},
	{{ {493, -163, -233}, 0, {7172, -13480}, {0, 0, 129, 255} }},
	{{ {343, -163, -233}, 0, {6621, -13480}, {0, 0, 129, 255} }},
	{{ {268, -238, -233}, 0, {6346, -13204}, {0, 0, 129, 255} }},
	{{ {1461, -626, -250}, 0, {10726, -11779}, {0, 0, 129, 255} }},
	{{ {1461, -417, -250}, 0, {10726, -12545}, {0, 0, 129, 255} }},
	{{ {1565, -313, -250}, 0, {11110, -12929}, {0, 0, 129, 255} }},
	{{ {1774, -313, -250}, 0, {11876, -12929}, {0, 0, 129, 255} }},
	{{ {1878, -417, -250}, 0, {12259, -12545}, {0, 0, 129, 255} }},
	{{ {1878, -626, -250}, 0, {12259, -11779}, {0, 0, 129, 255} }},
	{{ {1774, -730, -250}, 0, {11876, -11399}, {0, 0, 129, 255} }},
	{{ {1565, -730, -250}, 0, {11109, -11399}, {0, 0, 129, 255} }},
};

Gfx pss_dl_WF_mesh_layer_1_tri_17[] = {
	gsSPVertex(pss_dl_WF_mesh_layer_1_vtx_17 + 0, 32, 0),
	gsSP2Triangles(0, 1, 2, 0, 0, 3, 1, 0),
	gsSP2Triangles(0, 4, 3, 0, 0, 5, 4, 0),
	gsSP2Triangles(0, 6, 5, 0, 0, 7, 6, 0),
	gsSP2Triangles(8, 9, 10, 0, 8, 11, 9, 0),
	gsSP2Triangles(8, 12, 11, 0, 8, 13, 12, 0),
	gsSP2Triangles(8, 14, 13, 0, 8, 15, 14, 0),
	gsSP2Triangles(16, 17, 18, 0, 16, 19, 17, 0),
	gsSP2Triangles(16, 20, 19, 0, 16, 21, 20, 0),
	gsSP2Triangles(16, 22, 21, 0, 16, 23, 22, 0),
	gsSP2Triangles(24, 25, 26, 0, 24, 26, 27, 0),
	gsSP2Triangles(24, 27, 28, 0, 24, 28, 29, 0),
	gsSP2Triangles(24, 29, 30, 0, 24, 30, 31, 0),
	gsSPEndDisplayList(),
};

Vtx pss_dl_WF_mesh_layer_1_vtx_18[42] = {
	{{ {-1052, -5221, -2399}, 0, {3480, 5095}, {166, 166, 0, 255} }},
	{{ {-992, -5280, -2232}, 0, {2867, 5311}, {166, 166, 0, 255} }},
	{{ {-1110, -5162, -2232}, 0, {2867, 4877}, {166, 166, 0, 255} }},
	{{ {843, -3882, -1189}, 0, {-966, 179}, {127, 0, 0, 255} }},
	{{ {843, -3674, -1293}, 0, {-583, -587}, {127, 0, 0, 255} }},
	{{ {843, -3674, -1084}, 0, {-1349, -587}, {127, 0, 0, 255} }},
	{{ {843, -5008, -1189}, 0, {-966, 4314}, {127, 0, 0, 255} }},
	{{ {843, -4800, -1293}, 0, {-583, 3548}, {127, 0, 0, 255} }},
	{{ {843, -4800, -1084}, 0, {-1349, 3548}, {127, 0, 0, 255} }},
	{{ {-2929, -4174, -2399}, 0, {3480, 1251}, {129, 0, 0, 255} }},
	{{ {-2929, -4383, -2295}, 0, {3097, 2018}, {129, 0, 0, 255} }},
	{{ {-2929, -4174, -2191}, 0, {2714, 1251}, {129, 0, 0, 255} }},
	{{ {-2759, -5421, -2399}, 0, {3480, 5829}, {138, 208, 0, 255} }},
	{{ {-2680, -5614, -2295}, 0, {3097, 6539}, {138, 208, 0, 255} }},
	{{ {-2759, -5421, -2191}, 0, {2714, 5829}, {138, 208, 0, 255} }},
	{{ {1044, -5780, -876}, 0, {9193, 7149}, {0, 0, 129, 255} }},
	{{ {898, -5489, -876}, 0, {8657, 6078}, {0, 0, 129, 255} }},
	{{ {1189, -5489, -876}, 0, {9729, 6078}, {0, 0, 129, 255} }},
	{{ {-3944, -2999, -594}, 0, {-9124, -3063}, {0, 223, 133, 255} }},
	{{ {-3851, -3273, -522}, 0, {-8780, -2057}, {0, 223, 133, 255} }},
	{{ {-4039, -3273, -522}, 0, {-9472, -2057}, {0, 223, 133, 255} }},
	{{ {678, -3794, -1596}, 0, {7852, -147}, {0, 42, 136, 255} }},
	{{ {585, -3498, -1493}, 0, {7507, -1231}, {0, 42, 136, 255} }},
	{{ {793, -3498, -1493}, 0, {8274, -1231}, {0, 42, 136, 255} }},
	{{ {585, -2416, -1111}, 0, {7507, -5207}, {0, 42, 136, 255} }},
	{{ {793, -2416, -1111}, 0, {8274, -5207}, {0, 42, 136, 255} }},
	{{ {678, -2711, -1216}, 0, {7852, -4123}, {0, 42, 136, 255} }},
	{{ {1044, -6615, -876}, 0, {9193, 10215}, {0, 0, 129, 255} }},
	{{ {898, -6323, -876}, 0, {8657, 9143}, {0, 0, 129, 255} }},
	{{ {1189, -6323, -876}, 0, {9729, 9143}, {0, 0, 129, 255} }},
	{{ {793, -4674, -1878}, 0, {8274, 3087}, {0, 0, 129, 255} }},
	{{ {793, -4925, -1878}, 0, {8274, 4009}, {0, 0, 129, 255} }},
	{{ {585, -4800, -1878}, 0, {7507, 3548}, {0, 0, 129, 255} }},
	{{ {-3944, -1837, -834}, 0, {-9121, -7333}, {0, 0, 129, 255} }},
	{{ {-3839, -2046, -834}, 0, {-8738, -6566}, {0, 0, 129, 255} }},
	{{ {-4048, -2046, -834}, 0, {-9505, -6566}, {0, 0, 129, 255} }},
	{{ {-3130, -1753, -834}, 0, {-6133, -7641}, {0, 0, 129, 255} }},
	{{ {-3130, -1587, -834}, 0, {-6133, -8252}, {0, 0, 129, 255} }},
	{{ {-2963, -1670, -834}, 0, {-5520, -7947}, {0, 0, 129, 255} }},
	{{ {585, -6989, -949}, 0, {7507, 11587}, {0, 184, 151, 255} }},
	{{ {689, -6817, -1066}, 0, {7891, 10955}, {0, 184, 151, 255} }},
	{{ {793, -6989, -949}, 0, {8274, 11587}, {0, 184, 151, 255} }},
};

Gfx pss_dl_WF_mesh_layer_1_tri_18[] = {
	gsSPVertex(pss_dl_WF_mesh_layer_1_vtx_18 + 0, 30, 0),
	gsSP2Triangles(0, 1, 2, 0, 3, 4, 5, 0),
	gsSP2Triangles(6, 7, 8, 0, 9, 10, 11, 0),
	gsSP2Triangles(12, 13, 14, 0, 15, 16, 17, 0),
	gsSP2Triangles(18, 19, 20, 0, 21, 22, 23, 0),
	gsSP2Triangles(24, 25, 26, 0, 27, 28, 29, 0),
	gsSPVertex(pss_dl_WF_mesh_layer_1_vtx_18 + 30, 12, 0),
	gsSP2Triangles(0, 1, 2, 0, 3, 4, 5, 0),
	gsSP2Triangles(6, 7, 8, 0, 9, 10, 11, 0),
	gsSPEndDisplayList(),
};

Vtx pss_dl_WF_mesh_layer_1_vtx_19[32] = {
	{{ {-1159, -5447, -2314}, 0, {1106, 5927}, {0, 0, 127, 255} }},
	{{ {-1489, -5365, -2314}, 0, {-106, 5624}, {0, 0, 127, 255} }},
	{{ {-1283, -5571, -2314}, 0, {651, 6382}, {0, 0, 127, 255} }},
	{{ {-1365, -5241, -2314}, 0, {348, 5169}, {0, 0, 127, 255} }},
	{{ {-1283, -5571, -2377}, 0, {651, 6382}, {0, 0, 129, 255} }},
	{{ {-1365, -5241, -2377}, 0, {348, 5169}, {0, 0, 129, 255} }},
	{{ {-1159, -5447, -2377}, 0, {1106, 5927}, {0, 0, 129, 255} }},
	{{ {-1489, -5365, -2377}, 0, {-106, 5624}, {0, 0, 129, 255} }},
	{{ {-1489, -5365, -2314}, 0, {-106, -742}, {166, 166, 0, 255} }},
	{{ {-1489, -5365, -2377}, 0, {-106, -971}, {166, 166, 0, 255} }},
	{{ {-1283, -5571, -2377}, 0, {651, -971}, {166, 166, 0, 255} }},
	{{ {-1283, -5571, -2314}, 0, {651, -742}, {166, 166, 0, 255} }},
	{{ {-1159, -5447, -2314}, 0, {3168, 5927}, {90, 90, 0, 255} }},
	{{ {-1365, -5241, -2377}, 0, {3397, 5169}, {90, 90, 0, 255} }},
	{{ {-1365, -5241, -2314}, 0, {3168, 5169}, {90, 90, 0, 255} }},
	{{ {-1159, -5447, -2377}, 0, {3397, 5927}, {90, 90, 0, 255} }},
	{{ {-1121, -5410, -2910}, 0, {1243, 5790}, {0, 0, 129, 255} }},
	{{ {-1204, -5080, -2910}, 0, {940, 4577}, {0, 0, 129, 255} }},
	{{ {-997, -5286, -2910}, 0, {1698, 5335}, {0, 0, 129, 255} }},
	{{ {-1328, -5204, -2910}, 0, {485, 5032}, {0, 0, 129, 255} }},
	{{ {-997, -5286, -2848}, 0, {1698, 5335}, {0, 0, 127, 255} }},
	{{ {-1328, -5204, -2848}, 0, {485, 5032}, {0, 0, 127, 255} }},
	{{ {-1121, -5410, -2848}, 0, {1243, 5790}, {0, 0, 127, 255} }},
	{{ {-1204, -5080, -2848}, 0, {940, 4577}, {0, 0, 127, 255} }},
	{{ {-1204, -5080, -2910}, 0, {5356, 4577}, {90, 90, 0, 255} }},
	{{ {-1204, -5080, -2848}, 0, {5127, 4577}, {90, 90, 0, 255} }},
	{{ {-997, -5286, -2848}, 0, {5127, 5335}, {90, 90, 0, 255} }},
	{{ {-997, -5286, -2910}, 0, {5356, 5335}, {90, 90, 0, 255} }},
	{{ {-1121, -5410, -2910}, 0, {5356, 5790}, {166, 166, 0, 255} }},
	{{ {-1328, -5204, -2848}, 0, {5127, 5032}, {166, 166, 0, 255} }},
	{{ {-1328, -5204, -2910}, 0, {5356, 5032}, {166, 166, 0, 255} }},
	{{ {-1121, -5410, -2848}, 0, {5127, 5790}, {166, 166, 0, 255} }},
};

Gfx pss_dl_WF_mesh_layer_1_tri_19[] = {
	gsSPVertex(pss_dl_WF_mesh_layer_1_vtx_19 + 0, 32, 0),
	gsSP2Triangles(0, 1, 2, 0, 0, 3, 1, 0),
	gsSP2Triangles(4, 5, 6, 0, 4, 7, 5, 0),
	gsSP2Triangles(8, 9, 10, 0, 8, 10, 11, 0),
	gsSP2Triangles(12, 13, 14, 0, 12, 15, 13, 0),
	gsSP2Triangles(16, 17, 18, 0, 16, 19, 17, 0),
	gsSP2Triangles(20, 21, 22, 0, 20, 23, 21, 0),
	gsSP2Triangles(24, 25, 26, 0, 24, 26, 27, 0),
	gsSP2Triangles(28, 29, 30, 0, 28, 31, 29, 0),
	gsSPEndDisplayList(),
};

Vtx pss_dl_WF_mesh_layer_1_vtx_20[20] = {
	{{ {-1328, -5204, -2910}, 0, {485, -1473}, {166, 90, 0, 255} }},
	{{ {-1328, -5204, -2848}, 0, {485, -1359}, {166, 90, 0, 255} }},
	{{ {-1204, -5080, -2848}, 0, {940, -1359}, {166, 90, 0, 255} }},
	{{ {-1328, -5204, -2910}, 0, {485, -1473}, {166, 90, 0, 255} }},
	{{ {-1204, -5080, -2848}, 0, {940, -1359}, {166, 90, 0, 255} }},
	{{ {-1204, -5080, -2910}, 0, {940, -1473}, {166, 90, 0, 255} }},
	{{ {-997, -5286, -2910}, 0, {1698, -1473}, {90, 166, 0, 255} }},
	{{ {-1121, -5410, -2848}, 0, {1243, -1359}, {90, 166, 0, 255} }},
	{{ {-1121, -5410, -2910}, 0, {1243, -1473}, {90, 166, 0, 255} }},
	{{ {-997, -5286, -2910}, 0, {1698, -1473}, {90, 166, 0, 255} }},
	{{ {-997, -5286, -2848}, 0, {1698, -1359}, {90, 166, 0, 255} }},
	{{ {-1121, -5410, -2848}, 0, {1243, -1359}, {90, 166, 0, 255} }},
	{{ {-1365, -5241, -2314}, 0, {348, -379}, {166, 90, 0, 255} }},
	{{ {-1365, -5241, -2377}, 0, {348, -494}, {166, 90, 0, 255} }},
	{{ {-1489, -5365, -2377}, 0, {-106, -494}, {166, 90, 0, 255} }},
	{{ {-1489, -5365, -2314}, 0, {-106, -379}, {166, 90, 0, 255} }},
	{{ {-1283, -5571, -2314}, 0, {651, -379}, {90, 166, 0, 255} }},
	{{ {-1159, -5447, -2377}, 0, {1106, -494}, {90, 166, 0, 255} }},
	{{ {-1159, -5447, -2314}, 0, {1106, -379}, {90, 166, 0, 255} }},
	{{ {-1283, -5571, -2377}, 0, {651, -494}, {90, 166, 0, 255} }},
};

Gfx pss_dl_WF_mesh_layer_1_tri_20[] = {
	gsSPVertex(pss_dl_WF_mesh_layer_1_vtx_20 + 0, 20, 0),
	gsSP2Triangles(0, 1, 2, 0, 3, 4, 5, 0),
	gsSP2Triangles(6, 7, 8, 0, 9, 10, 11, 0),
	gsSP2Triangles(12, 13, 14, 0, 12, 14, 15, 0),
	gsSP2Triangles(16, 17, 18, 0, 16, 19, 17, 0),
	gsSPEndDisplayList(),
};

Vtx pss_dl_WF_mesh_layer_1_vtx_21[8] = {
	{{ {-1450, -3183, -2086}, 0, {34, -2390}, {0, 0, 129, 255} }},
	{{ {-1618, -3183, -2086}, 0, {-579, -2390}, {0, 0, 129, 255} }},
	{{ {-1618, -3016, -2086}, 0, {-579, -3003}, {0, 0, 129, 255} }},
	{{ {-1450, -3016, -2086}, 0, {34, -3003}, {0, 0, 129, 255} }},
	{{ {-518, -4758, -2086}, 0, {3459, 3395}, {0, 0, 129, 255} }},
	{{ {-685, -4592, -2086}, 0, {2846, 2784}, {0, 0, 129, 255} }},
	{{ {-518, -4592, -2086}, 0, {3459, 2784}, {0, 0, 129, 255} }},
	{{ {-685, -4758, -2086}, 0, {2846, 3395}, {0, 0, 129, 255} }},
};

Gfx pss_dl_WF_mesh_layer_1_tri_21[] = {
	gsSPVertex(pss_dl_WF_mesh_layer_1_vtx_21 + 0, 8, 0),
	gsSP2Triangles(0, 1, 2, 0, 0, 2, 3, 0),
	gsSP2Triangles(4, 5, 6, 0, 4, 7, 5, 0),
	gsSPEndDisplayList(),
};

Vtx pss_dl_WF_mesh_layer_1_vtx_22[16] = {
	{{ {-1436, -5191, -2921}, 0, {88, -2971}, {12, 130, 0, 255} }},
	{{ {-1369, -5184, -2275}, 0, {334, -597}, {12, 130, 0, 255} }},
	{{ {-1435, -5191, -2275}, 0, {91, -597}, {12, 130, 0, 255} }},
	{{ {-1436, -5191, -2921}, 0, {88, -2971}, {12, 130, 0, 255} }},
	{{ {-1369, -5184, -2921}, 0, {334, -2971}, {12, 130, 0, 255} }},
	{{ {-1369, -5184, -2275}, 0, {334, -597}, {12, 130, 0, 255} }},
	{{ {-1369, -5184, -2921}, 0, {5397, 4961}, {126, 244, 0, 255} }},
	{{ {-1362, -5118, -2921}, 0, {5397, 4718}, {126, 244, 0, 255} }},
	{{ {-1362, -5118, -2275}, 0, {3022, 4718}, {126, 244, 0, 255} }},
	{{ {-1369, -5184, -2921}, 0, {5397, 4961}, {126, 244, 0, 255} }},
	{{ {-1362, -5118, -2275}, 0, {3022, 4718}, {126, 244, 0, 255} }},
	{{ {-1369, -5184, -2275}, 0, {3022, 4961}, {126, 244, 0, 255} }},
	{{ {-1147, -3965, -2921}, 0, {1148, -2971}, {0, 129, 0, 255} }},
	{{ {-939, -3965, -3130}, 0, {1912, -3738}, {0, 129, 0, 255} }},
	{{ {-939, -3965, -2921}, 0, {1912, -2971}, {0, 129, 0, 255} }},
	{{ {-1147, -3965, -3130}, 0, {1148, -3738}, {0, 129, 0, 255} }},
};

Gfx pss_dl_WF_mesh_layer_1_tri_22[] = {
	gsSPVertex(pss_dl_WF_mesh_layer_1_vtx_22 + 0, 16, 0),
	gsSP2Triangles(0, 1, 2, 0, 3, 4, 5, 0),
	gsSP2Triangles(6, 7, 8, 0, 9, 10, 11, 0),
	gsSP2Triangles(12, 13, 14, 0, 12, 15, 13, 0),
	gsSPEndDisplayList(),
};

Vtx pss_dl_WF_mesh_layer_1_vtx_23[40] = {
	{{ {-1176, -6743, -2921}, 0, {1040, 10685}, {0, 0, 129, 255} }},
	{{ {-968, -6848, -2921}, 0, {1807, 11069}, {0, 0, 129, 255} }},
	{{ {-1281, -6848, -2921}, 0, {657, 11069}, {0, 0, 129, 255} }},
	{{ {-1176, -6743, -2921}, 0, {1040, 10685}, {0, 0, 129, 255} }},
	{{ {-968, -6535, -2921}, 0, {1807, 9919}, {0, 0, 129, 255} }},
	{{ {-968, -6848, -2921}, 0, {1807, 11069}, {0, 0, 129, 255} }},
	{{ {1252, -1461, -417}, 0, {9960, -8713}, {0, 0, 129, 255} }},
	{{ {543, -1461, -417}, 0, {7355, -8713}, {0, 0, 129, 255} }},
	{{ {543, -1252, -417}, 0, {7355, -9479}, {0, 0, 129, 255} }},
	{{ {1252, -1252, -417}, 0, {9960, -9479}, {0, 0, 129, 255} }},
	{{ {-1490, -6430, -2921}, 0, {-109, 9536}, {0, 0, 129, 255} }},
	{{ {-1385, -6326, -2921}, 0, {274, 9152}, {0, 0, 129, 255} }},
	{{ {-1072, -6639, -2921}, 0, {1423, 10302}, {0, 0, 129, 255} }},
	{{ {1670, -5008, -208}, 0, {11493, 4314}, {0, 0, 129, 255} }},
	{{ {1253, -5008, -208}, 0, {9963, 4314}, {0, 0, 129, 255} }},
	{{ {1253, -2087, -208}, 0, {9963, -6413}, {0, 0, 129, 255} }},
	{{ {2087, -4591, -208}, 0, {13026, 2781}, {0, 0, 129, 255} }},
	{{ {1566, -1461, -208}, 0, {11112, -8713}, {0, 0, 129, 255} }},
	{{ {2087, -1252, -208}, 0, {13026, -9479}, {0, 0, 129, 255} }},
	{{ {1566, -1252, -208}, 0, {11112, -9479}, {0, 0, 129, 255} }},
	{{ {2087, -1251, -208}, 0, {13026, -9482}, {0, 0, 129, 255} }},
	{{ {1670, 0, -208}, 0, {11493, -14078}, {0, 0, 129, 255} }},
	{{ {2087, -417, -208}, 0, {13026, -12545}, {0, 0, 129, 255} }},
	{{ {1, 0, -208}, 0, {5364, -14078}, {0, 0, 129, 255} }},
	{{ {-417, -417, -208}, 0, {3831, -12545}, {0, 0, 129, 255} }},
	{{ {-417, -1251, -208}, 0, {3831, -9482}, {0, 0, 129, 255} }},
	{{ {96, -4905, -2921}, 0, {5713, 3936}, {0, 0, 129, 255} }},
	{{ {-261, -5121, -2921}, 0, {4404, 4726}, {0, 0, 129, 255} }},
	{{ {-111, -4966, -2921}, 0, {4953, 4157}, {0, 0, 129, 255} }},
	{{ {-312, -5331, -2921}, 0, {4215, 5497}, {0, 0, 129, 255} }},
	{{ {-252, -5538, -2921}, 0, {4436, 6258}, {0, 0, 129, 255} }},
	{{ {-97, -5687, -2921}, 0, {5005, 6807}, {0, 0, 129, 255} }},
	{{ {96, -4905, -2921}, 0, {5713, 3936}, {0, 0, 129, 255} }},
	{{ {113, -5738, -2921}, 0, {5776, 6995}, {0, 0, 129, 255} }},
	{{ {-97, -5687, -2921}, 0, {5005, 6807}, {0, 0, 129, 255} }},
	{{ {320, -5678, -2921}, 0, {6536, 6775}, {0, 0, 129, 255} }},
	{{ {470, -5523, -2921}, 0, {7087, 6203}, {0, 0, 129, 255} }},
	{{ {521, -5313, -2921}, 0, {7274, 5435}, {0, 0, 129, 255} }},
	{{ {461, -5106, -2921}, 0, {7054, 4674}, {0, 0, 129, 255} }},
	{{ {305, -4956, -2921}, 0, {6482, 4123}, {0, 0, 129, 255} }},
};

Gfx pss_dl_WF_mesh_layer_1_tri_23[] = {
	gsSPVertex(pss_dl_WF_mesh_layer_1_vtx_23 + 0, 32, 0),
	gsSP2Triangles(0, 1, 2, 0, 3, 4, 5, 0),
	gsSP2Triangles(6, 7, 8, 0, 6, 8, 9, 0),
	gsSP2Triangles(3, 10, 11, 0, 3, 11, 12, 0),
	gsSP2Triangles(13, 14, 15, 0, 13, 15, 16, 0),
	gsSP2Triangles(15, 17, 16, 0, 18, 16, 17, 0),
	gsSP2Triangles(18, 17, 19, 0, 20, 21, 22, 0),
	gsSP2Triangles(20, 23, 21, 0, 20, 24, 23, 0),
	gsSP2Triangles(20, 25, 24, 0, 26, 27, 28, 0),
	gsSP2Triangles(26, 29, 27, 0, 26, 30, 29, 0),
	gsSP1Triangle(26, 31, 30, 0),
	gsSPVertex(pss_dl_WF_mesh_layer_1_vtx_23 + 32, 8, 0),
	gsSP2Triangles(0, 1, 2, 0, 0, 3, 1, 0),
	gsSP2Triangles(0, 4, 3, 0, 0, 5, 4, 0),
	gsSP2Triangles(0, 6, 5, 0, 0, 7, 6, 0),
	gsSPEndDisplayList(),
};

Vtx pss_dl_WF_mesh_layer_1_vtx_24[4] = {
	{{ {-2921, -3757, -792}, 0, {-5879, -794}, {0, 0, 129, 255} }},
	{{ {-2921, -1252, -792}, 0, {-5879, -9992}, {0, 0, 129, 255} }},
	{{ {543, -1252, -792}, 0, {6842, -9992}, {0, 0, 129, 255} }},
	{{ {543, -3757, -792}, 0, {6842, -794}, {0, 0, 129, 255} }},
};

Gfx pss_dl_WF_mesh_layer_1_tri_24[] = {
	gsSPVertex(pss_dl_WF_mesh_layer_1_vtx_24 + 0, 4, 0),
	gsSP2Triangles(0, 1, 2, 0, 0, 2, 3, 0),
	gsSPEndDisplayList(),
};

Vtx pss_dl_WF_mesh_layer_1_vtx_25[22] = {
	{{ {-1436, -5191, -2921}, 0, {88, 4985}, {0, 0, 129, 255} }},
	{{ {-1362, -5118, -2921}, 0, {358, 4718}, {0, 0, 129, 255} }},
	{{ {-1369, -5184, -2921}, 0, {334, 4961}, {0, 0, 129, 255} }},
	{{ {-1435, -5191, -2275}, 0, {91, 4985}, {0, 0, 127, 255} }},
	{{ {-1369, -5184, -2275}, 0, {334, 4961}, {0, 0, 127, 255} }},
	{{ {-1362, -5118, -2275}, 0, {358, 4718}, {0, 0, 127, 255} }},
	{{ {-1147, -3715, -2921}, 0, {5397, -435}, {129, 0, 0, 255} }},
	{{ {-1147, -3715, -3130}, 0, {6163, -435}, {129, 0, 0, 255} }},
	{{ {-1147, -3965, -3130}, 0, {6163, 482}, {129, 0, 0, 255} }},
	{{ {-1147, -3965, -2921}, 0, {5397, 482}, {129, 0, 0, 255} }},
	{{ {-939, -3965, -2921}, 0, {5397, 482}, {127, 0, 0, 255} }},
	{{ {-939, -3965, -3130}, 0, {6163, 482}, {127, 0, 0, 255} }},
	{{ {-939, -3715, -3130}, 0, {6163, -435}, {127, 0, 0, 255} }},
	{{ {-939, -3715, -2921}, 0, {5397, -435}, {127, 0, 0, 255} }},
	{{ {-1147, -3965, -3130}, 0, {1148, 482}, {0, 0, 129, 255} }},
	{{ {-1147, -3715, -3130}, 0, {1148, -435}, {0, 0, 129, 255} }},
	{{ {-939, -3715, -3130}, 0, {1912, -435}, {0, 0, 129, 255} }},
	{{ {-939, -3965, -3130}, 0, {1912, 482}, {0, 0, 129, 255} }},
	{{ {-939, -3715, -2921}, 0, {1912, -2971}, {0, 127, 0, 255} }},
	{{ {-1147, -3715, -3130}, 0, {1148, -3738}, {0, 127, 0, 255} }},
	{{ {-1147, -3715, -2921}, 0, {1148, -2971}, {0, 127, 0, 255} }},
	{{ {-939, -3715, -3130}, 0, {1912, -3738}, {0, 127, 0, 255} }},
};

Gfx pss_dl_WF_mesh_layer_1_tri_25[] = {
	gsSPVertex(pss_dl_WF_mesh_layer_1_vtx_25 + 0, 22, 0),
	gsSP2Triangles(0, 1, 2, 0, 3, 4, 5, 0),
	gsSP2Triangles(6, 7, 8, 0, 6, 8, 9, 0),
	gsSP2Triangles(10, 11, 12, 0, 10, 12, 13, 0),
	gsSP2Triangles(14, 15, 16, 0, 14, 16, 17, 0),
	gsSP2Triangles(18, 19, 20, 0, 18, 21, 19, 0),
	gsSPEndDisplayList(),
};

Gfx mat_pss_dl_P1_VMtl017_f3d[] = {
	gsSPLightColor(LIGHT_1, 0x000000FF),
	gsSPLightColor(LIGHT_2, 0xFFFFFFFF),
	gsDPPipeSync(),
	gsDPSetCombineLERP(TEXEL0, 0, SHADE, 0, 0, 0, 0, ENVIRONMENT, TEXEL0, 0, SHADE, 0, 0, 0, 0, ENVIRONMENT),
	gsDPSetAlphaDither(G_AD_NOISE),
	gsDPSetTextureLUT(G_TT_RGBA16),
	gsSPTexture(65535, 65535, 0, 0, 1),
	gsDPSetTextureImage(G_IM_FMT_RGBA, G_IM_SIZ_16b, 1, pss_dl_generic_textures_01800_rgba16_pal_rgba16),
	gsDPSetTile(0, 0, 0, 256, 5, 0, G_TX_WRAP | G_TX_NOMIRROR, 0, 0, G_TX_WRAP | G_TX_NOMIRROR, 0, 0),
	gsDPLoadTLUTCmd(5, 98),
	gsDPSetTextureImage(G_IM_FMT_CI, G_IM_SIZ_8b_LOAD_BLOCK, 1, pss_dl_generic_textures_01800_rgba16_ci8),
	gsDPSetTile(G_IM_FMT_CI, G_IM_SIZ_8b_LOAD_BLOCK, 0, 0, 7, 0, G_TX_WRAP | G_TX_NOMIRROR, 0, 0, G_TX_WRAP | G_TX_NOMIRROR, 0, 0),
	gsDPLoadBlock(7, 0, 0, 511, 512),
	gsDPSetTile(G_IM_FMT_CI, G_IM_SIZ_8b, 4, 0, 0, 0, G_TX_WRAP | G_TX_NOMIRROR, 5, 0, G_TX_WRAP | G_TX_NOMIRROR, 5, 0),
	gsDPSetTileSize(0, 0, 0, 124, 124),
	gsSPEndDisplayList(),
};

Gfx mat_revert_pss_dl_P1_VMtl017_f3d[] = {
	gsDPPipeSync(),
	gsDPSetAlphaDither(G_AD_DISABLE),
	gsDPSetTextureLUT(G_TT_NONE),
	gsSPEndDisplayList(),
};

Gfx mat_pss_dl_P1_VMtl016_f3d[] = {
	gsSPLightColor(LIGHT_1, 0x000000FF),
	gsSPLightColor(LIGHT_2, 0xFFFFFFFF),
	gsDPPipeSync(),
	gsDPSetCombineLERP(TEXEL0, 0, SHADE, 0, 0, 0, 0, ENVIRONMENT, TEXEL0, 0, SHADE, 0, 0, 0, 0, ENVIRONMENT),
	gsDPSetAlphaDither(G_AD_NOISE),
	gsDPSetTextureLUT(G_TT_RGBA16),
	gsSPTexture(65535, 65535, 0, 0, 1),
	gsDPSetTextureImage(G_IM_FMT_RGBA, G_IM_SIZ_16b, 1, pss_dl_generic_textures_03800_rgba16_pal_rgba16),
	gsDPSetTile(0, 0, 0, 256, 5, 0, G_TX_WRAP | G_TX_NOMIRROR, 0, 0, G_TX_WRAP | G_TX_NOMIRROR, 0, 0),
	gsDPLoadTLUTCmd(5, 158),
	gsDPSetTextureImage(G_IM_FMT_CI, G_IM_SIZ_8b_LOAD_BLOCK, 1, pss_dl_generic_textures_03800_rgba16_ci8),
	gsDPSetTile(G_IM_FMT_CI, G_IM_SIZ_8b_LOAD_BLOCK, 0, 0, 7, 0, G_TX_WRAP | G_TX_NOMIRROR, 0, 0, G_TX_WRAP | G_TX_NOMIRROR, 0, 0),
	gsDPLoadBlock(7, 0, 0, 511, 512),
	gsDPSetTile(G_IM_FMT_CI, G_IM_SIZ_8b, 4, 0, 0, 0, G_TX_WRAP | G_TX_NOMIRROR, 5, 0, G_TX_WRAP | G_TX_NOMIRROR, 5, 0),
	gsDPSetTileSize(0, 0, 0, 124, 124),
	gsSPEndDisplayList(),
};

Gfx mat_revert_pss_dl_P1_VMtl016_f3d[] = {
	gsDPPipeSync(),
	gsDPSetAlphaDither(G_AD_DISABLE),
	gsDPSetTextureLUT(G_TT_NONE),
	gsSPEndDisplayList(),
};

Gfx mat_pss_dl_P1_VMtl019_f3d[] = {
	gsSPLightColor(LIGHT_1, 0x000000FF),
	gsSPLightColor(LIGHT_2, 0xFFFFFFFF),
	gsDPPipeSync(),
	gsDPSetCombineLERP(TEXEL0, 0, SHADE, 0, 0, 0, 0, ENVIRONMENT, TEXEL0, 0, SHADE, 0, 0, 0, 0, ENVIRONMENT),
	gsDPSetAlphaDither(G_AD_NOISE),
	gsDPSetTextureLUT(G_TT_RGBA16),
	gsSPTexture(65535, 65535, 0, 0, 1),
	gsDPSetTextureImage(G_IM_FMT_RGBA, G_IM_SIZ_16b, 1, pss_dl_generic_textures_00000_rgba16_pal_rgba16),
	gsDPSetTile(0, 0, 0, 256, 5, 0, G_TX_WRAP | G_TX_NOMIRROR, 0, 0, G_TX_WRAP | G_TX_NOMIRROR, 0, 0),
	gsDPLoadTLUTCmd(5, 87),
	gsDPSetTextureImage(G_IM_FMT_CI, G_IM_SIZ_8b_LOAD_BLOCK, 1, pss_dl_generic_textures_00000_rgba16_ci8),
	gsDPSetTile(G_IM_FMT_CI, G_IM_SIZ_8b_LOAD_BLOCK, 0, 0, 7, 0, G_TX_WRAP | G_TX_NOMIRROR, 0, 0, G_TX_WRAP | G_TX_NOMIRROR, 0, 0),
	gsDPLoadBlock(7, 0, 0, 511, 512),
	gsDPSetTile(G_IM_FMT_CI, G_IM_SIZ_8b, 4, 0, 0, 0, G_TX_WRAP | G_TX_NOMIRROR, 5, 0, G_TX_WRAP | G_TX_NOMIRROR, 5, 0),
	gsDPSetTileSize(0, 0, 0, 124, 124),
	gsSPEndDisplayList(),
};

Gfx mat_revert_pss_dl_P1_VMtl019_f3d[] = {
	gsDPPipeSync(),
	gsDPSetAlphaDither(G_AD_DISABLE),
	gsDPSetTextureLUT(G_TT_NONE),
	gsSPEndDisplayList(),
};

Gfx mat_pss_dl_P1_VMtl018_f3d[] = {
	gsSPLightColor(LIGHT_1, 0x000000FF),
	gsSPLightColor(LIGHT_2, 0xFFFFFFFF),
	gsDPPipeSync(),
	gsDPSetCombineLERP(TEXEL0, 0, SHADE, 0, 0, 0, 0, ENVIRONMENT, TEXEL0, 0, SHADE, 0, 0, 0, 0, ENVIRONMENT),
	gsDPSetAlphaDither(G_AD_NOISE),
	gsDPSetTextureLUT(G_TT_RGBA16),
	gsSPTexture(65535, 65535, 0, 0, 1),
	gsDPSetTextureImage(G_IM_FMT_RGBA, G_IM_SIZ_16b, 1, pss_dl_generic_textures_02800_rgba16_pal_rgba16),
	gsDPSetTile(0, 0, 0, 256, 5, 0, G_TX_WRAP | G_TX_NOMIRROR, 0, 0, G_TX_WRAP | G_TX_NOMIRROR, 0, 0),
	gsDPLoadTLUTCmd(5, 149),
	gsDPSetTextureImage(G_IM_FMT_CI, G_IM_SIZ_8b_LOAD_BLOCK, 1, pss_dl_generic_textures_02800_rgba16_ci8),
	gsDPSetTile(G_IM_FMT_CI, G_IM_SIZ_8b_LOAD_BLOCK, 0, 0, 7, 0, G_TX_WRAP | G_TX_NOMIRROR, 0, 0, G_TX_WRAP | G_TX_NOMIRROR, 0, 0),
	gsDPLoadBlock(7, 0, 0, 511, 512),
	gsDPSetTile(G_IM_FMT_CI, G_IM_SIZ_8b, 4, 0, 0, 0, G_TX_WRAP | G_TX_NOMIRROR, 5, 0, G_TX_WRAP | G_TX_NOMIRROR, 5, 0),
	gsDPSetTileSize(0, 0, 0, 124, 124),
	gsSPEndDisplayList(),
};

Gfx mat_revert_pss_dl_P1_VMtl018_f3d[] = {
	gsDPPipeSync(),
	gsDPSetAlphaDither(G_AD_DISABLE),
	gsDPSetTextureLUT(G_TT_NONE),
	gsSPEndDisplayList(),
};

Gfx mat_pss_dl_P1_VMtl013_f3d[] = {
	gsSPLightColor(LIGHT_1, 0x000000FF),
	gsSPLightColor(LIGHT_2, 0xFFFFFFFF),
	gsDPPipeSync(),
	gsDPSetCombineLERP(TEXEL0, 0, SHADE, 0, 0, 0, 0, ENVIRONMENT, TEXEL0, 0, SHADE, 0, 0, 0, 0, ENVIRONMENT),
	gsDPSetAlphaDither(G_AD_NOISE),
	gsDPSetTextureLUT(G_TT_RGBA16),
	gsSPTexture(65535, 65535, 0, 0, 1),
	gsDPSetTextureImage(G_IM_FMT_RGBA, G_IM_SIZ_16b, 1, pss_dl_generic_textures_01800_rgba16_pal_rgba16),
	gsDPSetTile(0, 0, 0, 256, 5, 0, G_TX_WRAP | G_TX_NOMIRROR, 0, 0, G_TX_WRAP | G_TX_NOMIRROR, 0, 0),
	gsDPLoadTLUTCmd(5, 98),
	gsDPSetTextureImage(G_IM_FMT_CI, G_IM_SIZ_8b_LOAD_BLOCK, 1, pss_dl_generic_textures_01800_rgba16_ci8),
	gsDPSetTile(G_IM_FMT_CI, G_IM_SIZ_8b_LOAD_BLOCK, 0, 0, 7, 0, G_TX_WRAP | G_TX_NOMIRROR, 0, 0, G_TX_WRAP | G_TX_NOMIRROR, 0, 0),
	gsDPLoadBlock(7, 0, 0, 511, 512),
	gsDPSetTile(G_IM_FMT_CI, G_IM_SIZ_8b, 4, 0, 0, 0, G_TX_WRAP | G_TX_NOMIRROR, 5, 0, G_TX_WRAP | G_TX_NOMIRROR, 5, 0),
	gsDPSetTileSize(0, 0, 0, 124, 124),
	gsSPEndDisplayList(),
};

Gfx mat_revert_pss_dl_P1_VMtl013_f3d[] = {
	gsDPPipeSync(),
	gsDPSetAlphaDither(G_AD_DISABLE),
	gsDPSetTextureLUT(G_TT_NONE),
	gsSPEndDisplayList(),
};

Gfx mat_pss_dl_P1_VMtl035_f3d[] = {
	gsSPLightColor(LIGHT_1, 0x000000FF),
	gsSPLightColor(LIGHT_2, 0xFFFFFFFF),
	gsDPPipeSync(),
	gsDPSetCombineLERP(TEXEL0, 0, SHADE, 0, 0, 0, 0, ENVIRONMENT, TEXEL0, 0, SHADE, 0, 0, 0, 0, ENVIRONMENT),
	gsDPSetAlphaDither(G_AD_NOISE),
	gsDPSetTextureLUT(G_TT_RGBA16),
	gsSPTexture(65535, 65535, 0, 0, 1),
	gsDPSetTextureImage(G_IM_FMT_RGBA, G_IM_SIZ_16b, 1, pss_dl_generic_textures_03000_rgba16_pal_rgba16),
	gsDPSetTile(0, 0, 0, 256, 5, 0, G_TX_WRAP | G_TX_NOMIRROR, 0, 0, G_TX_WRAP | G_TX_NOMIRROR, 0, 0),
	gsDPLoadTLUTCmd(5, 206),
	gsDPSetTextureImage(G_IM_FMT_CI, G_IM_SIZ_8b_LOAD_BLOCK, 1, pss_dl_generic_textures_03000_rgba16_ci8),
	gsDPSetTile(G_IM_FMT_CI, G_IM_SIZ_8b_LOAD_BLOCK, 0, 0, 7, 0, G_TX_WRAP | G_TX_NOMIRROR, 0, 0, G_TX_WRAP | G_TX_NOMIRROR, 0, 0),
	gsDPLoadBlock(7, 0, 0, 511, 512),
	gsDPSetTile(G_IM_FMT_CI, G_IM_SIZ_8b, 4, 0, 0, 0, G_TX_WRAP | G_TX_NOMIRROR, 5, 0, G_TX_WRAP | G_TX_NOMIRROR, 5, 0),
	gsDPSetTileSize(0, 0, 0, 124, 124),
	gsSPEndDisplayList(),
};

Gfx mat_revert_pss_dl_P1_VMtl035_f3d[] = {
	gsDPPipeSync(),
	gsDPSetAlphaDither(G_AD_DISABLE),
	gsDPSetTextureLUT(G_TT_NONE),
	gsSPEndDisplayList(),
};

Gfx mat_pss_dl_P1_VMtl012_f3d[] = {
	gsSPLightColor(LIGHT_1, 0x000000FF),
	gsSPLightColor(LIGHT_2, 0xFFFFFFFF),
	gsDPPipeSync(),
	gsDPSetCombineLERP(TEXEL0, 0, SHADE, 0, 0, 0, 0, ENVIRONMENT, TEXEL0, 0, SHADE, 0, 0, 0, 0, ENVIRONMENT),
	gsDPSetAlphaDither(G_AD_NOISE),
	gsSPTexture(65535, 65535, 0, 0, 1),
	gsDPSetTextureImage(G_IM_FMT_RGBA, G_IM_SIZ_16b_LOAD_BLOCK, 1, pss_dl_generic_textures_01000_rgba16_rgba16),
	gsDPSetTile(G_IM_FMT_RGBA, G_IM_SIZ_16b_LOAD_BLOCK, 0, 0, 7, 0, G_TX_WRAP | G_TX_NOMIRROR, 0, 0, G_TX_WRAP | G_TX_NOMIRROR, 0, 0),
	gsDPLoadBlock(7, 0, 0, 1023, 256),
	gsDPSetTile(G_IM_FMT_RGBA, G_IM_SIZ_16b, 8, 0, 0, 0, G_TX_WRAP | G_TX_NOMIRROR, 5, 0, G_TX_WRAP | G_TX_NOMIRROR, 5, 0),
	gsDPSetTileSize(0, 0, 0, 124, 124),
	gsSPEndDisplayList(),
};

Gfx mat_revert_pss_dl_P1_VMtl012_f3d[] = {
	gsDPPipeSync(),
	gsDPSetAlphaDither(G_AD_DISABLE),
	gsSPEndDisplayList(),
};

Gfx mat_pss_dl_P1_VMtl034_f3d[] = {
	gsSPLightColor(LIGHT_1, 0x000000FF),
	gsSPLightColor(LIGHT_2, 0xFFFFFFFF),
	gsDPPipeSync(),
	gsDPSetCombineLERP(TEXEL0, 0, SHADE, 0, 0, 0, 0, ENVIRONMENT, TEXEL0, 0, SHADE, 0, 0, 0, 0, ENVIRONMENT),
	gsDPSetAlphaDither(G_AD_NOISE),
	gsDPSetTextureLUT(G_TT_RGBA16),
	gsSPTexture(65535, 65535, 0, 0, 1),
	gsDPSetTextureImage(G_IM_FMT_RGBA, G_IM_SIZ_16b, 1, pss_dl_generic_textures_05000_rgba16_pal_rgba16),
	gsDPSetTile(0, 0, 0, 256, 5, 0, G_TX_WRAP | G_TX_NOMIRROR, 0, 0, G_TX_WRAP | G_TX_NOMIRROR, 0, 0),
	gsDPLoadTLUTCmd(5, 141),
	gsDPSetTextureImage(G_IM_FMT_CI, G_IM_SIZ_8b_LOAD_BLOCK, 1, pss_dl_generic_textures_05000_rgba16_ci8),
	gsDPSetTile(G_IM_FMT_CI, G_IM_SIZ_8b_LOAD_BLOCK, 0, 0, 7, 0, G_TX_WRAP | G_TX_NOMIRROR, 0, 0, G_TX_WRAP | G_TX_NOMIRROR, 0, 0),
	gsDPLoadBlock(7, 0, 0, 511, 512),
	gsDPSetTile(G_IM_FMT_CI, G_IM_SIZ_8b, 4, 0, 0, 0, G_TX_WRAP | G_TX_NOMIRROR, 5, 0, G_TX_WRAP | G_TX_NOMIRROR, 5, 0),
	gsDPSetTileSize(0, 0, 0, 124, 124),
	gsSPEndDisplayList(),
};

Gfx mat_revert_pss_dl_P1_VMtl034_f3d[] = {
	gsDPPipeSync(),
	gsDPSetAlphaDither(G_AD_DISABLE),
	gsDPSetTextureLUT(G_TT_NONE),
	gsSPEndDisplayList(),
};

Gfx mat_pss_dl_P1_VMtl015_f3d[] = {
	gsSPLightColor(LIGHT_1, 0x000000FF),
	gsSPLightColor(LIGHT_2, 0xFFFFFFFF),
	gsDPPipeSync(),
	gsDPSetCombineLERP(TEXEL0, 0, SHADE, 0, 0, 0, 0, ENVIRONMENT, TEXEL0, 0, SHADE, 0, 0, 0, 0, ENVIRONMENT),
	gsDPSetAlphaDither(G_AD_NOISE),
	gsDPSetTextureLUT(G_TT_RGBA16),
	gsSPTexture(65535, 65535, 0, 0, 1),
	gsDPSetTextureImage(G_IM_FMT_RGBA, G_IM_SIZ_16b, 1, pss_dl_generic_textures_05800_rgba16_pal_rgba16),
	gsDPSetTile(0, 0, 0, 256, 5, 0, G_TX_WRAP | G_TX_NOMIRROR, 0, 0, G_TX_WRAP | G_TX_NOMIRROR, 0, 0),
	gsDPLoadTLUTCmd(5, 24),
	gsDPSetTextureImage(G_IM_FMT_CI, G_IM_SIZ_8b_LOAD_BLOCK, 1, pss_dl_generic_textures_05800_rgba16_ci8),
	gsDPSetTile(G_IM_FMT_CI, G_IM_SIZ_8b_LOAD_BLOCK, 0, 0, 7, 0, G_TX_WRAP | G_TX_NOMIRROR, 0, 0, G_TX_WRAP | G_TX_NOMIRROR, 0, 0),
	gsDPLoadBlock(7, 0, 0, 511, 512),
	gsDPSetTile(G_IM_FMT_CI, G_IM_SIZ_8b, 4, 0, 0, 0, G_TX_WRAP | G_TX_NOMIRROR, 5, 0, G_TX_WRAP | G_TX_NOMIRROR, 5, 0),
	gsDPSetTileSize(0, 0, 0, 124, 124),
	gsSPEndDisplayList(),
};

Gfx mat_revert_pss_dl_P1_VMtl015_f3d[] = {
	gsDPPipeSync(),
	gsDPSetAlphaDither(G_AD_DISABLE),
	gsDPSetTextureLUT(G_TT_NONE),
	gsSPEndDisplayList(),
};

Gfx mat_pss_dl_P1_VMtl014_f3d[] = {
	gsSPLightColor(LIGHT_1, 0x000000FF),
	gsSPLightColor(LIGHT_2, 0xFFFFFFFF),
	gsDPPipeSync(),
	gsDPSetCombineLERP(TEXEL0, 0, SHADE, 0, 0, 0, 0, ENVIRONMENT, TEXEL0, 0, SHADE, 0, 0, 0, 0, ENVIRONMENT),
	gsDPSetAlphaDither(G_AD_NOISE),
	gsDPSetTextureLUT(G_TT_RGBA16),
	gsSPTexture(65535, 65535, 0, 0, 1),
	gsDPSetTextureImage(G_IM_FMT_RGBA, G_IM_SIZ_16b, 1, pss_dl_generic_textures_02000_rgba16_pal_rgba16),
	gsDPSetTile(0, 0, 0, 256, 5, 0, G_TX_WRAP | G_TX_NOMIRROR, 0, 0, G_TX_WRAP | G_TX_NOMIRROR, 0, 0),
	gsDPLoadTLUTCmd(5, 220),
	gsDPSetTextureImage(G_IM_FMT_CI, G_IM_SIZ_8b_LOAD_BLOCK, 1, pss_dl_generic_textures_02000_rgba16_ci8),
	gsDPSetTile(G_IM_FMT_CI, G_IM_SIZ_8b_LOAD_BLOCK, 0, 0, 7, 0, G_TX_WRAP | G_TX_NOMIRROR, 0, 0, G_TX_WRAP | G_TX_NOMIRROR, 0, 0),
	gsDPLoadBlock(7, 0, 0, 511, 512),
	gsDPSetTile(G_IM_FMT_CI, G_IM_SIZ_8b, 4, 0, 0, 0, G_TX_WRAP | G_TX_NOMIRROR, 5, 0, G_TX_WRAP | G_TX_NOMIRROR, 5, 0),
	gsDPSetTileSize(0, 0, 0, 124, 124),
	gsSPEndDisplayList(),
};

Gfx mat_revert_pss_dl_P1_VMtl014_f3d[] = {
	gsDPPipeSync(),
	gsDPSetAlphaDither(G_AD_DISABLE),
	gsDPSetTextureLUT(G_TT_NONE),
	gsSPEndDisplayList(),
};

Gfx mat_pss_dl_P7_VMtl060_f3d[] = {
	gsSPLightColor(LIGHT_1, 0x000000FF),
	gsSPLightColor(LIGHT_2, 0xFFFFFFFF),
	gsDPPipeSync(),
	gsDPSetCombineLERP(TEXEL0, 0, SHADE, 0, 0, 0, 0, ENVIRONMENT, TEXEL0, 0, SHADE, 0, 0, 0, 0, ENVIRONMENT),
	gsDPSetAlphaDither(G_AD_NOISE),
	gsDPSetTextureLUT(G_TT_RGBA16),
	gsSPTexture(65535, 65535, 0, 0, 1),
	gsDPSetTextureImage(G_IM_FMT_RGBA, G_IM_SIZ_16b, 1, pss_dl__3153E4C6_c_pal_rgba16),
	gsDPSetTile(0, 0, 0, 256, 5, 0, G_TX_WRAP | G_TX_NOMIRROR, 0, 0, G_TX_WRAP | G_TX_NOMIRROR, 0, 0),
	gsDPLoadTLUTCmd(5, 109),
	gsDPSetTextureImage(G_IM_FMT_CI, G_IM_SIZ_8b_LOAD_BLOCK, 1, pss_dl__3153E4C6_c_ci8),
	gsDPSetTile(G_IM_FMT_CI, G_IM_SIZ_8b_LOAD_BLOCK, 0, 0, 7, 0, G_TX_WRAP | G_TX_NOMIRROR, 0, 0, G_TX_WRAP | G_TX_NOMIRROR, 0, 0),
	gsDPLoadBlock(7, 0, 0, 511, 512),
	gsDPSetTile(G_IM_FMT_CI, G_IM_SIZ_8b, 4, 0, 0, 0, G_TX_WRAP | G_TX_NOMIRROR, 5, 0, G_TX_WRAP | G_TX_NOMIRROR, 5, 0),
	gsDPSetTileSize(0, 0, 0, 124, 124),
	gsSPEndDisplayList(),
};

Gfx mat_revert_pss_dl_P7_VMtl060_f3d[] = {
	gsDPPipeSync(),
	gsDPSetAlphaDither(G_AD_DISABLE),
	gsDPSetTextureLUT(G_TT_NONE),
	gsSPEndDisplayList(),
};

Gfx mat_pss_dl_P1_VMtl011_f3d[] = {
	gsSPLightColor(LIGHT_1, 0x000000FF),
	gsSPLightColor(LIGHT_2, 0xFFFFFFFF),
	gsDPPipeSync(),
	gsDPSetCombineLERP(TEXEL0, 0, SHADE, 0, 0, 0, 0, ENVIRONMENT, TEXEL0, 0, SHADE, 0, 0, 0, 0, ENVIRONMENT),
	gsDPSetAlphaDither(G_AD_NOISE),
	gsDPSetTextureLUT(G_TT_RGBA16),
	gsSPTexture(65535, 65535, 0, 0, 1),
	gsDPSetTextureImage(G_IM_FMT_RGBA, G_IM_SIZ_16b, 1, pss_dl_generic_textures_04000_rgba16_pal_rgba16),
	gsDPSetTile(0, 0, 0, 256, 5, 0, G_TX_WRAP | G_TX_NOMIRROR, 0, 0, G_TX_WRAP | G_TX_NOMIRROR, 0, 0),
	gsDPLoadTLUTCmd(5, 54),
	gsDPSetTextureImage(G_IM_FMT_CI, G_IM_SIZ_8b_LOAD_BLOCK, 1, pss_dl_generic_textures_04000_rgba16_ci8),
	gsDPSetTile(G_IM_FMT_CI, G_IM_SIZ_8b_LOAD_BLOCK, 0, 0, 7, 0, G_TX_WRAP | G_TX_NOMIRROR, 0, 0, G_TX_WRAP | G_TX_NOMIRROR, 0, 0),
	gsDPLoadBlock(7, 0, 0, 511, 512),
	gsDPSetTile(G_IM_FMT_CI, G_IM_SIZ_8b, 4, 0, 0, 0, G_TX_WRAP | G_TX_NOMIRROR, 5, 0, G_TX_WRAP | G_TX_NOMIRROR, 5, 0),
	gsDPSetTileSize(0, 0, 0, 124, 124),
	gsSPEndDisplayList(),
};

Gfx mat_revert_pss_dl_P1_VMtl011_f3d[] = {
	gsDPPipeSync(),
	gsDPSetAlphaDither(G_AD_DISABLE),
	gsDPSetTextureLUT(G_TT_NONE),
	gsSPEndDisplayList(),
};

Gfx mat_pss_dl_P1_VMtl055_f3d[] = {
	gsSPLightColor(LIGHT_1, 0x000000FF),
	gsSPLightColor(LIGHT_2, 0xFFFFFFFF),
	gsDPPipeSync(),
	gsDPSetCombineLERP(TEXEL0, 0, SHADE, 0, 0, 0, 0, ENVIRONMENT, TEXEL0, 0, SHADE, 0, 0, 0, 0, ENVIRONMENT),
	gsDPSetAlphaDither(G_AD_NOISE),
	gsDPSetTextureLUT(G_TT_RGBA16),
	gsSPTexture(65535, 65535, 0, 0, 1),
	gsDPSetTextureImage(G_IM_FMT_RGBA, G_IM_SIZ_16b, 1, pss_dl__63E31A21_c_pal_rgba16),
	gsDPSetTile(0, 0, 0, 256, 5, 0, G_TX_WRAP | G_TX_NOMIRROR, 0, 0, G_TX_WRAP | G_TX_NOMIRROR, 0, 0),
	gsDPLoadTLUTCmd(5, 112),
	gsDPSetTextureImage(G_IM_FMT_CI, G_IM_SIZ_8b_LOAD_BLOCK, 1, pss_dl__63E31A21_c_ci8),
	gsDPSetTile(G_IM_FMT_CI, G_IM_SIZ_8b_LOAD_BLOCK, 0, 0, 7, 0, G_TX_WRAP | G_TX_NOMIRROR, 0, 0, G_TX_WRAP | G_TX_NOMIRROR, 0, 0),
	gsDPLoadBlock(7, 0, 0, 511, 512),
	gsDPSetTile(G_IM_FMT_CI, G_IM_SIZ_8b, 4, 0, 0, 0, G_TX_WRAP | G_TX_NOMIRROR, 5, 0, G_TX_WRAP | G_TX_NOMIRROR, 5, 0),
	gsDPSetTileSize(0, 0, 0, 124, 124),
	gsSPEndDisplayList(),
};

Gfx mat_revert_pss_dl_P1_VMtl055_f3d[] = {
	gsDPPipeSync(),
	gsDPSetAlphaDither(G_AD_DISABLE),
	gsDPSetTextureLUT(G_TT_NONE),
	gsSPEndDisplayList(),
};

Gfx mat_pss_dl_P1_VMtl010_f3d[] = {
	gsSPLightColor(LIGHT_1, 0x000000FF),
	gsSPLightColor(LIGHT_2, 0xFFFFFFFF),
	gsDPPipeSync(),
	gsDPSetCombineLERP(TEXEL0, 0, SHADE, 0, 0, 0, 0, ENVIRONMENT, TEXEL0, 0, SHADE, 0, 0, 0, 0, ENVIRONMENT),
	gsDPSetAlphaDither(G_AD_NOISE),
	gsDPSetTextureLUT(G_TT_RGBA16),
	gsSPTexture(65535, 65535, 0, 0, 1),
	gsDPSetTextureImage(G_IM_FMT_RGBA, G_IM_SIZ_16b, 1, pss_dl_generic_textures_03800_rgba16_pal_rgba16),
	gsDPSetTile(0, 0, 0, 256, 5, 0, G_TX_WRAP | G_TX_NOMIRROR, 0, 0, G_TX_WRAP | G_TX_NOMIRROR, 0, 0),
	gsDPLoadTLUTCmd(5, 158),
	gsDPSetTextureImage(G_IM_FMT_CI, G_IM_SIZ_8b_LOAD_BLOCK, 1, pss_dl_generic_textures_03800_rgba16_ci8),
	gsDPSetTile(G_IM_FMT_CI, G_IM_SIZ_8b_LOAD_BLOCK, 0, 0, 7, 0, G_TX_WRAP | G_TX_NOMIRROR, 0, 0, G_TX_WRAP | G_TX_NOMIRROR, 0, 0),
	gsDPLoadBlock(7, 0, 0, 511, 512),
	gsDPSetTile(G_IM_FMT_CI, G_IM_SIZ_8b, 4, 0, 0, 0, G_TX_WRAP | G_TX_NOMIRROR, 5, 0, G_TX_WRAP | G_TX_NOMIRROR, 5, 0),
	gsDPSetTileSize(0, 0, 0, 124, 124),
	gsSPEndDisplayList(),
};

Gfx mat_revert_pss_dl_P1_VMtl010_f3d[] = {
	gsDPPipeSync(),
	gsDPSetAlphaDither(G_AD_DISABLE),
	gsDPSetTextureLUT(G_TT_NONE),
	gsSPEndDisplayList(),
};

Gfx mat_pss_dl_P1_VMtl032_f3d[] = {
	gsSPLightColor(LIGHT_1, 0x000000FF),
	gsSPLightColor(LIGHT_2, 0xFFFFFFFF),
	gsDPPipeSync(),
	gsDPSetCombineLERP(TEXEL0, 0, SHADE, 0, 0, 0, 0, ENVIRONMENT, TEXEL0, 0, SHADE, 0, 0, 0, 0, ENVIRONMENT),
	gsDPSetAlphaDither(G_AD_NOISE),
	gsDPSetTextureLUT(G_TT_RGBA16),
	gsSPTexture(65535, 65535, 0, 0, 1),
	gsDPSetTextureImage(G_IM_FMT_RGBA, G_IM_SIZ_16b, 1, pss_dl__66E3247E_c_pal_rgba16),
	gsDPSetTile(0, 0, 0, 256, 5, 0, G_TX_WRAP | G_TX_NOMIRROR, 0, 0, G_TX_WRAP | G_TX_NOMIRROR, 0, 0),
	gsDPLoadTLUTCmd(5, 84),
	gsDPSetTextureImage(G_IM_FMT_CI, G_IM_SIZ_8b_LOAD_BLOCK, 1, pss_dl__66E3247E_c_ci8),
	gsDPSetTile(G_IM_FMT_CI, G_IM_SIZ_8b_LOAD_BLOCK, 0, 0, 7, 0, G_TX_WRAP | G_TX_NOMIRROR, 0, 0, G_TX_WRAP | G_TX_NOMIRROR, 0, 0),
	gsDPLoadBlock(7, 0, 0, 511, 512),
	gsDPSetTile(G_IM_FMT_CI, G_IM_SIZ_8b, 4, 0, 0, 0, G_TX_WRAP | G_TX_NOMIRROR, 5, 0, G_TX_WRAP | G_TX_NOMIRROR, 5, 0),
	gsDPSetTileSize(0, 0, 0, 124, 124),
	gsSPEndDisplayList(),
};

Gfx mat_revert_pss_dl_P1_VMtl032_f3d[] = {
	gsDPPipeSync(),
	gsDPSetAlphaDither(G_AD_DISABLE),
	gsDPSetTextureLUT(G_TT_NONE),
	gsSPEndDisplayList(),
};

Gfx mat_pss_dl_P3_VMtl054_f3d[] = {
	gsSPLightColor(LIGHT_1, 0x000000FF),
	gsSPLightColor(LIGHT_2, 0xFFFFFFFF),
	gsDPPipeSync(),
	gsDPSetCombineLERP(TEXEL0, 0, SHADE, 0, 0, 0, 0, ENVIRONMENT, TEXEL0, 0, SHADE, 0, 0, 0, 0, ENVIRONMENT),
	gsDPSetAlphaDither(G_AD_NOISE),
	gsDPSetTextureLUT(G_TT_RGBA16),
	gsSPTexture(65535, 65535, 0, 0, 1),
	gsDPSetTextureImage(G_IM_FMT_RGBA, G_IM_SIZ_16b, 1, pss_dl_generic_textures_04800_rgba16_pal_rgba16),
	gsDPSetTile(0, 0, 0, 256, 5, 0, G_TX_WRAP | G_TX_NOMIRROR, 0, 0, G_TX_WRAP | G_TX_NOMIRROR, 0, 0),
	gsDPLoadTLUTCmd(5, 221),
	gsDPSetTextureImage(G_IM_FMT_CI, G_IM_SIZ_8b_LOAD_BLOCK, 1, pss_dl_generic_textures_04800_rgba16_ci8),
	gsDPSetTile(G_IM_FMT_CI, G_IM_SIZ_8b_LOAD_BLOCK, 0, 0, 7, 0, G_TX_WRAP | G_TX_NOMIRROR, 0, 0, G_TX_WRAP | G_TX_NOMIRROR, 0, 0),
	gsDPLoadBlock(7, 0, 0, 511, 512),
	gsDPSetTile(G_IM_FMT_CI, G_IM_SIZ_8b, 4, 0, 0, 0, G_TX_WRAP | G_TX_NOMIRROR, 5, 0, G_TX_WRAP | G_TX_NOMIRROR, 5, 0),
	gsDPSetTileSize(0, 0, 0, 124, 124),
	gsSPEndDisplayList(),
};

Gfx mat_revert_pss_dl_P3_VMtl054_f3d[] = {
	gsDPPipeSync(),
	gsDPSetAlphaDither(G_AD_DISABLE),
	gsDPSetTextureLUT(G_TT_NONE),
	gsSPEndDisplayList(),
};

Gfx mat_pss_dl_P2_VMtl035_f3d[] = {
	gsSPLightColor(LIGHT_1, 0x000000FF),
	gsSPLightColor(LIGHT_2, 0xFFFFFFFF),
	gsDPPipeSync(),
	gsDPSetCombineLERP(TEXEL0, 0, SHADE, 0, 0, 0, 0, ENVIRONMENT, TEXEL0, 0, SHADE, 0, 0, 0, 0, ENVIRONMENT),
	gsDPSetAlphaDither(G_AD_NOISE),
	gsDPSetTextureLUT(G_TT_RGBA16),
	gsSPTexture(65535, 65535, 0, 0, 1),
	gsDPSetTextureImage(G_IM_FMT_RGBA, G_IM_SIZ_16b, 1, pss_dl_inside_castle_textures_05000_rgba16_pal_rgba16),
	gsDPSetTile(0, 0, 0, 256, 5, 0, G_TX_WRAP | G_TX_NOMIRROR, 0, 0, G_TX_WRAP | G_TX_NOMIRROR, 0, 0),
	gsDPLoadTLUTCmd(5, 3),
	gsDPSetTextureImage(G_IM_FMT_CI, G_IM_SIZ_16b, 1, pss_dl_inside_castle_textures_05000_rgba16_ci4),
	gsDPSetTile(G_IM_FMT_CI, G_IM_SIZ_16b, 0, 0, 7, 0, G_TX_WRAP | G_TX_NOMIRROR, 0, 0, G_TX_WRAP | G_TX_NOMIRROR, 0, 0),
	gsDPLoadBlock(7, 0, 0, 255, 1024),
	gsDPSetTile(G_IM_FMT_CI, G_IM_SIZ_4b, 2, 0, 0, 0, G_TX_WRAP | G_TX_NOMIRROR, 5, 0, G_TX_WRAP | G_TX_NOMIRROR, 5, 0),
	gsDPSetTileSize(0, 0, 0, 124, 124),
	gsSPEndDisplayList(),
};

Gfx mat_revert_pss_dl_P2_VMtl035_f3d[] = {
	gsDPPipeSync(),
	gsDPSetAlphaDither(G_AD_DISABLE),
	gsDPSetTextureLUT(G_TT_NONE),
	gsSPEndDisplayList(),
};

Gfx mat_pss_dl_P2_VMtl036_f3d[] = {
	gsSPLightColor(LIGHT_1, 0x000000FF),
	gsSPLightColor(LIGHT_2, 0xFFFFFFFF),
	gsDPPipeSync(),
	gsDPSetCombineLERP(TEXEL0, 0, SHADE, 0, 0, 0, 0, ENVIRONMENT, TEXEL0, 0, SHADE, 0, 0, 0, 0, ENVIRONMENT),
	gsDPSetAlphaDither(G_AD_NOISE),
	gsDPSetTextureLUT(G_TT_RGBA16),
	gsSPTexture(65535, 65535, 0, 0, 1),
	gsDPSetTextureImage(G_IM_FMT_RGBA, G_IM_SIZ_16b, 1, pss_dl_inside_castle_textures_05000_rgba16_pal_rgba16),
	gsDPSetTile(0, 0, 0, 256, 5, 0, G_TX_WRAP | G_TX_NOMIRROR, 0, 0, G_TX_WRAP | G_TX_NOMIRROR, 0, 0),
	gsDPLoadTLUTCmd(5, 3),
	gsDPSetTextureImage(G_IM_FMT_CI, G_IM_SIZ_16b, 1, pss_dl_inside_castle_textures_05000_rgba16_ci4),
	gsDPSetTile(G_IM_FMT_CI, G_IM_SIZ_16b, 0, 0, 7, 0, G_TX_WRAP | G_TX_NOMIRROR, 0, 0, G_TX_WRAP | G_TX_NOMIRROR, 0, 0),
	gsDPLoadBlock(7, 0, 0, 255, 1024),
	gsDPSetTile(G_IM_FMT_CI, G_IM_SIZ_4b, 2, 0, 0, 0, G_TX_WRAP | G_TX_NOMIRROR, 5, 0, G_TX_WRAP | G_TX_NOMIRROR, 5, 0),
	gsDPSetTileSize(0, 0, 0, 124, 124),
	gsSPEndDisplayList(),
};

Gfx mat_revert_pss_dl_P2_VMtl036_f3d[] = {
	gsDPPipeSync(),
	gsDPSetAlphaDither(G_AD_DISABLE),
	gsDPSetTextureLUT(G_TT_NONE),
	gsSPEndDisplayList(),
};

Gfx mat_pss_dl_P1_Material__43_f3d[] = {
	gsSPLightColor(LIGHT_1, 0x000000FF),
	gsSPLightColor(LIGHT_2, 0xFFFFFFFF),
	gsDPPipeSync(),
	gsDPSetCombineLERP(TEXEL0, 0, SHADE, 0, 0, 0, 0, ENVIRONMENT, TEXEL0, 0, SHADE, 0, 0, 0, 0, ENVIRONMENT),
	gsDPSetAlphaDither(G_AD_NOISE),
	gsDPSetTextureLUT(G_TT_RGBA16),
	gsSPTexture(65535, 65535, 0, 0, 1),
	gsDPSetTextureImage(G_IM_FMT_RGBA, G_IM_SIZ_16b, 1, pss_dl_Yellow_pal_rgba16),
	gsDPSetTile(0, 0, 0, 256, 5, 0, G_TX_WRAP | G_TX_NOMIRROR, 0, 0, G_TX_WRAP | G_TX_NOMIRROR, 0, 0),
	gsDPLoadTLUTCmd(5, 0),
	gsDPSetTextureImage(G_IM_FMT_CI, G_IM_SIZ_16b, 1, pss_dl_Yellow_ci4),
	gsDPSetTile(G_IM_FMT_CI, G_IM_SIZ_16b, 0, 0, 7, 0, G_TX_WRAP | G_TX_NOMIRROR, 0, 0, G_TX_WRAP | G_TX_NOMIRROR, 0, 0),
	gsDPLoadBlock(7, 0, 0, 255, 1024),
	gsDPSetTile(G_IM_FMT_CI, G_IM_SIZ_4b, 2, 0, 0, 0, G_TX_WRAP | G_TX_NOMIRROR, 5, 0, G_TX_WRAP | G_TX_NOMIRROR, 5, 0),
	gsDPSetTileSize(0, 0, 0, 124, 124),
	gsSPEndDisplayList(),
};

Gfx mat_revert_pss_dl_P1_Material__43_f3d[] = {
	gsDPPipeSync(),
	gsDPSetAlphaDither(G_AD_DISABLE),
	gsDPSetTextureLUT(G_TT_NONE),
	gsSPEndDisplayList(),
};

Gfx mat_pss_dl_P6_VMtl075_f3d[] = {
	gsSPLightColor(LIGHT_1, 0x000000FF),
	gsSPLightColor(LIGHT_2, 0xFFFFFFFF),
	gsDPPipeSync(),
	gsDPSetCombineLERP(TEXEL0, 0, SHADE, 0, 0, 0, 0, ENVIRONMENT, TEXEL0, 0, SHADE, 0, 0, 0, 0, ENVIRONMENT),
	gsDPSetAlphaDither(G_AD_NOISE),
	gsDPSetTextureLUT(G_TT_RGBA16),
	gsSPTexture(65535, 65535, 0, 0, 1),
	gsDPSetTextureImage(G_IM_FMT_RGBA, G_IM_SIZ_16b, 1, pss_dl__225C7641_c_pal_rgba16),
	gsDPSetTile(0, 0, 0, 256, 5, 0, G_TX_WRAP | G_TX_NOMIRROR, 0, 0, G_TX_WRAP | G_TX_NOMIRROR, 0, 0),
	gsDPLoadTLUTCmd(5, 23),
	gsDPSetTextureImage(G_IM_FMT_CI, G_IM_SIZ_8b_LOAD_BLOCK, 1, pss_dl__225C7641_c_ci8),
	gsDPSetTile(G_IM_FMT_CI, G_IM_SIZ_8b_LOAD_BLOCK, 0, 0, 7, 0, G_TX_WRAP | G_TX_NOMIRROR, 0, 0, G_TX_WRAP | G_TX_NOMIRROR, 0, 0),
	gsDPLoadBlock(7, 0, 0, 511, 512),
	gsDPSetTile(G_IM_FMT_CI, G_IM_SIZ_8b, 4, 0, 0, 0, G_TX_WRAP | G_TX_NOMIRROR, 5, 0, G_TX_WRAP | G_TX_NOMIRROR, 5, 0),
	gsDPSetTileSize(0, 0, 0, 124, 124),
	gsSPEndDisplayList(),
};

Gfx mat_revert_pss_dl_P6_VMtl075_f3d[] = {
	gsDPPipeSync(),
	gsDPSetAlphaDither(G_AD_DISABLE),
	gsDPSetTextureLUT(G_TT_NONE),
	gsSPEndDisplayList(),
};

Gfx mat_pss_dl_P6_VMtl074_f3d[] = {
	gsSPLightColor(LIGHT_1, 0x000000FF),
	gsSPLightColor(LIGHT_2, 0xFFFFFFFF),
	gsDPPipeSync(),
	gsDPSetCombineLERP(TEXEL0, 0, SHADE, 0, 0, 0, 0, ENVIRONMENT, TEXEL0, 0, SHADE, 0, 0, 0, 0, ENVIRONMENT),
	gsDPSetAlphaDither(G_AD_NOISE),
	gsDPSetTextureLUT(G_TT_RGBA16),
	gsSPTexture(65535, 65535, 0, 0, 1),
	gsDPSetTextureImage(G_IM_FMT_RGBA, G_IM_SIZ_16b, 1, pss_dl__5CA0DDAE_c_pal_rgba16),
	gsDPSetTile(0, 0, 0, 256, 5, 0, G_TX_WRAP | G_TX_NOMIRROR, 0, 0, G_TX_WRAP | G_TX_NOMIRROR, 0, 0),
	gsDPLoadTLUTCmd(5, 57),
	gsDPSetTextureImage(G_IM_FMT_CI, G_IM_SIZ_8b_LOAD_BLOCK, 1, pss_dl__5CA0DDAE_c_ci8),
	gsDPSetTile(G_IM_FMT_CI, G_IM_SIZ_8b_LOAD_BLOCK, 0, 0, 7, 0, G_TX_WRAP | G_TX_NOMIRROR, 0, 0, G_TX_WRAP | G_TX_NOMIRROR, 0, 0),
	gsDPLoadBlock(7, 0, 0, 255, 512),
	gsDPSetTile(G_IM_FMT_CI, G_IM_SIZ_8b, 4, 0, 0, 0, G_TX_WRAP | G_TX_NOMIRROR, 4, 0, G_TX_WRAP | G_TX_NOMIRROR, 5, 0),
	gsDPSetTileSize(0, 0, 0, 124, 60),
	gsSPEndDisplayList(),
};

Gfx mat_revert_pss_dl_P6_VMtl074_f3d[] = {
	gsDPPipeSync(),
	gsDPSetAlphaDither(G_AD_DISABLE),
	gsDPSetTextureLUT(G_TT_NONE),
	gsSPEndDisplayList(),
};

Gfx mat_pss_dl_P1_VMtl048_f3d[] = {
	gsSPLightColor(LIGHT_1, 0x000000FF),
	gsSPLightColor(LIGHT_2, 0xFFFFFFFF),
	gsDPPipeSync(),
	gsDPSetCombineLERP(TEXEL0, 0, SHADE, 0, 0, 0, 0, ENVIRONMENT, TEXEL0, 0, SHADE, 0, 0, 0, 0, ENVIRONMENT),
	gsDPSetAlphaDither(G_AD_NOISE),
	gsDPSetTextureLUT(G_TT_RGBA16),
	gsSPTexture(65535, 65535, 0, 0, 1),
	gsDPSetTextureImage(G_IM_FMT_RGBA, G_IM_SIZ_16b, 1, pss_dl__422EF87F_c_pal_rgba16),
	gsDPSetTile(0, 0, 0, 256, 5, 0, G_TX_WRAP | G_TX_NOMIRROR, 0, 0, G_TX_WRAP | G_TX_NOMIRROR, 0, 0),
	gsDPLoadTLUTCmd(5, 192),
	gsDPSetTextureImage(G_IM_FMT_CI, G_IM_SIZ_8b_LOAD_BLOCK, 1, pss_dl__422EF87F_c_ci8),
	gsDPSetTile(G_IM_FMT_CI, G_IM_SIZ_8b_LOAD_BLOCK, 0, 0, 7, 0, G_TX_WRAP | G_TX_NOMIRROR, 0, 0, G_TX_WRAP | G_TX_NOMIRROR, 0, 0),
	gsDPLoadBlock(7, 0, 0, 511, 512),
	gsDPSetTile(G_IM_FMT_CI, G_IM_SIZ_8b, 4, 0, 0, 0, G_TX_WRAP | G_TX_NOMIRROR, 5, 0, G_TX_WRAP | G_TX_NOMIRROR, 5, 0),
	gsDPSetTileSize(0, 0, 0, 124, 124),
	gsSPEndDisplayList(),
};

Gfx mat_revert_pss_dl_P1_VMtl048_f3d[] = {
	gsDPPipeSync(),
	gsDPSetAlphaDither(G_AD_DISABLE),
	gsDPSetTextureLUT(G_TT_NONE),
	gsSPEndDisplayList(),
};

Gfx mat_pss_dl_P1_VMtl020_f3d[] = {
	gsSPLightColor(LIGHT_1, 0x000000FF),
	gsSPLightColor(LIGHT_2, 0xFFFFFFFF),
	gsDPPipeSync(),
	gsDPSetCombineLERP(TEXEL0, 0, SHADE, 0, 0, 0, 0, ENVIRONMENT, TEXEL0, 0, SHADE, 0, 0, 0, 0, ENVIRONMENT),
	gsDPSetAlphaDither(G_AD_NOISE),
	gsDPSetTextureLUT(G_TT_RGBA16),
	gsSPTexture(65535, 65535, 0, 0, 1),
	gsDPSetTextureImage(G_IM_FMT_RGBA, G_IM_SIZ_16b, 1, pss_dl__18F70B20_c_pal_rgba16),
	gsDPSetTile(0, 0, 0, 256, 5, 0, G_TX_WRAP | G_TX_NOMIRROR, 0, 0, G_TX_WRAP | G_TX_NOMIRROR, 0, 0),
	gsDPLoadTLUTCmd(5, 74),
	gsDPSetTextureImage(G_IM_FMT_CI, G_IM_SIZ_8b_LOAD_BLOCK, 1, pss_dl__18F70B20_c_ci8),
	gsDPSetTile(G_IM_FMT_CI, G_IM_SIZ_8b_LOAD_BLOCK, 0, 0, 7, 0, G_TX_WRAP | G_TX_NOMIRROR, 0, 0, G_TX_WRAP | G_TX_NOMIRROR, 0, 0),
	gsDPLoadBlock(7, 0, 0, 511, 512),
	gsDPSetTile(G_IM_FMT_CI, G_IM_SIZ_8b, 4, 0, 0, 0, G_TX_WRAP | G_TX_NOMIRROR, 5, 0, G_TX_WRAP | G_TX_NOMIRROR, 5, 0),
	gsDPSetTileSize(0, 0, 0, 124, 124),
	gsSPEndDisplayList(),
};

Gfx mat_revert_pss_dl_P1_VMtl020_f3d[] = {
	gsDPPipeSync(),
	gsDPSetAlphaDither(G_AD_DISABLE),
	gsDPSetTextureLUT(G_TT_NONE),
	gsSPEndDisplayList(),
};

Gfx mat_pss_dl_P1_VMtl022_f3d[] = {
	gsSPLightColor(LIGHT_1, 0x000000FF),
	gsSPLightColor(LIGHT_2, 0xFFFFFFFF),
	gsDPPipeSync(),
	gsDPSetCombineLERP(TEXEL0, 0, SHADE, 0, 0, 0, 0, ENVIRONMENT, TEXEL0, 0, SHADE, 0, 0, 0, 0, ENVIRONMENT),
	gsDPSetAlphaDither(G_AD_NOISE),
	gsDPSetTextureLUT(G_TT_RGBA16),
	gsSPTexture(65535, 65535, 0, 0, 1),
	gsDPSetTextureImage(G_IM_FMT_RGBA, G_IM_SIZ_16b, 1, pss_dl_generic_textures_03800_rgba16_pal_rgba16),
	gsDPSetTile(0, 0, 0, 256, 5, 0, G_TX_WRAP | G_TX_NOMIRROR, 0, 0, G_TX_WRAP | G_TX_NOMIRROR, 0, 0),
	gsDPLoadTLUTCmd(5, 158),
	gsDPSetTextureImage(G_IM_FMT_CI, G_IM_SIZ_8b_LOAD_BLOCK, 1, pss_dl_generic_textures_03800_rgba16_ci8),
	gsDPSetTile(G_IM_FMT_CI, G_IM_SIZ_8b_LOAD_BLOCK, 0, 0, 7, 0, G_TX_WRAP | G_TX_NOMIRROR, 0, 0, G_TX_WRAP | G_TX_NOMIRROR, 0, 0),
	gsDPLoadBlock(7, 0, 0, 511, 512),
	gsDPSetTile(G_IM_FMT_CI, G_IM_SIZ_8b, 4, 0, 0, 0, G_TX_WRAP | G_TX_NOMIRROR, 5, 0, G_TX_WRAP | G_TX_NOMIRROR, 5, 0),
	gsDPSetTileSize(0, 0, 0, 124, 124),
	gsSPEndDisplayList(),
};

Gfx mat_revert_pss_dl_P1_VMtl022_f3d[] = {
	gsDPPipeSync(),
	gsDPSetAlphaDither(G_AD_DISABLE),
	gsDPSetTextureLUT(G_TT_NONE),
	gsSPEndDisplayList(),
};

Gfx mat_pss_dl_P1_VMtl066_f3d[] = {
	gsSPGeometryMode(0, G_TEXTURE_GEN),
	gsSPLightColor(LIGHT_1, 0x000000FF),
	gsSPLightColor(LIGHT_2, 0xFFFFFFFF),
	gsDPPipeSync(),
	gsDPSetCombineLERP(TEXEL0, 0, SHADE, 0, 0, 0, 0, ENVIRONMENT, TEXEL0, 0, SHADE, 0, 0, 0, 0, ENVIRONMENT),
	gsDPSetAlphaDither(G_AD_NOISE),
	gsDPSetTextureLUT(G_TT_RGBA16),
	gsSPTexture(1984, 1984, 0, 0, 1),
	gsDPSetTextureImage(G_IM_FMT_RGBA, G_IM_SIZ_16b, 1, pss_dl__6DAF90F6_c_pal_rgba16),
	gsDPSetTile(0, 0, 0, 256, 5, 0, G_TX_WRAP | G_TX_NOMIRROR, 0, 0, G_TX_WRAP | G_TX_NOMIRROR, 0, 0),
	gsDPLoadTLUTCmd(5, 57),
	gsDPSetTextureImage(G_IM_FMT_CI, G_IM_SIZ_8b_LOAD_BLOCK, 1, pss_dl__6DAF90F6_c_ci8),
	gsDPSetTile(G_IM_FMT_CI, G_IM_SIZ_8b_LOAD_BLOCK, 0, 0, 7, 0, G_TX_WRAP | G_TX_NOMIRROR, 0, 0, G_TX_WRAP | G_TX_NOMIRROR, 0, 0),
	gsDPLoadBlock(7, 0, 0, 511, 512),
	gsDPSetTile(G_IM_FMT_CI, G_IM_SIZ_8b, 4, 0, 0, 0, G_TX_WRAP | G_TX_NOMIRROR, 5, 0, G_TX_WRAP | G_TX_NOMIRROR, 5, 0),
	gsDPSetTileSize(0, 0, 0, 124, 124),
	gsSPEndDisplayList(),
};

Gfx mat_revert_pss_dl_P1_VMtl066_f3d[] = {
	gsSPGeometryMode(G_TEXTURE_GEN, 0),
	gsDPPipeSync(),
	gsDPSetAlphaDither(G_AD_DISABLE),
	gsDPSetTextureLUT(G_TT_NONE),
	gsSPEndDisplayList(),
};

Gfx mat_pss_dl_P1_VMtl021_f3d[] = {
	gsSPLightColor(LIGHT_1, 0x000000FF),
	gsSPLightColor(LIGHT_2, 0xFFFFFFFF),
	gsDPPipeSync(),
	gsDPSetCombineLERP(TEXEL0, 0, SHADE, 0, 0, 0, 0, ENVIRONMENT, TEXEL0, 0, SHADE, 0, 0, 0, 0, ENVIRONMENT),
	gsDPSetAlphaDither(G_AD_NOISE),
	gsSPTexture(65535, 65535, 0, 0, 1),
	gsDPSetTextureImage(G_IM_FMT_I, G_IM_SIZ_8b_LOAD_BLOCK, 1, pss_dl_generic_textures_00800_rgba16_i8),
	gsDPSetTile(G_IM_FMT_I, G_IM_SIZ_8b_LOAD_BLOCK, 0, 0, 7, 0, G_TX_WRAP | G_TX_NOMIRROR, 0, 0, G_TX_WRAP | G_TX_NOMIRROR, 0, 0),
	gsDPLoadBlock(7, 0, 0, 511, 512),
	gsDPSetTile(G_IM_FMT_I, G_IM_SIZ_8b, 4, 0, 0, 0, G_TX_WRAP | G_TX_NOMIRROR, 5, 0, G_TX_WRAP | G_TX_NOMIRROR, 5, 0),
	gsDPSetTileSize(0, 0, 0, 124, 124),
	gsSPEndDisplayList(),
};

Gfx mat_revert_pss_dl_P1_VMtl021_f3d[] = {
	gsDPPipeSync(),
	gsDPSetAlphaDither(G_AD_DISABLE),
	gsSPEndDisplayList(),
};

Gfx pss_dl_WF_mesh_layer_1[] = {
	gsSPClearGeometryMode(G_LIGHTING),
	gsSPVertex(pss_dl_WF_mesh_layer_1_vtx_cull + 0, 8, 0),
	gsSPSetGeometryMode(G_LIGHTING),
	gsSPCullDisplayList(0, 7),
	gsSPDisplayList(mat_pss_dl_P1_VMtl017_f3d),
	gsSPDisplayList(pss_dl_WF_mesh_layer_1_tri_0),
	gsSPDisplayList(mat_revert_pss_dl_P1_VMtl017_f3d),
	gsSPDisplayList(mat_pss_dl_P1_VMtl016_f3d),
	gsSPDisplayList(pss_dl_WF_mesh_layer_1_tri_1),
	gsSPDisplayList(mat_revert_pss_dl_P1_VMtl016_f3d),
	gsSPDisplayList(mat_pss_dl_P1_VMtl019_f3d),
	gsSPDisplayList(pss_dl_WF_mesh_layer_1_tri_2),
	gsSPDisplayList(mat_revert_pss_dl_P1_VMtl019_f3d),
	gsSPDisplayList(mat_pss_dl_P1_VMtl018_f3d),
	gsSPDisplayList(pss_dl_WF_mesh_layer_1_tri_3),
	gsSPDisplayList(mat_revert_pss_dl_P1_VMtl018_f3d),
	gsSPDisplayList(mat_pss_dl_P1_VMtl013_f3d),
	gsSPDisplayList(pss_dl_WF_mesh_layer_1_tri_4),
	gsSPDisplayList(mat_revert_pss_dl_P1_VMtl013_f3d),
	gsSPDisplayList(mat_pss_dl_P1_VMtl035_f3d),
	gsSPDisplayList(pss_dl_WF_mesh_layer_1_tri_5),
	gsSPDisplayList(mat_revert_pss_dl_P1_VMtl035_f3d),
	gsSPDisplayList(mat_pss_dl_P1_VMtl012_f3d),
	gsSPDisplayList(pss_dl_WF_mesh_layer_1_tri_6),
	gsSPDisplayList(mat_revert_pss_dl_P1_VMtl012_f3d),
	gsSPDisplayList(mat_pss_dl_P1_VMtl034_f3d),
	gsSPDisplayList(pss_dl_WF_mesh_layer_1_tri_7),
	gsSPDisplayList(mat_revert_pss_dl_P1_VMtl034_f3d),
	gsSPDisplayList(mat_pss_dl_P1_VMtl015_f3d),
	gsSPDisplayList(pss_dl_WF_mesh_layer_1_tri_8),
	gsSPDisplayList(mat_revert_pss_dl_P1_VMtl015_f3d),
	gsSPDisplayList(mat_pss_dl_P1_VMtl014_f3d),
	gsSPDisplayList(pss_dl_WF_mesh_layer_1_tri_9),
	gsSPDisplayList(mat_revert_pss_dl_P1_VMtl014_f3d),
	gsSPDisplayList(mat_pss_dl_P7_VMtl060_f3d),
	gsSPDisplayList(pss_dl_WF_mesh_layer_1_tri_10),
	gsSPDisplayList(mat_revert_pss_dl_P7_VMtl060_f3d),
	gsSPDisplayList(mat_pss_dl_P1_VMtl011_f3d),
	gsSPDisplayList(pss_dl_WF_mesh_layer_1_tri_11),
	gsSPDisplayList(mat_revert_pss_dl_P1_VMtl011_f3d),
	gsSPDisplayList(mat_pss_dl_P1_VMtl055_f3d),
	gsSPDisplayList(pss_dl_WF_mesh_layer_1_tri_12),
	gsSPDisplayList(mat_revert_pss_dl_P1_VMtl055_f3d),
	gsSPDisplayList(mat_pss_dl_P1_VMtl010_f3d),
	gsSPDisplayList(pss_dl_WF_mesh_layer_1_tri_13),
	gsSPDisplayList(mat_revert_pss_dl_P1_VMtl010_f3d),
	gsSPDisplayList(mat_pss_dl_P1_VMtl032_f3d),
	gsSPDisplayList(pss_dl_WF_mesh_layer_1_tri_14),
	gsSPDisplayList(mat_revert_pss_dl_P1_VMtl032_f3d),
	gsSPDisplayList(mat_pss_dl_P3_VMtl054_f3d),
	gsSPDisplayList(pss_dl_WF_mesh_layer_1_tri_15),
	gsSPDisplayList(mat_revert_pss_dl_P3_VMtl054_f3d),
	gsSPDisplayList(mat_pss_dl_P2_VMtl035_f3d),
	gsSPDisplayList(pss_dl_WF_mesh_layer_1_tri_16),
	gsSPDisplayList(mat_revert_pss_dl_P2_VMtl035_f3d),
	gsSPDisplayList(mat_pss_dl_P2_VMtl036_f3d),
	gsSPDisplayList(pss_dl_WF_mesh_layer_1_tri_17),
	gsSPDisplayList(mat_revert_pss_dl_P2_VMtl036_f3d),
	gsSPDisplayList(mat_pss_dl_P1_Material__43_f3d),
	gsSPDisplayList(pss_dl_WF_mesh_layer_1_tri_18),
	gsSPDisplayList(mat_revert_pss_dl_P1_Material__43_f3d),
	gsSPDisplayList(mat_pss_dl_P6_VMtl075_f3d),
	gsSPDisplayList(pss_dl_WF_mesh_layer_1_tri_19),
	gsSPDisplayList(mat_revert_pss_dl_P6_VMtl075_f3d),
	gsSPDisplayList(mat_pss_dl_P6_VMtl074_f3d),
	gsSPDisplayList(pss_dl_WF_mesh_layer_1_tri_20),
	gsSPDisplayList(mat_revert_pss_dl_P6_VMtl074_f3d),
	gsSPDisplayList(mat_pss_dl_P1_VMtl048_f3d),
	gsSPDisplayList(pss_dl_WF_mesh_layer_1_tri_21),
	gsSPDisplayList(mat_revert_pss_dl_P1_VMtl048_f3d),
	gsSPDisplayList(mat_pss_dl_P1_VMtl020_f3d),
	gsSPDisplayList(pss_dl_WF_mesh_layer_1_tri_22),
	gsSPDisplayList(mat_revert_pss_dl_P1_VMtl020_f3d),
	gsSPDisplayList(mat_pss_dl_P1_VMtl022_f3d),
	gsSPDisplayList(pss_dl_WF_mesh_layer_1_tri_23),
	gsSPDisplayList(mat_revert_pss_dl_P1_VMtl022_f3d),
	gsSPDisplayList(mat_pss_dl_P1_VMtl066_f3d),
	gsSPDisplayList(pss_dl_WF_mesh_layer_1_tri_24),
	gsSPDisplayList(mat_revert_pss_dl_P1_VMtl066_f3d),
	gsSPDisplayList(mat_pss_dl_P1_VMtl021_f3d),
	gsSPDisplayList(pss_dl_WF_mesh_layer_1_tri_25),
	gsSPDisplayList(mat_revert_pss_dl_P1_VMtl021_f3d),
	gsDPPipeSync(),
	gsSPSetGeometryMode(G_LIGHTING),
	gsSPClearGeometryMode(G_TEXTURE_GEN),
	gsDPSetCombineLERP(0, 0, 0, SHADE, 0, 0, 0, ENVIRONMENT, 0, 0, 0, SHADE, 0, 0, 0, ENVIRONMENT),
	gsSPTexture(65535, 65535, 0, 0, 0),
	gsDPSetEnvColor(255, 255, 255, 255),
	gsDPSetAlphaCompare(G_AC_NONE),
	gsSPEndDisplayList(),
};

